<?xml version="1.0" encoding="UTF-8"?>
<?xml-stylesheet href="CoreNLP-to-HTML.xsl" type="text/xsl"?>
<root>
  <document>
    <sentences>
      <sentence id="1" line="1">
        <tokens>
          <token id="1">
            <word>REPORT</word>
            <lemma>report</lemma>
            <CharacterOffsetBegin>0</CharacterOffsetBegin>
            <CharacterOffsetEnd>6</CharacterOffsetEnd>
            <POS>NN</POS>
            <NER>O</NER>
          </token>
          <token id="2">
            <word>:</word>
            <lemma>:</lemma>
            <CharacterOffsetBegin>7</CharacterOffsetBegin>
            <CharacterOffsetEnd>8</CharacterOffsetEnd>
            <POS>:</POS>
            <NER>O</NER>
          </token>
          <token id="3">
            <word>RED</word>
            <lemma>RED</lemma>
            <CharacterOffsetBegin>9</CharacterOffsetBegin>
            <CharacterOffsetEnd>12</CharacterOffsetEnd>
            <POS>NNP</POS>
            <NER>O</NER>
          </token>
          <token id="4">
            <word>SOX</word>
            <lemma>SOX</lemma>
            <CharacterOffsetBegin>13</CharacterOffsetBegin>
            <CharacterOffsetEnd>16</CharacterOffsetEnd>
            <POS>NNP</POS>
            <NER>O</NER>
          </token>
          <token id="5">
            <word>MAKE</word>
            <lemma>make</lemma>
            <CharacterOffsetBegin>17</CharacterOffsetBegin>
            <CharacterOffsetEnd>21</CharacterOffsetEnd>
            <POS>VB</POS>
            <NER>O</NER>
          </token>
          <token id="6">
            <word>HUGE</word>
            <lemma>huge</lemma>
            <CharacterOffsetBegin>22</CharacterOffsetBegin>
            <CharacterOffsetEnd>26</CharacterOffsetEnd>
            <POS>JJ</POS>
            <NER>O</NER>
          </token>
          <token id="7">
            <word>OFFER</word>
            <lemma>offer</lemma>
            <CharacterOffsetBegin>27</CharacterOffsetBegin>
            <CharacterOffsetEnd>32</CharacterOffsetEnd>
            <POS>NN</POS>
            <NER>O</NER>
          </token>
          <token id="8">
            <word>TO</word>
            <lemma>to</lemma>
            <CharacterOffsetBegin>33</CharacterOffsetBegin>
            <CharacterOffsetEnd>35</CharacterOffsetEnd>
            <POS>TO</POS>
            <NER>O</NER>
          </token>
          <token id="9">
            <word>TEIXEIRA</word>
            <lemma>TEIXEIRA</lemma>
            <CharacterOffsetBegin>36</CharacterOffsetBegin>
            <CharacterOffsetEnd>44</CharacterOffsetEnd>
            <POS>NNP</POS>
            <NER>PERSON</NER>
          </token>
        </tokens>
        <parse>(ROOT (NP (NP (NN REPORT)) (: :) (SQ (NP (NNP RED) (NNP SOX)) (VP (VB MAKE) (NP (NP (JJ HUGE) (NN OFFER)) (VP (TO TO) (NP (NNP TEIXEIRA)))))))) </parse>
        <dependencies type="basic-dependencies">
          <dep type="root">
            <governor idx="0">ROOT</governor>
            <dependent idx="1">REPORT</dependent>
          </dep>
          <dep type="punct">
            <governor idx="1">REPORT</governor>
            <dependent idx="2">:</dependent>
          </dep>
          <dep type="compound">
            <governor idx="4">SOX</governor>
            <dependent idx="3">RED</dependent>
          </dep>
          <dep type="nsubj">
            <governor idx="5">MAKE</governor>
            <dependent idx="4">SOX</dependent>
          </dep>
          <dep type="dep">
            <governor idx="1">REPORT</governor>
            <dependent idx="5">MAKE</dependent>
          </dep>
          <dep type="amod">
            <governor idx="7">OFFER</governor>
            <dependent idx="6">HUGE</dependent>
          </dep>
          <dep type="dobj">
            <governor idx="5">MAKE</governor>
            <dependent idx="7">OFFER</dependent>
          </dep>
          <dep type="case">
            <governor idx="9">TEIXEIRA</governor>
            <dependent idx="8">TO</dependent>
          </dep>
          <dep type="nmod">
            <governor idx="5">MAKE</governor>
            <dependent idx="9">TEIXEIRA</dependent>
          </dep>
        </dependencies>
        <dependencies type="collapsed-dependencies">
          <dep type="root">
            <governor idx="0">ROOT</governor>
            <dependent idx="1">REPORT</dependent>
          </dep>
          <dep type="punct">
            <governor idx="1">REPORT</governor>
            <dependent idx="2">:</dependent>
          </dep>
          <dep type="compound">
            <governor idx="4">SOX</governor>
            <dependent idx="3">RED</dependent>
          </dep>
          <dep type="nsubj">
            <governor idx="5">MAKE</governor>
            <dependent idx="4">SOX</dependent>
          </dep>
          <dep type="dep">
            <governor idx="1">REPORT</governor>
            <dependent idx="5">MAKE</dependent>
          </dep>
          <dep type="amod">
            <governor idx="7">OFFER</governor>
            <dependent idx="6">HUGE</dependent>
          </dep>
          <dep type="dobj">
            <governor idx="5">MAKE</governor>
            <dependent idx="7">OFFER</dependent>
          </dep>
          <dep type="case">
            <governor idx="9">TEIXEIRA</governor>
            <dependent idx="8">TO</dependent>
          </dep>
          <dep type="nmod:to">
            <governor idx="5">MAKE</governor>
            <dependent idx="9">TEIXEIRA</dependent>
          </dep>
        </dependencies>
        <dependencies type="collapsed-ccprocessed-dependencies">
          <dep type="root">
            <governor idx="0">ROOT</governor>
            <dependent idx="1">REPORT</dependent>
          </dep>
          <dep type="punct">
            <governor idx="1">REPORT</governor>
            <dependent idx="2">:</dependent>
          </dep>
          <dep type="compound">
            <governor idx="4">SOX</governor>
            <dependent idx="3">RED</dependent>
          </dep>
          <dep type="nsubj">
            <governor idx="5">MAKE</governor>
            <dependent idx="4">SOX</dependent>
          </dep>
          <dep type="dep">
            <governor idx="1">REPORT</governor>
            <dependent idx="5">MAKE</dependent>
          </dep>
          <dep type="amod">
            <governor idx="7">OFFER</governor>
            <dependent idx="6">HUGE</dependent>
          </dep>
          <dep type="dobj">
            <governor idx="5">MAKE</governor>
            <dependent idx="7">OFFER</dependent>
          </dep>
          <dep type="case">
            <governor idx="9">TEIXEIRA</governor>
            <dependent idx="8">TO</dependent>
          </dep>
          <dep type="nmod:to">
            <governor idx="5">MAKE</governor>
            <dependent idx="9">TEIXEIRA</dependent>
          </dep>
        </dependencies>
      </sentence>
      <sentence id="2" line="2">
        <tokens>
          <token id="1">
            <word>The</word>
            <lemma>the</lemma>
            <CharacterOffsetBegin>45</CharacterOffsetBegin>
            <CharacterOffsetEnd>48</CharacterOffsetEnd>
            <POS>DT</POS>
            <NER>O</NER>
          </token>
          <token id="2">
            <word>Boston</word>
            <lemma>Boston</lemma>
            <CharacterOffsetBegin>49</CharacterOffsetBegin>
            <CharacterOffsetEnd>55</CharacterOffsetEnd>
            <POS>NNP</POS>
            <NER>ORGANIZATION</NER>
          </token>
          <token id="3">
            <word>Red</word>
            <lemma>Red</lemma>
            <CharacterOffsetBegin>56</CharacterOffsetBegin>
            <CharacterOffsetEnd>59</CharacterOffsetEnd>
            <POS>NNP</POS>
            <NER>ORGANIZATION</NER>
          </token>
          <token id="4">
            <word>Sox</word>
            <lemma>Sox</lemma>
            <CharacterOffsetBegin>60</CharacterOffsetBegin>
            <CharacterOffsetEnd>63</CharacterOffsetEnd>
            <POS>NNPS</POS>
            <NER>ORGANIZATION</NER>
          </token>
          <token id="5">
            <word>have</word>
            <lemma>have</lemma>
            <CharacterOffsetBegin>64</CharacterOffsetBegin>
            <CharacterOffsetEnd>68</CharacterOffsetEnd>
            <POS>VBP</POS>
            <NER>O</NER>
          </token>
          <token id="6">
            <word>made</word>
            <lemma>make</lemma>
            <CharacterOffsetBegin>69</CharacterOffsetBegin>
            <CharacterOffsetEnd>73</CharacterOffsetEnd>
            <POS>VBN</POS>
            <NER>O</NER>
          </token>
          <token id="7">
            <word>the</word>
            <lemma>the</lemma>
            <CharacterOffsetBegin>74</CharacterOffsetBegin>
            <CharacterOffsetEnd>77</CharacterOffsetEnd>
            <POS>DT</POS>
            <NER>O</NER>
          </token>
          <token id="8">
            <word>biggest</word>
            <lemma>biggest</lemma>
            <CharacterOffsetBegin>78</CharacterOffsetBegin>
            <CharacterOffsetEnd>85</CharacterOffsetEnd>
            <POS>JJS</POS>
            <NER>O</NER>
          </token>
          <token id="9">
            <word>offer</word>
            <lemma>offer</lemma>
            <CharacterOffsetBegin>86</CharacterOffsetBegin>
            <CharacterOffsetEnd>91</CharacterOffsetEnd>
            <POS>NN</POS>
            <NER>O</NER>
          </token>
          <token id="10">
            <word>in</word>
            <lemma>in</lemma>
            <CharacterOffsetBegin>92</CharacterOffsetBegin>
            <CharacterOffsetEnd>94</CharacterOffsetEnd>
            <POS>IN</POS>
            <NER>O</NER>
          </token>
          <token id="11">
            <word>club</word>
            <lemma>club</lemma>
            <CharacterOffsetBegin>95</CharacterOffsetBegin>
            <CharacterOffsetEnd>99</CharacterOffsetEnd>
            <POS>NN</POS>
            <NER>O</NER>
          </token>
          <token id="12">
            <word>history</word>
            <lemma>history</lemma>
            <CharacterOffsetBegin>100</CharacterOffsetBegin>
            <CharacterOffsetEnd>107</CharacterOffsetEnd>
            <POS>NN</POS>
            <NER>O</NER>
          </token>
          <token id="13">
            <word>to</word>
            <lemma>to</lemma>
            <CharacterOffsetBegin>108</CharacterOffsetBegin>
            <CharacterOffsetEnd>110</CharacterOffsetEnd>
            <POS>TO</POS>
            <NER>O</NER>
          </token>
          <token id="14">
            <word>Mark</word>
            <lemma>Mark</lemma>
            <CharacterOffsetBegin>111</CharacterOffsetBegin>
            <CharacterOffsetEnd>115</CharacterOffsetEnd>
            <POS>NNP</POS>
            <NER>PERSON</NER>
          </token>
          <token id="15">
            <word>Teixeira</word>
            <lemma>Teixeira</lemma>
            <CharacterOffsetBegin>116</CharacterOffsetBegin>
            <CharacterOffsetEnd>124</CharacterOffsetEnd>
            <POS>NNP</POS>
            <NER>PERSON</NER>
          </token>
          <token id="16">
            <word>.</word>
            <lemma>.</lemma>
            <CharacterOffsetBegin>125</CharacterOffsetBegin>
            <CharacterOffsetEnd>126</CharacterOffsetEnd>
            <POS>.</POS>
            <NER>O</NER>
          </token>
        </tokens>
        <parse>(ROOT (S (NP (DT The) (NNP Boston) (NNP Red) (NNPS Sox)) (VP (VBP have) (VP (VBN made) (NP (NP (DT the) (JJS biggest) (NN offer)) (PP (IN in) (NP (NN club) (NN history)))) (PP (TO to) (NP (NNP Mark) (NNP Teixeira))))) (. .))) </parse>
        <dependencies type="basic-dependencies">
          <dep type="root">
            <governor idx="0">ROOT</governor>
            <dependent idx="6">made</dependent>
          </dep>
          <dep type="det">
            <governor idx="4">Sox</governor>
            <dependent idx="1">The</dependent>
          </dep>
          <dep type="compound">
            <governor idx="4">Sox</governor>
            <dependent idx="2">Boston</dependent>
          </dep>
          <dep type="compound">
            <governor idx="4">Sox</governor>
            <dependent idx="3">Red</dependent>
          </dep>
          <dep type="nsubj">
            <governor idx="6">made</governor>
            <dependent idx="4">Sox</dependent>
          </dep>
          <dep type="aux">
            <governor idx="6">made</governor>
            <dependent idx="5">have</dependent>
          </dep>
          <dep type="det">
            <governor idx="9">offer</governor>
            <dependent idx="7">the</dependent>
          </dep>
          <dep type="amod">
            <governor idx="9">offer</governor>
            <dependent idx="8">biggest</dependent>
          </dep>
          <dep type="dobj">
            <governor idx="6">made</governor>
            <dependent idx="9">offer</dependent>
          </dep>
          <dep type="case">
            <governor idx="12">history</governor>
            <dependent idx="10">in</dependent>
          </dep>
          <dep type="compound">
            <governor idx="12">history</governor>
            <dependent idx="11">club</dependent>
          </dep>
          <dep type="nmod">
            <governor idx="9">offer</governor>
            <dependent idx="12">history</dependent>
          </dep>
          <dep type="case">
            <governor idx="15">Teixeira</governor>
            <dependent idx="13">to</dependent>
          </dep>
          <dep type="compound">
            <governor idx="15">Teixeira</governor>
            <dependent idx="14">Mark</dependent>
          </dep>
          <dep type="nmod">
            <governor idx="6">made</governor>
            <dependent idx="15">Teixeira</dependent>
          </dep>
          <dep type="punct">
            <governor idx="6">made</governor>
            <dependent idx="16">.</dependent>
          </dep>
        </dependencies>
        <dependencies type="collapsed-dependencies">
          <dep type="root">
            <governor idx="0">ROOT</governor>
            <dependent idx="6">made</dependent>
          </dep>
          <dep type="det">
            <governor idx="4">Sox</governor>
            <dependent idx="1">The</dependent>
          </dep>
          <dep type="compound">
            <governor idx="4">Sox</governor>
            <dependent idx="2">Boston</dependent>
          </dep>
          <dep type="compound">
            <governor idx="4">Sox</governor>
            <dependent idx="3">Red</dependent>
          </dep>
          <dep type="nsubj">
            <governor idx="6">made</governor>
            <dependent idx="4">Sox</dependent>
          </dep>
          <dep type="aux">
            <governor idx="6">made</governor>
            <dependent idx="5">have</dependent>
          </dep>
          <dep type="det">
            <governor idx="9">offer</governor>
            <dependent idx="7">the</dependent>
          </dep>
          <dep type="amod">
            <governor idx="9">offer</governor>
            <dependent idx="8">biggest</dependent>
          </dep>
          <dep type="dobj">
            <governor idx="6">made</governor>
            <dependent idx="9">offer</dependent>
          </dep>
          <dep type="case">
            <governor idx="12">history</governor>
            <dependent idx="10">in</dependent>
          </dep>
          <dep type="compound">
            <governor idx="12">history</governor>
            <dependent idx="11">club</dependent>
          </dep>
          <dep type="nmod:in">
            <governor idx="9">offer</governor>
            <dependent idx="12">history</dependent>
          </dep>
          <dep type="case">
            <governor idx="15">Teixeira</governor>
            <dependent idx="13">to</dependent>
          </dep>
          <dep type="compound">
            <governor idx="15">Teixeira</governor>
            <dependent idx="14">Mark</dependent>
          </dep>
          <dep type="nmod:to">
            <governor idx="6">made</governor>
            <dependent idx="15">Teixeira</dependent>
          </dep>
          <dep type="punct">
            <governor idx="6">made</governor>
            <dependent idx="16">.</dependent>
          </dep>
        </dependencies>
        <dependencies type="collapsed-ccprocessed-dependencies">
          <dep type="root">
            <governor idx="0">ROOT</governor>
            <dependent idx="6">made</dependent>
          </dep>
          <dep type="det">
            <governor idx="4">Sox</governor>
            <dependent idx="1">The</dependent>
          </dep>
          <dep type="compound">
            <governor idx="4">Sox</governor>
            <dependent idx="2">Boston</dependent>
          </dep>
          <dep type="compound">
            <governor idx="4">Sox</governor>
            <dependent idx="3">Red</dependent>
          </dep>
          <dep type="nsubj">
            <governor idx="6">made</governor>
            <dependent idx="4">Sox</dependent>
          </dep>
          <dep type="aux">
            <governor idx="6">made</governor>
            <dependent idx="5">have</dependent>
          </dep>
          <dep type="det">
            <governor idx="9">offer</governor>
            <dependent idx="7">the</dependent>
          </dep>
          <dep type="amod">
            <governor idx="9">offer</governor>
            <dependent idx="8">biggest</dependent>
          </dep>
          <dep type="dobj">
            <governor idx="6">made</governor>
            <dependent idx="9">offer</dependent>
          </dep>
          <dep type="case">
            <governor idx="12">history</governor>
            <dependent idx="10">in</dependent>
          </dep>
          <dep type="compound">
            <governor idx="12">history</governor>
            <dependent idx="11">club</dependent>
          </dep>
          <dep type="nmod:in">
            <governor idx="9">offer</governor>
            <dependent idx="12">history</dependent>
          </dep>
          <dep type="case">
            <governor idx="15">Teixeira</governor>
            <dependent idx="13">to</dependent>
          </dep>
          <dep type="compound">
            <governor idx="15">Teixeira</governor>
            <dependent idx="14">Mark</dependent>
          </dep>
          <dep type="nmod:to">
            <governor idx="6">made</governor>
            <dependent idx="15">Teixeira</dependent>
          </dep>
          <dep type="punct">
            <governor idx="6">made</governor>
            <dependent idx="16">.</dependent>
          </dep>
        </dependencies>
      </sentence>
      <sentence id="3" line="3">
        <tokens>
          <token id="1">
            <word>The</word>
            <lemma>the</lemma>
            <CharacterOffsetBegin>127</CharacterOffsetBegin>
            <CharacterOffsetEnd>130</CharacterOffsetEnd>
            <POS>DT</POS>
            <NER>O</NER>
          </token>
          <token id="2">
            <word>deal</word>
            <lemma>deal</lemma>
            <CharacterOffsetBegin>131</CharacterOffsetBegin>
            <CharacterOffsetEnd>135</CharacterOffsetEnd>
            <POS>NN</POS>
            <NER>O</NER>
          </token>
          <token id="3">
            <word>is</word>
            <lemma>be</lemma>
            <CharacterOffsetBegin>136</CharacterOffsetBegin>
            <CharacterOffsetEnd>138</CharacterOffsetEnd>
            <POS>VBZ</POS>
            <NER>O</NER>
          </token>
          <token id="4">
            <word>said</word>
            <lemma>say</lemma>
            <CharacterOffsetBegin>139</CharacterOffsetBegin>
            <CharacterOffsetEnd>143</CharacterOffsetEnd>
            <POS>VBN</POS>
            <NER>O</NER>
          </token>
          <token id="5">
            <word>to</word>
            <lemma>to</lemma>
            <CharacterOffsetBegin>144</CharacterOffsetBegin>
            <CharacterOffsetEnd>146</CharacterOffsetEnd>
            <POS>TO</POS>
            <NER>O</NER>
          </token>
          <token id="6">
            <word>be</word>
            <lemma>be</lemma>
            <CharacterOffsetBegin>147</CharacterOffsetBegin>
            <CharacterOffsetEnd>149</CharacterOffsetEnd>
            <POS>VB</POS>
            <NER>O</NER>
          </token>
          <token id="7">
            <word>for</word>
            <lemma>for</lemma>
            <CharacterOffsetBegin>150</CharacterOffsetBegin>
            <CharacterOffsetEnd>153</CharacterOffsetEnd>
            <POS>IN</POS>
            <NER>O</NER>
          </token>
          <token id="8">
            <word>8</word>
            <lemma>8</lemma>
            <CharacterOffsetBegin>154</CharacterOffsetBegin>
            <CharacterOffsetEnd>155</CharacterOffsetEnd>
            <POS>CD</POS>
            <NER>DURATION</NER>
            <NormalizedNER>P8Y</NormalizedNER>
            <Timex tid="t1" type="DURATION">P8Y</Timex>
          </token>
          <token id="9">
            <word>year</word>
            <lemma>year</lemma>
            <CharacterOffsetBegin>156</CharacterOffsetBegin>
            <CharacterOffsetEnd>160</CharacterOffsetEnd>
            <POS>NN</POS>
            <NER>DURATION</NER>
            <NormalizedNER>P8Y</NormalizedNER>
            <Timex tid="t1" type="DURATION">P8Y</Timex>
          </token>
          <token id="10">
            <word>and</word>
            <lemma>and</lemma>
            <CharacterOffsetBegin>161</CharacterOffsetBegin>
            <CharacterOffsetEnd>164</CharacterOffsetEnd>
            <POS>CC</POS>
            <NER>O</NER>
          </token>
          <token id="11">
            <word>could</word>
            <lemma>could</lemma>
            <CharacterOffsetBegin>165</CharacterOffsetBegin>
            <CharacterOffsetEnd>170</CharacterOffsetEnd>
            <POS>MD</POS>
            <NER>O</NER>
          </token>
          <token id="12">
            <word>be</word>
            <lemma>be</lemma>
            <CharacterOffsetBegin>171</CharacterOffsetBegin>
            <CharacterOffsetEnd>173</CharacterOffsetEnd>
            <POS>VB</POS>
            <NER>O</NER>
          </token>
          <token id="13">
            <word>up</word>
            <lemma>up</lemma>
            <CharacterOffsetBegin>174</CharacterOffsetBegin>
            <CharacterOffsetEnd>176</CharacterOffsetEnd>
            <POS>RB</POS>
            <NER>O</NER>
          </token>
          <token id="14">
            <word>to</word>
            <lemma>to</lemma>
            <CharacterOffsetBegin>177</CharacterOffsetBegin>
            <CharacterOffsetEnd>179</CharacterOffsetEnd>
            <POS>TO</POS>
            <NER>O</NER>
          </token>
          <token id="15">
            <word>$180</word>
            <lemma>$180</lemma>
            <CharacterOffsetBegin>180</CharacterOffsetBegin>
            <CharacterOffsetEnd>184</CharacterOffsetEnd>
            <POS>CD</POS>
            <NER>NUMBER</NER>
            <NormalizedNER>&lt;=180.0</NormalizedNER>
          </token>
          <token id="16">
            <word>million</word>
            <lemma>million</lemma>
            <CharacterOffsetBegin>185</CharacterOffsetBegin>
            <CharacterOffsetEnd>192</CharacterOffsetEnd>
            <POS>CD</POS>
            <NER>NUMBER</NER>
            <NormalizedNER>1000000.0</NormalizedNER>
          </token>
          <token id="17">
            <word>.</word>
            <lemma>.</lemma>
            <CharacterOffsetBegin>193</CharacterOffsetBegin>
            <CharacterOffsetEnd>194</CharacterOffsetEnd>
            <POS>.</POS>
            <NER>O</NER>
          </token>
        </tokens>
        <parse>(ROOT (S (NP (DT The) (NN deal)) (VP (VP (VBZ is) (VP (VBN said) (S (VP (TO to) (VP (VB be) (PP (IN for) (NP (CD 8))) (NP-TMP (NN year))))))) (CC and) (VP (MD could) (VP (VB be) (ADVP (RB up) (PP (TO to) (NP (QP (CD $180) (CD million)))))))) (. .))) </parse>
        <dependencies type="basic-dependencies">
          <dep type="root">
            <governor idx="0">ROOT</governor>
            <dependent idx="4">said</dependent>
          </dep>
          <dep type="det">
            <governor idx="2">deal</governor>
            <dependent idx="1">The</dependent>
          </dep>
          <dep type="nsubjpass">
            <governor idx="4">said</governor>
            <dependent idx="2">deal</dependent>
          </dep>
          <dep type="auxpass">
            <governor idx="4">said</governor>
            <dependent idx="3">is</dependent>
          </dep>
          <dep type="mark">
            <governor idx="9">year</governor>
            <dependent idx="5">to</dependent>
          </dep>
          <dep type="cop">
            <governor idx="9">year</governor>
            <dependent idx="6">be</dependent>
          </dep>
          <dep type="case">
            <governor idx="9">year</governor>
            <dependent idx="7">for</dependent>
          </dep>
          <dep type="nummod">
            <governor idx="9">year</governor>
            <dependent idx="8">8</dependent>
          </dep>
          <dep type="xcomp">
            <governor idx="4">said</governor>
            <dependent idx="9">year</dependent>
          </dep>
          <dep type="cc">
            <governor idx="9">year</governor>
            <dependent idx="10">and</dependent>
          </dep>
          <dep type="aux">
            <governor idx="16">million</governor>
            <dependent idx="11">could</dependent>
          </dep>
          <dep type="cop">
            <governor idx="16">million</governor>
            <dependent idx="12">be</dependent>
          </dep>
          <dep type="advmod">
            <governor idx="16">million</governor>
            <dependent idx="13">up</dependent>
          </dep>
          <dep type="case">
            <governor idx="16">million</governor>
            <dependent idx="14">to</dependent>
          </dep>
          <dep type="compound">
            <governor idx="16">million</governor>
            <dependent idx="15">$180</dependent>
          </dep>
          <dep type="conj">
            <governor idx="9">year</governor>
            <dependent idx="16">million</dependent>
          </dep>
          <dep type="punct">
            <governor idx="4">said</governor>
            <dependent idx="17">.</dependent>
          </dep>
        </dependencies>
        <dependencies type="collapsed-dependencies">
          <dep type="root">
            <governor idx="0">ROOT</governor>
            <dependent idx="4">said</dependent>
          </dep>
          <dep type="det">
            <governor idx="2">deal</governor>
            <dependent idx="1">The</dependent>
          </dep>
          <dep type="nsubjpass">
            <governor idx="4">said</governor>
            <dependent idx="2">deal</dependent>
          </dep>
          <dep type="auxpass">
            <governor idx="4">said</governor>
            <dependent idx="3">is</dependent>
          </dep>
          <dep type="mark">
            <governor idx="9">year</governor>
            <dependent idx="5">to</dependent>
          </dep>
          <dep type="cop">
            <governor idx="9">year</governor>
            <dependent idx="6">be</dependent>
          </dep>
          <dep type="case">
            <governor idx="9">year</governor>
            <dependent idx="7">for</dependent>
          </dep>
          <dep type="nummod">
            <governor idx="9">year</governor>
            <dependent idx="8">8</dependent>
          </dep>
          <dep type="xcomp">
            <governor idx="4">said</governor>
            <dependent idx="9">year</dependent>
          </dep>
          <dep type="cc">
            <governor idx="9">year</governor>
            <dependent idx="10">and</dependent>
          </dep>
          <dep type="aux">
            <governor idx="16">million</governor>
            <dependent idx="11">could</dependent>
          </dep>
          <dep type="cop">
            <governor idx="16">million</governor>
            <dependent idx="12">be</dependent>
          </dep>
          <dep type="advmod">
            <governor idx="16">million</governor>
            <dependent idx="13">up</dependent>
          </dep>
          <dep type="case">
            <governor idx="16">million</governor>
            <dependent idx="14">to</dependent>
          </dep>
          <dep type="compound">
            <governor idx="16">million</governor>
            <dependent idx="15">$180</dependent>
          </dep>
          <dep type="conj:and">
            <governor idx="9">year</governor>
            <dependent idx="16">million</dependent>
          </dep>
          <dep type="punct">
            <governor idx="4">said</governor>
            <dependent idx="17">.</dependent>
          </dep>
        </dependencies>
        <dependencies type="collapsed-ccprocessed-dependencies">
          <dep type="root">
            <governor idx="0">ROOT</governor>
            <dependent idx="4">said</dependent>
          </dep>
          <dep type="det">
            <governor idx="2">deal</governor>
            <dependent idx="1">The</dependent>
          </dep>
          <dep type="nsubjpass">
            <governor idx="4">said</governor>
            <dependent idx="2">deal</dependent>
          </dep>
          <dep type="auxpass">
            <governor idx="4">said</governor>
            <dependent idx="3">is</dependent>
          </dep>
          <dep type="mark">
            <governor idx="9">year</governor>
            <dependent idx="5">to</dependent>
          </dep>
          <dep type="cop">
            <governor idx="9">year</governor>
            <dependent idx="6">be</dependent>
          </dep>
          <dep type="case">
            <governor idx="9">year</governor>
            <dependent idx="7">for</dependent>
          </dep>
          <dep type="nummod">
            <governor idx="9">year</governor>
            <dependent idx="8">8</dependent>
          </dep>
          <dep type="xcomp">
            <governor idx="4">said</governor>
            <dependent idx="9">year</dependent>
          </dep>
          <dep type="cc">
            <governor idx="9">year</governor>
            <dependent idx="10">and</dependent>
          </dep>
          <dep type="aux">
            <governor idx="16">million</governor>
            <dependent idx="11">could</dependent>
          </dep>
          <dep type="cop">
            <governor idx="16">million</governor>
            <dependent idx="12">be</dependent>
          </dep>
          <dep type="advmod">
            <governor idx="16">million</governor>
            <dependent idx="13">up</dependent>
          </dep>
          <dep type="case">
            <governor idx="16">million</governor>
            <dependent idx="14">to</dependent>
          </dep>
          <dep type="compound">
            <governor idx="16">million</governor>
            <dependent idx="15">$180</dependent>
          </dep>
          <dep type="xcomp" extra="true">
            <governor idx="4">said</governor>
            <dependent idx="16">million</dependent>
          </dep>
          <dep type="conj:and">
            <governor idx="9">year</governor>
            <dependent idx="16">million</dependent>
          </dep>
          <dep type="punct">
            <governor idx="4">said</governor>
            <dependent idx="17">.</dependent>
          </dep>
        </dependencies>
      </sentence>
    </sentences>
  </document>
</root>
