<?xml version="1.0" encoding="UTF-8"?>
<?xml-stylesheet href="CoreNLP-to-HTML.xsl" type="text/xsl"?>
<root>
  <document>
    <sentences>
      <sentence id="1" line="1">
        <tokens>
          <token id="1">
            <word>Red</word>
            <lemma>Red</lemma>
            <CharacterOffsetBegin>0</CharacterOffsetBegin>
            <CharacterOffsetEnd>3</CharacterOffsetEnd>
            <POS>NNP</POS>
            <NER>ORGANIZATION</NER>
          </token>
          <token id="2">
            <word>Sox</word>
            <lemma>Sox</lemma>
            <CharacterOffsetBegin>4</CharacterOffsetBegin>
            <CharacterOffsetEnd>7</CharacterOffsetEnd>
            <POS>NNP</POS>
            <NER>ORGANIZATION</NER>
          </token>
          <token id="3">
            <word>extend</word>
            <lemma>extend</lemma>
            <CharacterOffsetBegin>8</CharacterOffsetBegin>
            <CharacterOffsetEnd>14</CharacterOffsetEnd>
            <POS>VB</POS>
            <NER>O</NER>
          </token>
          <token id="4">
            <word>offer</word>
            <lemma>offer</lemma>
            <CharacterOffsetBegin>15</CharacterOffsetBegin>
            <CharacterOffsetEnd>20</CharacterOffsetEnd>
            <POS>NN</POS>
            <NER>O</NER>
          </token>
          <token id="5">
            <word>to</word>
            <lemma>to</lemma>
            <CharacterOffsetBegin>21</CharacterOffsetBegin>
            <CharacterOffsetEnd>23</CharacterOffsetEnd>
            <POS>TO</POS>
            <NER>O</NER>
          </token>
          <token id="6">
            <word>Teixeira</word>
            <lemma>Teixeira</lemma>
            <CharacterOffsetBegin>24</CharacterOffsetBegin>
            <CharacterOffsetEnd>32</CharacterOffsetEnd>
            <POS>NNP</POS>
            <NER>PERSON</NER>
          </token>
        </tokens>
        <parse>(ROOT (FRAG (NP (NNP Red) (NNP Sox)) (VP (VB extend) (NP (NN offer)) (PP (TO to) (NP (NNP Teixeira)))))) </parse>
        <dependencies type="basic-dependencies">
          <dep type="root">
            <governor idx="0">ROOT</governor>
            <dependent idx="3">extend</dependent>
          </dep>
          <dep type="compound">
            <governor idx="2">Sox</governor>
            <dependent idx="1">Red</dependent>
          </dep>
          <dep type="nsubj">
            <governor idx="3">extend</governor>
            <dependent idx="2">Sox</dependent>
          </dep>
          <dep type="dobj">
            <governor idx="3">extend</governor>
            <dependent idx="4">offer</dependent>
          </dep>
          <dep type="case">
            <governor idx="6">Teixeira</governor>
            <dependent idx="5">to</dependent>
          </dep>
          <dep type="nmod">
            <governor idx="3">extend</governor>
            <dependent idx="6">Teixeira</dependent>
          </dep>
        </dependencies>
        <dependencies type="collapsed-dependencies">
          <dep type="root">
            <governor idx="0">ROOT</governor>
            <dependent idx="3">extend</dependent>
          </dep>
          <dep type="compound">
            <governor idx="2">Sox</governor>
            <dependent idx="1">Red</dependent>
          </dep>
          <dep type="nsubj">
            <governor idx="3">extend</governor>
            <dependent idx="2">Sox</dependent>
          </dep>
          <dep type="dobj">
            <governor idx="3">extend</governor>
            <dependent idx="4">offer</dependent>
          </dep>
          <dep type="case">
            <governor idx="6">Teixeira</governor>
            <dependent idx="5">to</dependent>
          </dep>
          <dep type="nmod:to">
            <governor idx="3">extend</governor>
            <dependent idx="6">Teixeira</dependent>
          </dep>
        </dependencies>
        <dependencies type="collapsed-ccprocessed-dependencies">
          <dep type="root">
            <governor idx="0">ROOT</governor>
            <dependent idx="3">extend</dependent>
          </dep>
          <dep type="compound">
            <governor idx="2">Sox</governor>
            <dependent idx="1">Red</dependent>
          </dep>
          <dep type="nsubj">
            <governor idx="3">extend</governor>
            <dependent idx="2">Sox</dependent>
          </dep>
          <dep type="dobj">
            <governor idx="3">extend</governor>
            <dependent idx="4">offer</dependent>
          </dep>
          <dep type="case">
            <governor idx="6">Teixeira</governor>
            <dependent idx="5">to</dependent>
          </dep>
          <dep type="nmod:to">
            <governor idx="3">extend</governor>
            <dependent idx="6">Teixeira</dependent>
          </dep>
        </dependencies>
      </sentence>
      <sentence id="2" line="2">
        <tokens>
          <token id="1">
            <word>Boston</word>
            <lemma>Boston</lemma>
            <CharacterOffsetBegin>33</CharacterOffsetBegin>
            <CharacterOffsetEnd>39</CharacterOffsetEnd>
            <POS>NNP</POS>
            <NER>LOCATION</NER>
          </token>
          <token id="2">
            <word>reportedly</word>
            <lemma>reportedly</lemma>
            <CharacterOffsetBegin>40</CharacterOffsetBegin>
            <CharacterOffsetEnd>50</CharacterOffsetEnd>
            <POS>RB</POS>
            <NER>O</NER>
          </token>
          <token id="3">
            <word>looks</word>
            <lemma>look</lemma>
            <CharacterOffsetBegin>51</CharacterOffsetBegin>
            <CharacterOffsetEnd>56</CharacterOffsetEnd>
            <POS>VBZ</POS>
            <NER>O</NER>
          </token>
          <token id="4">
            <word>to</word>
            <lemma>to</lemma>
            <CharacterOffsetBegin>57</CharacterOffsetBegin>
            <CharacterOffsetEnd>59</CharacterOffsetEnd>
            <POS>TO</POS>
            <NER>O</NER>
          </token>
          <token id="5">
            <word>ink</word>
            <lemma>ink</lemma>
            <CharacterOffsetBegin>60</CharacterOffsetBegin>
            <CharacterOffsetEnd>63</CharacterOffsetEnd>
            <POS>NN</POS>
            <NER>O</NER>
          </token>
          <token id="6">
            <word>free</word>
            <lemma>free</lemma>
            <CharacterOffsetBegin>64</CharacterOffsetBegin>
            <CharacterOffsetEnd>68</CharacterOffsetEnd>
            <POS>JJ</POS>
            <NER>O</NER>
          </token>
          <token id="7">
            <word>-</word>
            <lemma>-</lemma>
            <CharacterOffsetBegin>69</CharacterOffsetBegin>
            <CharacterOffsetEnd>70</CharacterOffsetEnd>
            <POS>:</POS>
            <NER>O</NER>
          </token>
          <token id="8">
            <word>agent</word>
            <lemma>agent</lemma>
            <CharacterOffsetBegin>71</CharacterOffsetBegin>
            <CharacterOffsetEnd>76</CharacterOffsetEnd>
            <POS>NN</POS>
            <NER>O</NER>
          </token>
          <token id="9">
            <word>slugger</word>
            <lemma>slugger</lemma>
            <CharacterOffsetBegin>77</CharacterOffsetBegin>
            <CharacterOffsetEnd>84</CharacterOffsetEnd>
            <POS>NN</POS>
            <NER>O</NER>
          </token>
          <token id="10">
            <word>for</word>
            <lemma>for</lemma>
            <CharacterOffsetBegin>85</CharacterOffsetBegin>
            <CharacterOffsetEnd>88</CharacterOffsetEnd>
            <POS>IN</POS>
            <NER>O</NER>
          </token>
          <token id="11">
            <word>eight</word>
            <lemma>eight</lemma>
            <CharacterOffsetBegin>89</CharacterOffsetBegin>
            <CharacterOffsetEnd>94</CharacterOffsetEnd>
            <POS>CD</POS>
            <NER>DURATION</NER>
            <NormalizedNER>P8Y</NormalizedNER>
            <Timex tid="t1" type="DURATION">P8Y</Timex>
          </token>
          <token id="12">
            <word>years</word>
            <lemma>year</lemma>
            <CharacterOffsetBegin>95</CharacterOffsetBegin>
            <CharacterOffsetEnd>100</CharacterOffsetEnd>
            <POS>NNS</POS>
            <NER>DURATION</NER>
            <NormalizedNER>P8Y</NormalizedNER>
            <Timex tid="t1" type="DURATION">P8Y</Timex>
          </token>
        </tokens>
        <parse>(ROOT (NP (NP-TMP (NP (NNP Boston)) (VP (ADVP (RB reportedly)) (VBZ looks) (PP (TO to) (NP (NP (NN ink)) (ADVP (JJ free)))))) (: -) (NP (NP (NN agent) (NN slugger)) (PP (IN for) (NP (CD eight) (NNS years)))))) </parse>
        <dependencies type="basic-dependencies">
          <dep type="root">
            <governor idx="0">ROOT</governor>
            <dependent idx="3">looks</dependent>
          </dep>
          <dep type="nsubj">
            <governor idx="3">looks</governor>
            <dependent idx="1">Boston</dependent>
          </dep>
          <dep type="advmod">
            <governor idx="3">looks</governor>
            <dependent idx="2">reportedly</dependent>
          </dep>
          <dep type="mark">
            <governor idx="5">ink</governor>
            <dependent idx="4">to</dependent>
          </dep>
          <dep type="xcomp">
            <governor idx="3">looks</governor>
            <dependent idx="5">ink</dependent>
          </dep>
          <dep type="amod">
            <governor idx="5">ink</governor>
            <dependent idx="6">free</dependent>
          </dep>
          <dep type="punct">
            <governor idx="6">free</governor>
            <dependent idx="7">-</dependent>
          </dep>
          <dep type="compound">
            <governor idx="9">slugger</governor>
            <dependent idx="8">agent</dependent>
          </dep>
          <dep type="dep">
            <governor idx="6">free</governor>
            <dependent idx="9">slugger</dependent>
          </dep>
          <dep type="case">
            <governor idx="12">years</governor>
            <dependent idx="10">for</dependent>
          </dep>
          <dep type="nummod">
            <governor idx="12">years</governor>
            <dependent idx="11">eight</dependent>
          </dep>
          <dep type="nmod">
            <governor idx="9">slugger</governor>
            <dependent idx="12">years</dependent>
          </dep>
        </dependencies>
        <dependencies type="collapsed-dependencies">
          <dep type="root">
            <governor idx="0">ROOT</governor>
            <dependent idx="3">looks</dependent>
          </dep>
          <dep type="nsubj">
            <governor idx="3">looks</governor>
            <dependent idx="1">Boston</dependent>
          </dep>
          <dep type="advmod">
            <governor idx="3">looks</governor>
            <dependent idx="2">reportedly</dependent>
          </dep>
          <dep type="mark">
            <governor idx="5">ink</governor>
            <dependent idx="4">to</dependent>
          </dep>
          <dep type="xcomp">
            <governor idx="3">looks</governor>
            <dependent idx="5">ink</dependent>
          </dep>
          <dep type="amod">
            <governor idx="5">ink</governor>
            <dependent idx="6">free</dependent>
          </dep>
          <dep type="punct">
            <governor idx="6">free</governor>
            <dependent idx="7">-</dependent>
          </dep>
          <dep type="compound">
            <governor idx="9">slugger</governor>
            <dependent idx="8">agent</dependent>
          </dep>
          <dep type="dep">
            <governor idx="6">free</governor>
            <dependent idx="9">slugger</dependent>
          </dep>
          <dep type="case">
            <governor idx="12">years</governor>
            <dependent idx="10">for</dependent>
          </dep>
          <dep type="nummod">
            <governor idx="12">years</governor>
            <dependent idx="11">eight</dependent>
          </dep>
          <dep type="nmod:for">
            <governor idx="9">slugger</governor>
            <dependent idx="12">years</dependent>
          </dep>
        </dependencies>
        <dependencies type="collapsed-ccprocessed-dependencies">
          <dep type="root">
            <governor idx="0">ROOT</governor>
            <dependent idx="3">looks</dependent>
          </dep>
          <dep type="nsubj">
            <governor idx="3">looks</governor>
            <dependent idx="1">Boston</dependent>
          </dep>
          <dep type="advmod">
            <governor idx="3">looks</governor>
            <dependent idx="2">reportedly</dependent>
          </dep>
          <dep type="mark">
            <governor idx="5">ink</governor>
            <dependent idx="4">to</dependent>
          </dep>
          <dep type="xcomp">
            <governor idx="3">looks</governor>
            <dependent idx="5">ink</dependent>
          </dep>
          <dep type="amod">
            <governor idx="5">ink</governor>
            <dependent idx="6">free</dependent>
          </dep>
          <dep type="punct">
            <governor idx="6">free</governor>
            <dependent idx="7">-</dependent>
          </dep>
          <dep type="compound">
            <governor idx="9">slugger</governor>
            <dependent idx="8">agent</dependent>
          </dep>
          <dep type="dep">
            <governor idx="6">free</governor>
            <dependent idx="9">slugger</dependent>
          </dep>
          <dep type="case">
            <governor idx="12">years</governor>
            <dependent idx="10">for</dependent>
          </dep>
          <dep type="nummod">
            <governor idx="12">years</governor>
            <dependent idx="11">eight</dependent>
          </dep>
          <dep type="nmod:for">
            <governor idx="9">slugger</governor>
            <dependent idx="12">years</dependent>
          </dep>
        </dependencies>
      </sentence>
    </sentences>
  </document>
</root>
