<?xml version="1.0" encoding="UTF-8"?>
<?xml-stylesheet href="CoreNLP-to-HTML.xsl" type="text/xsl"?>
<root>
  <document>
    <sentences>
      <sentence id="1" line="1">
        <tokens>
          <token id="1">
            <word>2</word>
            <lemma>2</lemma>
            <CharacterOffsetBegin>0</CharacterOffsetBegin>
            <CharacterOffsetEnd>1</CharacterOffsetEnd>
            <POS>CD</POS>
            <NER>NUMBER</NER>
            <NormalizedNER>2.0</NormalizedNER>
          </token>
          <token id="2">
            <word>:</word>
            <lemma>:</lemma>
            <CharacterOffsetBegin>2</CharacterOffsetBegin>
            <CharacterOffsetEnd>3</CharacterOffsetEnd>
            <POS>:</POS>
            <NER>O</NER>
          </token>
          <token id="3">
            <word>16pm</word>
            <lemma>16pm</lemma>
            <CharacterOffsetBegin>4</CharacterOffsetBegin>
            <CharacterOffsetEnd>8</CharacterOffsetEnd>
            <POS>CD</POS>
            <NER>TIME</NER>
            <NormalizedNER>T16:00</NormalizedNER>
            <Timex tid="t1" type="TIME">T16:00</Timex>
          </token>
          <token id="4">
            <word>:</word>
            <lemma>:</lemma>
            <CharacterOffsetBegin>9</CharacterOffsetBegin>
            <CharacterOffsetEnd>10</CharacterOffsetEnd>
            <POS>:</POS>
            <NER>O</NER>
          </token>
          <token id="5">
            <word>Take</word>
            <lemma>take</lemma>
            <CharacterOffsetBegin>11</CharacterOffsetBegin>
            <CharacterOffsetEnd>15</CharacterOffsetEnd>
            <POS>VB</POS>
            <NER>O</NER>
          </token>
          <token id="6">
            <word>it</word>
            <lemma>it</lemma>
            <CharacterOffsetBegin>16</CharacterOffsetBegin>
            <CharacterOffsetEnd>18</CharacterOffsetEnd>
            <POS>PRP</POS>
            <NER>O</NER>
          </token>
          <token id="7">
            <word>with</word>
            <lemma>with</lemma>
            <CharacterOffsetBegin>19</CharacterOffsetBegin>
            <CharacterOffsetEnd>23</CharacterOffsetEnd>
            <POS>IN</POS>
            <NER>O</NER>
          </token>
          <token id="8">
            <word>a</word>
            <lemma>a</lemma>
            <CharacterOffsetBegin>24</CharacterOffsetBegin>
            <CharacterOffsetEnd>25</CharacterOffsetEnd>
            <POS>DT</POS>
            <NER>O</NER>
          </token>
          <token id="9">
            <word>grain</word>
            <lemma>grain</lemma>
            <CharacterOffsetBegin>26</CharacterOffsetBegin>
            <CharacterOffsetEnd>31</CharacterOffsetEnd>
            <POS>NN</POS>
            <NER>O</NER>
          </token>
          <token id="10">
            <word>of</word>
            <lemma>of</lemma>
            <CharacterOffsetBegin>32</CharacterOffsetBegin>
            <CharacterOffsetEnd>34</CharacterOffsetEnd>
            <POS>IN</POS>
            <NER>O</NER>
          </token>
          <token id="11">
            <word>salt</word>
            <lemma>salt</lemma>
            <CharacterOffsetBegin>35</CharacterOffsetBegin>
            <CharacterOffsetEnd>39</CharacterOffsetEnd>
            <POS>NN</POS>
            <NER>O</NER>
          </token>
          <token id="12">
            <word>,</word>
            <lemma>,</lemma>
            <CharacterOffsetBegin>40</CharacterOffsetBegin>
            <CharacterOffsetEnd>41</CharacterOffsetEnd>
            <POS>,</POS>
            <NER>O</NER>
          </token>
          <token id="13">
            <word>but</word>
            <lemma>but</lemma>
            <CharacterOffsetBegin>42</CharacterOffsetBegin>
            <CharacterOffsetEnd>45</CharacterOffsetEnd>
            <POS>CC</POS>
            <NER>O</NER>
          </token>
          <token id="14">
            <word>we</word>
            <lemma>we</lemma>
            <CharacterOffsetBegin>46</CharacterOffsetBegin>
            <CharacterOffsetEnd>48</CharacterOffsetEnd>
            <POS>PRP</POS>
            <NER>O</NER>
          </token>
          <token id="15">
            <word>have</word>
            <lemma>have</lemma>
            <CharacterOffsetBegin>49</CharacterOffsetBegin>
            <CharacterOffsetEnd>53</CharacterOffsetEnd>
            <POS>VBP</POS>
            <NER>O</NER>
          </token>
          <token id="16">
            <word>a</word>
            <lemma>a</lemma>
            <CharacterOffsetBegin>54</CharacterOffsetBegin>
            <CharacterOffsetEnd>55</CharacterOffsetEnd>
            <POS>DT</POS>
            <NER>O</NER>
          </token>
          <token id="17">
            <word>report</word>
            <lemma>report</lemma>
            <CharacterOffsetBegin>56</CharacterOffsetBegin>
            <CharacterOffsetEnd>62</CharacterOffsetEnd>
            <POS>NN</POS>
            <NER>O</NER>
          </token>
          <token id="18">
            <word>of</word>
            <lemma>of</lemma>
            <CharacterOffsetBegin>63</CharacterOffsetBegin>
            <CharacterOffsetEnd>65</CharacterOffsetEnd>
            <POS>IN</POS>
            <NER>O</NER>
          </token>
          <token id="19">
            <word>a</word>
            <lemma>a</lemma>
            <CharacterOffsetBegin>66</CharacterOffsetBegin>
            <CharacterOffsetEnd>67</CharacterOffsetEnd>
            <POS>DT</POS>
            <NER>O</NER>
          </token>
          <token id="20">
            <word>report</word>
            <lemma>report</lemma>
            <CharacterOffsetBegin>68</CharacterOffsetBegin>
            <CharacterOffsetEnd>74</CharacterOffsetEnd>
            <POS>NN</POS>
            <NER>O</NER>
          </token>
          <token id="21">
            <word>that</word>
            <lemma>that</lemma>
            <CharacterOffsetBegin>75</CharacterOffsetBegin>
            <CharacterOffsetEnd>79</CharacterOffsetEnd>
            <POS>IN</POS>
            <NER>O</NER>
          </token>
          <token id="22">
            <word>the</word>
            <lemma>the</lemma>
            <CharacterOffsetBegin>80</CharacterOffsetBegin>
            <CharacterOffsetEnd>83</CharacterOffsetEnd>
            <POS>DT</POS>
            <NER>O</NER>
          </token>
          <token id="23">
            <word>Red</word>
            <lemma>Red</lemma>
            <CharacterOffsetBegin>84</CharacterOffsetBegin>
            <CharacterOffsetEnd>87</CharacterOffsetEnd>
            <POS>NNP</POS>
            <NER>ORGANIZATION</NER>
          </token>
          <token id="24">
            <word>Sox</word>
            <lemma>Sox</lemma>
            <CharacterOffsetBegin>88</CharacterOffsetBegin>
            <CharacterOffsetEnd>91</CharacterOffsetEnd>
            <POS>NNP</POS>
            <NER>ORGANIZATION</NER>
          </token>
          <token id="25">
            <word>offered</word>
            <lemma>offer</lemma>
            <CharacterOffsetBegin>92</CharacterOffsetBegin>
            <CharacterOffsetEnd>99</CharacterOffsetEnd>
            <POS>VBD</POS>
            <NER>O</NER>
          </token>
          <token id="26">
            <word>Mark</word>
            <lemma>Mark</lemma>
            <CharacterOffsetBegin>100</CharacterOffsetBegin>
            <CharacterOffsetEnd>104</CharacterOffsetEnd>
            <POS>NNP</POS>
            <NER>PERSON</NER>
          </token>
          <token id="27">
            <word>Teixeira</word>
            <lemma>Teixeira</lemma>
            <CharacterOffsetBegin>105</CharacterOffsetBegin>
            <CharacterOffsetEnd>113</CharacterOffsetEnd>
            <POS>NNP</POS>
            <NER>PERSON</NER>
          </token>
          <token id="28">
            <word>an</word>
            <lemma>a</lemma>
            <CharacterOffsetBegin>114</CharacterOffsetBegin>
            <CharacterOffsetEnd>116</CharacterOffsetEnd>
            <POS>DT</POS>
            <NER>O</NER>
          </token>
          <token id="29">
            <word>eight</word>
            <lemma>eight</lemma>
            <CharacterOffsetBegin>117</CharacterOffsetBegin>
            <CharacterOffsetEnd>122</CharacterOffsetEnd>
            <POS>CD</POS>
            <NER>DURATION</NER>
            <NormalizedNER>P8Y</NormalizedNER>
            <Timex tid="t2" type="DURATION">P8Y</Timex>
          </token>
          <token id="30">
            <word>-</word>
            <lemma>-</lemma>
            <CharacterOffsetBegin>123</CharacterOffsetBegin>
            <CharacterOffsetEnd>124</CharacterOffsetEnd>
            <POS>:</POS>
            <NER>DURATION</NER>
            <NormalizedNER>P8Y</NormalizedNER>
            <Timex tid="t2" type="DURATION">P8Y</Timex>
          </token>
          <token id="31">
            <word>year</word>
            <lemma>year</lemma>
            <CharacterOffsetBegin>125</CharacterOffsetBegin>
            <CharacterOffsetEnd>129</CharacterOffsetEnd>
            <POS>NN</POS>
            <NER>DURATION</NER>
            <NormalizedNER>P8Y</NormalizedNER>
            <Timex tid="t2" type="DURATION">P8Y</Timex>
          </token>
          <token id="32">
            <word>,</word>
            <lemma>,</lemma>
            <CharacterOffsetBegin>130</CharacterOffsetBegin>
            <CharacterOffsetEnd>131</CharacterOffsetEnd>
            <POS>,</POS>
            <NER>O</NER>
          </token>
          <token id="33">
            <word>$200MM</word>
            <lemma>$200mm</lemma>
            <CharacterOffsetBegin>132</CharacterOffsetBegin>
            <CharacterOffsetEnd>138</CharacterOffsetEnd>
            <POS>NN</POS>
            <NER>O</NER>
          </token>
          <token id="34">
            <word>deal</word>
            <lemma>deal</lemma>
            <CharacterOffsetBegin>139</CharacterOffsetBegin>
            <CharacterOffsetEnd>143</CharacterOffsetEnd>
            <POS>NN</POS>
            <NER>O</NER>
          </token>
          <token id="35">
            <word>.</word>
            <lemma>.</lemma>
            <CharacterOffsetBegin>144</CharacterOffsetBegin>
            <CharacterOffsetEnd>145</CharacterOffsetEnd>
            <POS>.</POS>
            <NER>O</NER>
          </token>
        </tokens>
        <parse>(ROOT (NP (NP (CD 2) (: :) (CD 16pm)) (: :) (NP (S (VP (VB Take) (NP (PRP it)) (PP (IN with) (NP (NP (DT a) (NN grain)) (PP (IN of) (NP (NN salt))))) (, ,) (SBAR (CC but) (S (NP (PRP we)) (VP (VBP have) (NP (NP (DT a) (NN report)) (PP (IN of) (NP (DT a) (NN report)))) (SBAR (IN that) (S (NP (DT the) (NNP Red) (NNP Sox)) (VP (VBD offered) (NP (NNP Mark) (NNP Teixeira)) (NP (QP (DT an) (CD eight))))))))))) (: -) (NP (NP (NN year)) (, ,) (NP (NN $200MM) (NN deal)))) (. .))) </parse>
        <dependencies type="basic-dependencies">
          <dep type="root">
            <governor idx="0">ROOT</governor>
            <dependent idx="1">2</dependent>
          </dep>
          <dep type="punct">
            <governor idx="1">2</governor>
            <dependent idx="2">:</dependent>
          </dep>
          <dep type="dep">
            <governor idx="1">2</governor>
            <dependent idx="3">16pm</dependent>
          </dep>
          <dep type="punct">
            <governor idx="1">2</governor>
            <dependent idx="4">:</dependent>
          </dep>
          <dep type="dep">
            <governor idx="1">2</governor>
            <dependent idx="5">Take</dependent>
          </dep>
          <dep type="dobj">
            <governor idx="5">Take</governor>
            <dependent idx="6">it</dependent>
          </dep>
          <dep type="case">
            <governor idx="9">grain</governor>
            <dependent idx="7">with</dependent>
          </dep>
          <dep type="det">
            <governor idx="9">grain</governor>
            <dependent idx="8">a</dependent>
          </dep>
          <dep type="nmod">
            <governor idx="5">Take</governor>
            <dependent idx="9">grain</dependent>
          </dep>
          <dep type="case">
            <governor idx="11">salt</governor>
            <dependent idx="10">of</dependent>
          </dep>
          <dep type="nmod">
            <governor idx="9">grain</governor>
            <dependent idx="11">salt</dependent>
          </dep>
          <dep type="punct">
            <governor idx="5">Take</governor>
            <dependent idx="12">,</dependent>
          </dep>
          <dep type="cc">
            <governor idx="5">Take</governor>
            <dependent idx="13">but</dependent>
          </dep>
          <dep type="nsubj">
            <governor idx="15">have</governor>
            <dependent idx="14">we</dependent>
          </dep>
          <dep type="conj">
            <governor idx="5">Take</governor>
            <dependent idx="15">have</dependent>
          </dep>
          <dep type="det">
            <governor idx="17">report</governor>
            <dependent idx="16">a</dependent>
          </dep>
          <dep type="dobj">
            <governor idx="15">have</governor>
            <dependent idx="17">report</dependent>
          </dep>
          <dep type="case">
            <governor idx="20">report</governor>
            <dependent idx="18">of</dependent>
          </dep>
          <dep type="det">
            <governor idx="20">report</governor>
            <dependent idx="19">a</dependent>
          </dep>
          <dep type="nmod">
            <governor idx="17">report</governor>
            <dependent idx="20">report</dependent>
          </dep>
          <dep type="mark">
            <governor idx="25">offered</governor>
            <dependent idx="21">that</dependent>
          </dep>
          <dep type="det">
            <governor idx="24">Sox</governor>
            <dependent idx="22">the</dependent>
          </dep>
          <dep type="compound">
            <governor idx="24">Sox</governor>
            <dependent idx="23">Red</dependent>
          </dep>
          <dep type="nsubj">
            <governor idx="25">offered</governor>
            <dependent idx="24">Sox</dependent>
          </dep>
          <dep type="ccomp">
            <governor idx="20">report</governor>
            <dependent idx="25">offered</dependent>
          </dep>
          <dep type="compound">
            <governor idx="27">Teixeira</governor>
            <dependent idx="26">Mark</dependent>
          </dep>
          <dep type="iobj">
            <governor idx="25">offered</governor>
            <dependent idx="27">Teixeira</dependent>
          </dep>
          <dep type="det">
            <governor idx="31">year</governor>
            <dependent idx="28">an</dependent>
          </dep>
          <dep type="nummod">
            <governor idx="31">year</governor>
            <dependent idx="29">eight</dependent>
          </dep>
          <dep type="punct">
            <governor idx="31">year</governor>
            <dependent idx="30">-</dependent>
          </dep>
          <dep type="dobj">
            <governor idx="25">offered</governor>
            <dependent idx="31">year</dependent>
          </dep>
          <dep type="punct">
            <governor idx="31">year</governor>
            <dependent idx="32">,</dependent>
          </dep>
          <dep type="compound">
            <governor idx="34">deal</governor>
            <dependent idx="33">$200MM</dependent>
          </dep>
          <dep type="appos">
            <governor idx="31">year</governor>
            <dependent idx="34">deal</dependent>
          </dep>
          <dep type="punct">
            <governor idx="1">2</governor>
            <dependent idx="35">.</dependent>
          </dep>
        </dependencies>
        <dependencies type="collapsed-dependencies">
          <dep type="root">
            <governor idx="0">ROOT</governor>
            <dependent idx="1">2</dependent>
          </dep>
          <dep type="punct">
            <governor idx="1">2</governor>
            <dependent idx="2">:</dependent>
          </dep>
          <dep type="dep">
            <governor idx="1">2</governor>
            <dependent idx="3">16pm</dependent>
          </dep>
          <dep type="punct">
            <governor idx="1">2</governor>
            <dependent idx="4">:</dependent>
          </dep>
          <dep type="dep">
            <governor idx="1">2</governor>
            <dependent idx="5">Take</dependent>
          </dep>
          <dep type="dobj">
            <governor idx="5">Take</governor>
            <dependent idx="6">it</dependent>
          </dep>
          <dep type="case">
            <governor idx="9">grain</governor>
            <dependent idx="7">with</dependent>
          </dep>
          <dep type="det">
            <governor idx="9">grain</governor>
            <dependent idx="8">a</dependent>
          </dep>
          <dep type="nmod:with">
            <governor idx="5">Take</governor>
            <dependent idx="9">grain</dependent>
          </dep>
          <dep type="case">
            <governor idx="11">salt</governor>
            <dependent idx="10">of</dependent>
          </dep>
          <dep type="nmod:of">
            <governor idx="9">grain</governor>
            <dependent idx="11">salt</dependent>
          </dep>
          <dep type="punct">
            <governor idx="5">Take</governor>
            <dependent idx="12">,</dependent>
          </dep>
          <dep type="cc">
            <governor idx="5">Take</governor>
            <dependent idx="13">but</dependent>
          </dep>
          <dep type="nsubj">
            <governor idx="15">have</governor>
            <dependent idx="14">we</dependent>
          </dep>
          <dep type="conj:but">
            <governor idx="5">Take</governor>
            <dependent idx="15">have</dependent>
          </dep>
          <dep type="det">
            <governor idx="17">report</governor>
            <dependent idx="16">a</dependent>
          </dep>
          <dep type="dobj">
            <governor idx="15">have</governor>
            <dependent idx="17">report</dependent>
          </dep>
          <dep type="case">
            <governor idx="20">report</governor>
            <dependent idx="18">of</dependent>
          </dep>
          <dep type="det">
            <governor idx="20">report</governor>
            <dependent idx="19">a</dependent>
          </dep>
          <dep type="nmod:of">
            <governor idx="17">report</governor>
            <dependent idx="20">report</dependent>
          </dep>
          <dep type="mark">
            <governor idx="25">offered</governor>
            <dependent idx="21">that</dependent>
          </dep>
          <dep type="det">
            <governor idx="24">Sox</governor>
            <dependent idx="22">the</dependent>
          </dep>
          <dep type="compound">
            <governor idx="24">Sox</governor>
            <dependent idx="23">Red</dependent>
          </dep>
          <dep type="nsubj">
            <governor idx="25">offered</governor>
            <dependent idx="24">Sox</dependent>
          </dep>
          <dep type="ccomp">
            <governor idx="20">report</governor>
            <dependent idx="25">offered</dependent>
          </dep>
          <dep type="compound">
            <governor idx="27">Teixeira</governor>
            <dependent idx="26">Mark</dependent>
          </dep>
          <dep type="iobj">
            <governor idx="25">offered</governor>
            <dependent idx="27">Teixeira</dependent>
          </dep>
          <dep type="det">
            <governor idx="31">year</governor>
            <dependent idx="28">an</dependent>
          </dep>
          <dep type="nummod">
            <governor idx="31">year</governor>
            <dependent idx="29">eight</dependent>
          </dep>
          <dep type="punct">
            <governor idx="31">year</governor>
            <dependent idx="30">-</dependent>
          </dep>
          <dep type="dobj">
            <governor idx="25">offered</governor>
            <dependent idx="31">year</dependent>
          </dep>
          <dep type="punct">
            <governor idx="31">year</governor>
            <dependent idx="32">,</dependent>
          </dep>
          <dep type="compound">
            <governor idx="34">deal</governor>
            <dependent idx="33">$200MM</dependent>
          </dep>
          <dep type="appos">
            <governor idx="31">year</governor>
            <dependent idx="34">deal</dependent>
          </dep>
          <dep type="punct">
            <governor idx="1">2</governor>
            <dependent idx="35">.</dependent>
          </dep>
        </dependencies>
        <dependencies type="collapsed-ccprocessed-dependencies">
          <dep type="root">
            <governor idx="0">ROOT</governor>
            <dependent idx="1">2</dependent>
          </dep>
          <dep type="punct">
            <governor idx="1">2</governor>
            <dependent idx="2">:</dependent>
          </dep>
          <dep type="dep">
            <governor idx="1">2</governor>
            <dependent idx="3">16pm</dependent>
          </dep>
          <dep type="punct">
            <governor idx="1">2</governor>
            <dependent idx="4">:</dependent>
          </dep>
          <dep type="dep">
            <governor idx="1">2</governor>
            <dependent idx="5">Take</dependent>
          </dep>
          <dep type="dobj">
            <governor idx="5">Take</governor>
            <dependent idx="6">it</dependent>
          </dep>
          <dep type="case">
            <governor idx="9">grain</governor>
            <dependent idx="7">with</dependent>
          </dep>
          <dep type="det">
            <governor idx="9">grain</governor>
            <dependent idx="8">a</dependent>
          </dep>
          <dep type="nmod:with">
            <governor idx="5">Take</governor>
            <dependent idx="9">grain</dependent>
          </dep>
          <dep type="case">
            <governor idx="11">salt</governor>
            <dependent idx="10">of</dependent>
          </dep>
          <dep type="nmod:of">
            <governor idx="9">grain</governor>
            <dependent idx="11">salt</dependent>
          </dep>
          <dep type="punct">
            <governor idx="5">Take</governor>
            <dependent idx="12">,</dependent>
          </dep>
          <dep type="cc">
            <governor idx="5">Take</governor>
            <dependent idx="13">but</dependent>
          </dep>
          <dep type="nsubj">
            <governor idx="15">have</governor>
            <dependent idx="14">we</dependent>
          </dep>
          <dep type="dep" extra="true">
            <governor idx="1">2</governor>
            <dependent idx="15">have</dependent>
          </dep>
          <dep type="conj:but">
            <governor idx="5">Take</governor>
            <dependent idx="15">have</dependent>
          </dep>
          <dep type="det">
            <governor idx="17">report</governor>
            <dependent idx="16">a</dependent>
          </dep>
          <dep type="dobj">
            <governor idx="15">have</governor>
            <dependent idx="17">report</dependent>
          </dep>
          <dep type="case">
            <governor idx="20">report</governor>
            <dependent idx="18">of</dependent>
          </dep>
          <dep type="det">
            <governor idx="20">report</governor>
            <dependent idx="19">a</dependent>
          </dep>
          <dep type="nmod:of">
            <governor idx="17">report</governor>
            <dependent idx="20">report</dependent>
          </dep>
          <dep type="mark">
            <governor idx="25">offered</governor>
            <dependent idx="21">that</dependent>
          </dep>
          <dep type="det">
            <governor idx="24">Sox</governor>
            <dependent idx="22">the</dependent>
          </dep>
          <dep type="compound">
            <governor idx="24">Sox</governor>
            <dependent idx="23">Red</dependent>
          </dep>
          <dep type="nsubj">
            <governor idx="25">offered</governor>
            <dependent idx="24">Sox</dependent>
          </dep>
          <dep type="ccomp">
            <governor idx="20">report</governor>
            <dependent idx="25">offered</dependent>
          </dep>
          <dep type="compound">
            <governor idx="27">Teixeira</governor>
            <dependent idx="26">Mark</dependent>
          </dep>
          <dep type="iobj">
            <governor idx="25">offered</governor>
            <dependent idx="27">Teixeira</dependent>
          </dep>
          <dep type="det">
            <governor idx="31">year</governor>
            <dependent idx="28">an</dependent>
          </dep>
          <dep type="nummod">
            <governor idx="31">year</governor>
            <dependent idx="29">eight</dependent>
          </dep>
          <dep type="punct">
            <governor idx="31">year</governor>
            <dependent idx="30">-</dependent>
          </dep>
          <dep type="dobj">
            <governor idx="25">offered</governor>
            <dependent idx="31">year</dependent>
          </dep>
          <dep type="punct">
            <governor idx="31">year</governor>
            <dependent idx="32">,</dependent>
          </dep>
          <dep type="compound">
            <governor idx="34">deal</governor>
            <dependent idx="33">$200MM</dependent>
          </dep>
          <dep type="appos">
            <governor idx="31">year</governor>
            <dependent idx="34">deal</dependent>
          </dep>
          <dep type="punct">
            <governor idx="1">2</governor>
            <dependent idx="35">.</dependent>
          </dep>
        </dependencies>
      </sentence>
    </sentences>
  </document>
</root>
