<?xml version="1.0" encoding="UTF-8"?>
<?xml-stylesheet href="CoreNLP-to-HTML.xsl" type="text/xsl"?>
<root>
  <document>
    <sentences>
      <sentence id="1" line="1">
        <tokens>
          <token id="1">
            <word>The</word>
            <lemma>the</lemma>
            <CharacterOffsetBegin>0</CharacterOffsetBegin>
            <CharacterOffsetEnd>3</CharacterOffsetEnd>
            <POS>DT</POS>
            <NER>O</NER>
          </token>
          <token id="2">
            <word>Los</word>
            <lemma>Los</lemma>
            <CharacterOffsetBegin>4</CharacterOffsetBegin>
            <CharacterOffsetEnd>7</CharacterOffsetEnd>
            <POS>NNP</POS>
            <NER>ORGANIZATION</NER>
          </token>
          <token id="3">
            <word>Angeles</word>
            <lemma>Angeles</lemma>
            <CharacterOffsetBegin>8</CharacterOffsetBegin>
            <CharacterOffsetEnd>15</CharacterOffsetEnd>
            <POS>NNP</POS>
            <NER>ORGANIZATION</NER>
          </token>
          <token id="4">
            <word>Angels</word>
            <lemma>Angels</lemma>
            <CharacterOffsetBegin>16</CharacterOffsetBegin>
            <CharacterOffsetEnd>22</CharacterOffsetEnd>
            <POS>NNPS</POS>
            <NER>ORGANIZATION</NER>
          </token>
          <token id="5">
            <word>of</word>
            <lemma>of</lemma>
            <CharacterOffsetBegin>23</CharacterOffsetBegin>
            <CharacterOffsetEnd>25</CharacterOffsetEnd>
            <POS>IN</POS>
            <NER>ORGANIZATION</NER>
          </token>
          <token id="6">
            <word>Anaheim</word>
            <lemma>Anaheim</lemma>
            <CharacterOffsetBegin>26</CharacterOffsetBegin>
            <CharacterOffsetEnd>33</CharacterOffsetEnd>
            <POS>NNP</POS>
            <NER>ORGANIZATION</NER>
          </token>
          <token id="7">
            <word>offered</word>
            <lemma>offer</lemma>
            <CharacterOffsetBegin>34</CharacterOffsetBegin>
            <CharacterOffsetEnd>41</CharacterOffsetEnd>
            <POS>VBD</POS>
            <NER>O</NER>
          </token>
          <token id="8">
            <word>free-agent</word>
            <lemma>free-agent</lemma>
            <CharacterOffsetBegin>42</CharacterOffsetBegin>
            <CharacterOffsetEnd>52</CharacterOffsetEnd>
            <POS>JJ</POS>
            <NER>O</NER>
          </token>
          <token id="9">
            <word>first</word>
            <lemma>first</lemma>
            <CharacterOffsetBegin>53</CharacterOffsetBegin>
            <CharacterOffsetEnd>58</CharacterOffsetEnd>
            <POS>JJ</POS>
            <NER>ORDINAL</NER>
            <NormalizedNER>1.0</NormalizedNER>
          </token>
          <token id="10">
            <word>baseman</word>
            <lemma>baseman</lemma>
            <CharacterOffsetBegin>59</CharacterOffsetBegin>
            <CharacterOffsetEnd>66</CharacterOffsetEnd>
            <POS>NN</POS>
            <NER>O</NER>
          </token>
          <token id="11">
            <word>Mark</word>
            <lemma>Mark</lemma>
            <CharacterOffsetBegin>67</CharacterOffsetBegin>
            <CharacterOffsetEnd>71</CharacterOffsetEnd>
            <POS>NNP</POS>
            <NER>PERSON</NER>
          </token>
          <token id="12">
            <word>Teixeira</word>
            <lemma>Teixeira</lemma>
            <CharacterOffsetBegin>72</CharacterOffsetBegin>
            <CharacterOffsetEnd>80</CharacterOffsetEnd>
            <POS>NNP</POS>
            <NER>PERSON</NER>
          </token>
          <token id="13">
            <word>an</word>
            <lemma>a</lemma>
            <CharacterOffsetBegin>81</CharacterOffsetBegin>
            <CharacterOffsetEnd>83</CharacterOffsetEnd>
            <POS>DT</POS>
            <NER>O</NER>
          </token>
          <token id="14">
            <word>eight-year</word>
            <lemma>eight-year</lemma>
            <CharacterOffsetBegin>84</CharacterOffsetBegin>
            <CharacterOffsetEnd>94</CharacterOffsetEnd>
            <POS>JJ</POS>
            <NER>DURATION</NER>
            <NormalizedNER>P8Y</NormalizedNER>
            <Timex tid="t1" type="DURATION">P8Y</Timex>
          </token>
          <token id="15">
            <word>contract</word>
            <lemma>contract</lemma>
            <CharacterOffsetBegin>95</CharacterOffsetBegin>
            <CharacterOffsetEnd>103</CharacterOffsetEnd>
            <POS>NN</POS>
            <NER>O</NER>
          </token>
          <token id="16">
            <word>at</word>
            <lemma>at</lemma>
            <CharacterOffsetBegin>104</CharacterOffsetBegin>
            <CharacterOffsetEnd>106</CharacterOffsetEnd>
            <POS>IN</POS>
            <NER>O</NER>
          </token>
          <token id="17">
            <word>the</word>
            <lemma>the</lemma>
            <CharacterOffsetBegin>107</CharacterOffsetBegin>
            <CharacterOffsetEnd>110</CharacterOffsetEnd>
            <POS>DT</POS>
            <NER>O</NER>
          </token>
          <token id="18">
            <word>Winter</word>
            <lemma>Winter</lemma>
            <CharacterOffsetBegin>111</CharacterOffsetBegin>
            <CharacterOffsetEnd>117</CharacterOffsetEnd>
            <POS>NNP</POS>
            <NER>DATE</NER>
            <NormalizedNER>XXXX-WI</NormalizedNER>
            <Timex tid="t2" type="DATE">XXXX-WI</Timex>
          </token>
          <token id="19">
            <word>Meetings</word>
            <lemma>meeting</lemma>
            <CharacterOffsetBegin>118</CharacterOffsetBegin>
            <CharacterOffsetEnd>126</CharacterOffsetEnd>
            <POS>NNS</POS>
            <NER>O</NER>
          </token>
          <token id="20">
            <word>in</word>
            <lemma>in</lemma>
            <CharacterOffsetBegin>127</CharacterOffsetBegin>
            <CharacterOffsetEnd>129</CharacterOffsetEnd>
            <POS>IN</POS>
            <NER>O</NER>
          </token>
          <token id="21">
            <word>Las</word>
            <lemma>Las</lemma>
            <CharacterOffsetBegin>130</CharacterOffsetBegin>
            <CharacterOffsetEnd>133</CharacterOffsetEnd>
            <POS>NNP</POS>
            <NER>LOCATION</NER>
          </token>
          <token id="22">
            <word>Vegas</word>
            <lemma>Vegas</lemma>
            <CharacterOffsetBegin>134</CharacterOffsetBegin>
            <CharacterOffsetEnd>139</CharacterOffsetEnd>
            <POS>NNP</POS>
            <NER>LOCATION</NER>
          </token>
          <token id="23">
            <word>.</word>
            <lemma>.</lemma>
            <CharacterOffsetBegin>140</CharacterOffsetBegin>
            <CharacterOffsetEnd>141</CharacterOffsetEnd>
            <POS>.</POS>
            <NER>O</NER>
          </token>
        </tokens>
        <parse>(ROOT (S (NP (NP (DT The) (NNP Los) (NNP Angeles) (NNPS Angels)) (PP (IN of) (NP (NNP Anaheim)))) (VP (VBD offered) (NP (JJ free-agent) (JJ first) (NN baseman) (NNP Mark) (NNP Teixeira)) (NP (NP (DT an) (JJ eight-year) (NN contract)) (PP (IN at) (NP (DT the) (NNP Winter) (NNS Meetings)))) (PP (IN in) (NP (NNP Las) (NNP Vegas)))) (. .))) </parse>
        <dependencies type="basic-dependencies">
          <dep type="root">
            <governor idx="0">ROOT</governor>
            <dependent idx="7">offered</dependent>
          </dep>
          <dep type="det">
            <governor idx="4">Angels</governor>
            <dependent idx="1">The</dependent>
          </dep>
          <dep type="compound">
            <governor idx="4">Angels</governor>
            <dependent idx="2">Los</dependent>
          </dep>
          <dep type="compound">
            <governor idx="4">Angels</governor>
            <dependent idx="3">Angeles</dependent>
          </dep>
          <dep type="nsubj">
            <governor idx="7">offered</governor>
            <dependent idx="4">Angels</dependent>
          </dep>
          <dep type="case">
            <governor idx="6">Anaheim</governor>
            <dependent idx="5">of</dependent>
          </dep>
          <dep type="nmod">
            <governor idx="4">Angels</governor>
            <dependent idx="6">Anaheim</dependent>
          </dep>
          <dep type="amod">
            <governor idx="12">Teixeira</governor>
            <dependent idx="8">free-agent</dependent>
          </dep>
          <dep type="amod">
            <governor idx="12">Teixeira</governor>
            <dependent idx="9">first</dependent>
          </dep>
          <dep type="compound">
            <governor idx="12">Teixeira</governor>
            <dependent idx="10">baseman</dependent>
          </dep>
          <dep type="compound">
            <governor idx="12">Teixeira</governor>
            <dependent idx="11">Mark</dependent>
          </dep>
          <dep type="iobj">
            <governor idx="7">offered</governor>
            <dependent idx="12">Teixeira</dependent>
          </dep>
          <dep type="det">
            <governor idx="15">contract</governor>
            <dependent idx="13">an</dependent>
          </dep>
          <dep type="amod">
            <governor idx="15">contract</governor>
            <dependent idx="14">eight-year</dependent>
          </dep>
          <dep type="dobj">
            <governor idx="7">offered</governor>
            <dependent idx="15">contract</dependent>
          </dep>
          <dep type="case">
            <governor idx="19">Meetings</governor>
            <dependent idx="16">at</dependent>
          </dep>
          <dep type="det">
            <governor idx="19">Meetings</governor>
            <dependent idx="17">the</dependent>
          </dep>
          <dep type="compound">
            <governor idx="19">Meetings</governor>
            <dependent idx="18">Winter</dependent>
          </dep>
          <dep type="nmod">
            <governor idx="15">contract</governor>
            <dependent idx="19">Meetings</dependent>
          </dep>
          <dep type="case">
            <governor idx="22">Vegas</governor>
            <dependent idx="20">in</dependent>
          </dep>
          <dep type="compound">
            <governor idx="22">Vegas</governor>
            <dependent idx="21">Las</dependent>
          </dep>
          <dep type="nmod">
            <governor idx="19">Meetings</governor>
            <dependent idx="22">Vegas</dependent>
          </dep>
          <dep type="punct">
            <governor idx="7">offered</governor>
            <dependent idx="23">.</dependent>
          </dep>
        </dependencies>
        <dependencies type="collapsed-dependencies">
          <dep type="root">
            <governor idx="0">ROOT</governor>
            <dependent idx="7">offered</dependent>
          </dep>
          <dep type="det">
            <governor idx="4">Angels</governor>
            <dependent idx="1">The</dependent>
          </dep>
          <dep type="compound">
            <governor idx="4">Angels</governor>
            <dependent idx="2">Los</dependent>
          </dep>
          <dep type="compound">
            <governor idx="4">Angels</governor>
            <dependent idx="3">Angeles</dependent>
          </dep>
          <dep type="nsubj">
            <governor idx="7">offered</governor>
            <dependent idx="4">Angels</dependent>
          </dep>
          <dep type="case">
            <governor idx="6">Anaheim</governor>
            <dependent idx="5">of</dependent>
          </dep>
          <dep type="nmod:of">
            <governor idx="4">Angels</governor>
            <dependent idx="6">Anaheim</dependent>
          </dep>
          <dep type="amod">
            <governor idx="12">Teixeira</governor>
            <dependent idx="8">free-agent</dependent>
          </dep>
          <dep type="amod">
            <governor idx="12">Teixeira</governor>
            <dependent idx="9">first</dependent>
          </dep>
          <dep type="compound">
            <governor idx="12">Teixeira</governor>
            <dependent idx="10">baseman</dependent>
          </dep>
          <dep type="compound">
            <governor idx="12">Teixeira</governor>
            <dependent idx="11">Mark</dependent>
          </dep>
          <dep type="iobj">
            <governor idx="7">offered</governor>
            <dependent idx="12">Teixeira</dependent>
          </dep>
          <dep type="det">
            <governor idx="15">contract</governor>
            <dependent idx="13">an</dependent>
          </dep>
          <dep type="amod">
            <governor idx="15">contract</governor>
            <dependent idx="14">eight-year</dependent>
          </dep>
          <dep type="dobj">
            <governor idx="7">offered</governor>
            <dependent idx="15">contract</dependent>
          </dep>
          <dep type="case">
            <governor idx="19">Meetings</governor>
            <dependent idx="16">at</dependent>
          </dep>
          <dep type="det">
            <governor idx="19">Meetings</governor>
            <dependent idx="17">the</dependent>
          </dep>
          <dep type="compound">
            <governor idx="19">Meetings</governor>
            <dependent idx="18">Winter</dependent>
          </dep>
          <dep type="nmod:at">
            <governor idx="15">contract</governor>
            <dependent idx="19">Meetings</dependent>
          </dep>
          <dep type="case">
            <governor idx="22">Vegas</governor>
            <dependent idx="20">in</dependent>
          </dep>
          <dep type="compound">
            <governor idx="22">Vegas</governor>
            <dependent idx="21">Las</dependent>
          </dep>
          <dep type="nmod:in">
            <governor idx="19">Meetings</governor>
            <dependent idx="22">Vegas</dependent>
          </dep>
          <dep type="punct">
            <governor idx="7">offered</governor>
            <dependent idx="23">.</dependent>
          </dep>
        </dependencies>
        <dependencies type="collapsed-ccprocessed-dependencies">
          <dep type="root">
            <governor idx="0">ROOT</governor>
            <dependent idx="7">offered</dependent>
          </dep>
          <dep type="det">
            <governor idx="4">Angels</governor>
            <dependent idx="1">The</dependent>
          </dep>
          <dep type="compound">
            <governor idx="4">Angels</governor>
            <dependent idx="2">Los</dependent>
          </dep>
          <dep type="compound">
            <governor idx="4">Angels</governor>
            <dependent idx="3">Angeles</dependent>
          </dep>
          <dep type="nsubj">
            <governor idx="7">offered</governor>
            <dependent idx="4">Angels</dependent>
          </dep>
          <dep type="case">
            <governor idx="6">Anaheim</governor>
            <dependent idx="5">of</dependent>
          </dep>
          <dep type="nmod:of">
            <governor idx="4">Angels</governor>
            <dependent idx="6">Anaheim</dependent>
          </dep>
          <dep type="amod">
            <governor idx="12">Teixeira</governor>
            <dependent idx="8">free-agent</dependent>
          </dep>
          <dep type="amod">
            <governor idx="12">Teixeira</governor>
            <dependent idx="9">first</dependent>
          </dep>
          <dep type="compound">
            <governor idx="12">Teixeira</governor>
            <dependent idx="10">baseman</dependent>
          </dep>
          <dep type="compound">
            <governor idx="12">Teixeira</governor>
            <dependent idx="11">Mark</dependent>
          </dep>
          <dep type="iobj">
            <governor idx="7">offered</governor>
            <dependent idx="12">Teixeira</dependent>
          </dep>
          <dep type="det">
            <governor idx="15">contract</governor>
            <dependent idx="13">an</dependent>
          </dep>
          <dep type="amod">
            <governor idx="15">contract</governor>
            <dependent idx="14">eight-year</dependent>
          </dep>
          <dep type="dobj">
            <governor idx="7">offered</governor>
            <dependent idx="15">contract</dependent>
          </dep>
          <dep type="case">
            <governor idx="19">Meetings</governor>
            <dependent idx="16">at</dependent>
          </dep>
          <dep type="det">
            <governor idx="19">Meetings</governor>
            <dependent idx="17">the</dependent>
          </dep>
          <dep type="compound">
            <governor idx="19">Meetings</governor>
            <dependent idx="18">Winter</dependent>
          </dep>
          <dep type="nmod:at">
            <governor idx="15">contract</governor>
            <dependent idx="19">Meetings</dependent>
          </dep>
          <dep type="case">
            <governor idx="22">Vegas</governor>
            <dependent idx="20">in</dependent>
          </dep>
          <dep type="compound">
            <governor idx="22">Vegas</governor>
            <dependent idx="21">Las</dependent>
          </dep>
          <dep type="nmod:in">
            <governor idx="19">Meetings</governor>
            <dependent idx="22">Vegas</dependent>
          </dep>
          <dep type="punct">
            <governor idx="7">offered</governor>
            <dependent idx="23">.</dependent>
          </dep>
        </dependencies>
      </sentence>
    </sentences>
  </document>
</root>
