<?xml version="1.0" encoding="UTF-8"?>
<?xml-stylesheet href="CoreNLP-to-HTML.xsl" type="text/xsl"?>
<root>
  <document>
    <sentences>
      <sentence id="1" line="1">
        <tokens>
          <token id="1">
            <word>The</word>
            <lemma>the</lemma>
            <CharacterOffsetBegin>0</CharacterOffsetBegin>
            <CharacterOffsetEnd>3</CharacterOffsetEnd>
            <POS>DT</POS>
            <NER>O</NER>
          </token>
          <token id="2">
            <word>Indian</word>
            <lemma>indian</lemma>
            <CharacterOffsetBegin>4</CharacterOffsetBegin>
            <CharacterOffsetEnd>10</CharacterOffsetEnd>
            <POS>JJ</POS>
            <NER>MISC</NER>
          </token>
          <token id="3">
            <word>navy</word>
            <lemma>navy</lemma>
            <CharacterOffsetBegin>11</CharacterOffsetBegin>
            <CharacterOffsetEnd>15</CharacterOffsetEnd>
            <POS>NN</POS>
            <NER>O</NER>
          </token>
          <token id="4">
            <word>has</word>
            <lemma>have</lemma>
            <CharacterOffsetBegin>16</CharacterOffsetBegin>
            <CharacterOffsetEnd>19</CharacterOffsetEnd>
            <POS>VBZ</POS>
            <NER>O</NER>
          </token>
          <token id="5">
            <word>captured</word>
            <lemma>capture</lemma>
            <CharacterOffsetBegin>20</CharacterOffsetBegin>
            <CharacterOffsetEnd>28</CharacterOffsetEnd>
            <POS>VBN</POS>
            <NER>O</NER>
          </token>
          <token id="6">
            <word>23</word>
            <lemma>23</lemma>
            <CharacterOffsetBegin>29</CharacterOffsetBegin>
            <CharacterOffsetEnd>31</CharacterOffsetEnd>
            <POS>CD</POS>
            <NER>NUMBER</NER>
            <NormalizedNER>23.0</NormalizedNER>
          </token>
          <token id="7">
            <word>pirates</word>
            <lemma>pirate</lemma>
            <CharacterOffsetBegin>32</CharacterOffsetBegin>
            <CharacterOffsetEnd>39</CharacterOffsetEnd>
            <POS>NNS</POS>
            <NER>O</NER>
          </token>
          <token id="8">
            <word>who</word>
            <lemma>who</lemma>
            <CharacterOffsetBegin>40</CharacterOffsetBegin>
            <CharacterOffsetEnd>43</CharacterOffsetEnd>
            <POS>WP</POS>
            <NER>O</NER>
          </token>
          <token id="9">
            <word>threatened</word>
            <lemma>threaten</lemma>
            <CharacterOffsetBegin>44</CharacterOffsetBegin>
            <CharacterOffsetEnd>54</CharacterOffsetEnd>
            <POS>VBD</POS>
            <NER>O</NER>
          </token>
          <token id="10">
            <word>a</word>
            <lemma>a</lemma>
            <CharacterOffsetBegin>55</CharacterOffsetBegin>
            <CharacterOffsetEnd>56</CharacterOffsetEnd>
            <POS>DT</POS>
            <NER>O</NER>
          </token>
          <token id="11">
            <word>merchant</word>
            <lemma>merchant</lemma>
            <CharacterOffsetBegin>57</CharacterOffsetBegin>
            <CharacterOffsetEnd>65</CharacterOffsetEnd>
            <POS>NN</POS>
            <NER>O</NER>
          </token>
          <token id="12">
            <word>vessel</word>
            <lemma>vessel</lemma>
            <CharacterOffsetBegin>66</CharacterOffsetBegin>
            <CharacterOffsetEnd>72</CharacterOffsetEnd>
            <POS>NN</POS>
            <NER>O</NER>
          </token>
          <token id="13">
            <word>in</word>
            <lemma>in</lemma>
            <CharacterOffsetBegin>73</CharacterOffsetBegin>
            <CharacterOffsetEnd>75</CharacterOffsetEnd>
            <POS>IN</POS>
            <NER>O</NER>
          </token>
          <token id="14">
            <word>the</word>
            <lemma>the</lemma>
            <CharacterOffsetBegin>76</CharacterOffsetBegin>
            <CharacterOffsetEnd>79</CharacterOffsetEnd>
            <POS>DT</POS>
            <NER>O</NER>
          </token>
          <token id="15">
            <word>lawless</word>
            <lemma>lawless</lemma>
            <CharacterOffsetBegin>80</CharacterOffsetBegin>
            <CharacterOffsetEnd>87</CharacterOffsetEnd>
            <POS>JJ</POS>
            <NER>O</NER>
          </token>
          <token id="16">
            <word>waters</word>
            <lemma>water</lemma>
            <CharacterOffsetBegin>88</CharacterOffsetBegin>
            <CharacterOffsetEnd>94</CharacterOffsetEnd>
            <POS>NNS</POS>
            <NER>O</NER>
          </token>
          <token id="17">
            <word>of</word>
            <lemma>of</lemma>
            <CharacterOffsetBegin>95</CharacterOffsetBegin>
            <CharacterOffsetEnd>97</CharacterOffsetEnd>
            <POS>IN</POS>
            <NER>O</NER>
          </token>
          <token id="18">
            <word>the</word>
            <lemma>the</lemma>
            <CharacterOffsetBegin>98</CharacterOffsetBegin>
            <CharacterOffsetEnd>101</CharacterOffsetEnd>
            <POS>DT</POS>
            <NER>O</NER>
          </token>
          <token id="19">
            <word>Gulf</word>
            <lemma>Gulf</lemma>
            <CharacterOffsetBegin>102</CharacterOffsetBegin>
            <CharacterOffsetEnd>106</CharacterOffsetEnd>
            <POS>NNP</POS>
            <NER>LOCATION</NER>
          </token>
          <token id="20">
            <word>of</word>
            <lemma>of</lemma>
            <CharacterOffsetBegin>107</CharacterOffsetBegin>
            <CharacterOffsetEnd>109</CharacterOffsetEnd>
            <POS>IN</POS>
            <NER>LOCATION</NER>
          </token>
          <token id="21">
            <word>Aden</word>
            <lemma>Aden</lemma>
            <CharacterOffsetBegin>110</CharacterOffsetBegin>
            <CharacterOffsetEnd>114</CharacterOffsetEnd>
            <POS>NNP</POS>
            <NER>LOCATION</NER>
          </token>
          <token id="22">
            <word>.</word>
            <lemma>.</lemma>
            <CharacterOffsetBegin>115</CharacterOffsetBegin>
            <CharacterOffsetEnd>116</CharacterOffsetEnd>
            <POS>.</POS>
            <NER>O</NER>
          </token>
        </tokens>
        <parse>(ROOT (S (NP (DT The) (JJ Indian) (NN navy)) (VP (VBZ has) (VP (VBN captured) (NP (NP (CD 23) (NNS pirates)) (SBAR (WHNP (WP who)) (S (VP (VBD threatened) (NP (DT a) (NN merchant) (NN vessel)) (PP (IN in) (NP (NP (DT the) (JJ lawless) (NNS waters)) (PP (IN of) (NP (NP (DT the) (NNP Gulf)) (PP (IN of) (NP (NNP Aden))))))))))))) (. .))) </parse>
        <dependencies type="basic-dependencies">
          <dep type="root">
            <governor idx="0">ROOT</governor>
            <dependent idx="5">captured</dependent>
          </dep>
          <dep type="det">
            <governor idx="3">navy</governor>
            <dependent idx="1">The</dependent>
          </dep>
          <dep type="amod">
            <governor idx="3">navy</governor>
            <dependent idx="2">Indian</dependent>
          </dep>
          <dep type="nsubj">
            <governor idx="5">captured</governor>
            <dependent idx="3">navy</dependent>
          </dep>
          <dep type="aux">
            <governor idx="5">captured</governor>
            <dependent idx="4">has</dependent>
          </dep>
          <dep type="nummod">
            <governor idx="7">pirates</governor>
            <dependent idx="6">23</dependent>
          </dep>
          <dep type="dobj">
            <governor idx="5">captured</governor>
            <dependent idx="7">pirates</dependent>
          </dep>
          <dep type="nsubj">
            <governor idx="9">threatened</governor>
            <dependent idx="8">who</dependent>
          </dep>
          <dep type="acl:relcl">
            <governor idx="7">pirates</governor>
            <dependent idx="9">threatened</dependent>
          </dep>
          <dep type="det">
            <governor idx="12">vessel</governor>
            <dependent idx="10">a</dependent>
          </dep>
          <dep type="compound">
            <governor idx="12">vessel</governor>
            <dependent idx="11">merchant</dependent>
          </dep>
          <dep type="dobj">
            <governor idx="9">threatened</governor>
            <dependent idx="12">vessel</dependent>
          </dep>
          <dep type="case">
            <governor idx="16">waters</governor>
            <dependent idx="13">in</dependent>
          </dep>
          <dep type="det">
            <governor idx="16">waters</governor>
            <dependent idx="14">the</dependent>
          </dep>
          <dep type="amod">
            <governor idx="16">waters</governor>
            <dependent idx="15">lawless</dependent>
          </dep>
          <dep type="nmod">
            <governor idx="9">threatened</governor>
            <dependent idx="16">waters</dependent>
          </dep>
          <dep type="case">
            <governor idx="19">Gulf</governor>
            <dependent idx="17">of</dependent>
          </dep>
          <dep type="det">
            <governor idx="19">Gulf</governor>
            <dependent idx="18">the</dependent>
          </dep>
          <dep type="nmod">
            <governor idx="16">waters</governor>
            <dependent idx="19">Gulf</dependent>
          </dep>
          <dep type="case">
            <governor idx="21">Aden</governor>
            <dependent idx="20">of</dependent>
          </dep>
          <dep type="nmod">
            <governor idx="19">Gulf</governor>
            <dependent idx="21">Aden</dependent>
          </dep>
          <dep type="punct">
            <governor idx="5">captured</governor>
            <dependent idx="22">.</dependent>
          </dep>
        </dependencies>
        <dependencies type="collapsed-dependencies">
          <dep type="root">
            <governor idx="0">ROOT</governor>
            <dependent idx="5">captured</dependent>
          </dep>
          <dep type="det">
            <governor idx="3">navy</governor>
            <dependent idx="1">The</dependent>
          </dep>
          <dep type="amod">
            <governor idx="3">navy</governor>
            <dependent idx="2">Indian</dependent>
          </dep>
          <dep type="nsubj">
            <governor idx="5">captured</governor>
            <dependent idx="3">navy</dependent>
          </dep>
          <dep type="aux">
            <governor idx="5">captured</governor>
            <dependent idx="4">has</dependent>
          </dep>
          <dep type="nummod">
            <governor idx="7">pirates</governor>
            <dependent idx="6">23</dependent>
          </dep>
          <dep type="dobj">
            <governor idx="5">captured</governor>
            <dependent idx="7">pirates</dependent>
          </dep>
          <dep type="nsubj">
            <governor idx="9">threatened</governor>
            <dependent idx="8">who</dependent>
          </dep>
          <dep type="acl:relcl">
            <governor idx="7">pirates</governor>
            <dependent idx="9">threatened</dependent>
          </dep>
          <dep type="det">
            <governor idx="12">vessel</governor>
            <dependent idx="10">a</dependent>
          </dep>
          <dep type="compound">
            <governor idx="12">vessel</governor>
            <dependent idx="11">merchant</dependent>
          </dep>
          <dep type="dobj">
            <governor idx="9">threatened</governor>
            <dependent idx="12">vessel</dependent>
          </dep>
          <dep type="case">
            <governor idx="16">waters</governor>
            <dependent idx="13">in</dependent>
          </dep>
          <dep type="det">
            <governor idx="16">waters</governor>
            <dependent idx="14">the</dependent>
          </dep>
          <dep type="amod">
            <governor idx="16">waters</governor>
            <dependent idx="15">lawless</dependent>
          </dep>
          <dep type="nmod:in">
            <governor idx="9">threatened</governor>
            <dependent idx="16">waters</dependent>
          </dep>
          <dep type="case">
            <governor idx="19">Gulf</governor>
            <dependent idx="17">of</dependent>
          </dep>
          <dep type="det">
            <governor idx="19">Gulf</governor>
            <dependent idx="18">the</dependent>
          </dep>
          <dep type="nmod:of">
            <governor idx="16">waters</governor>
            <dependent idx="19">Gulf</dependent>
          </dep>
          <dep type="case">
            <governor idx="21">Aden</governor>
            <dependent idx="20">of</dependent>
          </dep>
          <dep type="nmod:of">
            <governor idx="19">Gulf</governor>
            <dependent idx="21">Aden</dependent>
          </dep>
          <dep type="punct">
            <governor idx="5">captured</governor>
            <dependent idx="22">.</dependent>
          </dep>
        </dependencies>
        <dependencies type="collapsed-ccprocessed-dependencies">
          <dep type="root">
            <governor idx="0">ROOT</governor>
            <dependent idx="5">captured</dependent>
          </dep>
          <dep type="det">
            <governor idx="3">navy</governor>
            <dependent idx="1">The</dependent>
          </dep>
          <dep type="amod">
            <governor idx="3">navy</governor>
            <dependent idx="2">Indian</dependent>
          </dep>
          <dep type="nsubj">
            <governor idx="5">captured</governor>
            <dependent idx="3">navy</dependent>
          </dep>
          <dep type="aux">
            <governor idx="5">captured</governor>
            <dependent idx="4">has</dependent>
          </dep>
          <dep type="nummod">
            <governor idx="7">pirates</governor>
            <dependent idx="6">23</dependent>
          </dep>
          <dep type="dobj">
            <governor idx="5">captured</governor>
            <dependent idx="7">pirates</dependent>
          </dep>
          <dep type="nsubj">
            <governor idx="9">threatened</governor>
            <dependent idx="8">who</dependent>
          </dep>
          <dep type="acl:relcl">
            <governor idx="7">pirates</governor>
            <dependent idx="9">threatened</dependent>
          </dep>
          <dep type="det">
            <governor idx="12">vessel</governor>
            <dependent idx="10">a</dependent>
          </dep>
          <dep type="compound">
            <governor idx="12">vessel</governor>
            <dependent idx="11">merchant</dependent>
          </dep>
          <dep type="dobj">
            <governor idx="9">threatened</governor>
            <dependent idx="12">vessel</dependent>
          </dep>
          <dep type="case">
            <governor idx="16">waters</governor>
            <dependent idx="13">in</dependent>
          </dep>
          <dep type="det">
            <governor idx="16">waters</governor>
            <dependent idx="14">the</dependent>
          </dep>
          <dep type="amod">
            <governor idx="16">waters</governor>
            <dependent idx="15">lawless</dependent>
          </dep>
          <dep type="nmod:in">
            <governor idx="9">threatened</governor>
            <dependent idx="16">waters</dependent>
          </dep>
          <dep type="case">
            <governor idx="19">Gulf</governor>
            <dependent idx="17">of</dependent>
          </dep>
          <dep type="det">
            <governor idx="19">Gulf</governor>
            <dependent idx="18">the</dependent>
          </dep>
          <dep type="nmod:of">
            <governor idx="16">waters</governor>
            <dependent idx="19">Gulf</dependent>
          </dep>
          <dep type="case">
            <governor idx="21">Aden</governor>
            <dependent idx="20">of</dependent>
          </dep>
          <dep type="nmod:of">
            <governor idx="19">Gulf</governor>
            <dependent idx="21">Aden</dependent>
          </dep>
          <dep type="punct">
            <governor idx="5">captured</governor>
            <dependent idx="22">.</dependent>
          </dep>
        </dependencies>
      </sentence>
    </sentences>
  </document>
</root>
