<?xml version="1.0" encoding="UTF-8"?>
<?xml-stylesheet href="CoreNLP-to-HTML.xsl" type="text/xsl"?>
<root>
  <document>
    <sentences>
      <sentence id="1" line="1">
        <tokens>
          <token id="1">
            <word>INS</word>
            <lemma>INS</lemma>
            <CharacterOffsetBegin>0</CharacterOffsetBegin>
            <CharacterOffsetEnd>3</CharacterOffsetEnd>
            <POS>NNP</POS>
            <NER>ORGANIZATION</NER>
          </token>
          <token id="2">
            <word>Sukanya</word>
            <lemma>Sukanya</lemma>
            <CharacterOffsetBegin>4</CharacterOffsetBegin>
            <CharacterOffsetEnd>11</CharacterOffsetEnd>
            <POS>NNP</POS>
            <NER>ORGANIZATION</NER>
          </token>
          <token id="3">
            <word>intercepts</word>
            <lemma>intercept</lemma>
            <CharacterOffsetBegin>12</CharacterOffsetBegin>
            <CharacterOffsetEnd>22</CharacterOffsetEnd>
            <POS>VBZ</POS>
            <NER>O</NER>
          </token>
          <token id="4">
            <word>pirate</word>
            <lemma>pirate</lemma>
            <CharacterOffsetBegin>23</CharacterOffsetBegin>
            <CharacterOffsetEnd>29</CharacterOffsetEnd>
            <POS>JJ</POS>
            <NER>O</NER>
          </token>
          <token id="5">
            <word>ships</word>
            <lemma>ship</lemma>
            <CharacterOffsetBegin>30</CharacterOffsetBegin>
            <CharacterOffsetEnd>35</CharacterOffsetEnd>
            <POS>NNS</POS>
            <NER>O</NER>
          </token>
          <token id="6">
            <word>,</word>
            <lemma>,</lemma>
            <CharacterOffsetBegin>36</CharacterOffsetBegin>
            <CharacterOffsetEnd>37</CharacterOffsetEnd>
            <POS>,</POS>
            <NER>O</NER>
          </token>
          <token id="7">
            <word>arms</word>
            <lemma>arm</lemma>
            <CharacterOffsetBegin>38</CharacterOffsetBegin>
            <CharacterOffsetEnd>42</CharacterOffsetEnd>
            <POS>NNS</POS>
            <NER>O</NER>
          </token>
          <token id="8">
            <word>seized</word>
            <lemma>seize</lemma>
            <CharacterOffsetBegin>43</CharacterOffsetBegin>
            <CharacterOffsetEnd>49</CharacterOffsetEnd>
            <POS>VBD</POS>
            <NER>O</NER>
          </token>
        </tokens>
        <parse>(ROOT (S (NP (NNP INS) (NNP Sukanya)) (VP (VBZ intercepts) (SBAR (S (NP (NP (JJ pirate) (NNS ships)) (, ,) (NP (NNS arms))) (VP (VBD seized))))))) </parse>
        <dependencies type="basic-dependencies">
          <dep type="root">
            <governor idx="0">ROOT</governor>
            <dependent idx="3">intercepts</dependent>
          </dep>
          <dep type="compound">
            <governor idx="2">Sukanya</governor>
            <dependent idx="1">INS</dependent>
          </dep>
          <dep type="nsubj">
            <governor idx="3">intercepts</governor>
            <dependent idx="2">Sukanya</dependent>
          </dep>
          <dep type="amod">
            <governor idx="5">ships</governor>
            <dependent idx="4">pirate</dependent>
          </dep>
          <dep type="nsubj">
            <governor idx="8">seized</governor>
            <dependent idx="5">ships</dependent>
          </dep>
          <dep type="punct">
            <governor idx="5">ships</governor>
            <dependent idx="6">,</dependent>
          </dep>
          <dep type="appos">
            <governor idx="5">ships</governor>
            <dependent idx="7">arms</dependent>
          </dep>
          <dep type="ccomp">
            <governor idx="3">intercepts</governor>
            <dependent idx="8">seized</dependent>
          </dep>
        </dependencies>
        <dependencies type="collapsed-dependencies">
          <dep type="root">
            <governor idx="0">ROOT</governor>
            <dependent idx="3">intercepts</dependent>
          </dep>
          <dep type="compound">
            <governor idx="2">Sukanya</governor>
            <dependent idx="1">INS</dependent>
          </dep>
          <dep type="nsubj">
            <governor idx="3">intercepts</governor>
            <dependent idx="2">Sukanya</dependent>
          </dep>
          <dep type="amod">
            <governor idx="5">ships</governor>
            <dependent idx="4">pirate</dependent>
          </dep>
          <dep type="nsubj">
            <governor idx="8">seized</governor>
            <dependent idx="5">ships</dependent>
          </dep>
          <dep type="punct">
            <governor idx="5">ships</governor>
            <dependent idx="6">,</dependent>
          </dep>
          <dep type="appos">
            <governor idx="5">ships</governor>
            <dependent idx="7">arms</dependent>
          </dep>
          <dep type="ccomp">
            <governor idx="3">intercepts</governor>
            <dependent idx="8">seized</dependent>
          </dep>
        </dependencies>
        <dependencies type="collapsed-ccprocessed-dependencies">
          <dep type="root">
            <governor idx="0">ROOT</governor>
            <dependent idx="3">intercepts</dependent>
          </dep>
          <dep type="compound">
            <governor idx="2">Sukanya</governor>
            <dependent idx="1">INS</dependent>
          </dep>
          <dep type="nsubj">
            <governor idx="3">intercepts</governor>
            <dependent idx="2">Sukanya</dependent>
          </dep>
          <dep type="amod">
            <governor idx="5">ships</governor>
            <dependent idx="4">pirate</dependent>
          </dep>
          <dep type="nsubj">
            <governor idx="8">seized</governor>
            <dependent idx="5">ships</dependent>
          </dep>
          <dep type="punct">
            <governor idx="5">ships</governor>
            <dependent idx="6">,</dependent>
          </dep>
          <dep type="appos">
            <governor idx="5">ships</governor>
            <dependent idx="7">arms</dependent>
          </dep>
          <dep type="ccomp">
            <governor idx="3">intercepts</governor>
            <dependent idx="8">seized</dependent>
          </dep>
        </dependencies>
      </sentence>
      <sentence id="2" line="2">
        <tokens>
          <token id="1">
            <word>Indian</word>
            <lemma>indian</lemma>
            <CharacterOffsetBegin>50</CharacterOffsetBegin>
            <CharacterOffsetEnd>56</CharacterOffsetEnd>
            <POS>JJ</POS>
            <NER>MISC</NER>
          </token>
          <token id="2">
            <word>navy</word>
            <lemma>navy</lemma>
            <CharacterOffsetBegin>57</CharacterOffsetBegin>
            <CharacterOffsetEnd>61</CharacterOffsetEnd>
            <POS>NN</POS>
            <NER>O</NER>
          </token>
          <token id="3">
            <word>has</word>
            <lemma>have</lemma>
            <CharacterOffsetBegin>62</CharacterOffsetBegin>
            <CharacterOffsetEnd>65</CharacterOffsetEnd>
            <POS>VBZ</POS>
            <NER>O</NER>
          </token>
          <token id="4">
            <word>foiled</word>
            <lemma>foiled</lemma>
            <CharacterOffsetBegin>66</CharacterOffsetBegin>
            <CharacterOffsetEnd>72</CharacterOffsetEnd>
            <POS>JJ</POS>
            <NER>O</NER>
          </token>
          <token id="5">
            <word>a</word>
            <lemma>a</lemma>
            <CharacterOffsetBegin>73</CharacterOffsetBegin>
            <CharacterOffsetEnd>74</CharacterOffsetEnd>
            <POS>DT</POS>
            <NER>O</NER>
          </token>
          <token id="6">
            <word>piracy</word>
            <lemma>piracy</lemma>
            <CharacterOffsetBegin>75</CharacterOffsetBegin>
            <CharacterOffsetEnd>81</CharacterOffsetEnd>
            <POS>NN</POS>
            <NER>O</NER>
          </token>
          <token id="7">
            <word>attempt</word>
            <lemma>attempt</lemma>
            <CharacterOffsetBegin>82</CharacterOffsetBegin>
            <CharacterOffsetEnd>89</CharacterOffsetEnd>
            <POS>NN</POS>
            <NER>O</NER>
          </token>
          <token id="8">
            <word>on</word>
            <lemma>on</lemma>
            <CharacterOffsetBegin>90</CharacterOffsetBegin>
            <CharacterOffsetEnd>92</CharacterOffsetEnd>
            <POS>IN</POS>
            <NER>O</NER>
          </token>
          <token id="9">
            <word>5</word>
            <lemma>5</lemma>
            <CharacterOffsetBegin>93</CharacterOffsetBegin>
            <CharacterOffsetEnd>94</CharacterOffsetEnd>
            <POS>CD</POS>
            <NER>NUMBER</NER>
            <NormalizedNER>5.0</NormalizedNER>
          </token>
          <token id="10">
            <word>Indian</word>
            <lemma>indian</lemma>
            <CharacterOffsetBegin>95</CharacterOffsetBegin>
            <CharacterOffsetEnd>101</CharacterOffsetEnd>
            <POS>JJ</POS>
            <NER>MISC</NER>
          </token>
          <token id="11">
            <word>merchant</word>
            <lemma>merchant</lemma>
            <CharacterOffsetBegin>102</CharacterOffsetBegin>
            <CharacterOffsetEnd>110</CharacterOffsetEnd>
            <POS>NN</POS>
            <NER>O</NER>
          </token>
          <token id="12">
            <word>vessels</word>
            <lemma>vessel</lemma>
            <CharacterOffsetBegin>111</CharacterOffsetBegin>
            <CharacterOffsetEnd>118</CharacterOffsetEnd>
            <POS>NNS</POS>
            <NER>O</NER>
          </token>
          <token id="13">
            <word>in</word>
            <lemma>in</lemma>
            <CharacterOffsetBegin>119</CharacterOffsetBegin>
            <CharacterOffsetEnd>121</CharacterOffsetEnd>
            <POS>IN</POS>
            <NER>O</NER>
          </token>
          <token id="14">
            <word>international</word>
            <lemma>international</lemma>
            <CharacterOffsetBegin>122</CharacterOffsetBegin>
            <CharacterOffsetEnd>135</CharacterOffsetEnd>
            <POS>JJ</POS>
            <NER>O</NER>
          </token>
          <token id="15">
            <word>waters</word>
            <lemma>water</lemma>
            <CharacterOffsetBegin>136</CharacterOffsetBegin>
            <CharacterOffsetEnd>142</CharacterOffsetEnd>
            <POS>NNS</POS>
            <NER>O</NER>
          </token>
          <token id="16">
            <word>.</word>
            <lemma>.</lemma>
            <CharacterOffsetBegin>143</CharacterOffsetBegin>
            <CharacterOffsetEnd>144</CharacterOffsetEnd>
            <POS>.</POS>
            <NER>O</NER>
          </token>
        </tokens>
        <parse>(ROOT (S (NP (JJ Indian) (NN navy)) (VP (VBZ has) (S (VP (JJ foiled) (NP (NP (DT a) (NN piracy) (NN attempt)) (PP (IN on) (NP (CD 5) (JJ Indian) (NN merchant) (NNS vessels)))))) (PP (IN in) (NP (JJ international) (NNS waters)))) (. .))) </parse>
        <dependencies type="basic-dependencies">
          <dep type="root">
            <governor idx="0">ROOT</governor>
            <dependent idx="4">foiled</dependent>
          </dep>
          <dep type="amod">
            <governor idx="2">navy</governor>
            <dependent idx="1">Indian</dependent>
          </dep>
          <dep type="nsubj">
            <governor idx="4">foiled</governor>
            <dependent idx="2">navy</dependent>
          </dep>
          <dep type="aux">
            <governor idx="4">foiled</governor>
            <dependent idx="3">has</dependent>
          </dep>
          <dep type="det">
            <governor idx="7">attempt</governor>
            <dependent idx="5">a</dependent>
          </dep>
          <dep type="compound">
            <governor idx="7">attempt</governor>
            <dependent idx="6">piracy</dependent>
          </dep>
          <dep type="dobj">
            <governor idx="4">foiled</governor>
            <dependent idx="7">attempt</dependent>
          </dep>
          <dep type="case">
            <governor idx="12">vessels</governor>
            <dependent idx="8">on</dependent>
          </dep>
          <dep type="nummod">
            <governor idx="12">vessels</governor>
            <dependent idx="9">5</dependent>
          </dep>
          <dep type="amod">
            <governor idx="12">vessels</governor>
            <dependent idx="10">Indian</dependent>
          </dep>
          <dep type="compound">
            <governor idx="12">vessels</governor>
            <dependent idx="11">merchant</dependent>
          </dep>
          <dep type="nmod">
            <governor idx="7">attempt</governor>
            <dependent idx="12">vessels</dependent>
          </dep>
          <dep type="case">
            <governor idx="15">waters</governor>
            <dependent idx="13">in</dependent>
          </dep>
          <dep type="amod">
            <governor idx="15">waters</governor>
            <dependent idx="14">international</dependent>
          </dep>
          <dep type="nmod">
            <governor idx="12">vessels</governor>
            <dependent idx="15">waters</dependent>
          </dep>
          <dep type="punct">
            <governor idx="4">foiled</governor>
            <dependent idx="16">.</dependent>
          </dep>
        </dependencies>
        <dependencies type="collapsed-dependencies">
          <dep type="root">
            <governor idx="0">ROOT</governor>
            <dependent idx="4">foiled</dependent>
          </dep>
          <dep type="amod">
            <governor idx="2">navy</governor>
            <dependent idx="1">Indian</dependent>
          </dep>
          <dep type="nsubj">
            <governor idx="4">foiled</governor>
            <dependent idx="2">navy</dependent>
          </dep>
          <dep type="aux">
            <governor idx="4">foiled</governor>
            <dependent idx="3">has</dependent>
          </dep>
          <dep type="det">
            <governor idx="7">attempt</governor>
            <dependent idx="5">a</dependent>
          </dep>
          <dep type="compound">
            <governor idx="7">attempt</governor>
            <dependent idx="6">piracy</dependent>
          </dep>
          <dep type="dobj">
            <governor idx="4">foiled</governor>
            <dependent idx="7">attempt</dependent>
          </dep>
          <dep type="case">
            <governor idx="12">vessels</governor>
            <dependent idx="8">on</dependent>
          </dep>
          <dep type="nummod">
            <governor idx="12">vessels</governor>
            <dependent idx="9">5</dependent>
          </dep>
          <dep type="amod">
            <governor idx="12">vessels</governor>
            <dependent idx="10">Indian</dependent>
          </dep>
          <dep type="compound">
            <governor idx="12">vessels</governor>
            <dependent idx="11">merchant</dependent>
          </dep>
          <dep type="nmod:on">
            <governor idx="7">attempt</governor>
            <dependent idx="12">vessels</dependent>
          </dep>
          <dep type="case">
            <governor idx="15">waters</governor>
            <dependent idx="13">in</dependent>
          </dep>
          <dep type="amod">
            <governor idx="15">waters</governor>
            <dependent idx="14">international</dependent>
          </dep>
          <dep type="nmod:in">
            <governor idx="12">vessels</governor>
            <dependent idx="15">waters</dependent>
          </dep>
          <dep type="punct">
            <governor idx="4">foiled</governor>
            <dependent idx="16">.</dependent>
          </dep>
        </dependencies>
        <dependencies type="collapsed-ccprocessed-dependencies">
          <dep type="root">
            <governor idx="0">ROOT</governor>
            <dependent idx="4">foiled</dependent>
          </dep>
          <dep type="amod">
            <governor idx="2">navy</governor>
            <dependent idx="1">Indian</dependent>
          </dep>
          <dep type="nsubj">
            <governor idx="4">foiled</governor>
            <dependent idx="2">navy</dependent>
          </dep>
          <dep type="aux">
            <governor idx="4">foiled</governor>
            <dependent idx="3">has</dependent>
          </dep>
          <dep type="det">
            <governor idx="7">attempt</governor>
            <dependent idx="5">a</dependent>
          </dep>
          <dep type="compound">
            <governor idx="7">attempt</governor>
            <dependent idx="6">piracy</dependent>
          </dep>
          <dep type="dobj">
            <governor idx="4">foiled</governor>
            <dependent idx="7">attempt</dependent>
          </dep>
          <dep type="case">
            <governor idx="12">vessels</governor>
            <dependent idx="8">on</dependent>
          </dep>
          <dep type="nummod">
            <governor idx="12">vessels</governor>
            <dependent idx="9">5</dependent>
          </dep>
          <dep type="amod">
            <governor idx="12">vessels</governor>
            <dependent idx="10">Indian</dependent>
          </dep>
          <dep type="compound">
            <governor idx="12">vessels</governor>
            <dependent idx="11">merchant</dependent>
          </dep>
          <dep type="nmod:on">
            <governor idx="7">attempt</governor>
            <dependent idx="12">vessels</dependent>
          </dep>
          <dep type="case">
            <governor idx="15">waters</governor>
            <dependent idx="13">in</dependent>
          </dep>
          <dep type="amod">
            <governor idx="15">waters</governor>
            <dependent idx="14">international</dependent>
          </dep>
          <dep type="nmod:in">
            <governor idx="12">vessels</governor>
            <dependent idx="15">waters</dependent>
          </dep>
          <dep type="punct">
            <governor idx="4">foiled</governor>
            <dependent idx="16">.</dependent>
          </dep>
        </dependencies>
      </sentence>
    </sentences>
  </document>
</root>
