<?xml version="1.0" encoding="UTF-8"?>
<?xml-stylesheet href="CoreNLP-to-HTML.xsl" type="text/xsl"?>
<root>
  <document>
    <sentences>
      <sentence id="1" line="1">
        <tokens>
          <token id="1">
            <word>Indian</word>
            <lemma>indian</lemma>
            <CharacterOffsetBegin>0</CharacterOffsetBegin>
            <CharacterOffsetEnd>6</CharacterOffsetEnd>
            <POS>JJ</POS>
            <NER>ORGANIZATION</NER>
          </token>
          <token id="2">
            <word>Navy</word>
            <lemma>Navy</lemma>
            <CharacterOffsetBegin>7</CharacterOffsetBegin>
            <CharacterOffsetEnd>11</CharacterOffsetEnd>
            <POS>NNP</POS>
            <NER>ORGANIZATION</NER>
          </token>
          <token id="3">
            <word>foils</word>
            <lemma>foil</lemma>
            <CharacterOffsetBegin>12</CharacterOffsetBegin>
            <CharacterOffsetEnd>17</CharacterOffsetEnd>
            <POS>NNS</POS>
            <NER>O</NER>
          </token>
          <token id="4">
            <word>attack</word>
            <lemma>attack</lemma>
            <CharacterOffsetBegin>18</CharacterOffsetBegin>
            <CharacterOffsetEnd>24</CharacterOffsetEnd>
            <POS>NN</POS>
            <NER>O</NER>
          </token>
          <token id="5">
            <word>in</word>
            <lemma>in</lemma>
            <CharacterOffsetBegin>25</CharacterOffsetBegin>
            <CharacterOffsetEnd>27</CharacterOffsetEnd>
            <POS>IN</POS>
            <NER>O</NER>
          </token>
          <token id="6">
            <word>Gulf</word>
            <lemma>Gulf</lemma>
            <CharacterOffsetBegin>28</CharacterOffsetBegin>
            <CharacterOffsetEnd>32</CharacterOffsetEnd>
            <POS>NNP</POS>
            <NER>LOCATION</NER>
          </token>
          <token id="7">
            <word>of</word>
            <lemma>of</lemma>
            <CharacterOffsetBegin>33</CharacterOffsetBegin>
            <CharacterOffsetEnd>35</CharacterOffsetEnd>
            <POS>IN</POS>
            <NER>LOCATION</NER>
          </token>
          <token id="8">
            <word>Aden</word>
            <lemma>Aden</lemma>
            <CharacterOffsetBegin>36</CharacterOffsetBegin>
            <CharacterOffsetEnd>40</CharacterOffsetEnd>
            <POS>NNP</POS>
            <NER>LOCATION</NER>
          </token>
          <token id="9">
            <word>,</word>
            <lemma>,</lemma>
            <CharacterOffsetBegin>41</CharacterOffsetBegin>
            <CharacterOffsetEnd>42</CharacterOffsetEnd>
            <POS>,</POS>
            <NER>O</NER>
          </token>
          <token id="10">
            <word>nabs</word>
            <lemma>nab</lemma>
            <CharacterOffsetBegin>43</CharacterOffsetBegin>
            <CharacterOffsetEnd>47</CharacterOffsetEnd>
            <POS>VBZ</POS>
            <NER>O</NER>
          </token>
          <token id="11">
            <word>26</word>
            <lemma>26</lemma>
            <CharacterOffsetBegin>48</CharacterOffsetBegin>
            <CharacterOffsetEnd>50</CharacterOffsetEnd>
            <POS>CD</POS>
            <NER>NUMBER</NER>
            <NormalizedNER>26.0</NormalizedNER>
          </token>
          <token id="12">
            <word>pirates</word>
            <lemma>pirate</lemma>
            <CharacterOffsetBegin>51</CharacterOffsetBegin>
            <CharacterOffsetEnd>58</CharacterOffsetEnd>
            <POS>NNS</POS>
            <NER>O</NER>
          </token>
        </tokens>
        <parse>(ROOT (S (NP (NP (JJ Indian) (NNP Navy) (NNS foils)) (RRC (NP (NP (NN attack)) (PP (IN in) (NP (NNP Gulf)))) (PP (IN of) (NP (NNP Aden)))) (, ,)) (VP (VBZ nabs) (NP (CD 26) (NNS pirates))))) </parse>
        <dependencies type="basic-dependencies">
          <dep type="root">
            <governor idx="0">ROOT</governor>
            <dependent idx="10">nabs</dependent>
          </dep>
          <dep type="amod">
            <governor idx="4">attack</governor>
            <dependent idx="1">Indian</dependent>
          </dep>
          <dep type="compound">
            <governor idx="4">attack</governor>
            <dependent idx="2">Navy</dependent>
          </dep>
          <dep type="compound">
            <governor idx="4">attack</governor>
            <dependent idx="3">foils</dependent>
          </dep>
          <dep type="nsubj">
            <governor idx="10">nabs</governor>
            <dependent idx="4">attack</dependent>
          </dep>
          <dep type="case">
            <governor idx="6">Gulf</governor>
            <dependent idx="5">in</dependent>
          </dep>
          <dep type="nmod">
            <governor idx="4">attack</governor>
            <dependent idx="6">Gulf</dependent>
          </dep>
          <dep type="case">
            <governor idx="8">Aden</governor>
            <dependent idx="7">of</dependent>
          </dep>
          <dep type="nmod">
            <governor idx="6">Gulf</governor>
            <dependent idx="8">Aden</dependent>
          </dep>
          <dep type="punct">
            <governor idx="4">attack</governor>
            <dependent idx="9">,</dependent>
          </dep>
          <dep type="nummod">
            <governor idx="12">pirates</governor>
            <dependent idx="11">26</dependent>
          </dep>
          <dep type="dobj">
            <governor idx="10">nabs</governor>
            <dependent idx="12">pirates</dependent>
          </dep>
        </dependencies>
        <dependencies type="collapsed-dependencies">
          <dep type="root">
            <governor idx="0">ROOT</governor>
            <dependent idx="10">nabs</dependent>
          </dep>
          <dep type="amod">
            <governor idx="4">attack</governor>
            <dependent idx="1">Indian</dependent>
          </dep>
          <dep type="compound">
            <governor idx="4">attack</governor>
            <dependent idx="2">Navy</dependent>
          </dep>
          <dep type="compound">
            <governor idx="4">attack</governor>
            <dependent idx="3">foils</dependent>
          </dep>
          <dep type="nsubj">
            <governor idx="10">nabs</governor>
            <dependent idx="4">attack</dependent>
          </dep>
          <dep type="case">
            <governor idx="6">Gulf</governor>
            <dependent idx="5">in</dependent>
          </dep>
          <dep type="nmod:in">
            <governor idx="4">attack</governor>
            <dependent idx="6">Gulf</dependent>
          </dep>
          <dep type="case">
            <governor idx="8">Aden</governor>
            <dependent idx="7">of</dependent>
          </dep>
          <dep type="nmod:of">
            <governor idx="6">Gulf</governor>
            <dependent idx="8">Aden</dependent>
          </dep>
          <dep type="punct">
            <governor idx="4">attack</governor>
            <dependent idx="9">,</dependent>
          </dep>
          <dep type="nummod">
            <governor idx="12">pirates</governor>
            <dependent idx="11">26</dependent>
          </dep>
          <dep type="dobj">
            <governor idx="10">nabs</governor>
            <dependent idx="12">pirates</dependent>
          </dep>
        </dependencies>
        <dependencies type="collapsed-ccprocessed-dependencies">
          <dep type="root">
            <governor idx="0">ROOT</governor>
            <dependent idx="10">nabs</dependent>
          </dep>
          <dep type="amod">
            <governor idx="4">attack</governor>
            <dependent idx="1">Indian</dependent>
          </dep>
          <dep type="compound">
            <governor idx="4">attack</governor>
            <dependent idx="2">Navy</dependent>
          </dep>
          <dep type="compound">
            <governor idx="4">attack</governor>
            <dependent idx="3">foils</dependent>
          </dep>
          <dep type="nsubj">
            <governor idx="10">nabs</governor>
            <dependent idx="4">attack</dependent>
          </dep>
          <dep type="case">
            <governor idx="6">Gulf</governor>
            <dependent idx="5">in</dependent>
          </dep>
          <dep type="nmod:in">
            <governor idx="4">attack</governor>
            <dependent idx="6">Gulf</dependent>
          </dep>
          <dep type="case">
            <governor idx="8">Aden</governor>
            <dependent idx="7">of</dependent>
          </dep>
          <dep type="nmod:of">
            <governor idx="6">Gulf</governor>
            <dependent idx="8">Aden</dependent>
          </dep>
          <dep type="punct">
            <governor idx="4">attack</governor>
            <dependent idx="9">,</dependent>
          </dep>
          <dep type="nummod">
            <governor idx="12">pirates</governor>
            <dependent idx="11">26</dependent>
          </dep>
          <dep type="dobj">
            <governor idx="10">nabs</governor>
            <dependent idx="12">pirates</dependent>
          </dep>
        </dependencies>
      </sentence>
      <sentence id="2" line="2">
        <tokens>
          <token id="1">
            <word>Indian</word>
            <lemma>indian</lemma>
            <CharacterOffsetBegin>59</CharacterOffsetBegin>
            <CharacterOffsetEnd>65</CharacterOffsetEnd>
            <POS>JJ</POS>
            <NER>ORGANIZATION</NER>
          </token>
          <token id="2">
            <word>Navy</word>
            <lemma>Navy</lemma>
            <CharacterOffsetBegin>66</CharacterOffsetBegin>
            <CharacterOffsetEnd>70</CharacterOffsetEnd>
            <POS>NNP</POS>
            <NER>ORGANIZATION</NER>
          </token>
          <token id="3">
            <word>patrolling</word>
            <lemma>patrolling</lemma>
            <CharacterOffsetBegin>71</CharacterOffsetBegin>
            <CharacterOffsetEnd>81</CharacterOffsetEnd>
            <POS>NN</POS>
            <NER>O</NER>
          </token>
          <token id="4">
            <word>the</word>
            <lemma>the</lemma>
            <CharacterOffsetBegin>82</CharacterOffsetBegin>
            <CharacterOffsetEnd>85</CharacterOffsetEnd>
            <POS>DT</POS>
            <NER>O</NER>
          </token>
          <token id="5">
            <word>Gulf</word>
            <lemma>Gulf</lemma>
            <CharacterOffsetBegin>86</CharacterOffsetBegin>
            <CharacterOffsetEnd>90</CharacterOffsetEnd>
            <POS>NNP</POS>
            <NER>LOCATION</NER>
          </token>
          <token id="6">
            <word>of</word>
            <lemma>of</lemma>
            <CharacterOffsetBegin>91</CharacterOffsetBegin>
            <CharacterOffsetEnd>93</CharacterOffsetEnd>
            <POS>IN</POS>
            <NER>LOCATION</NER>
          </token>
          <token id="7">
            <word>Aden</word>
            <lemma>Aden</lemma>
            <CharacterOffsetBegin>94</CharacterOffsetBegin>
            <CharacterOffsetEnd>98</CharacterOffsetEnd>
            <POS>NNP</POS>
            <NER>LOCATION</NER>
          </token>
          <token id="8">
            <word>yesterday</word>
            <lemma>yesterday</lemma>
            <CharacterOffsetBegin>99</CharacterOffsetBegin>
            <CharacterOffsetEnd>108</CharacterOffsetEnd>
            <POS>NN</POS>
            <NER>DATE</NER>
            <NormalizedNER>OFFSET P-1D</NormalizedNER>
            <Timex tid="t1" type="DATE"/>
          </token>
          <token id="9">
            <word>thwarted</word>
            <lemma>thwart</lemma>
            <CharacterOffsetBegin>109</CharacterOffsetBegin>
            <CharacterOffsetEnd>117</CharacterOffsetEnd>
            <POS>VBD</POS>
            <NER>O</NER>
          </token>
          <token id="10">
            <word>a</word>
            <lemma>a</lemma>
            <CharacterOffsetBegin>118</CharacterOffsetBegin>
            <CharacterOffsetEnd>119</CharacterOffsetEnd>
            <POS>DT</POS>
            <NER>O</NER>
          </token>
          <token id="11">
            <word>multi</word>
            <lemma>multus</lemma>
            <CharacterOffsetBegin>120</CharacterOffsetBegin>
            <CharacterOffsetEnd>125</CharacterOffsetEnd>
            <POS>NNS</POS>
            <NER>O</NER>
          </token>
          <token id="12">
            <word>-</word>
            <lemma>-</lemma>
            <CharacterOffsetBegin>126</CharacterOffsetBegin>
            <CharacterOffsetEnd>127</CharacterOffsetEnd>
            <POS>:</POS>
            <NER>O</NER>
          </token>
          <token id="13">
            <word>boat</word>
            <lemma>boat</lemma>
            <CharacterOffsetBegin>128</CharacterOffsetBegin>
            <CharacterOffsetEnd>132</CharacterOffsetEnd>
            <POS>NN</POS>
            <NER>O</NER>
          </token>
          <token id="14">
            <word>attack</word>
            <lemma>attack</lemma>
            <CharacterOffsetBegin>133</CharacterOffsetBegin>
            <CharacterOffsetEnd>139</CharacterOffsetEnd>
            <POS>NN</POS>
            <NER>O</NER>
          </token>
          <token id="15">
            <word>by</word>
            <lemma>by</lemma>
            <CharacterOffsetBegin>140</CharacterOffsetBegin>
            <CharacterOffsetEnd>142</CharacterOffsetEnd>
            <POS>IN</POS>
            <NER>O</NER>
          </token>
          <token id="16">
            <word>sea</word>
            <lemma>sea</lemma>
            <CharacterOffsetBegin>143</CharacterOffsetBegin>
            <CharacterOffsetEnd>146</CharacterOffsetEnd>
            <POS>NN</POS>
            <NER>O</NER>
          </token>
          <token id="17">
            <word>brigands</word>
            <lemma>brigand</lemma>
            <CharacterOffsetBegin>147</CharacterOffsetBegin>
            <CharacterOffsetEnd>155</CharacterOffsetEnd>
            <POS>NNS</POS>
            <NER>O</NER>
          </token>
          <token id="18">
            <word>on</word>
            <lemma>on</lemma>
            <CharacterOffsetBegin>156</CharacterOffsetBegin>
            <CharacterOffsetEnd>158</CharacterOffsetEnd>
            <POS>IN</POS>
            <NER>O</NER>
          </token>
          <token id="19">
            <word>merchant</word>
            <lemma>merchant</lemma>
            <CharacterOffsetBegin>159</CharacterOffsetBegin>
            <CharacterOffsetEnd>167</CharacterOffsetEnd>
            <POS>NN</POS>
            <NER>O</NER>
          </token>
          <token id="20">
            <word>vessels</word>
            <lemma>vessel</lemma>
            <CharacterOffsetBegin>168</CharacterOffsetBegin>
            <CharacterOffsetEnd>175</CharacterOffsetEnd>
            <POS>NNS</POS>
            <NER>O</NER>
          </token>
          <token id="21">
            <word>,</word>
            <lemma>,</lemma>
            <CharacterOffsetBegin>176</CharacterOffsetBegin>
            <CharacterOffsetEnd>177</CharacterOffsetEnd>
            <POS>,</POS>
            <NER>O</NER>
          </token>
          <token id="22">
            <word>apprehending</word>
            <lemma>apprehend</lemma>
            <CharacterOffsetBegin>178</CharacterOffsetBegin>
            <CharacterOffsetEnd>190</CharacterOffsetEnd>
            <POS>VBG</POS>
            <NER>O</NER>
          </token>
          <token id="23">
            <word>26</word>
            <lemma>26</lemma>
            <CharacterOffsetBegin>191</CharacterOffsetBegin>
            <CharacterOffsetEnd>193</CharacterOffsetEnd>
            <POS>CD</POS>
            <NER>NUMBER</NER>
            <NormalizedNER>26.0</NormalizedNER>
          </token>
          <token id="24">
            <word>Somali</word>
            <lemma>somali</lemma>
            <CharacterOffsetBegin>194</CharacterOffsetBegin>
            <CharacterOffsetEnd>200</CharacterOffsetEnd>
            <POS>JJ</POS>
            <NER>MISC</NER>
          </token>
          <token id="25">
            <word>pirates</word>
            <lemma>pirate</lemma>
            <CharacterOffsetBegin>201</CharacterOffsetBegin>
            <CharacterOffsetEnd>208</CharacterOffsetEnd>
            <POS>NNS</POS>
            <NER>O</NER>
          </token>
          <token id="26">
            <word>and</word>
            <lemma>and</lemma>
            <CharacterOffsetBegin>209</CharacterOffsetBegin>
            <CharacterOffsetEnd>212</CharacterOffsetEnd>
            <POS>CC</POS>
            <NER>O</NER>
          </token>
          <token id="27">
            <word>confiscating</word>
            <lemma>confiscate</lemma>
            <CharacterOffsetBegin>213</CharacterOffsetBegin>
            <CharacterOffsetEnd>225</CharacterOffsetEnd>
            <POS>VBG</POS>
            <NER>O</NER>
          </token>
          <token id="28">
            <word>arms</word>
            <lemma>arm</lemma>
            <CharacterOffsetBegin>226</CharacterOffsetBegin>
            <CharacterOffsetEnd>230</CharacterOffsetEnd>
            <POS>NNS</POS>
            <NER>O</NER>
          </token>
          <token id="29">
            <word>and</word>
            <lemma>and</lemma>
            <CharacterOffsetBegin>231</CharacterOffsetBegin>
            <CharacterOffsetEnd>234</CharacterOffsetEnd>
            <POS>CC</POS>
            <NER>O</NER>
          </token>
          <token id="30">
            <word>ammunition</word>
            <lemma>ammunition</lemma>
            <CharacterOffsetBegin>235</CharacterOffsetBegin>
            <CharacterOffsetEnd>245</CharacterOffsetEnd>
            <POS>NN</POS>
            <NER>O</NER>
          </token>
          <token id="31">
            <word>,</word>
            <lemma>,</lemma>
            <CharacterOffsetBegin>246</CharacterOffsetBegin>
            <CharacterOffsetEnd>247</CharacterOffsetEnd>
            <POS>,</POS>
            <NER>O</NER>
          </token>
          <token id="32">
            <word>in</word>
            <lemma>in</lemma>
            <CharacterOffsetBegin>248</CharacterOffsetBegin>
            <CharacterOffsetEnd>250</CharacterOffsetEnd>
            <POS>IN</POS>
            <NER>O</NER>
          </token>
          <token id="33">
            <word>the</word>
            <lemma>the</lemma>
            <CharacterOffsetBegin>251</CharacterOffsetBegin>
            <CharacterOffsetEnd>254</CharacterOffsetEnd>
            <POS>DT</POS>
            <NER>O</NER>
          </token>
          <token id="34">
            <word>fifth</word>
            <lemma>fifth</lemma>
            <CharacterOffsetBegin>255</CharacterOffsetBegin>
            <CharacterOffsetEnd>260</CharacterOffsetEnd>
            <POS>JJ</POS>
            <NER>ORDINAL</NER>
            <NormalizedNER>5.0</NormalizedNER>
          </token>
          <token id="35">
            <word>successful</word>
            <lemma>successful</lemma>
            <CharacterOffsetBegin>261</CharacterOffsetBegin>
            <CharacterOffsetEnd>271</CharacterOffsetEnd>
            <POS>JJ</POS>
            <NER>O</NER>
          </token>
          <token id="36">
            <word>anti</word>
            <lemma>anti</lemma>
            <CharacterOffsetBegin>272</CharacterOffsetBegin>
            <CharacterOffsetEnd>276</CharacterOffsetEnd>
            <POS>JJ</POS>
            <NER>O</NER>
          </token>
          <token id="37">
            <word>-</word>
            <lemma>-</lemma>
            <CharacterOffsetBegin>277</CharacterOffsetBegin>
            <CharacterOffsetEnd>278</CharacterOffsetEnd>
            <POS>:</POS>
            <NER>O</NER>
          </token>
          <token id="38">
            <word>piracy</word>
            <lemma>piracy</lemma>
            <CharacterOffsetBegin>279</CharacterOffsetBegin>
            <CharacterOffsetEnd>285</CharacterOffsetEnd>
            <POS>NN</POS>
            <NER>O</NER>
          </token>
          <token id="39">
            <word>operation</word>
            <lemma>operation</lemma>
            <CharacterOffsetBegin>286</CharacterOffsetBegin>
            <CharacterOffsetEnd>295</CharacterOffsetEnd>
            <POS>NN</POS>
            <NER>O</NER>
          </token>
          <token id="40">
            <word>since</word>
            <lemma>since</lemma>
            <CharacterOffsetBegin>296</CharacterOffsetBegin>
            <CharacterOffsetEnd>301</CharacterOffsetEnd>
            <POS>IN</POS>
            <NER>O</NER>
          </token>
          <token id="41">
            <word>September</word>
            <lemma>September</lemma>
            <CharacterOffsetBegin>302</CharacterOffsetBegin>
            <CharacterOffsetEnd>311</CharacterOffsetEnd>
            <POS>NNP</POS>
            <NER>DATE</NER>
            <NormalizedNER>XXXX-09</NormalizedNER>
            <Timex tid="t2" type="DATE">XXXX-09</Timex>
          </token>
          <token id="42">
            <word>.</word>
            <lemma>.</lemma>
            <CharacterOffsetBegin>312</CharacterOffsetBegin>
            <CharacterOffsetEnd>313</CharacterOffsetEnd>
            <POS>.</POS>
            <NER>O</NER>
          </token>
        </tokens>
        <parse>(ROOT (NP (NP (NP (JJ Indian) (NNP Navy) (NN patrolling)) (SBAR (S (NP (NP (DT the) (NNP Gulf)) (PP (IN of) (NP (NNP Aden)))) (NP-TMP (NN yesterday)) (VP (VBD thwarted) (NP (NP (DT a) (NNS multi)) (: -) (NP (NP (NN boat) (NN attack)) (PP (IN by) (NP (NN sea) (NNS brigands))))) (PP (IN on) (NP (NN merchant) (NNS vessels))) (, ,) (S (VP (VP (VBG apprehending) (NP (CD 26) (JJ Somali) (NNS pirates))) (CC and) (VP (VBG confiscating) (NP (NNS arms) (CC and) (NN ammunition)) (, ,) (PP (IN in) (NP (DT the) (JJ fifth) (JJ successful) (JJ anti)))))))))) (: -) (NP (NP (NN piracy) (NN operation)) (PP (IN since) (NP (NNP September)))) (. .))) </parse>
        <dependencies type="basic-dependencies">
          <dep type="root">
            <governor idx="0">ROOT</governor>
            <dependent idx="9">thwarted</dependent>
          </dep>
          <dep type="amod">
            <governor idx="3">patrolling</governor>
            <dependent idx="1">Indian</dependent>
          </dep>
          <dep type="compound">
            <governor idx="3">patrolling</governor>
            <dependent idx="2">Navy</dependent>
          </dep>
          <dep type="nsubj">
            <governor idx="9">thwarted</governor>
            <dependent idx="3">patrolling</dependent>
          </dep>
          <dep type="det">
            <governor idx="5">Gulf</governor>
            <dependent idx="4">the</dependent>
          </dep>
          <dep type="dobj">
            <governor idx="3">patrolling</governor>
            <dependent idx="5">Gulf</dependent>
          </dep>
          <dep type="case">
            <governor idx="7">Aden</governor>
            <dependent idx="6">of</dependent>
          </dep>
          <dep type="nmod">
            <governor idx="5">Gulf</governor>
            <dependent idx="7">Aden</dependent>
          </dep>
          <dep type="nmod:tmod">
            <governor idx="9">thwarted</governor>
            <dependent idx="8">yesterday</dependent>
          </dep>
          <dep type="det">
            <governor idx="14">attack</governor>
            <dependent idx="10">a</dependent>
          </dep>
          <dep type="compound">
            <governor idx="14">attack</governor>
            <dependent idx="11">multi</dependent>
          </dep>
          <dep type="punct">
            <governor idx="14">attack</governor>
            <dependent idx="12">-</dependent>
          </dep>
          <dep type="compound">
            <governor idx="14">attack</governor>
            <dependent idx="13">boat</dependent>
          </dep>
          <dep type="dobj">
            <governor idx="9">thwarted</governor>
            <dependent idx="14">attack</dependent>
          </dep>
          <dep type="case">
            <governor idx="17">brigands</governor>
            <dependent idx="15">by</dependent>
          </dep>
          <dep type="compound">
            <governor idx="17">brigands</governor>
            <dependent idx="16">sea</dependent>
          </dep>
          <dep type="nmod">
            <governor idx="14">attack</governor>
            <dependent idx="17">brigands</dependent>
          </dep>
          <dep type="case">
            <governor idx="20">vessels</governor>
            <dependent idx="18">on</dependent>
          </dep>
          <dep type="compound">
            <governor idx="20">vessels</governor>
            <dependent idx="19">merchant</dependent>
          </dep>
          <dep type="nmod">
            <governor idx="14">attack</governor>
            <dependent idx="20">vessels</dependent>
          </dep>
          <dep type="punct">
            <governor idx="9">thwarted</governor>
            <dependent idx="21">,</dependent>
          </dep>
          <dep type="dep">
            <governor idx="9">thwarted</governor>
            <dependent idx="22">apprehending</dependent>
          </dep>
          <dep type="nummod">
            <governor idx="25">pirates</governor>
            <dependent idx="23">26</dependent>
          </dep>
          <dep type="amod">
            <governor idx="25">pirates</governor>
            <dependent idx="24">Somali</dependent>
          </dep>
          <dep type="dobj">
            <governor idx="22">apprehending</governor>
            <dependent idx="25">pirates</dependent>
          </dep>
          <dep type="cc">
            <governor idx="22">apprehending</governor>
            <dependent idx="26">and</dependent>
          </dep>
          <dep type="conj">
            <governor idx="22">apprehending</governor>
            <dependent idx="27">confiscating</dependent>
          </dep>
          <dep type="dobj">
            <governor idx="27">confiscating</governor>
            <dependent idx="28">arms</dependent>
          </dep>
          <dep type="cc">
            <governor idx="28">arms</governor>
            <dependent idx="29">and</dependent>
          </dep>
          <dep type="conj">
            <governor idx="28">arms</governor>
            <dependent idx="30">ammunition</dependent>
          </dep>
          <dep type="punct">
            <governor idx="9">thwarted</governor>
            <dependent idx="31">,</dependent>
          </dep>
          <dep type="case">
            <governor idx="39">operation</governor>
            <dependent idx="32">in</dependent>
          </dep>
          <dep type="det">
            <governor idx="39">operation</governor>
            <dependent idx="33">the</dependent>
          </dep>
          <dep type="amod">
            <governor idx="39">operation</governor>
            <dependent idx="34">fifth</dependent>
          </dep>
          <dep type="amod">
            <governor idx="39">operation</governor>
            <dependent idx="35">successful</dependent>
          </dep>
          <dep type="amod">
            <governor idx="39">operation</governor>
            <dependent idx="36">anti</dependent>
          </dep>
          <dep type="punct">
            <governor idx="36">anti</governor>
            <dependent idx="37">-</dependent>
          </dep>
          <dep type="compound">
            <governor idx="39">operation</governor>
            <dependent idx="38">piracy</dependent>
          </dep>
          <dep type="nmod">
            <governor idx="9">thwarted</governor>
            <dependent idx="39">operation</dependent>
          </dep>
          <dep type="case">
            <governor idx="41">September</governor>
            <dependent idx="40">since</dependent>
          </dep>
          <dep type="nmod">
            <governor idx="39">operation</governor>
            <dependent idx="41">September</dependent>
          </dep>
          <dep type="punct">
            <governor idx="9">thwarted</governor>
            <dependent idx="42">.</dependent>
          </dep>
        </dependencies>
        <dependencies type="collapsed-dependencies">
          <dep type="root">
            <governor idx="0">ROOT</governor>
            <dependent idx="9">thwarted</dependent>
          </dep>
          <dep type="amod">
            <governor idx="3">patrolling</governor>
            <dependent idx="1">Indian</dependent>
          </dep>
          <dep type="compound">
            <governor idx="3">patrolling</governor>
            <dependent idx="2">Navy</dependent>
          </dep>
          <dep type="nsubj">
            <governor idx="9">thwarted</governor>
            <dependent idx="3">patrolling</dependent>
          </dep>
          <dep type="det">
            <governor idx="5">Gulf</governor>
            <dependent idx="4">the</dependent>
          </dep>
          <dep type="dobj">
            <governor idx="3">patrolling</governor>
            <dependent idx="5">Gulf</dependent>
          </dep>
          <dep type="case">
            <governor idx="7">Aden</governor>
            <dependent idx="6">of</dependent>
          </dep>
          <dep type="nmod:of">
            <governor idx="5">Gulf</governor>
            <dependent idx="7">Aden</dependent>
          </dep>
          <dep type="nmod:tmod">
            <governor idx="9">thwarted</governor>
            <dependent idx="8">yesterday</dependent>
          </dep>
          <dep type="det">
            <governor idx="14">attack</governor>
            <dependent idx="10">a</dependent>
          </dep>
          <dep type="compound">
            <governor idx="14">attack</governor>
            <dependent idx="11">multi</dependent>
          </dep>
          <dep type="punct">
            <governor idx="14">attack</governor>
            <dependent idx="12">-</dependent>
          </dep>
          <dep type="compound">
            <governor idx="14">attack</governor>
            <dependent idx="13">boat</dependent>
          </dep>
          <dep type="dobj">
            <governor idx="9">thwarted</governor>
            <dependent idx="14">attack</dependent>
          </dep>
          <dep type="case">
            <governor idx="17">brigands</governor>
            <dependent idx="15">by</dependent>
          </dep>
          <dep type="compound">
            <governor idx="17">brigands</governor>
            <dependent idx="16">sea</dependent>
          </dep>
          <dep type="nmod:by">
            <governor idx="14">attack</governor>
            <dependent idx="17">brigands</dependent>
          </dep>
          <dep type="case">
            <governor idx="20">vessels</governor>
            <dependent idx="18">on</dependent>
          </dep>
          <dep type="compound">
            <governor idx="20">vessels</governor>
            <dependent idx="19">merchant</dependent>
          </dep>
          <dep type="nmod:on">
            <governor idx="14">attack</governor>
            <dependent idx="20">vessels</dependent>
          </dep>
          <dep type="punct">
            <governor idx="9">thwarted</governor>
            <dependent idx="21">,</dependent>
          </dep>
          <dep type="dep">
            <governor idx="9">thwarted</governor>
            <dependent idx="22">apprehending</dependent>
          </dep>
          <dep type="nummod">
            <governor idx="25">pirates</governor>
            <dependent idx="23">26</dependent>
          </dep>
          <dep type="amod">
            <governor idx="25">pirates</governor>
            <dependent idx="24">Somali</dependent>
          </dep>
          <dep type="dobj">
            <governor idx="22">apprehending</governor>
            <dependent idx="25">pirates</dependent>
          </dep>
          <dep type="cc">
            <governor idx="22">apprehending</governor>
            <dependent idx="26">and</dependent>
          </dep>
          <dep type="conj:and">
            <governor idx="22">apprehending</governor>
            <dependent idx="27">confiscating</dependent>
          </dep>
          <dep type="dobj">
            <governor idx="27">confiscating</governor>
            <dependent idx="28">arms</dependent>
          </dep>
          <dep type="cc">
            <governor idx="28">arms</governor>
            <dependent idx="29">and</dependent>
          </dep>
          <dep type="conj:and">
            <governor idx="28">arms</governor>
            <dependent idx="30">ammunition</dependent>
          </dep>
          <dep type="punct">
            <governor idx="9">thwarted</governor>
            <dependent idx="31">,</dependent>
          </dep>
          <dep type="case">
            <governor idx="39">operation</governor>
            <dependent idx="32">in</dependent>
          </dep>
          <dep type="det">
            <governor idx="39">operation</governor>
            <dependent idx="33">the</dependent>
          </dep>
          <dep type="amod">
            <governor idx="39">operation</governor>
            <dependent idx="34">fifth</dependent>
          </dep>
          <dep type="amod">
            <governor idx="39">operation</governor>
            <dependent idx="35">successful</dependent>
          </dep>
          <dep type="amod">
            <governor idx="39">operation</governor>
            <dependent idx="36">anti</dependent>
          </dep>
          <dep type="punct">
            <governor idx="36">anti</governor>
            <dependent idx="37">-</dependent>
          </dep>
          <dep type="compound">
            <governor idx="39">operation</governor>
            <dependent idx="38">piracy</dependent>
          </dep>
          <dep type="nmod:in">
            <governor idx="9">thwarted</governor>
            <dependent idx="39">operation</dependent>
          </dep>
          <dep type="case">
            <governor idx="41">September</governor>
            <dependent idx="40">since</dependent>
          </dep>
          <dep type="nmod:since">
            <governor idx="39">operation</governor>
            <dependent idx="41">September</dependent>
          </dep>
          <dep type="punct">
            <governor idx="9">thwarted</governor>
            <dependent idx="42">.</dependent>
          </dep>
        </dependencies>
        <dependencies type="collapsed-ccprocessed-dependencies">
          <dep type="root">
            <governor idx="0">ROOT</governor>
            <dependent idx="9">thwarted</dependent>
          </dep>
          <dep type="amod">
            <governor idx="3">patrolling</governor>
            <dependent idx="1">Indian</dependent>
          </dep>
          <dep type="compound">
            <governor idx="3">patrolling</governor>
            <dependent idx="2">Navy</dependent>
          </dep>
          <dep type="nsubj">
            <governor idx="9">thwarted</governor>
            <dependent idx="3">patrolling</dependent>
          </dep>
          <dep type="det">
            <governor idx="5">Gulf</governor>
            <dependent idx="4">the</dependent>
          </dep>
          <dep type="dobj">
            <governor idx="3">patrolling</governor>
            <dependent idx="5">Gulf</dependent>
          </dep>
          <dep type="case">
            <governor idx="7">Aden</governor>
            <dependent idx="6">of</dependent>
          </dep>
          <dep type="nmod:of">
            <governor idx="5">Gulf</governor>
            <dependent idx="7">Aden</dependent>
          </dep>
          <dep type="nmod:tmod">
            <governor idx="9">thwarted</governor>
            <dependent idx="8">yesterday</dependent>
          </dep>
          <dep type="det">
            <governor idx="14">attack</governor>
            <dependent idx="10">a</dependent>
          </dep>
          <dep type="compound">
            <governor idx="14">attack</governor>
            <dependent idx="11">multi</dependent>
          </dep>
          <dep type="punct">
            <governor idx="14">attack</governor>
            <dependent idx="12">-</dependent>
          </dep>
          <dep type="compound">
            <governor idx="14">attack</governor>
            <dependent idx="13">boat</dependent>
          </dep>
          <dep type="dobj">
            <governor idx="9">thwarted</governor>
            <dependent idx="14">attack</dependent>
          </dep>
          <dep type="case">
            <governor idx="17">brigands</governor>
            <dependent idx="15">by</dependent>
          </dep>
          <dep type="compound">
            <governor idx="17">brigands</governor>
            <dependent idx="16">sea</dependent>
          </dep>
          <dep type="nmod:by">
            <governor idx="14">attack</governor>
            <dependent idx="17">brigands</dependent>
          </dep>
          <dep type="case">
            <governor idx="20">vessels</governor>
            <dependent idx="18">on</dependent>
          </dep>
          <dep type="compound">
            <governor idx="20">vessels</governor>
            <dependent idx="19">merchant</dependent>
          </dep>
          <dep type="nmod:on">
            <governor idx="14">attack</governor>
            <dependent idx="20">vessels</dependent>
          </dep>
          <dep type="punct">
            <governor idx="9">thwarted</governor>
            <dependent idx="21">,</dependent>
          </dep>
          <dep type="dep">
            <governor idx="9">thwarted</governor>
            <dependent idx="22">apprehending</dependent>
          </dep>
          <dep type="nummod">
            <governor idx="25">pirates</governor>
            <dependent idx="23">26</dependent>
          </dep>
          <dep type="amod">
            <governor idx="25">pirates</governor>
            <dependent idx="24">Somali</dependent>
          </dep>
          <dep type="dobj">
            <governor idx="22">apprehending</governor>
            <dependent idx="25">pirates</dependent>
          </dep>
          <dep type="cc">
            <governor idx="22">apprehending</governor>
            <dependent idx="26">and</dependent>
          </dep>
          <dep type="dep" extra="true">
            <governor idx="9">thwarted</governor>
            <dependent idx="27">confiscating</dependent>
          </dep>
          <dep type="conj:and">
            <governor idx="22">apprehending</governor>
            <dependent idx="27">confiscating</dependent>
          </dep>
          <dep type="dobj">
            <governor idx="27">confiscating</governor>
            <dependent idx="28">arms</dependent>
          </dep>
          <dep type="cc">
            <governor idx="28">arms</governor>
            <dependent idx="29">and</dependent>
          </dep>
          <dep type="dobj" extra="true">
            <governor idx="27">confiscating</governor>
            <dependent idx="30">ammunition</dependent>
          </dep>
          <dep type="conj:and">
            <governor idx="28">arms</governor>
            <dependent idx="30">ammunition</dependent>
          </dep>
          <dep type="punct">
            <governor idx="9">thwarted</governor>
            <dependent idx="31">,</dependent>
          </dep>
          <dep type="case">
            <governor idx="39">operation</governor>
            <dependent idx="32">in</dependent>
          </dep>
          <dep type="det">
            <governor idx="39">operation</governor>
            <dependent idx="33">the</dependent>
          </dep>
          <dep type="amod">
            <governor idx="39">operation</governor>
            <dependent idx="34">fifth</dependent>
          </dep>
          <dep type="amod">
            <governor idx="39">operation</governor>
            <dependent idx="35">successful</dependent>
          </dep>
          <dep type="amod">
            <governor idx="39">operation</governor>
            <dependent idx="36">anti</dependent>
          </dep>
          <dep type="punct">
            <governor idx="36">anti</governor>
            <dependent idx="37">-</dependent>
          </dep>
          <dep type="compound">
            <governor idx="39">operation</governor>
            <dependent idx="38">piracy</dependent>
          </dep>
          <dep type="nmod:in">
            <governor idx="9">thwarted</governor>
            <dependent idx="39">operation</dependent>
          </dep>
          <dep type="case">
            <governor idx="41">September</governor>
            <dependent idx="40">since</dependent>
          </dep>
          <dep type="nmod:since">
            <governor idx="39">operation</governor>
            <dependent idx="41">September</dependent>
          </dep>
          <dep type="punct">
            <governor idx="9">thwarted</governor>
            <dependent idx="42">.</dependent>
          </dep>
        </dependencies>
      </sentence>
    </sentences>
  </document>
</root>
