<?xml version="1.0" encoding="UTF-8"?>
<?xml-stylesheet href="CoreNLP-to-HTML.xsl" type="text/xsl"?>
<root>
  <document>
    <sentences>
      <sentence id="1" line="1">
        <tokens>
          <token id="1">
            <word>Indian</word>
            <lemma>indian</lemma>
            <CharacterOffsetBegin>0</CharacterOffsetBegin>
            <CharacterOffsetEnd>6</CharacterOffsetEnd>
            <POS>JJ</POS>
            <NER>O</NER>
          </token>
          <token id="2">
            <word>Naval</word>
            <lemma>Naval</lemma>
            <CharacterOffsetBegin>7</CharacterOffsetBegin>
            <CharacterOffsetEnd>12</CharacterOffsetEnd>
            <POS>NNP</POS>
            <NER>O</NER>
          </token>
          <token id="3">
            <word>Ship</word>
            <lemma>Ship</lemma>
            <CharacterOffsetBegin>13</CharacterOffsetBegin>
            <CharacterOffsetEnd>17</CharacterOffsetEnd>
            <POS>NNP</POS>
            <NER>O</NER>
          </token>
          <token id="4">
            <word>Interdicts</word>
            <lemma>Interdicts</lemma>
            <CharacterOffsetBegin>18</CharacterOffsetBegin>
            <CharacterOffsetEnd>28</CharacterOffsetEnd>
            <POS>NNP</POS>
            <NER>O</NER>
          </token>
          <token id="5">
            <word>Three</word>
            <lemma>three</lemma>
            <CharacterOffsetBegin>29</CharacterOffsetBegin>
            <CharacterOffsetEnd>34</CharacterOffsetEnd>
            <POS>CD</POS>
            <NER>NUMBER</NER>
            <NormalizedNER>3.0</NormalizedNER>
          </token>
          <token id="6">
            <word>Pirate</word>
            <lemma>Pirate</lemma>
            <CharacterOffsetBegin>35</CharacterOffsetBegin>
            <CharacterOffsetEnd>41</CharacterOffsetEnd>
            <POS>NNP</POS>
            <NER>O</NER>
          </token>
          <token id="7">
            <word>Vessels</word>
            <lemma>Vessels</lemma>
            <CharacterOffsetBegin>42</CharacterOffsetBegin>
            <CharacterOffsetEnd>49</CharacterOffsetEnd>
            <POS>NNPS</POS>
            <NER>O</NER>
          </token>
          <token id="8">
            <word>In</word>
            <lemma>in</lemma>
            <CharacterOffsetBegin>50</CharacterOffsetBegin>
            <CharacterOffsetEnd>52</CharacterOffsetEnd>
            <POS>IN</POS>
            <NER>O</NER>
          </token>
          <token id="9">
            <word>A</word>
            <lemma>a</lemma>
            <CharacterOffsetBegin>53</CharacterOffsetBegin>
            <CharacterOffsetEnd>54</CharacterOffsetEnd>
            <POS>DT</POS>
            <NER>O</NER>
          </token>
          <token id="10">
            <word>Single</word>
            <lemma>single</lemma>
            <CharacterOffsetBegin>55</CharacterOffsetBegin>
            <CharacterOffsetEnd>61</CharacterOffsetEnd>
            <POS>JJ</POS>
            <NER>O</NER>
          </token>
          <token id="11">
            <word>Operation</word>
            <lemma>operation</lemma>
            <CharacterOffsetBegin>62</CharacterOffsetBegin>
            <CharacterOffsetEnd>71</CharacterOffsetEnd>
            <POS>NN</POS>
            <NER>O</NER>
          </token>
        </tokens>
        <parse>(ROOT (NP (NP (JJ Indian) (NNP Naval) (NNP Ship) (NNP Interdicts)) (NP (NP (CD Three) (NNP Pirate) (NNPS Vessels)) (PP (IN In) (NP (DT A) (JJ Single) (NN Operation)))))) </parse>
        <dependencies type="basic-dependencies">
          <dep type="root">
            <governor idx="0">ROOT</governor>
            <dependent idx="4">Interdicts</dependent>
          </dep>
          <dep type="amod">
            <governor idx="4">Interdicts</governor>
            <dependent idx="1">Indian</dependent>
          </dep>
          <dep type="compound">
            <governor idx="4">Interdicts</governor>
            <dependent idx="2">Naval</dependent>
          </dep>
          <dep type="compound">
            <governor idx="4">Interdicts</governor>
            <dependent idx="3">Ship</dependent>
          </dep>
          <dep type="nummod">
            <governor idx="7">Vessels</governor>
            <dependent idx="5">Three</dependent>
          </dep>
          <dep type="compound">
            <governor idx="7">Vessels</governor>
            <dependent idx="6">Pirate</dependent>
          </dep>
          <dep type="dep">
            <governor idx="4">Interdicts</governor>
            <dependent idx="7">Vessels</dependent>
          </dep>
          <dep type="case">
            <governor idx="11">Operation</governor>
            <dependent idx="8">In</dependent>
          </dep>
          <dep type="det">
            <governor idx="11">Operation</governor>
            <dependent idx="9">A</dependent>
          </dep>
          <dep type="amod">
            <governor idx="11">Operation</governor>
            <dependent idx="10">Single</dependent>
          </dep>
          <dep type="nmod">
            <governor idx="7">Vessels</governor>
            <dependent idx="11">Operation</dependent>
          </dep>
        </dependencies>
        <dependencies type="collapsed-dependencies">
          <dep type="root">
            <governor idx="0">ROOT</governor>
            <dependent idx="4">Interdicts</dependent>
          </dep>
          <dep type="amod">
            <governor idx="4">Interdicts</governor>
            <dependent idx="1">Indian</dependent>
          </dep>
          <dep type="compound">
            <governor idx="4">Interdicts</governor>
            <dependent idx="2">Naval</dependent>
          </dep>
          <dep type="compound">
            <governor idx="4">Interdicts</governor>
            <dependent idx="3">Ship</dependent>
          </dep>
          <dep type="nummod">
            <governor idx="7">Vessels</governor>
            <dependent idx="5">Three</dependent>
          </dep>
          <dep type="compound">
            <governor idx="7">Vessels</governor>
            <dependent idx="6">Pirate</dependent>
          </dep>
          <dep type="dep">
            <governor idx="4">Interdicts</governor>
            <dependent idx="7">Vessels</dependent>
          </dep>
          <dep type="case">
            <governor idx="11">Operation</governor>
            <dependent idx="8">In</dependent>
          </dep>
          <dep type="det">
            <governor idx="11">Operation</governor>
            <dependent idx="9">A</dependent>
          </dep>
          <dep type="amod">
            <governor idx="11">Operation</governor>
            <dependent idx="10">Single</dependent>
          </dep>
          <dep type="nmod:in">
            <governor idx="7">Vessels</governor>
            <dependent idx="11">Operation</dependent>
          </dep>
        </dependencies>
        <dependencies type="collapsed-ccprocessed-dependencies">
          <dep type="root">
            <governor idx="0">ROOT</governor>
            <dependent idx="4">Interdicts</dependent>
          </dep>
          <dep type="amod">
            <governor idx="4">Interdicts</governor>
            <dependent idx="1">Indian</dependent>
          </dep>
          <dep type="compound">
            <governor idx="4">Interdicts</governor>
            <dependent idx="2">Naval</dependent>
          </dep>
          <dep type="compound">
            <governor idx="4">Interdicts</governor>
            <dependent idx="3">Ship</dependent>
          </dep>
          <dep type="nummod">
            <governor idx="7">Vessels</governor>
            <dependent idx="5">Three</dependent>
          </dep>
          <dep type="compound">
            <governor idx="7">Vessels</governor>
            <dependent idx="6">Pirate</dependent>
          </dep>
          <dep type="dep">
            <governor idx="4">Interdicts</governor>
            <dependent idx="7">Vessels</dependent>
          </dep>
          <dep type="case">
            <governor idx="11">Operation</governor>
            <dependent idx="8">In</dependent>
          </dep>
          <dep type="det">
            <governor idx="11">Operation</governor>
            <dependent idx="9">A</dependent>
          </dep>
          <dep type="amod">
            <governor idx="11">Operation</governor>
            <dependent idx="10">Single</dependent>
          </dep>
          <dep type="nmod:in">
            <governor idx="7">Vessels</governor>
            <dependent idx="11">Operation</dependent>
          </dep>
        </dependencies>
      </sentence>
      <sentence id="2" line="2">
        <tokens>
          <token id="1">
            <word>Indian</word>
            <lemma>indian</lemma>
            <CharacterOffsetBegin>72</CharacterOffsetBegin>
            <CharacterOffsetEnd>78</CharacterOffsetEnd>
            <POS>JJ</POS>
            <NER>LOCATION</NER>
          </token>
          <token id="2">
            <word>Naval</word>
            <lemma>Naval</lemma>
            <CharacterOffsetBegin>79</CharacterOffsetBegin>
            <CharacterOffsetEnd>84</CharacterOffsetEnd>
            <POS>NNP</POS>
            <NER>LOCATION</NER>
          </token>
          <token id="3">
            <word>Ship</word>
            <lemma>Ship</lemma>
            <CharacterOffsetBegin>85</CharacterOffsetBegin>
            <CharacterOffsetEnd>89</CharacterOffsetEnd>
            <POS>NNP</POS>
            <NER>LOCATION</NER>
          </token>
          <token id="4">
            <word>Sukanya</word>
            <lemma>Sukanya</lemma>
            <CharacterOffsetBegin>90</CharacterOffsetBegin>
            <CharacterOffsetEnd>97</CharacterOffsetEnd>
            <POS>NNP</POS>
            <NER>LOCATION</NER>
          </token>
          <token id="5">
            <word>,</word>
            <lemma>,</lemma>
            <CharacterOffsetBegin>98</CharacterOffsetBegin>
            <CharacterOffsetEnd>99</CharacterOffsetEnd>
            <POS>,</POS>
            <NER>O</NER>
          </token>
          <token id="6">
            <word>presently</word>
            <lemma>presently</lemma>
            <CharacterOffsetBegin>100</CharacterOffsetBegin>
            <CharacterOffsetEnd>109</CharacterOffsetEnd>
            <POS>RB</POS>
            <NER>O</NER>
          </token>
          <token id="7">
            <word>deployed</word>
            <lemma>deploy</lemma>
            <CharacterOffsetBegin>110</CharacterOffsetBegin>
            <CharacterOffsetEnd>118</CharacterOffsetEnd>
            <POS>VBN</POS>
            <NER>O</NER>
          </token>
          <token id="8">
            <word>on</word>
            <lemma>on</lemma>
            <CharacterOffsetBegin>119</CharacterOffsetBegin>
            <CharacterOffsetEnd>121</CharacterOffsetEnd>
            <POS>IN</POS>
            <NER>O</NER>
          </token>
          <token id="9">
            <word>anti</word>
            <lemma>anti</lemma>
            <CharacterOffsetBegin>122</CharacterOffsetBegin>
            <CharacterOffsetEnd>126</CharacterOffsetEnd>
            <POS>JJ</POS>
            <NER>O</NER>
          </token>
          <token id="10">
            <word>-</word>
            <lemma>-</lemma>
            <CharacterOffsetBegin>127</CharacterOffsetBegin>
            <CharacterOffsetEnd>128</CharacterOffsetEnd>
            <POS>:</POS>
            <NER>O</NER>
          </token>
          <token id="11">
            <word>piracy</word>
            <lemma>piracy</lemma>
            <CharacterOffsetBegin>129</CharacterOffsetBegin>
            <CharacterOffsetEnd>135</CharacterOffsetEnd>
            <POS>NN</POS>
            <NER>O</NER>
          </token>
          <token id="12">
            <word>patrols</word>
            <lemma>patrol</lemma>
            <CharacterOffsetBegin>136</CharacterOffsetBegin>
            <CharacterOffsetEnd>143</CharacterOffsetEnd>
            <POS>NNS</POS>
            <NER>O</NER>
          </token>
          <token id="13">
            <word>in</word>
            <lemma>in</lemma>
            <CharacterOffsetBegin>144</CharacterOffsetBegin>
            <CharacterOffsetEnd>146</CharacterOffsetEnd>
            <POS>IN</POS>
            <NER>O</NER>
          </token>
          <token id="14">
            <word>the</word>
            <lemma>the</lemma>
            <CharacterOffsetBegin>147</CharacterOffsetBegin>
            <CharacterOffsetEnd>150</CharacterOffsetEnd>
            <POS>DT</POS>
            <NER>O</NER>
          </token>
          <token id="15">
            <word>Gulf</word>
            <lemma>Gulf</lemma>
            <CharacterOffsetBegin>151</CharacterOffsetBegin>
            <CharacterOffsetEnd>155</CharacterOffsetEnd>
            <POS>NNP</POS>
            <NER>LOCATION</NER>
          </token>
          <token id="16">
            <word>of</word>
            <lemma>of</lemma>
            <CharacterOffsetBegin>156</CharacterOffsetBegin>
            <CharacterOffsetEnd>158</CharacterOffsetEnd>
            <POS>IN</POS>
            <NER>LOCATION</NER>
          </token>
          <token id="17">
            <word>Aden</word>
            <lemma>Aden</lemma>
            <CharacterOffsetBegin>159</CharacterOffsetBegin>
            <CharacterOffsetEnd>163</CharacterOffsetEnd>
            <POS>NNP</POS>
            <NER>LOCATION</NER>
          </token>
          <token id="18">
            <word>under</word>
            <lemma>under</lemma>
            <CharacterOffsetBegin>164</CharacterOffsetBegin>
            <CharacterOffsetEnd>169</CharacterOffsetEnd>
            <POS>IN</POS>
            <NER>O</NER>
          </token>
          <token id="19">
            <word>the</word>
            <lemma>the</lemma>
            <CharacterOffsetBegin>170</CharacterOffsetBegin>
            <CharacterOffsetEnd>173</CharacterOffsetEnd>
            <POS>DT</POS>
            <NER>O</NER>
          </token>
          <token id="20">
            <word>operational</word>
            <lemma>operational</lemma>
            <CharacterOffsetBegin>174</CharacterOffsetBegin>
            <CharacterOffsetEnd>185</CharacterOffsetEnd>
            <POS>JJ</POS>
            <NER>O</NER>
          </token>
          <token id="21">
            <word>control</word>
            <lemma>control</lemma>
            <CharacterOffsetBegin>186</CharacterOffsetBegin>
            <CharacterOffsetEnd>193</CharacterOffsetEnd>
            <POS>NN</POS>
            <NER>O</NER>
          </token>
          <token id="22">
            <word>of</word>
            <lemma>of</lemma>
            <CharacterOffsetBegin>194</CharacterOffsetBegin>
            <CharacterOffsetEnd>196</CharacterOffsetEnd>
            <POS>IN</POS>
            <NER>O</NER>
          </token>
          <token id="23">
            <word>the</word>
            <lemma>the</lemma>
            <CharacterOffsetBegin>197</CharacterOffsetBegin>
            <CharacterOffsetEnd>200</CharacterOffsetEnd>
            <POS>DT</POS>
            <NER>O</NER>
          </token>
          <token id="24">
            <word>Western</word>
            <lemma>western</lemma>
            <CharacterOffsetBegin>201</CharacterOffsetBegin>
            <CharacterOffsetEnd>208</CharacterOffsetEnd>
            <POS>JJ</POS>
            <NER>ORGANIZATION</NER>
          </token>
          <token id="25">
            <word>Naval</word>
            <lemma>Naval</lemma>
            <CharacterOffsetBegin>209</CharacterOffsetBegin>
            <CharacterOffsetEnd>214</CharacterOffsetEnd>
            <POS>NNP</POS>
            <NER>ORGANIZATION</NER>
          </token>
          <token id="26">
            <word>Command</word>
            <lemma>command</lemma>
            <CharacterOffsetBegin>215</CharacterOffsetBegin>
            <CharacterOffsetEnd>222</CharacterOffsetEnd>
            <POS>NN</POS>
            <NER>ORGANIZATION</NER>
          </token>
          <token id="27">
            <word>,</word>
            <lemma>,</lemma>
            <CharacterOffsetBegin>223</CharacterOffsetBegin>
            <CharacterOffsetEnd>224</CharacterOffsetEnd>
            <POS>,</POS>
            <NER>O</NER>
          </token>
          <token id="28">
            <word>found</word>
            <lemma>find</lemma>
            <CharacterOffsetBegin>225</CharacterOffsetBegin>
            <CharacterOffsetEnd>230</CharacterOffsetEnd>
            <POS>VBD</POS>
            <NER>O</NER>
          </token>
          <token id="29">
            <word>herself</word>
            <lemma>herself</lemma>
            <CharacterOffsetBegin>231</CharacterOffsetBegin>
            <CharacterOffsetEnd>238</CharacterOffsetEnd>
            <POS>PRP</POS>
            <NER>O</NER>
          </token>
          <token id="30">
            <word>once</word>
            <lemma>once</lemma>
            <CharacterOffsetBegin>239</CharacterOffsetBegin>
            <CharacterOffsetEnd>243</CharacterOffsetEnd>
            <POS>RB</POS>
            <NER>DATE</NER>
            <NormalizedNER>PAST_REF</NormalizedNER>
            <Timex tid="t1" type="DATE">PAST_REF</Timex>
          </token>
          <token id="31">
            <word>again</word>
            <lemma>again</lemma>
            <CharacterOffsetBegin>244</CharacterOffsetBegin>
            <CharacterOffsetEnd>249</CharacterOffsetEnd>
            <POS>RB</POS>
            <NER>O</NER>
          </token>
          <token id="32">
            <word>in</word>
            <lemma>in</lemma>
            <CharacterOffsetBegin>250</CharacterOffsetBegin>
            <CharacterOffsetEnd>252</CharacterOffsetEnd>
            <POS>IN</POS>
            <NER>O</NER>
          </token>
          <token id="33">
            <word>the</word>
            <lemma>the</lemma>
            <CharacterOffsetBegin>253</CharacterOffsetBegin>
            <CharacterOffsetEnd>256</CharacterOffsetEnd>
            <POS>DT</POS>
            <NER>O</NER>
          </token>
          <token id="34">
            <word>thick</word>
            <lemma>thick</lemma>
            <CharacterOffsetBegin>257</CharacterOffsetBegin>
            <CharacterOffsetEnd>262</CharacterOffsetEnd>
            <POS>JJ</POS>
            <NER>O</NER>
          </token>
          <token id="35">
            <word>of</word>
            <lemma>of</lemma>
            <CharacterOffsetBegin>263</CharacterOffsetBegin>
            <CharacterOffsetEnd>265</CharacterOffsetEnd>
            <POS>IN</POS>
            <NER>O</NER>
          </token>
          <token id="36">
            <word>things</word>
            <lemma>thing</lemma>
            <CharacterOffsetBegin>266</CharacterOffsetBegin>
            <CharacterOffsetEnd>272</CharacterOffsetEnd>
            <POS>NNS</POS>
            <NER>O</NER>
          </token>
          <token id="37">
            <word>,</word>
            <lemma>,</lemma>
            <CharacterOffsetBegin>273</CharacterOffsetBegin>
            <CharacterOffsetEnd>274</CharacterOffsetEnd>
            <POS>,</POS>
            <NER>O</NER>
          </token>
          <token id="38">
            <word>thwarting</word>
            <lemma>thwart</lemma>
            <CharacterOffsetBegin>275</CharacterOffsetBegin>
            <CharacterOffsetEnd>284</CharacterOffsetEnd>
            <POS>VBG</POS>
            <NER>O</NER>
          </token>
          <token id="39">
            <word>a</word>
            <lemma>a</lemma>
            <CharacterOffsetBegin>285</CharacterOffsetBegin>
            <CharacterOffsetEnd>286</CharacterOffsetEnd>
            <POS>DT</POS>
            <NER>O</NER>
          </token>
          <token id="40">
            <word>multiple</word>
            <lemma>multiple</lemma>
            <CharacterOffsetBegin>287</CharacterOffsetBegin>
            <CharacterOffsetEnd>295</CharacterOffsetEnd>
            <POS>JJ</POS>
            <NER>O</NER>
          </token>
          <token id="41">
            <word>-</word>
            <lemma>-</lemma>
            <CharacterOffsetBegin>296</CharacterOffsetBegin>
            <CharacterOffsetEnd>297</CharacterOffsetEnd>
            <POS>:</POS>
            <NER>O</NER>
          </token>
          <token id="42">
            <word>boat</word>
            <lemma>boat</lemma>
            <CharacterOffsetBegin>298</CharacterOffsetBegin>
            <CharacterOffsetEnd>302</CharacterOffsetEnd>
            <POS>NN</POS>
            <NER>O</NER>
          </token>
          <token id="43">
            <word>piracy</word>
            <lemma>piracy</lemma>
            <CharacterOffsetBegin>303</CharacterOffsetBegin>
            <CharacterOffsetEnd>309</CharacterOffsetEnd>
            <POS>NN</POS>
            <NER>O</NER>
          </token>
          <token id="44">
            <word>attack</word>
            <lemma>attack</lemma>
            <CharacterOffsetBegin>310</CharacterOffsetBegin>
            <CharacterOffsetEnd>316</CharacterOffsetEnd>
            <POS>NN</POS>
            <NER>O</NER>
          </token>
          <token id="45">
            <word>on</word>
            <lemma>on</lemma>
            <CharacterOffsetBegin>317</CharacterOffsetBegin>
            <CharacterOffsetEnd>319</CharacterOffsetEnd>
            <POS>IN</POS>
            <NER>O</NER>
          </token>
          <token id="46">
            <word>10</word>
            <lemma>10</lemma>
            <CharacterOffsetBegin>320</CharacterOffsetBegin>
            <CharacterOffsetEnd>322</CharacterOffsetEnd>
            <POS>CD</POS>
            <NER>DATE</NER>
            <NormalizedNER>XXXX-11-10</NormalizedNER>
            <Timex tid="t2" type="DATE">XXXX-11-10</Timex>
          </token>
          <token id="47">
            <word>Nov</word>
            <lemma>Nov</lemma>
            <CharacterOffsetBegin>323</CharacterOffsetBegin>
            <CharacterOffsetEnd>326</CharacterOffsetEnd>
            <POS>NNP</POS>
            <NER>DATE</NER>
            <NormalizedNER>XXXX-11-10</NormalizedNER>
            <Timex tid="t2" type="DATE">XXXX-11-10</Timex>
          </token>
          <token id="48">
            <word>11</word>
            <lemma>11</lemma>
            <CharacterOffsetBegin>327</CharacterOffsetBegin>
            <CharacterOffsetEnd>329</CharacterOffsetEnd>
            <POS>CD</POS>
            <NER>DATE</NER>
            <NormalizedNER>XXXX-11-10</NormalizedNER>
            <Timex tid="t2" type="DATE">XXXX-11-10</Timex>
          </token>
          <token id="49">
            <word>.</word>
            <lemma>.</lemma>
            <CharacterOffsetBegin>330</CharacterOffsetBegin>
            <CharacterOffsetEnd>331</CharacterOffsetEnd>
            <POS>.</POS>
            <NER>O</NER>
          </token>
        </tokens>
        <parse>(ROOT (S (NP (NP (JJ Indian) (NNP Naval) (NNP Ship) (NNP Sukanya)) (, ,) (VP (ADVP (RB presently)) (VBN deployed) (PP (IN on) (NP (NP (JJ anti)) (: -) (NP (NP (NN piracy) (NNS patrols)) (PP (IN in) (NP (NP (DT the) (NNP Gulf)) (PP (IN of) (NP (NNP Aden)))))))) (PP (IN under) (NP (NP (DT the) (JJ operational) (NN control)) (PP (IN of) (NP (DT the) (JJ Western) (NNP Naval) (NN Command)))))) (, ,)) (VP (VBD found) (NP (PRP herself)) (PP (ADVP (RB once) (RB again)) (IN in) (NP (NP (DT the) (JJ thick)) (PP (IN of) (NP (NNS things))))) (, ,) (S (VP (VBG thwarting) (NP (NP (DT a) (JJ multiple)) (: -) (NP (NP (NN boat) (NN piracy) (NN attack)) (PP (IN on) (NP (CD 10))))) (NP-TMP (NNP Nov) (CD 11))))) (. .))) </parse>
        <dependencies type="basic-dependencies">
          <dep type="root">
            <governor idx="0">ROOT</governor>
            <dependent idx="28">found</dependent>
          </dep>
          <dep type="amod">
            <governor idx="4">Sukanya</governor>
            <dependent idx="1">Indian</dependent>
          </dep>
          <dep type="compound">
            <governor idx="4">Sukanya</governor>
            <dependent idx="2">Naval</dependent>
          </dep>
          <dep type="compound">
            <governor idx="4">Sukanya</governor>
            <dependent idx="3">Ship</dependent>
          </dep>
          <dep type="nsubj">
            <governor idx="28">found</governor>
            <dependent idx="4">Sukanya</dependent>
          </dep>
          <dep type="punct">
            <governor idx="4">Sukanya</governor>
            <dependent idx="5">,</dependent>
          </dep>
          <dep type="advmod">
            <governor idx="7">deployed</governor>
            <dependent idx="6">presently</dependent>
          </dep>
          <dep type="acl">
            <governor idx="4">Sukanya</governor>
            <dependent idx="7">deployed</dependent>
          </dep>
          <dep type="case">
            <governor idx="12">patrols</governor>
            <dependent idx="8">on</dependent>
          </dep>
          <dep type="amod">
            <governor idx="12">patrols</governor>
            <dependent idx="9">anti</dependent>
          </dep>
          <dep type="punct">
            <governor idx="12">patrols</governor>
            <dependent idx="10">-</dependent>
          </dep>
          <dep type="compound">
            <governor idx="12">patrols</governor>
            <dependent idx="11">piracy</dependent>
          </dep>
          <dep type="nmod">
            <governor idx="7">deployed</governor>
            <dependent idx="12">patrols</dependent>
          </dep>
          <dep type="case">
            <governor idx="15">Gulf</governor>
            <dependent idx="13">in</dependent>
          </dep>
          <dep type="det">
            <governor idx="15">Gulf</governor>
            <dependent idx="14">the</dependent>
          </dep>
          <dep type="nmod">
            <governor idx="12">patrols</governor>
            <dependent idx="15">Gulf</dependent>
          </dep>
          <dep type="case">
            <governor idx="17">Aden</governor>
            <dependent idx="16">of</dependent>
          </dep>
          <dep type="nmod">
            <governor idx="15">Gulf</governor>
            <dependent idx="17">Aden</dependent>
          </dep>
          <dep type="case">
            <governor idx="21">control</governor>
            <dependent idx="18">under</dependent>
          </dep>
          <dep type="det">
            <governor idx="21">control</governor>
            <dependent idx="19">the</dependent>
          </dep>
          <dep type="amod">
            <governor idx="21">control</governor>
            <dependent idx="20">operational</dependent>
          </dep>
          <dep type="nmod">
            <governor idx="7">deployed</governor>
            <dependent idx="21">control</dependent>
          </dep>
          <dep type="case">
            <governor idx="26">Command</governor>
            <dependent idx="22">of</dependent>
          </dep>
          <dep type="det">
            <governor idx="26">Command</governor>
            <dependent idx="23">the</dependent>
          </dep>
          <dep type="amod">
            <governor idx="26">Command</governor>
            <dependent idx="24">Western</dependent>
          </dep>
          <dep type="compound">
            <governor idx="26">Command</governor>
            <dependent idx="25">Naval</dependent>
          </dep>
          <dep type="nmod">
            <governor idx="21">control</governor>
            <dependent idx="26">Command</dependent>
          </dep>
          <dep type="punct">
            <governor idx="4">Sukanya</governor>
            <dependent idx="27">,</dependent>
          </dep>
          <dep type="dobj">
            <governor idx="28">found</governor>
            <dependent idx="29">herself</dependent>
          </dep>
          <dep type="advmod">
            <governor idx="31">again</governor>
            <dependent idx="30">once</dependent>
          </dep>
          <dep type="advmod">
            <governor idx="28">found</governor>
            <dependent idx="31">again</dependent>
          </dep>
          <dep type="case">
            <governor idx="34">thick</governor>
            <dependent idx="32">in</dependent>
          </dep>
          <dep type="det">
            <governor idx="34">thick</governor>
            <dependent idx="33">the</dependent>
          </dep>
          <dep type="nmod">
            <governor idx="31">again</governor>
            <dependent idx="34">thick</dependent>
          </dep>
          <dep type="case">
            <governor idx="36">things</governor>
            <dependent idx="35">of</dependent>
          </dep>
          <dep type="nmod">
            <governor idx="34">thick</governor>
            <dependent idx="36">things</dependent>
          </dep>
          <dep type="punct">
            <governor idx="28">found</governor>
            <dependent idx="37">,</dependent>
          </dep>
          <dep type="xcomp">
            <governor idx="28">found</governor>
            <dependent idx="38">thwarting</dependent>
          </dep>
          <dep type="det">
            <governor idx="44">attack</governor>
            <dependent idx="39">a</dependent>
          </dep>
          <dep type="amod">
            <governor idx="44">attack</governor>
            <dependent idx="40">multiple</dependent>
          </dep>
          <dep type="punct">
            <governor idx="44">attack</governor>
            <dependent idx="41">-</dependent>
          </dep>
          <dep type="compound">
            <governor idx="44">attack</governor>
            <dependent idx="42">boat</dependent>
          </dep>
          <dep type="compound">
            <governor idx="44">attack</governor>
            <dependent idx="43">piracy</dependent>
          </dep>
          <dep type="dobj">
            <governor idx="38">thwarting</governor>
            <dependent idx="44">attack</dependent>
          </dep>
          <dep type="case">
            <governor idx="47">Nov</governor>
            <dependent idx="45">on</dependent>
          </dep>
          <dep type="nummod">
            <governor idx="47">Nov</governor>
            <dependent idx="46">10</dependent>
          </dep>
          <dep type="nmod">
            <governor idx="44">attack</governor>
            <dependent idx="47">Nov</dependent>
          </dep>
          <dep type="nummod">
            <governor idx="47">Nov</governor>
            <dependent idx="48">11</dependent>
          </dep>
          <dep type="punct">
            <governor idx="28">found</governor>
            <dependent idx="49">.</dependent>
          </dep>
        </dependencies>
        <dependencies type="collapsed-dependencies">
          <dep type="root">
            <governor idx="0">ROOT</governor>
            <dependent idx="28">found</dependent>
          </dep>
          <dep type="amod">
            <governor idx="4">Sukanya</governor>
            <dependent idx="1">Indian</dependent>
          </dep>
          <dep type="compound">
            <governor idx="4">Sukanya</governor>
            <dependent idx="2">Naval</dependent>
          </dep>
          <dep type="compound">
            <governor idx="4">Sukanya</governor>
            <dependent idx="3">Ship</dependent>
          </dep>
          <dep type="nsubj">
            <governor idx="28">found</governor>
            <dependent idx="4">Sukanya</dependent>
          </dep>
          <dep type="punct">
            <governor idx="4">Sukanya</governor>
            <dependent idx="5">,</dependent>
          </dep>
          <dep type="advmod">
            <governor idx="7">deployed</governor>
            <dependent idx="6">presently</dependent>
          </dep>
          <dep type="acl">
            <governor idx="4">Sukanya</governor>
            <dependent idx="7">deployed</dependent>
          </dep>
          <dep type="case">
            <governor idx="12">patrols</governor>
            <dependent idx="8">on</dependent>
          </dep>
          <dep type="amod">
            <governor idx="12">patrols</governor>
            <dependent idx="9">anti</dependent>
          </dep>
          <dep type="punct">
            <governor idx="12">patrols</governor>
            <dependent idx="10">-</dependent>
          </dep>
          <dep type="compound">
            <governor idx="12">patrols</governor>
            <dependent idx="11">piracy</dependent>
          </dep>
          <dep type="nmod:on">
            <governor idx="7">deployed</governor>
            <dependent idx="12">patrols</dependent>
          </dep>
          <dep type="case">
            <governor idx="15">Gulf</governor>
            <dependent idx="13">in</dependent>
          </dep>
          <dep type="det">
            <governor idx="15">Gulf</governor>
            <dependent idx="14">the</dependent>
          </dep>
          <dep type="nmod:in">
            <governor idx="12">patrols</governor>
            <dependent idx="15">Gulf</dependent>
          </dep>
          <dep type="case">
            <governor idx="17">Aden</governor>
            <dependent idx="16">of</dependent>
          </dep>
          <dep type="nmod:of">
            <governor idx="15">Gulf</governor>
            <dependent idx="17">Aden</dependent>
          </dep>
          <dep type="case">
            <governor idx="21">control</governor>
            <dependent idx="18">under</dependent>
          </dep>
          <dep type="det">
            <governor idx="21">control</governor>
            <dependent idx="19">the</dependent>
          </dep>
          <dep type="amod">
            <governor idx="21">control</governor>
            <dependent idx="20">operational</dependent>
          </dep>
          <dep type="nmod:under">
            <governor idx="7">deployed</governor>
            <dependent idx="21">control</dependent>
          </dep>
          <dep type="case">
            <governor idx="26">Command</governor>
            <dependent idx="22">of</dependent>
          </dep>
          <dep type="det">
            <governor idx="26">Command</governor>
            <dependent idx="23">the</dependent>
          </dep>
          <dep type="amod">
            <governor idx="26">Command</governor>
            <dependent idx="24">Western</dependent>
          </dep>
          <dep type="compound">
            <governor idx="26">Command</governor>
            <dependent idx="25">Naval</dependent>
          </dep>
          <dep type="nmod:of">
            <governor idx="21">control</governor>
            <dependent idx="26">Command</dependent>
          </dep>
          <dep type="punct">
            <governor idx="4">Sukanya</governor>
            <dependent idx="27">,</dependent>
          </dep>
          <dep type="dobj">
            <governor idx="28">found</governor>
            <dependent idx="29">herself</dependent>
          </dep>
          <dep type="advmod">
            <governor idx="31">again</governor>
            <dependent idx="30">once</dependent>
          </dep>
          <dep type="advmod">
            <governor idx="28">found</governor>
            <dependent idx="31">again</dependent>
          </dep>
          <dep type="case">
            <governor idx="34">thick</governor>
            <dependent idx="32">in</dependent>
          </dep>
          <dep type="det">
            <governor idx="34">thick</governor>
            <dependent idx="33">the</dependent>
          </dep>
          <dep type="nmod:in">
            <governor idx="31">again</governor>
            <dependent idx="34">thick</dependent>
          </dep>
          <dep type="case">
            <governor idx="36">things</governor>
            <dependent idx="35">of</dependent>
          </dep>
          <dep type="nmod:of">
            <governor idx="34">thick</governor>
            <dependent idx="36">things</dependent>
          </dep>
          <dep type="punct">
            <governor idx="28">found</governor>
            <dependent idx="37">,</dependent>
          </dep>
          <dep type="xcomp">
            <governor idx="28">found</governor>
            <dependent idx="38">thwarting</dependent>
          </dep>
          <dep type="det">
            <governor idx="44">attack</governor>
            <dependent idx="39">a</dependent>
          </dep>
          <dep type="amod">
            <governor idx="44">attack</governor>
            <dependent idx="40">multiple</dependent>
          </dep>
          <dep type="punct">
            <governor idx="44">attack</governor>
            <dependent idx="41">-</dependent>
          </dep>
          <dep type="compound">
            <governor idx="44">attack</governor>
            <dependent idx="42">boat</dependent>
          </dep>
          <dep type="compound">
            <governor idx="44">attack</governor>
            <dependent idx="43">piracy</dependent>
          </dep>
          <dep type="dobj">
            <governor idx="38">thwarting</governor>
            <dependent idx="44">attack</dependent>
          </dep>
          <dep type="case">
            <governor idx="47">Nov</governor>
            <dependent idx="45">on</dependent>
          </dep>
          <dep type="nummod">
            <governor idx="47">Nov</governor>
            <dependent idx="46">10</dependent>
          </dep>
          <dep type="nmod:on">
            <governor idx="44">attack</governor>
            <dependent idx="47">Nov</dependent>
          </dep>
          <dep type="nummod">
            <governor idx="47">Nov</governor>
            <dependent idx="48">11</dependent>
          </dep>
          <dep type="punct">
            <governor idx="28">found</governor>
            <dependent idx="49">.</dependent>
          </dep>
        </dependencies>
        <dependencies type="collapsed-ccprocessed-dependencies">
          <dep type="root">
            <governor idx="0">ROOT</governor>
            <dependent idx="28">found</dependent>
          </dep>
          <dep type="amod">
            <governor idx="4">Sukanya</governor>
            <dependent idx="1">Indian</dependent>
          </dep>
          <dep type="compound">
            <governor idx="4">Sukanya</governor>
            <dependent idx="2">Naval</dependent>
          </dep>
          <dep type="compound">
            <governor idx="4">Sukanya</governor>
            <dependent idx="3">Ship</dependent>
          </dep>
          <dep type="nsubj">
            <governor idx="28">found</governor>
            <dependent idx="4">Sukanya</dependent>
          </dep>
          <dep type="punct">
            <governor idx="4">Sukanya</governor>
            <dependent idx="5">,</dependent>
          </dep>
          <dep type="advmod">
            <governor idx="7">deployed</governor>
            <dependent idx="6">presently</dependent>
          </dep>
          <dep type="acl">
            <governor idx="4">Sukanya</governor>
            <dependent idx="7">deployed</dependent>
          </dep>
          <dep type="case">
            <governor idx="12">patrols</governor>
            <dependent idx="8">on</dependent>
          </dep>
          <dep type="amod">
            <governor idx="12">patrols</governor>
            <dependent idx="9">anti</dependent>
          </dep>
          <dep type="punct">
            <governor idx="12">patrols</governor>
            <dependent idx="10">-</dependent>
          </dep>
          <dep type="compound">
            <governor idx="12">patrols</governor>
            <dependent idx="11">piracy</dependent>
          </dep>
          <dep type="nmod:on">
            <governor idx="7">deployed</governor>
            <dependent idx="12">patrols</dependent>
          </dep>
          <dep type="case">
            <governor idx="15">Gulf</governor>
            <dependent idx="13">in</dependent>
          </dep>
          <dep type="det">
            <governor idx="15">Gulf</governor>
            <dependent idx="14">the</dependent>
          </dep>
          <dep type="nmod:in">
            <governor idx="12">patrols</governor>
            <dependent idx="15">Gulf</dependent>
          </dep>
          <dep type="case">
            <governor idx="17">Aden</governor>
            <dependent idx="16">of</dependent>
          </dep>
          <dep type="nmod:of">
            <governor idx="15">Gulf</governor>
            <dependent idx="17">Aden</dependent>
          </dep>
          <dep type="case">
            <governor idx="21">control</governor>
            <dependent idx="18">under</dependent>
          </dep>
          <dep type="det">
            <governor idx="21">control</governor>
            <dependent idx="19">the</dependent>
          </dep>
          <dep type="amod">
            <governor idx="21">control</governor>
            <dependent idx="20">operational</dependent>
          </dep>
          <dep type="nmod:under">
            <governor idx="7">deployed</governor>
            <dependent idx="21">control</dependent>
          </dep>
          <dep type="case">
            <governor idx="26">Command</governor>
            <dependent idx="22">of</dependent>
          </dep>
          <dep type="det">
            <governor idx="26">Command</governor>
            <dependent idx="23">the</dependent>
          </dep>
          <dep type="amod">
            <governor idx="26">Command</governor>
            <dependent idx="24">Western</dependent>
          </dep>
          <dep type="compound">
            <governor idx="26">Command</governor>
            <dependent idx="25">Naval</dependent>
          </dep>
          <dep type="nmod:of">
            <governor idx="21">control</governor>
            <dependent idx="26">Command</dependent>
          </dep>
          <dep type="punct">
            <governor idx="4">Sukanya</governor>
            <dependent idx="27">,</dependent>
          </dep>
          <dep type="dobj">
            <governor idx="28">found</governor>
            <dependent idx="29">herself</dependent>
          </dep>
          <dep type="advmod">
            <governor idx="31">again</governor>
            <dependent idx="30">once</dependent>
          </dep>
          <dep type="advmod">
            <governor idx="28">found</governor>
            <dependent idx="31">again</dependent>
          </dep>
          <dep type="case">
            <governor idx="34">thick</governor>
            <dependent idx="32">in</dependent>
          </dep>
          <dep type="det">
            <governor idx="34">thick</governor>
            <dependent idx="33">the</dependent>
          </dep>
          <dep type="nmod:in">
            <governor idx="31">again</governor>
            <dependent idx="34">thick</dependent>
          </dep>
          <dep type="case">
            <governor idx="36">things</governor>
            <dependent idx="35">of</dependent>
          </dep>
          <dep type="nmod:of">
            <governor idx="34">thick</governor>
            <dependent idx="36">things</dependent>
          </dep>
          <dep type="punct">
            <governor idx="28">found</governor>
            <dependent idx="37">,</dependent>
          </dep>
          <dep type="xcomp">
            <governor idx="28">found</governor>
            <dependent idx="38">thwarting</dependent>
          </dep>
          <dep type="det">
            <governor idx="44">attack</governor>
            <dependent idx="39">a</dependent>
          </dep>
          <dep type="amod">
            <governor idx="44">attack</governor>
            <dependent idx="40">multiple</dependent>
          </dep>
          <dep type="punct">
            <governor idx="44">attack</governor>
            <dependent idx="41">-</dependent>
          </dep>
          <dep type="compound">
            <governor idx="44">attack</governor>
            <dependent idx="42">boat</dependent>
          </dep>
          <dep type="compound">
            <governor idx="44">attack</governor>
            <dependent idx="43">piracy</dependent>
          </dep>
          <dep type="dobj">
            <governor idx="38">thwarting</governor>
            <dependent idx="44">attack</dependent>
          </dep>
          <dep type="case">
            <governor idx="47">Nov</governor>
            <dependent idx="45">on</dependent>
          </dep>
          <dep type="nummod">
            <governor idx="47">Nov</governor>
            <dependent idx="46">10</dependent>
          </dep>
          <dep type="nmod:on">
            <governor idx="44">attack</governor>
            <dependent idx="47">Nov</dependent>
          </dep>
          <dep type="nummod">
            <governor idx="47">Nov</governor>
            <dependent idx="48">11</dependent>
          </dep>
          <dep type="punct">
            <governor idx="28">found</governor>
            <dependent idx="49">.</dependent>
          </dep>
        </dependencies>
      </sentence>
    </sentences>
  </document>
</root>
