<?xml version="1.0" encoding="UTF-8"?>
<?xml-stylesheet href="CoreNLP-to-HTML.xsl" type="text/xsl"?>
<root>
  <document>
    <sentences>
      <sentence id="1" line="1">
        <tokens>
          <token id="1">
            <word>A</word>
            <lemma>a</lemma>
            <CharacterOffsetBegin>0</CharacterOffsetBegin>
            <CharacterOffsetEnd>1</CharacterOffsetEnd>
            <POS>DT</POS>
            <NER>O</NER>
          </token>
          <token id="2">
            <word>church</word>
            <lemma>church</lemma>
            <CharacterOffsetBegin>2</CharacterOffsetBegin>
            <CharacterOffsetEnd>8</CharacterOffsetEnd>
            <POS>NN</POS>
            <NER>O</NER>
          </token>
          <token id="3">
            <word>was</word>
            <lemma>be</lemma>
            <CharacterOffsetBegin>9</CharacterOffsetBegin>
            <CharacterOffsetEnd>12</CharacterOffsetEnd>
            <POS>VBD</POS>
            <NER>O</NER>
          </token>
          <token id="4">
            <word>devastated</word>
            <lemma>devastate</lemma>
            <CharacterOffsetBegin>13</CharacterOffsetBegin>
            <CharacterOffsetEnd>23</CharacterOffsetEnd>
            <POS>VBN</POS>
            <NER>O</NER>
          </token>
          <token id="5">
            <word>by</word>
            <lemma>by</lemma>
            <CharacterOffsetBegin>24</CharacterOffsetBegin>
            <CharacterOffsetEnd>26</CharacterOffsetEnd>
            <POS>IN</POS>
            <NER>O</NER>
          </token>
          <token id="6">
            <word>fire</word>
            <lemma>fire</lemma>
            <CharacterOffsetBegin>27</CharacterOffsetBegin>
            <CharacterOffsetEnd>31</CharacterOffsetEnd>
            <POS>NN</POS>
            <NER>O</NER>
          </token>
          <token id="7">
            <word>,</word>
            <lemma>,</lemma>
            <CharacterOffsetBegin>32</CharacterOffsetBegin>
            <CharacterOffsetEnd>33</CharacterOffsetEnd>
            <POS>,</POS>
            <NER>O</NER>
          </token>
          <token id="8">
            <word>which</word>
            <lemma>which</lemma>
            <CharacterOffsetBegin>34</CharacterOffsetBegin>
            <CharacterOffsetEnd>39</CharacterOffsetEnd>
            <POS>WDT</POS>
            <NER>O</NER>
          </token>
          <token id="9">
            <word>was</word>
            <lemma>be</lemma>
            <CharacterOffsetBegin>40</CharacterOffsetBegin>
            <CharacterOffsetEnd>43</CharacterOffsetEnd>
            <POS>VBD</POS>
            <NER>O</NER>
          </token>
          <token id="10">
            <word>attended</word>
            <lemma>attend</lemma>
            <CharacterOffsetBegin>44</CharacterOffsetBegin>
            <CharacterOffsetEnd>52</CharacterOffsetEnd>
            <POS>VBN</POS>
            <NER>O</NER>
          </token>
          <token id="11">
            <word>by</word>
            <lemma>by</lemma>
            <CharacterOffsetBegin>53</CharacterOffsetBegin>
            <CharacterOffsetEnd>55</CharacterOffsetEnd>
            <POS>IN</POS>
            <NER>O</NER>
          </token>
          <token id="12">
            <word>Alaska</word>
            <lemma>Alaska</lemma>
            <CharacterOffsetBegin>56</CharacterOffsetBegin>
            <CharacterOffsetEnd>62</CharacterOffsetEnd>
            <POS>NNP</POS>
            <NER>LOCATION</NER>
          </token>
          <token id="13">
            <word>Gov.</word>
            <lemma>Gov.</lemma>
            <CharacterOffsetBegin>63</CharacterOffsetBegin>
            <CharacterOffsetEnd>67</CharacterOffsetEnd>
            <POS>NNP</POS>
            <NER>O</NER>
          </token>
          <token id="14">
            <word>Sarah</word>
            <lemma>Sarah</lemma>
            <CharacterOffsetBegin>68</CharacterOffsetBegin>
            <CharacterOffsetEnd>73</CharacterOffsetEnd>
            <POS>NNP</POS>
            <NER>PERSON</NER>
          </token>
          <token id="15">
            <word>Palin</word>
            <lemma>Palin</lemma>
            <CharacterOffsetBegin>74</CharacterOffsetBegin>
            <CharacterOffsetEnd>79</CharacterOffsetEnd>
            <POS>NNP</POS>
            <NER>PERSON</NER>
          </token>
          <token id="16">
            <word>on</word>
            <lemma>on</lemma>
            <CharacterOffsetBegin>80</CharacterOffsetBegin>
            <CharacterOffsetEnd>82</CharacterOffsetEnd>
            <POS>IN</POS>
            <NER>O</NER>
          </token>
          <token id="17">
            <word>Friday</word>
            <lemma>Friday</lemma>
            <CharacterOffsetBegin>83</CharacterOffsetBegin>
            <CharacterOffsetEnd>89</CharacterOffsetEnd>
            <POS>NNP</POS>
            <NER>DATE</NER>
            <NormalizedNER>XXXX-WXX-5TNI</NormalizedNER>
            <Timex tid="t1" type="TIME">XXXX-WXX-5TNI</Timex>
          </token>
          <token id="18">
            <word>night</word>
            <lemma>night</lemma>
            <CharacterOffsetBegin>90</CharacterOffsetBegin>
            <CharacterOffsetEnd>95</CharacterOffsetEnd>
            <POS>NN</POS>
            <NER>TIME</NER>
            <NormalizedNER>XXXX-WXX-5TNI</NormalizedNER>
            <Timex tid="t1" type="TIME">XXXX-WXX-5TNI</Timex>
          </token>
          <token id="19">
            <word>in</word>
            <lemma>in</lemma>
            <CharacterOffsetBegin>96</CharacterOffsetBegin>
            <CharacterOffsetEnd>98</CharacterOffsetEnd>
            <POS>IN</POS>
            <NER>O</NER>
          </token>
          <token id="20">
            <word>her</word>
            <lemma>she</lemma>
            <CharacterOffsetBegin>99</CharacterOffsetBegin>
            <CharacterOffsetEnd>102</CharacterOffsetEnd>
            <POS>PRP$</POS>
            <NER>O</NER>
          </token>
          <token id="21">
            <word>hometown</word>
            <lemma>hometown</lemma>
            <CharacterOffsetBegin>103</CharacterOffsetBegin>
            <CharacterOffsetEnd>111</CharacterOffsetEnd>
            <POS>NN</POS>
            <NER>O</NER>
          </token>
          <token id="22">
            <word>of</word>
            <lemma>of</lemma>
            <CharacterOffsetBegin>112</CharacterOffsetBegin>
            <CharacterOffsetEnd>114</CharacterOffsetEnd>
            <POS>IN</POS>
            <NER>O</NER>
          </token>
          <token id="23">
            <word>Wasilla</word>
            <lemma>Wasilla</lemma>
            <CharacterOffsetBegin>115</CharacterOffsetBegin>
            <CharacterOffsetEnd>122</CharacterOffsetEnd>
            <POS>NNP</POS>
            <NER>LOCATION</NER>
          </token>
          <token id="24">
            <word>.</word>
            <lemma>.</lemma>
            <CharacterOffsetBegin>123</CharacterOffsetBegin>
            <CharacterOffsetEnd>124</CharacterOffsetEnd>
            <POS>.</POS>
            <NER>O</NER>
          </token>
        </tokens>
        <parse>(ROOT (S (NP (DT A) (NN church)) (VP (VBD was) (VP (VBN devastated) (PP (IN by) (NP (NP (NN fire)) (, ,) (SBAR (WHNP (WDT which)) (S (VP (VBD was) (VP (VBN attended) (PP (IN by) (NP (NP (NNP Alaska) (NNP Gov.) (NNP Sarah) (NNP Palin)) (PP (IN on) (NP (NNP Friday))))) (NP-TMP (NN night)) (PP (IN in) (NP (NP (PRP$ her) (NN hometown)) (PP (IN of) (NP (NNP Wasilla))))))))))))) (. .))) </parse>
        <dependencies type="basic-dependencies">
          <dep type="root">
            <governor idx="0">ROOT</governor>
            <dependent idx="4">devastated</dependent>
          </dep>
          <dep type="det">
            <governor idx="2">church</governor>
            <dependent idx="1">A</dependent>
          </dep>
          <dep type="nsubjpass">
            <governor idx="4">devastated</governor>
            <dependent idx="2">church</dependent>
          </dep>
          <dep type="auxpass">
            <governor idx="4">devastated</governor>
            <dependent idx="3">was</dependent>
          </dep>
          <dep type="case">
            <governor idx="6">fire</governor>
            <dependent idx="5">by</dependent>
          </dep>
          <dep type="nmod">
            <governor idx="4">devastated</governor>
            <dependent idx="6">fire</dependent>
          </dep>
          <dep type="punct">
            <governor idx="6">fire</governor>
            <dependent idx="7">,</dependent>
          </dep>
          <dep type="nsubjpass">
            <governor idx="10">attended</governor>
            <dependent idx="8">which</dependent>
          </dep>
          <dep type="auxpass">
            <governor idx="10">attended</governor>
            <dependent idx="9">was</dependent>
          </dep>
          <dep type="acl:relcl">
            <governor idx="6">fire</governor>
            <dependent idx="10">attended</dependent>
          </dep>
          <dep type="case">
            <governor idx="12">Alaska</governor>
            <dependent idx="11">by</dependent>
          </dep>
          <dep type="nmod">
            <governor idx="10">attended</governor>
            <dependent idx="12">Alaska</dependent>
          </dep>
          <dep type="compound">
            <governor idx="15">Palin</governor>
            <dependent idx="13">Gov.</dependent>
          </dep>
          <dep type="compound">
            <governor idx="15">Palin</governor>
            <dependent idx="14">Sarah</dependent>
          </dep>
          <dep type="dep">
            <governor idx="12">Alaska</governor>
            <dependent idx="15">Palin</dependent>
          </dep>
          <dep type="case">
            <governor idx="18">night</governor>
            <dependent idx="16">on</dependent>
          </dep>
          <dep type="compound">
            <governor idx="18">night</governor>
            <dependent idx="17">Friday</dependent>
          </dep>
          <dep type="nmod">
            <governor idx="15">Palin</governor>
            <dependent idx="18">night</dependent>
          </dep>
          <dep type="case">
            <governor idx="21">hometown</governor>
            <dependent idx="19">in</dependent>
          </dep>
          <dep type="nmod:poss">
            <governor idx="21">hometown</governor>
            <dependent idx="20">her</dependent>
          </dep>
          <dep type="nmod">
            <governor idx="18">night</governor>
            <dependent idx="21">hometown</dependent>
          </dep>
          <dep type="case">
            <governor idx="23">Wasilla</governor>
            <dependent idx="22">of</dependent>
          </dep>
          <dep type="nmod">
            <governor idx="21">hometown</governor>
            <dependent idx="23">Wasilla</dependent>
          </dep>
          <dep type="punct">
            <governor idx="4">devastated</governor>
            <dependent idx="24">.</dependent>
          </dep>
        </dependencies>
        <dependencies type="collapsed-dependencies">
          <dep type="root">
            <governor idx="0">ROOT</governor>
            <dependent idx="4">devastated</dependent>
          </dep>
          <dep type="det">
            <governor idx="2">church</governor>
            <dependent idx="1">A</dependent>
          </dep>
          <dep type="nsubjpass">
            <governor idx="4">devastated</governor>
            <dependent idx="2">church</dependent>
          </dep>
          <dep type="auxpass">
            <governor idx="4">devastated</governor>
            <dependent idx="3">was</dependent>
          </dep>
          <dep type="case">
            <governor idx="6">fire</governor>
            <dependent idx="5">by</dependent>
          </dep>
          <dep type="nmod:agent">
            <governor idx="4">devastated</governor>
            <dependent idx="6">fire</dependent>
          </dep>
          <dep type="punct">
            <governor idx="6">fire</governor>
            <dependent idx="7">,</dependent>
          </dep>
          <dep type="nsubjpass">
            <governor idx="10">attended</governor>
            <dependent idx="8">which</dependent>
          </dep>
          <dep type="auxpass">
            <governor idx="10">attended</governor>
            <dependent idx="9">was</dependent>
          </dep>
          <dep type="acl:relcl">
            <governor idx="6">fire</governor>
            <dependent idx="10">attended</dependent>
          </dep>
          <dep type="case">
            <governor idx="12">Alaska</governor>
            <dependent idx="11">by</dependent>
          </dep>
          <dep type="nmod:agent">
            <governor idx="10">attended</governor>
            <dependent idx="12">Alaska</dependent>
          </dep>
          <dep type="compound">
            <governor idx="15">Palin</governor>
            <dependent idx="13">Gov.</dependent>
          </dep>
          <dep type="compound">
            <governor idx="15">Palin</governor>
            <dependent idx="14">Sarah</dependent>
          </dep>
          <dep type="dep">
            <governor idx="12">Alaska</governor>
            <dependent idx="15">Palin</dependent>
          </dep>
          <dep type="case">
            <governor idx="18">night</governor>
            <dependent idx="16">on</dependent>
          </dep>
          <dep type="compound">
            <governor idx="18">night</governor>
            <dependent idx="17">Friday</dependent>
          </dep>
          <dep type="nmod:on">
            <governor idx="15">Palin</governor>
            <dependent idx="18">night</dependent>
          </dep>
          <dep type="case">
            <governor idx="21">hometown</governor>
            <dependent idx="19">in</dependent>
          </dep>
          <dep type="nmod:poss">
            <governor idx="21">hometown</governor>
            <dependent idx="20">her</dependent>
          </dep>
          <dep type="nmod:in">
            <governor idx="18">night</governor>
            <dependent idx="21">hometown</dependent>
          </dep>
          <dep type="case">
            <governor idx="23">Wasilla</governor>
            <dependent idx="22">of</dependent>
          </dep>
          <dep type="nmod:of">
            <governor idx="21">hometown</governor>
            <dependent idx="23">Wasilla</dependent>
          </dep>
          <dep type="punct">
            <governor idx="4">devastated</governor>
            <dependent idx="24">.</dependent>
          </dep>
        </dependencies>
        <dependencies type="collapsed-ccprocessed-dependencies">
          <dep type="root">
            <governor idx="0">ROOT</governor>
            <dependent idx="4">devastated</dependent>
          </dep>
          <dep type="det">
            <governor idx="2">church</governor>
            <dependent idx="1">A</dependent>
          </dep>
          <dep type="nsubjpass">
            <governor idx="4">devastated</governor>
            <dependent idx="2">church</dependent>
          </dep>
          <dep type="auxpass">
            <governor idx="4">devastated</governor>
            <dependent idx="3">was</dependent>
          </dep>
          <dep type="case">
            <governor idx="6">fire</governor>
            <dependent idx="5">by</dependent>
          </dep>
          <dep type="nmod:agent">
            <governor idx="4">devastated</governor>
            <dependent idx="6">fire</dependent>
          </dep>
          <dep type="punct">
            <governor idx="6">fire</governor>
            <dependent idx="7">,</dependent>
          </dep>
          <dep type="nsubjpass">
            <governor idx="10">attended</governor>
            <dependent idx="8">which</dependent>
          </dep>
          <dep type="auxpass">
            <governor idx="10">attended</governor>
            <dependent idx="9">was</dependent>
          </dep>
          <dep type="acl:relcl">
            <governor idx="6">fire</governor>
            <dependent idx="10">attended</dependent>
          </dep>
          <dep type="case">
            <governor idx="12">Alaska</governor>
            <dependent idx="11">by</dependent>
          </dep>
          <dep type="nmod:agent">
            <governor idx="10">attended</governor>
            <dependent idx="12">Alaska</dependent>
          </dep>
          <dep type="compound">
            <governor idx="15">Palin</governor>
            <dependent idx="13">Gov.</dependent>
          </dep>
          <dep type="compound">
            <governor idx="15">Palin</governor>
            <dependent idx="14">Sarah</dependent>
          </dep>
          <dep type="dep">
            <governor idx="12">Alaska</governor>
            <dependent idx="15">Palin</dependent>
          </dep>
          <dep type="case">
            <governor idx="18">night</governor>
            <dependent idx="16">on</dependent>
          </dep>
          <dep type="compound">
            <governor idx="18">night</governor>
            <dependent idx="17">Friday</dependent>
          </dep>
          <dep type="nmod:on">
            <governor idx="15">Palin</governor>
            <dependent idx="18">night</dependent>
          </dep>
          <dep type="case">
            <governor idx="21">hometown</governor>
            <dependent idx="19">in</dependent>
          </dep>
          <dep type="nmod:poss">
            <governor idx="21">hometown</governor>
            <dependent idx="20">her</dependent>
          </dep>
          <dep type="nmod:in">
            <governor idx="18">night</governor>
            <dependent idx="21">hometown</dependent>
          </dep>
          <dep type="case">
            <governor idx="23">Wasilla</governor>
            <dependent idx="22">of</dependent>
          </dep>
          <dep type="nmod:of">
            <governor idx="21">hometown</governor>
            <dependent idx="23">Wasilla</dependent>
          </dep>
          <dep type="punct">
            <governor idx="4">devastated</governor>
            <dependent idx="24">.</dependent>
          </dep>
        </dependencies>
      </sentence>
    </sentences>
  </document>
</root>
