<?xml version="1.0" encoding="UTF-8"?>
<?xml-stylesheet href="CoreNLP-to-HTML.xsl" type="text/xsl"?>
<root>
  <document>
    <sentences>
      <sentence id="1" line="1">
        <tokens>
          <token id="1">
            <word>Gov.</word>
            <lemma>Gov.</lemma>
            <CharacterOffsetBegin>0</CharacterOffsetBegin>
            <CharacterOffsetEnd>4</CharacterOffsetEnd>
            <POS>NNP</POS>
            <NER>O</NER>
          </token>
          <token id="2">
            <word>Sarah</word>
            <lemma>Sarah</lemma>
            <CharacterOffsetBegin>5</CharacterOffsetBegin>
            <CharacterOffsetEnd>10</CharacterOffsetEnd>
            <POS>NNP</POS>
            <NER>PERSON</NER>
          </token>
          <token id="3">
            <word>Palin</word>
            <lemma>Palin</lemma>
            <CharacterOffsetBegin>11</CharacterOffsetBegin>
            <CharacterOffsetEnd>16</CharacterOffsetEnd>
            <POS>NNP</POS>
            <NER>PERSON</NER>
          </token>
          <token id="4">
            <word>'s</word>
            <lemma>'s</lemma>
            <CharacterOffsetBegin>17</CharacterOffsetBegin>
            <CharacterOffsetEnd>19</CharacterOffsetEnd>
            <POS>POS</POS>
            <NER>O</NER>
          </token>
          <token id="5">
            <word>home</word>
            <lemma>home</lemma>
            <CharacterOffsetBegin>20</CharacterOffsetBegin>
            <CharacterOffsetEnd>24</CharacterOffsetEnd>
            <POS>NN</POS>
            <NER>O</NER>
          </token>
          <token id="6">
            <word>church</word>
            <lemma>church</lemma>
            <CharacterOffsetBegin>25</CharacterOffsetBegin>
            <CharacterOffsetEnd>31</CharacterOffsetEnd>
            <POS>NN</POS>
            <NER>O</NER>
          </token>
          <token id="7">
            <word>was</word>
            <lemma>be</lemma>
            <CharacterOffsetBegin>32</CharacterOffsetBegin>
            <CharacterOffsetEnd>35</CharacterOffsetEnd>
            <POS>VBD</POS>
            <NER>O</NER>
          </token>
          <token id="8">
            <word>badly</word>
            <lemma>badly</lemma>
            <CharacterOffsetBegin>36</CharacterOffsetBegin>
            <CharacterOffsetEnd>41</CharacterOffsetEnd>
            <POS>RB</POS>
            <NER>O</NER>
          </token>
          <token id="9">
            <word>damaged</word>
            <lemma>damage</lemma>
            <CharacterOffsetBegin>42</CharacterOffsetBegin>
            <CharacterOffsetEnd>49</CharacterOffsetEnd>
            <POS>VBN</POS>
            <NER>O</NER>
          </token>
          <token id="10">
            <word>by</word>
            <lemma>by</lemma>
            <CharacterOffsetBegin>50</CharacterOffsetBegin>
            <CharacterOffsetEnd>52</CharacterOffsetEnd>
            <POS>IN</POS>
            <NER>O</NER>
          </token>
          <token id="11">
            <word>arson</word>
            <lemma>arson</lemma>
            <CharacterOffsetBegin>53</CharacterOffsetBegin>
            <CharacterOffsetEnd>58</CharacterOffsetEnd>
            <POS>NN</POS>
            <NER>O</NER>
          </token>
          <token id="12">
            <word>,</word>
            <lemma>,</lemma>
            <CharacterOffsetBegin>59</CharacterOffsetBegin>
            <CharacterOffsetEnd>60</CharacterOffsetEnd>
            <POS>,</POS>
            <NER>O</NER>
          </token>
          <token id="13">
            <word>leading</word>
            <lemma>lead</lemma>
            <CharacterOffsetBegin>61</CharacterOffsetBegin>
            <CharacterOffsetEnd>68</CharacterOffsetEnd>
            <POS>VBG</POS>
            <NER>O</NER>
          </token>
          <token id="14">
            <word>Ms.</word>
            <lemma>Ms.</lemma>
            <CharacterOffsetBegin>69</CharacterOffsetBegin>
            <CharacterOffsetEnd>72</CharacterOffsetEnd>
            <POS>NNP</POS>
            <NER>O</NER>
          </token>
          <token id="15">
            <word>Palin</word>
            <lemma>Palin</lemma>
            <CharacterOffsetBegin>73</CharacterOffsetBegin>
            <CharacterOffsetEnd>78</CharacterOffsetEnd>
            <POS>NNP</POS>
            <NER>PERSON</NER>
          </token>
          <token id="16">
            <word>to</word>
            <lemma>to</lemma>
            <CharacterOffsetBegin>79</CharacterOffsetBegin>
            <CharacterOffsetEnd>81</CharacterOffsetEnd>
            <POS>TO</POS>
            <NER>O</NER>
          </token>
          <token id="17">
            <word>apologize</word>
            <lemma>apologize</lemma>
            <CharacterOffsetBegin>82</CharacterOffsetBegin>
            <CharacterOffsetEnd>91</CharacterOffsetEnd>
            <POS>VB</POS>
            <NER>O</NER>
          </token>
          <token id="18">
            <word>if</word>
            <lemma>if</lemma>
            <CharacterOffsetBegin>92</CharacterOffsetBegin>
            <CharacterOffsetEnd>94</CharacterOffsetEnd>
            <POS>IN</POS>
            <NER>O</NER>
          </token>
          <token id="19">
            <word>the</word>
            <lemma>the</lemma>
            <CharacterOffsetBegin>95</CharacterOffsetBegin>
            <CharacterOffsetEnd>98</CharacterOffsetEnd>
            <POS>DT</POS>
            <NER>O</NER>
          </token>
          <token id="20">
            <word>fire</word>
            <lemma>fire</lemma>
            <CharacterOffsetBegin>99</CharacterOffsetBegin>
            <CharacterOffsetEnd>103</CharacterOffsetEnd>
            <POS>NN</POS>
            <NER>O</NER>
          </token>
          <token id="21">
            <word>was</word>
            <lemma>be</lemma>
            <CharacterOffsetBegin>104</CharacterOffsetBegin>
            <CharacterOffsetEnd>107</CharacterOffsetEnd>
            <POS>VBD</POS>
            <NER>O</NER>
          </token>
          <token id="22">
            <word>connected</word>
            <lemma>connect</lemma>
            <CharacterOffsetBegin>108</CharacterOffsetBegin>
            <CharacterOffsetEnd>117</CharacterOffsetEnd>
            <POS>VBN</POS>
            <NER>O</NER>
          </token>
          <token id="23">
            <word>to</word>
            <lemma>to</lemma>
            <CharacterOffsetBegin>118</CharacterOffsetBegin>
            <CharacterOffsetEnd>120</CharacterOffsetEnd>
            <POS>TO</POS>
            <NER>O</NER>
          </token>
          <token id="24">
            <word>`undeserved</word>
            <lemma>`undeserved</lemma>
            <CharacterOffsetBegin>121</CharacterOffsetBegin>
            <CharacterOffsetEnd>132</CharacterOffsetEnd>
            <POS>VBN</POS>
            <NER>O</NER>
          </token>
          <token id="25">
            <word>negative</word>
            <lemma>negative</lemma>
            <CharacterOffsetBegin>133</CharacterOffsetBegin>
            <CharacterOffsetEnd>141</CharacterOffsetEnd>
            <POS>JJ</POS>
            <NER>O</NER>
          </token>
          <token id="26">
            <word>attention</word>
            <lemma>attention</lemma>
            <CharacterOffsetBegin>142</CharacterOffsetBegin>
            <CharacterOffsetEnd>151</CharacterOffsetEnd>
            <POS>NN</POS>
            <NER>O</NER>
          </token>
          <token id="27">
            <word>'</word>
            <lemma>'</lemma>
            <CharacterOffsetBegin>152</CharacterOffsetBegin>
            <CharacterOffsetEnd>153</CharacterOffsetEnd>
            <POS>''</POS>
            <NER>O</NER>
          </token>
          <token id="28">
            <word>the</word>
            <lemma>the</lemma>
            <CharacterOffsetBegin>154</CharacterOffsetBegin>
            <CharacterOffsetEnd>157</CharacterOffsetEnd>
            <POS>DT</POS>
            <NER>O</NER>
          </token>
          <token id="29">
            <word>church</word>
            <lemma>church</lemma>
            <CharacterOffsetBegin>158</CharacterOffsetBegin>
            <CharacterOffsetEnd>164</CharacterOffsetEnd>
            <POS>NN</POS>
            <NER>O</NER>
          </token>
          <token id="30">
            <word>received</word>
            <lemma>receive</lemma>
            <CharacterOffsetBegin>165</CharacterOffsetBegin>
            <CharacterOffsetEnd>173</CharacterOffsetEnd>
            <POS>VBN</POS>
            <NER>O</NER>
          </token>
          <token id="31">
            <word>during</word>
            <lemma>during</lemma>
            <CharacterOffsetBegin>174</CharacterOffsetBegin>
            <CharacterOffsetEnd>180</CharacterOffsetEnd>
            <POS>IN</POS>
            <NER>O</NER>
          </token>
          <token id="32">
            <word>her</word>
            <lemma>she</lemma>
            <CharacterOffsetBegin>181</CharacterOffsetBegin>
            <CharacterOffsetEnd>184</CharacterOffsetEnd>
            <POS>PRP$</POS>
            <NER>O</NER>
          </token>
          <token id="33">
            <word>campaign</word>
            <lemma>campaign</lemma>
            <CharacterOffsetBegin>185</CharacterOffsetBegin>
            <CharacterOffsetEnd>193</CharacterOffsetEnd>
            <POS>NN</POS>
            <NER>O</NER>
          </token>
          <token id="34">
            <word>as</word>
            <lemma>as</lemma>
            <CharacterOffsetBegin>194</CharacterOffsetBegin>
            <CharacterOffsetEnd>196</CharacterOffsetEnd>
            <POS>IN</POS>
            <NER>O</NER>
          </token>
          <token id="35">
            <word>the</word>
            <lemma>the</lemma>
            <CharacterOffsetBegin>197</CharacterOffsetBegin>
            <CharacterOffsetEnd>200</CharacterOffsetEnd>
            <POS>DT</POS>
            <NER>O</NER>
          </token>
          <token id="36">
            <word>Republican</word>
            <lemma>republican</lemma>
            <CharacterOffsetBegin>201</CharacterOffsetBegin>
            <CharacterOffsetEnd>211</CharacterOffsetEnd>
            <POS>JJ</POS>
            <NER>MISC</NER>
          </token>
          <token id="37">
            <word>vice-presidential</word>
            <lemma>vice-presidential</lemma>
            <CharacterOffsetBegin>212</CharacterOffsetBegin>
            <CharacterOffsetEnd>229</CharacterOffsetEnd>
            <POS>JJ</POS>
            <NER>O</NER>
          </token>
          <token id="38">
            <word>nominee</word>
            <lemma>nominee</lemma>
            <CharacterOffsetBegin>230</CharacterOffsetBegin>
            <CharacterOffsetEnd>237</CharacterOffsetEnd>
            <POS>NN</POS>
            <NER>O</NER>
          </token>
          <token id="39">
            <word>.</word>
            <lemma>.</lemma>
            <CharacterOffsetBegin>238</CharacterOffsetBegin>
            <CharacterOffsetEnd>239</CharacterOffsetEnd>
            <POS>.</POS>
            <NER>O</NER>
          </token>
        </tokens>
        <parse>(ROOT (S (NP (NP (NNP Gov.) (NNP Sarah) (NNP Palin) (POS 's)) (NN home) (NN church)) (VP (VBD was) (ADVP (RB badly)) (VP (VBN damaged) (PP (IN by) (NP (NN arson))) (, ,) (S (VP (VBG leading) (S (NP (NNP Ms.) (NNP Palin)) (VP (TO to) (VP (VB apologize) (SBAR (IN if) (S (NP (DT the) (NN fire)) (VP (VBD was) (VP (VBN connected) (S (VP (TO to) (VP (VBN `undeserved) (NP (NP (JJ negative) (NN attention)) ('' ') (SBAR (S (NP (DT the) (NN church)) (VP (VBN received) (PP (IN during) (NP (NP (PRP$ her) (NN campaign)) (PP (IN as) (NP (DT the) (JJ Republican) (JJ vice-presidential) (NN nominee))))))))))))))))))))))) (. .))) </parse>
        <dependencies type="basic-dependencies">
          <dep type="root">
            <governor idx="0">ROOT</governor>
            <dependent idx="9">damaged</dependent>
          </dep>
          <dep type="compound">
            <governor idx="3">Palin</governor>
            <dependent idx="1">Gov.</dependent>
          </dep>
          <dep type="compound">
            <governor idx="3">Palin</governor>
            <dependent idx="2">Sarah</dependent>
          </dep>
          <dep type="nmod:poss">
            <governor idx="6">church</governor>
            <dependent idx="3">Palin</dependent>
          </dep>
          <dep type="case">
            <governor idx="3">Palin</governor>
            <dependent idx="4">'s</dependent>
          </dep>
          <dep type="compound">
            <governor idx="6">church</governor>
            <dependent idx="5">home</dependent>
          </dep>
          <dep type="nsubjpass">
            <governor idx="9">damaged</governor>
            <dependent idx="6">church</dependent>
          </dep>
          <dep type="auxpass">
            <governor idx="9">damaged</governor>
            <dependent idx="7">was</dependent>
          </dep>
          <dep type="advmod">
            <governor idx="9">damaged</governor>
            <dependent idx="8">badly</dependent>
          </dep>
          <dep type="case">
            <governor idx="11">arson</governor>
            <dependent idx="10">by</dependent>
          </dep>
          <dep type="nmod">
            <governor idx="9">damaged</governor>
            <dependent idx="11">arson</dependent>
          </dep>
          <dep type="punct">
            <governor idx="9">damaged</governor>
            <dependent idx="12">,</dependent>
          </dep>
          <dep type="xcomp">
            <governor idx="9">damaged</governor>
            <dependent idx="13">leading</dependent>
          </dep>
          <dep type="compound">
            <governor idx="15">Palin</governor>
            <dependent idx="14">Ms.</dependent>
          </dep>
          <dep type="dobj">
            <governor idx="13">leading</governor>
            <dependent idx="15">Palin</dependent>
          </dep>
          <dep type="mark">
            <governor idx="17">apologize</governor>
            <dependent idx="16">to</dependent>
          </dep>
          <dep type="xcomp">
            <governor idx="13">leading</governor>
            <dependent idx="17">apologize</dependent>
          </dep>
          <dep type="mark">
            <governor idx="22">connected</governor>
            <dependent idx="18">if</dependent>
          </dep>
          <dep type="det">
            <governor idx="20">fire</governor>
            <dependent idx="19">the</dependent>
          </dep>
          <dep type="nsubjpass">
            <governor idx="22">connected</governor>
            <dependent idx="20">fire</dependent>
          </dep>
          <dep type="auxpass">
            <governor idx="22">connected</governor>
            <dependent idx="21">was</dependent>
          </dep>
          <dep type="advcl">
            <governor idx="17">apologize</governor>
            <dependent idx="22">connected</dependent>
          </dep>
          <dep type="case">
            <governor idx="26">attention</governor>
            <dependent idx="23">to</dependent>
          </dep>
          <dep type="amod">
            <governor idx="26">attention</governor>
            <dependent idx="24">`undeserved</dependent>
          </dep>
          <dep type="amod">
            <governor idx="26">attention</governor>
            <dependent idx="25">negative</dependent>
          </dep>
          <dep type="nmod">
            <governor idx="22">connected</governor>
            <dependent idx="26">attention</dependent>
          </dep>
          <dep type="punct">
            <governor idx="29">church</governor>
            <dependent idx="27">'</dependent>
          </dep>
          <dep type="det">
            <governor idx="29">church</governor>
            <dependent idx="28">the</dependent>
          </dep>
          <dep type="dobj">
            <governor idx="22">connected</governor>
            <dependent idx="29">church</dependent>
          </dep>
          <dep type="acl">
            <governor idx="29">church</governor>
            <dependent idx="30">received</dependent>
          </dep>
          <dep type="case">
            <governor idx="33">campaign</governor>
            <dependent idx="31">during</dependent>
          </dep>
          <dep type="nmod:poss">
            <governor idx="33">campaign</governor>
            <dependent idx="32">her</dependent>
          </dep>
          <dep type="nmod">
            <governor idx="30">received</governor>
            <dependent idx="33">campaign</dependent>
          </dep>
          <dep type="case">
            <governor idx="38">nominee</governor>
            <dependent idx="34">as</dependent>
          </dep>
          <dep type="det">
            <governor idx="38">nominee</governor>
            <dependent idx="35">the</dependent>
          </dep>
          <dep type="amod">
            <governor idx="38">nominee</governor>
            <dependent idx="36">Republican</dependent>
          </dep>
          <dep type="amod">
            <governor idx="38">nominee</governor>
            <dependent idx="37">vice-presidential</dependent>
          </dep>
          <dep type="nmod">
            <governor idx="33">campaign</governor>
            <dependent idx="38">nominee</dependent>
          </dep>
          <dep type="punct">
            <governor idx="9">damaged</governor>
            <dependent idx="39">.</dependent>
          </dep>
        </dependencies>
        <dependencies type="collapsed-dependencies">
          <dep type="root">
            <governor idx="0">ROOT</governor>
            <dependent idx="9">damaged</dependent>
          </dep>
          <dep type="compound">
            <governor idx="3">Palin</governor>
            <dependent idx="1">Gov.</dependent>
          </dep>
          <dep type="compound">
            <governor idx="3">Palin</governor>
            <dependent idx="2">Sarah</dependent>
          </dep>
          <dep type="nmod:poss">
            <governor idx="6">church</governor>
            <dependent idx="3">Palin</dependent>
          </dep>
          <dep type="case">
            <governor idx="3">Palin</governor>
            <dependent idx="4">'s</dependent>
          </dep>
          <dep type="compound">
            <governor idx="6">church</governor>
            <dependent idx="5">home</dependent>
          </dep>
          <dep type="nsubjpass">
            <governor idx="9">damaged</governor>
            <dependent idx="6">church</dependent>
          </dep>
          <dep type="auxpass">
            <governor idx="9">damaged</governor>
            <dependent idx="7">was</dependent>
          </dep>
          <dep type="advmod">
            <governor idx="9">damaged</governor>
            <dependent idx="8">badly</dependent>
          </dep>
          <dep type="case">
            <governor idx="11">arson</governor>
            <dependent idx="10">by</dependent>
          </dep>
          <dep type="nmod:agent">
            <governor idx="9">damaged</governor>
            <dependent idx="11">arson</dependent>
          </dep>
          <dep type="punct">
            <governor idx="9">damaged</governor>
            <dependent idx="12">,</dependent>
          </dep>
          <dep type="xcomp">
            <governor idx="9">damaged</governor>
            <dependent idx="13">leading</dependent>
          </dep>
          <dep type="compound">
            <governor idx="15">Palin</governor>
            <dependent idx="14">Ms.</dependent>
          </dep>
          <dep type="dobj">
            <governor idx="13">leading</governor>
            <dependent idx="15">Palin</dependent>
          </dep>
          <dep type="mark">
            <governor idx="17">apologize</governor>
            <dependent idx="16">to</dependent>
          </dep>
          <dep type="xcomp">
            <governor idx="13">leading</governor>
            <dependent idx="17">apologize</dependent>
          </dep>
          <dep type="mark">
            <governor idx="22">connected</governor>
            <dependent idx="18">if</dependent>
          </dep>
          <dep type="det">
            <governor idx="20">fire</governor>
            <dependent idx="19">the</dependent>
          </dep>
          <dep type="nsubjpass">
            <governor idx="22">connected</governor>
            <dependent idx="20">fire</dependent>
          </dep>
          <dep type="auxpass">
            <governor idx="22">connected</governor>
            <dependent idx="21">was</dependent>
          </dep>
          <dep type="advcl">
            <governor idx="17">apologize</governor>
            <dependent idx="22">connected</dependent>
          </dep>
          <dep type="case">
            <governor idx="26">attention</governor>
            <dependent idx="23">to</dependent>
          </dep>
          <dep type="amod">
            <governor idx="26">attention</governor>
            <dependent idx="24">`undeserved</dependent>
          </dep>
          <dep type="amod">
            <governor idx="26">attention</governor>
            <dependent idx="25">negative</dependent>
          </dep>
          <dep type="nmod:to">
            <governor idx="22">connected</governor>
            <dependent idx="26">attention</dependent>
          </dep>
          <dep type="punct">
            <governor idx="29">church</governor>
            <dependent idx="27">'</dependent>
          </dep>
          <dep type="det">
            <governor idx="29">church</governor>
            <dependent idx="28">the</dependent>
          </dep>
          <dep type="dobj">
            <governor idx="22">connected</governor>
            <dependent idx="29">church</dependent>
          </dep>
          <dep type="acl">
            <governor idx="29">church</governor>
            <dependent idx="30">received</dependent>
          </dep>
          <dep type="case">
            <governor idx="33">campaign</governor>
            <dependent idx="31">during</dependent>
          </dep>
          <dep type="nmod:poss">
            <governor idx="33">campaign</governor>
            <dependent idx="32">her</dependent>
          </dep>
          <dep type="nmod:during">
            <governor idx="30">received</governor>
            <dependent idx="33">campaign</dependent>
          </dep>
          <dep type="case">
            <governor idx="38">nominee</governor>
            <dependent idx="34">as</dependent>
          </dep>
          <dep type="det">
            <governor idx="38">nominee</governor>
            <dependent idx="35">the</dependent>
          </dep>
          <dep type="amod">
            <governor idx="38">nominee</governor>
            <dependent idx="36">Republican</dependent>
          </dep>
          <dep type="amod">
            <governor idx="38">nominee</governor>
            <dependent idx="37">vice-presidential</dependent>
          </dep>
          <dep type="nmod:as">
            <governor idx="33">campaign</governor>
            <dependent idx="38">nominee</dependent>
          </dep>
          <dep type="punct">
            <governor idx="9">damaged</governor>
            <dependent idx="39">.</dependent>
          </dep>
        </dependencies>
        <dependencies type="collapsed-ccprocessed-dependencies">
          <dep type="root">
            <governor idx="0">ROOT</governor>
            <dependent idx="9">damaged</dependent>
          </dep>
          <dep type="compound">
            <governor idx="3">Palin</governor>
            <dependent idx="1">Gov.</dependent>
          </dep>
          <dep type="compound">
            <governor idx="3">Palin</governor>
            <dependent idx="2">Sarah</dependent>
          </dep>
          <dep type="nmod:poss">
            <governor idx="6">church</governor>
            <dependent idx="3">Palin</dependent>
          </dep>
          <dep type="case">
            <governor idx="3">Palin</governor>
            <dependent idx="4">'s</dependent>
          </dep>
          <dep type="compound">
            <governor idx="6">church</governor>
            <dependent idx="5">home</dependent>
          </dep>
          <dep type="nsubjpass">
            <governor idx="9">damaged</governor>
            <dependent idx="6">church</dependent>
          </dep>
          <dep type="auxpass">
            <governor idx="9">damaged</governor>
            <dependent idx="7">was</dependent>
          </dep>
          <dep type="advmod">
            <governor idx="9">damaged</governor>
            <dependent idx="8">badly</dependent>
          </dep>
          <dep type="case">
            <governor idx="11">arson</governor>
            <dependent idx="10">by</dependent>
          </dep>
          <dep type="nmod:agent">
            <governor idx="9">damaged</governor>
            <dependent idx="11">arson</dependent>
          </dep>
          <dep type="punct">
            <governor idx="9">damaged</governor>
            <dependent idx="12">,</dependent>
          </dep>
          <dep type="xcomp">
            <governor idx="9">damaged</governor>
            <dependent idx="13">leading</dependent>
          </dep>
          <dep type="compound">
            <governor idx="15">Palin</governor>
            <dependent idx="14">Ms.</dependent>
          </dep>
          <dep type="dobj">
            <governor idx="13">leading</governor>
            <dependent idx="15">Palin</dependent>
          </dep>
          <dep type="mark">
            <governor idx="17">apologize</governor>
            <dependent idx="16">to</dependent>
          </dep>
          <dep type="xcomp">
            <governor idx="13">leading</governor>
            <dependent idx="17">apologize</dependent>
          </dep>
          <dep type="mark">
            <governor idx="22">connected</governor>
            <dependent idx="18">if</dependent>
          </dep>
          <dep type="det">
            <governor idx="20">fire</governor>
            <dependent idx="19">the</dependent>
          </dep>
          <dep type="nsubjpass">
            <governor idx="22">connected</governor>
            <dependent idx="20">fire</dependent>
          </dep>
          <dep type="auxpass">
            <governor idx="22">connected</governor>
            <dependent idx="21">was</dependent>
          </dep>
          <dep type="advcl">
            <governor idx="17">apologize</governor>
            <dependent idx="22">connected</dependent>
          </dep>
          <dep type="case">
            <governor idx="26">attention</governor>
            <dependent idx="23">to</dependent>
          </dep>
          <dep type="amod">
            <governor idx="26">attention</governor>
            <dependent idx="24">`undeserved</dependent>
          </dep>
          <dep type="amod">
            <governor idx="26">attention</governor>
            <dependent idx="25">negative</dependent>
          </dep>
          <dep type="nmod:to">
            <governor idx="22">connected</governor>
            <dependent idx="26">attention</dependent>
          </dep>
          <dep type="punct">
            <governor idx="29">church</governor>
            <dependent idx="27">'</dependent>
          </dep>
          <dep type="det">
            <governor idx="29">church</governor>
            <dependent idx="28">the</dependent>
          </dep>
          <dep type="dobj">
            <governor idx="22">connected</governor>
            <dependent idx="29">church</dependent>
          </dep>
          <dep type="acl">
            <governor idx="29">church</governor>
            <dependent idx="30">received</dependent>
          </dep>
          <dep type="case">
            <governor idx="33">campaign</governor>
            <dependent idx="31">during</dependent>
          </dep>
          <dep type="nmod:poss">
            <governor idx="33">campaign</governor>
            <dependent idx="32">her</dependent>
          </dep>
          <dep type="nmod:during">
            <governor idx="30">received</governor>
            <dependent idx="33">campaign</dependent>
          </dep>
          <dep type="case">
            <governor idx="38">nominee</governor>
            <dependent idx="34">as</dependent>
          </dep>
          <dep type="det">
            <governor idx="38">nominee</governor>
            <dependent idx="35">the</dependent>
          </dep>
          <dep type="amod">
            <governor idx="38">nominee</governor>
            <dependent idx="36">Republican</dependent>
          </dep>
          <dep type="amod">
            <governor idx="38">nominee</governor>
            <dependent idx="37">vice-presidential</dependent>
          </dep>
          <dep type="nmod:as">
            <governor idx="33">campaign</governor>
            <dependent idx="38">nominee</dependent>
          </dep>
          <dep type="punct">
            <governor idx="9">damaged</governor>
            <dependent idx="39">.</dependent>
          </dep>
        </dependencies>
      </sentence>
    </sentences>
  </document>
</root>
