<?xml version="1.0" encoding="UTF-8"?>
<?xml-stylesheet href="CoreNLP-to-HTML.xsl" type="text/xsl"?>
<root>
  <document>
    <sentences>
      <sentence id="1" line="1">
        <tokens>
          <token id="1">
            <word>Matanuska</word>
            <lemma>Matanuska</lemma>
            <CharacterOffsetBegin>0</CharacterOffsetBegin>
            <CharacterOffsetEnd>9</CharacterOffsetEnd>
            <POS>NNP</POS>
            <NER>O</NER>
          </token>
          <token id="2">
            <word>Maid</word>
            <lemma>Maid</lemma>
            <CharacterOffsetBegin>10</CharacterOffsetBegin>
            <CharacterOffsetEnd>14</CharacterOffsetEnd>
            <POS>NNP</POS>
            <NER>O</NER>
          </token>
          <token id="3">
            <word>Dairy</word>
            <lemma>Dairy</lemma>
            <CharacterOffsetBegin>15</CharacterOffsetBegin>
            <CharacterOffsetEnd>20</CharacterOffsetEnd>
            <POS>NNP</POS>
            <NER>O</NER>
          </token>
          <token id="4">
            <word>Building</word>
            <lemma>Building</lemma>
            <CharacterOffsetBegin>21</CharacterOffsetBegin>
            <CharacterOffsetEnd>29</CharacterOffsetEnd>
            <POS>NNP</POS>
            <NER>O</NER>
          </token>
          <token id="5">
            <word>Burns</word>
            <lemma>Burns</lemma>
            <CharacterOffsetBegin>30</CharacterOffsetBegin>
            <CharacterOffsetEnd>35</CharacterOffsetEnd>
            <POS>NNP</POS>
            <NER>O</NER>
          </token>
          <token id="6">
            <word>Down</word>
            <lemma>Down</lemma>
            <CharacterOffsetBegin>36</CharacterOffsetBegin>
            <CharacterOffsetEnd>40</CharacterOffsetEnd>
            <POS>NNP</POS>
            <NER>O</NER>
          </token>
        </tokens>
        <parse>(ROOT (NP (NNP Matanuska) (NNP Maid) (NNP Dairy) (NNP Building) (NNP Burns) (NNP Down))) </parse>
        <dependencies type="basic-dependencies">
          <dep type="root">
            <governor idx="0">ROOT</governor>
            <dependent idx="6">Down</dependent>
          </dep>
          <dep type="compound">
            <governor idx="5">Burns</governor>
            <dependent idx="1">Matanuska</dependent>
          </dep>
          <dep type="compound">
            <governor idx="5">Burns</governor>
            <dependent idx="2">Maid</dependent>
          </dep>
          <dep type="compound">
            <governor idx="5">Burns</governor>
            <dependent idx="3">Dairy</dependent>
          </dep>
          <dep type="compound">
            <governor idx="5">Burns</governor>
            <dependent idx="4">Building</dependent>
          </dep>
          <dep type="nsubj">
            <governor idx="6">Down</governor>
            <dependent idx="5">Burns</dependent>
          </dep>
        </dependencies>
        <dependencies type="collapsed-dependencies">
          <dep type="root">
            <governor idx="0">ROOT</governor>
            <dependent idx="6">Down</dependent>
          </dep>
          <dep type="compound">
            <governor idx="5">Burns</governor>
            <dependent idx="1">Matanuska</dependent>
          </dep>
          <dep type="compound">
            <governor idx="5">Burns</governor>
            <dependent idx="2">Maid</dependent>
          </dep>
          <dep type="compound">
            <governor idx="5">Burns</governor>
            <dependent idx="3">Dairy</dependent>
          </dep>
          <dep type="compound">
            <governor idx="5">Burns</governor>
            <dependent idx="4">Building</dependent>
          </dep>
          <dep type="nsubj">
            <governor idx="6">Down</governor>
            <dependent idx="5">Burns</dependent>
          </dep>
        </dependencies>
        <dependencies type="collapsed-ccprocessed-dependencies">
          <dep type="root">
            <governor idx="0">ROOT</governor>
            <dependent idx="6">Down</dependent>
          </dep>
          <dep type="compound">
            <governor idx="5">Burns</governor>
            <dependent idx="1">Matanuska</dependent>
          </dep>
          <dep type="compound">
            <governor idx="5">Burns</governor>
            <dependent idx="2">Maid</dependent>
          </dep>
          <dep type="compound">
            <governor idx="5">Burns</governor>
            <dependent idx="3">Dairy</dependent>
          </dep>
          <dep type="compound">
            <governor idx="5">Burns</governor>
            <dependent idx="4">Building</dependent>
          </dep>
          <dep type="nsubj">
            <governor idx="6">Down</governor>
            <dependent idx="5">Burns</dependent>
          </dep>
        </dependencies>
      </sentence>
      <sentence id="2" line="2">
        <tokens>
          <token id="1">
            <word>The</word>
            <lemma>the</lemma>
            <CharacterOffsetBegin>41</CharacterOffsetBegin>
            <CharacterOffsetEnd>44</CharacterOffsetEnd>
            <POS>DT</POS>
            <NER>O</NER>
          </token>
          <token id="2">
            <word>old</word>
            <lemma>old</lemma>
            <CharacterOffsetBegin>45</CharacterOffsetBegin>
            <CharacterOffsetEnd>48</CharacterOffsetEnd>
            <POS>JJ</POS>
            <NER>O</NER>
          </token>
          <token id="3">
            <word>Matanuska</word>
            <lemma>Matanuska</lemma>
            <CharacterOffsetBegin>49</CharacterOffsetBegin>
            <CharacterOffsetEnd>58</CharacterOffsetEnd>
            <POS>NNP</POS>
            <NER>LOCATION</NER>
          </token>
          <token id="4">
            <word>Maid</word>
            <lemma>Maid</lemma>
            <CharacterOffsetBegin>59</CharacterOffsetBegin>
            <CharacterOffsetEnd>63</CharacterOffsetEnd>
            <POS>NNP</POS>
            <NER>LOCATION</NER>
          </token>
          <token id="5">
            <word>dairy</word>
            <lemma>dairy</lemma>
            <CharacterOffsetBegin>64</CharacterOffsetBegin>
            <CharacterOffsetEnd>69</CharacterOffsetEnd>
            <POS>NN</POS>
            <NER>O</NER>
          </token>
          <token id="6">
            <word>building</word>
            <lemma>building</lemma>
            <CharacterOffsetBegin>70</CharacterOffsetBegin>
            <CharacterOffsetEnd>78</CharacterOffsetEnd>
            <POS>NN</POS>
            <NER>O</NER>
          </token>
          <token id="7">
            <word>in</word>
            <lemma>in</lemma>
            <CharacterOffsetBegin>79</CharacterOffsetBegin>
            <CharacterOffsetEnd>81</CharacterOffsetEnd>
            <POS>IN</POS>
            <NER>O</NER>
          </token>
          <token id="8">
            <word>Palmer</word>
            <lemma>Palmer</lemma>
            <CharacterOffsetBegin>82</CharacterOffsetBegin>
            <CharacterOffsetEnd>88</CharacterOffsetEnd>
            <POS>NNP</POS>
            <NER>LOCATION</NER>
          </token>
          <token id="9">
            <word>was</word>
            <lemma>be</lemma>
            <CharacterOffsetBegin>89</CharacterOffsetBegin>
            <CharacterOffsetEnd>92</CharacterOffsetEnd>
            <POS>VBD</POS>
            <NER>O</NER>
          </token>
          <token id="10">
            <word>nearly</word>
            <lemma>nearly</lemma>
            <CharacterOffsetBegin>93</CharacterOffsetBegin>
            <CharacterOffsetEnd>99</CharacterOffsetEnd>
            <POS>RB</POS>
            <NER>O</NER>
          </token>
          <token id="11">
            <word>destroyed</word>
            <lemma>destroy</lemma>
            <CharacterOffsetBegin>100</CharacterOffsetBegin>
            <CharacterOffsetEnd>109</CharacterOffsetEnd>
            <POS>VBN</POS>
            <NER>O</NER>
          </token>
          <token id="12">
            <word>by</word>
            <lemma>by</lemma>
            <CharacterOffsetBegin>110</CharacterOffsetBegin>
            <CharacterOffsetEnd>112</CharacterOffsetEnd>
            <POS>IN</POS>
            <NER>O</NER>
          </token>
          <token id="13">
            <word>a</word>
            <lemma>a</lemma>
            <CharacterOffsetBegin>113</CharacterOffsetBegin>
            <CharacterOffsetEnd>114</CharacterOffsetEnd>
            <POS>DT</POS>
            <NER>O</NER>
          </token>
          <token id="14">
            <word>fire</word>
            <lemma>fire</lemma>
            <CharacterOffsetBegin>115</CharacterOffsetBegin>
            <CharacterOffsetEnd>119</CharacterOffsetEnd>
            <POS>NN</POS>
            <NER>O</NER>
          </token>
          <token id="15">
            <word>early</word>
            <lemma>early</lemma>
            <CharacterOffsetBegin>120</CharacterOffsetBegin>
            <CharacterOffsetEnd>125</CharacterOffsetEnd>
            <POS>JJ</POS>
            <NER>TIME</NER>
            <NormalizedNER>XXXX-WXX-2TMO</NormalizedNER>
            <Timex tid="t1" type="TIME">XXXX-WXX-2TMO</Timex>
          </token>
          <token id="16">
            <word>Tuesday</word>
            <lemma>Tuesday</lemma>
            <CharacterOffsetBegin>126</CharacterOffsetBegin>
            <CharacterOffsetEnd>133</CharacterOffsetEnd>
            <POS>NNP</POS>
            <NER>DATE</NER>
            <NormalizedNER>XXXX-WXX-2TMO</NormalizedNER>
            <Timex tid="t1" type="TIME">XXXX-WXX-2TMO</Timex>
          </token>
          <token id="17">
            <word>morning</word>
            <lemma>morning</lemma>
            <CharacterOffsetBegin>134</CharacterOffsetBegin>
            <CharacterOffsetEnd>141</CharacterOffsetEnd>
            <POS>NN</POS>
            <NER>TIME</NER>
            <NormalizedNER>XXXX-WXX-2TMO</NormalizedNER>
            <Timex tid="t1" type="TIME">XXXX-WXX-2TMO</Timex>
          </token>
          <token id="18">
            <word>,</word>
            <lemma>,</lemma>
            <CharacterOffsetBegin>142</CharacterOffsetBegin>
            <CharacterOffsetEnd>143</CharacterOffsetEnd>
            <POS>,</POS>
            <NER>O</NER>
          </token>
          <token id="19">
            <word>according</word>
            <lemma>accord</lemma>
            <CharacterOffsetBegin>144</CharacterOffsetBegin>
            <CharacterOffsetEnd>153</CharacterOffsetEnd>
            <POS>VBG</POS>
            <NER>O</NER>
          </token>
          <token id="20">
            <word>to</word>
            <lemma>to</lemma>
            <CharacterOffsetBegin>154</CharacterOffsetBegin>
            <CharacterOffsetEnd>156</CharacterOffsetEnd>
            <POS>TO</POS>
            <NER>O</NER>
          </token>
          <token id="21">
            <word>Palmer</word>
            <lemma>Palmer</lemma>
            <CharacterOffsetBegin>157</CharacterOffsetBegin>
            <CharacterOffsetEnd>163</CharacterOffsetEnd>
            <POS>NNP</POS>
            <NER>ORGANIZATION</NER>
          </token>
          <token id="22">
            <word>officials</word>
            <lemma>official</lemma>
            <CharacterOffsetBegin>164</CharacterOffsetBegin>
            <CharacterOffsetEnd>173</CharacterOffsetEnd>
            <POS>NNS</POS>
            <NER>O</NER>
          </token>
          <token id="23">
            <word>.</word>
            <lemma>.</lemma>
            <CharacterOffsetBegin>174</CharacterOffsetBegin>
            <CharacterOffsetEnd>175</CharacterOffsetEnd>
            <POS>.</POS>
            <NER>O</NER>
          </token>
        </tokens>
        <parse>(ROOT (S (NP (NP (DT The) (JJ old) (NNP Matanuska) (NNP Maid) (NN dairy) (NN building)) (PP (IN in) (NP (NNP Palmer)))) (VP (VBD was) (VP (ADVP (RB nearly)) (VBN destroyed) (PP (IN by) (NP (NP (DT a) (NN fire)) (NP-TMP (JJ early) (NNP Tuesday)))) (NP-TMP (NN morning)) (, ,) (PP (VBG according) (PP (TO to) (NP (NNP Palmer) (NNS officials)))))) (. .))) </parse>
        <dependencies type="basic-dependencies">
          <dep type="root">
            <governor idx="0">ROOT</governor>
            <dependent idx="11">destroyed</dependent>
          </dep>
          <dep type="det">
            <governor idx="6">building</governor>
            <dependent idx="1">The</dependent>
          </dep>
          <dep type="amod">
            <governor idx="6">building</governor>
            <dependent idx="2">old</dependent>
          </dep>
          <dep type="compound">
            <governor idx="6">building</governor>
            <dependent idx="3">Matanuska</dependent>
          </dep>
          <dep type="compound">
            <governor idx="6">building</governor>
            <dependent idx="4">Maid</dependent>
          </dep>
          <dep type="compound">
            <governor idx="6">building</governor>
            <dependent idx="5">dairy</dependent>
          </dep>
          <dep type="nsubjpass">
            <governor idx="11">destroyed</governor>
            <dependent idx="6">building</dependent>
          </dep>
          <dep type="case">
            <governor idx="8">Palmer</governor>
            <dependent idx="7">in</dependent>
          </dep>
          <dep type="nmod">
            <governor idx="6">building</governor>
            <dependent idx="8">Palmer</dependent>
          </dep>
          <dep type="auxpass">
            <governor idx="11">destroyed</governor>
            <dependent idx="9">was</dependent>
          </dep>
          <dep type="advmod">
            <governor idx="11">destroyed</governor>
            <dependent idx="10">nearly</dependent>
          </dep>
          <dep type="case">
            <governor idx="14">fire</governor>
            <dependent idx="12">by</dependent>
          </dep>
          <dep type="det">
            <governor idx="14">fire</governor>
            <dependent idx="13">a</dependent>
          </dep>
          <dep type="nmod">
            <governor idx="11">destroyed</governor>
            <dependent idx="14">fire</dependent>
          </dep>
          <dep type="amod">
            <governor idx="17">morning</governor>
            <dependent idx="15">early</dependent>
          </dep>
          <dep type="compound">
            <governor idx="17">morning</governor>
            <dependent idx="16">Tuesday</dependent>
          </dep>
          <dep type="nmod:tmod">
            <governor idx="14">fire</governor>
            <dependent idx="17">morning</dependent>
          </dep>
          <dep type="punct">
            <governor idx="11">destroyed</governor>
            <dependent idx="18">,</dependent>
          </dep>
          <dep type="case">
            <governor idx="22">officials</governor>
            <dependent idx="19">according</dependent>
          </dep>
          <dep type="mwe">
            <governor idx="19">according</governor>
            <dependent idx="20">to</dependent>
          </dep>
          <dep type="compound">
            <governor idx="22">officials</governor>
            <dependent idx="21">Palmer</dependent>
          </dep>
          <dep type="nmod">
            <governor idx="11">destroyed</governor>
            <dependent idx="22">officials</dependent>
          </dep>
          <dep type="punct">
            <governor idx="11">destroyed</governor>
            <dependent idx="23">.</dependent>
          </dep>
        </dependencies>
        <dependencies type="collapsed-dependencies">
          <dep type="root">
            <governor idx="0">ROOT</governor>
            <dependent idx="11">destroyed</dependent>
          </dep>
          <dep type="det">
            <governor idx="6">building</governor>
            <dependent idx="1">The</dependent>
          </dep>
          <dep type="amod">
            <governor idx="6">building</governor>
            <dependent idx="2">old</dependent>
          </dep>
          <dep type="compound">
            <governor idx="6">building</governor>
            <dependent idx="3">Matanuska</dependent>
          </dep>
          <dep type="compound">
            <governor idx="6">building</governor>
            <dependent idx="4">Maid</dependent>
          </dep>
          <dep type="compound">
            <governor idx="6">building</governor>
            <dependent idx="5">dairy</dependent>
          </dep>
          <dep type="nsubjpass">
            <governor idx="11">destroyed</governor>
            <dependent idx="6">building</dependent>
          </dep>
          <dep type="case">
            <governor idx="8">Palmer</governor>
            <dependent idx="7">in</dependent>
          </dep>
          <dep type="nmod:in">
            <governor idx="6">building</governor>
            <dependent idx="8">Palmer</dependent>
          </dep>
          <dep type="auxpass">
            <governor idx="11">destroyed</governor>
            <dependent idx="9">was</dependent>
          </dep>
          <dep type="advmod">
            <governor idx="11">destroyed</governor>
            <dependent idx="10">nearly</dependent>
          </dep>
          <dep type="case">
            <governor idx="14">fire</governor>
            <dependent idx="12">by</dependent>
          </dep>
          <dep type="det">
            <governor idx="14">fire</governor>
            <dependent idx="13">a</dependent>
          </dep>
          <dep type="nmod:agent">
            <governor idx="11">destroyed</governor>
            <dependent idx="14">fire</dependent>
          </dep>
          <dep type="amod">
            <governor idx="17">morning</governor>
            <dependent idx="15">early</dependent>
          </dep>
          <dep type="compound">
            <governor idx="17">morning</governor>
            <dependent idx="16">Tuesday</dependent>
          </dep>
          <dep type="nmod:tmod">
            <governor idx="14">fire</governor>
            <dependent idx="17">morning</dependent>
          </dep>
          <dep type="punct">
            <governor idx="11">destroyed</governor>
            <dependent idx="18">,</dependent>
          </dep>
          <dep type="case">
            <governor idx="22">officials</governor>
            <dependent idx="19">according</dependent>
          </dep>
          <dep type="mwe">
            <governor idx="19">according</governor>
            <dependent idx="20">to</dependent>
          </dep>
          <dep type="compound">
            <governor idx="22">officials</governor>
            <dependent idx="21">Palmer</dependent>
          </dep>
          <dep type="nmod:according_to">
            <governor idx="11">destroyed</governor>
            <dependent idx="22">officials</dependent>
          </dep>
          <dep type="punct">
            <governor idx="11">destroyed</governor>
            <dependent idx="23">.</dependent>
          </dep>
        </dependencies>
        <dependencies type="collapsed-ccprocessed-dependencies">
          <dep type="root">
            <governor idx="0">ROOT</governor>
            <dependent idx="11">destroyed</dependent>
          </dep>
          <dep type="det">
            <governor idx="6">building</governor>
            <dependent idx="1">The</dependent>
          </dep>
          <dep type="amod">
            <governor idx="6">building</governor>
            <dependent idx="2">old</dependent>
          </dep>
          <dep type="compound">
            <governor idx="6">building</governor>
            <dependent idx="3">Matanuska</dependent>
          </dep>
          <dep type="compound">
            <governor idx="6">building</governor>
            <dependent idx="4">Maid</dependent>
          </dep>
          <dep type="compound">
            <governor idx="6">building</governor>
            <dependent idx="5">dairy</dependent>
          </dep>
          <dep type="nsubjpass">
            <governor idx="11">destroyed</governor>
            <dependent idx="6">building</dependent>
          </dep>
          <dep type="case">
            <governor idx="8">Palmer</governor>
            <dependent idx="7">in</dependent>
          </dep>
          <dep type="nmod:in">
            <governor idx="6">building</governor>
            <dependent idx="8">Palmer</dependent>
          </dep>
          <dep type="auxpass">
            <governor idx="11">destroyed</governor>
            <dependent idx="9">was</dependent>
          </dep>
          <dep type="advmod">
            <governor idx="11">destroyed</governor>
            <dependent idx="10">nearly</dependent>
          </dep>
          <dep type="case">
            <governor idx="14">fire</governor>
            <dependent idx="12">by</dependent>
          </dep>
          <dep type="det">
            <governor idx="14">fire</governor>
            <dependent idx="13">a</dependent>
          </dep>
          <dep type="nmod:agent">
            <governor idx="11">destroyed</governor>
            <dependent idx="14">fire</dependent>
          </dep>
          <dep type="amod">
            <governor idx="17">morning</governor>
            <dependent idx="15">early</dependent>
          </dep>
          <dep type="compound">
            <governor idx="17">morning</governor>
            <dependent idx="16">Tuesday</dependent>
          </dep>
          <dep type="nmod:tmod">
            <governor idx="14">fire</governor>
            <dependent idx="17">morning</dependent>
          </dep>
          <dep type="punct">
            <governor idx="11">destroyed</governor>
            <dependent idx="18">,</dependent>
          </dep>
          <dep type="case">
            <governor idx="22">officials</governor>
            <dependent idx="19">according</dependent>
          </dep>
          <dep type="mwe">
            <governor idx="19">according</governor>
            <dependent idx="20">to</dependent>
          </dep>
          <dep type="compound">
            <governor idx="22">officials</governor>
            <dependent idx="21">Palmer</dependent>
          </dep>
          <dep type="nmod:according_to">
            <governor idx="11">destroyed</governor>
            <dependent idx="22">officials</dependent>
          </dep>
          <dep type="punct">
            <governor idx="11">destroyed</governor>
            <dependent idx="23">.</dependent>
          </dep>
        </dependencies>
      </sentence>
    </sentences>
  </document>
</root>
