<?xml version="1.0" encoding="UTF-8"?>
<?xml-stylesheet href="CoreNLP-to-HTML.xsl" type="text/xsl"?>
<root>
  <document>
    <sentences>
      <sentence id="1" line="1">
        <tokens>
          <token id="1">
            <word>Fire</word>
            <lemma>fire</lemma>
            <CharacterOffsetBegin>0</CharacterOffsetBegin>
            <CharacterOffsetEnd>4</CharacterOffsetEnd>
            <POS>NN</POS>
            <NER>O</NER>
          </token>
          <token id="2">
            <word>and</word>
            <lemma>and</lemma>
            <CharacterOffsetBegin>5</CharacterOffsetBegin>
            <CharacterOffsetEnd>8</CharacterOffsetEnd>
            <POS>CC</POS>
            <NER>O</NER>
          </token>
          <token id="3">
            <word>police</word>
            <lemma>police</lemma>
            <CharacterOffsetBegin>9</CharacterOffsetBegin>
            <CharacterOffsetEnd>15</CharacterOffsetEnd>
            <POS>NN</POS>
            <NER>O</NER>
          </token>
          <token id="4">
            <word>units</word>
            <lemma>unit</lemma>
            <CharacterOffsetBegin>16</CharacterOffsetBegin>
            <CharacterOffsetEnd>21</CharacterOffsetEnd>
            <POS>NNS</POS>
            <NER>O</NER>
          </token>
          <token id="5">
            <word>are</word>
            <lemma>be</lemma>
            <CharacterOffsetBegin>22</CharacterOffsetBegin>
            <CharacterOffsetEnd>25</CharacterOffsetEnd>
            <POS>VBP</POS>
            <NER>O</NER>
          </token>
          <token id="6">
            <word>still</word>
            <lemma>still</lemma>
            <CharacterOffsetBegin>26</CharacterOffsetBegin>
            <CharacterOffsetEnd>31</CharacterOffsetEnd>
            <POS>RB</POS>
            <NER>O</NER>
          </token>
          <token id="7">
            <word>at</word>
            <lemma>at</lemma>
            <CharacterOffsetBegin>32</CharacterOffsetBegin>
            <CharacterOffsetEnd>34</CharacterOffsetEnd>
            <POS>IN</POS>
            <NER>O</NER>
          </token>
          <token id="8">
            <word>the</word>
            <lemma>the</lemma>
            <CharacterOffsetBegin>35</CharacterOffsetBegin>
            <CharacterOffsetEnd>38</CharacterOffsetEnd>
            <POS>DT</POS>
            <NER>O</NER>
          </token>
          <token id="9">
            <word>scene</word>
            <lemma>scene</lemma>
            <CharacterOffsetBegin>39</CharacterOffsetBegin>
            <CharacterOffsetEnd>44</CharacterOffsetEnd>
            <POS>NN</POS>
            <NER>O</NER>
          </token>
          <token id="10">
            <word>of</word>
            <lemma>of</lemma>
            <CharacterOffsetBegin>45</CharacterOffsetBegin>
            <CharacterOffsetEnd>47</CharacterOffsetEnd>
            <POS>IN</POS>
            <NER>O</NER>
          </token>
          <token id="11">
            <word>a</word>
            <lemma>a</lemma>
            <CharacterOffsetBegin>48</CharacterOffsetBegin>
            <CharacterOffsetEnd>49</CharacterOffsetEnd>
            <POS>DT</POS>
            <NER>O</NER>
          </token>
          <token id="12">
            <word>fire</word>
            <lemma>fire</lemma>
            <CharacterOffsetBegin>50</CharacterOffsetBegin>
            <CharacterOffsetEnd>54</CharacterOffsetEnd>
            <POS>NN</POS>
            <NER>O</NER>
          </token>
          <token id="13">
            <word>which</word>
            <lemma>which</lemma>
            <CharacterOffsetBegin>55</CharacterOffsetBegin>
            <CharacterOffsetEnd>60</CharacterOffsetEnd>
            <POS>WDT</POS>
            <NER>O</NER>
          </token>
          <token id="14">
            <word>gutted</word>
            <lemma>gut</lemma>
            <CharacterOffsetBegin>61</CharacterOffsetBegin>
            <CharacterOffsetEnd>67</CharacterOffsetEnd>
            <POS>VBD</POS>
            <NER>O</NER>
          </token>
          <token id="15">
            <word>a</word>
            <lemma>a</lemma>
            <CharacterOffsetBegin>68</CharacterOffsetBegin>
            <CharacterOffsetEnd>69</CharacterOffsetEnd>
            <POS>DT</POS>
            <NER>O</NER>
          </token>
          <token id="16">
            <word>Waitrose</word>
            <lemma>Waitrose</lemma>
            <CharacterOffsetBegin>70</CharacterOffsetBegin>
            <CharacterOffsetEnd>78</CharacterOffsetEnd>
            <POS>NNP</POS>
            <NER>MISC</NER>
          </token>
          <token id="17">
            <word>supermarket</word>
            <lemma>supermarket</lemma>
            <CharacterOffsetBegin>79</CharacterOffsetBegin>
            <CharacterOffsetEnd>90</CharacterOffsetEnd>
            <POS>NN</POS>
            <NER>O</NER>
          </token>
          <token id="18">
            <word>in</word>
            <lemma>in</lemma>
            <CharacterOffsetBegin>91</CharacterOffsetBegin>
            <CharacterOffsetEnd>93</CharacterOffsetEnd>
            <POS>IN</POS>
            <NER>O</NER>
          </token>
          <token id="19">
            <word>Surrey</word>
            <lemma>Surrey</lemma>
            <CharacterOffsetBegin>94</CharacterOffsetBegin>
            <CharacterOffsetEnd>100</CharacterOffsetEnd>
            <POS>NNP</POS>
            <NER>LOCATION</NER>
          </token>
          <token id="20">
            <word>.</word>
            <lemma>.</lemma>
            <CharacterOffsetBegin>101</CharacterOffsetBegin>
            <CharacterOffsetEnd>102</CharacterOffsetEnd>
            <POS>.</POS>
            <NER>O</NER>
          </token>
        </tokens>
        <parse>(ROOT (S (NP (NN Fire) (CC and) (NN police) (NNS units)) (VP (VBP are) (ADVP (RB still)) (PP (IN at) (NP (NP (DT the) (NN scene)) (PP (IN of) (NP (NP (DT a) (NN fire)) (SBAR (WHNP (WDT which)) (S (VP (VBD gutted) (NP (DT a) (NNP Waitrose) (NN supermarket)) (PP (IN in) (NP (NNP Surrey))))))))))) (. .))) </parse>
        <dependencies type="basic-dependencies">
          <dep type="root">
            <governor idx="0">ROOT</governor>
            <dependent idx="9">scene</dependent>
          </dep>
          <dep type="nsubj">
            <governor idx="9">scene</governor>
            <dependent idx="1">Fire</dependent>
          </dep>
          <dep type="cc">
            <governor idx="1">Fire</governor>
            <dependent idx="2">and</dependent>
          </dep>
          <dep type="compound">
            <governor idx="4">units</governor>
            <dependent idx="3">police</dependent>
          </dep>
          <dep type="conj">
            <governor idx="1">Fire</governor>
            <dependent idx="4">units</dependent>
          </dep>
          <dep type="cop">
            <governor idx="9">scene</governor>
            <dependent idx="5">are</dependent>
          </dep>
          <dep type="advmod">
            <governor idx="9">scene</governor>
            <dependent idx="6">still</dependent>
          </dep>
          <dep type="case">
            <governor idx="9">scene</governor>
            <dependent idx="7">at</dependent>
          </dep>
          <dep type="det">
            <governor idx="9">scene</governor>
            <dependent idx="8">the</dependent>
          </dep>
          <dep type="case">
            <governor idx="12">fire</governor>
            <dependent idx="10">of</dependent>
          </dep>
          <dep type="det">
            <governor idx="12">fire</governor>
            <dependent idx="11">a</dependent>
          </dep>
          <dep type="nmod">
            <governor idx="9">scene</governor>
            <dependent idx="12">fire</dependent>
          </dep>
          <dep type="nsubj">
            <governor idx="14">gutted</governor>
            <dependent idx="13">which</dependent>
          </dep>
          <dep type="acl:relcl">
            <governor idx="12">fire</governor>
            <dependent idx="14">gutted</dependent>
          </dep>
          <dep type="det">
            <governor idx="17">supermarket</governor>
            <dependent idx="15">a</dependent>
          </dep>
          <dep type="compound">
            <governor idx="17">supermarket</governor>
            <dependent idx="16">Waitrose</dependent>
          </dep>
          <dep type="dobj">
            <governor idx="14">gutted</governor>
            <dependent idx="17">supermarket</dependent>
          </dep>
          <dep type="case">
            <governor idx="19">Surrey</governor>
            <dependent idx="18">in</dependent>
          </dep>
          <dep type="nmod">
            <governor idx="14">gutted</governor>
            <dependent idx="19">Surrey</dependent>
          </dep>
          <dep type="punct">
            <governor idx="9">scene</governor>
            <dependent idx="20">.</dependent>
          </dep>
        </dependencies>
        <dependencies type="collapsed-dependencies">
          <dep type="root">
            <governor idx="0">ROOT</governor>
            <dependent idx="9">scene</dependent>
          </dep>
          <dep type="nsubj">
            <governor idx="9">scene</governor>
            <dependent idx="1">Fire</dependent>
          </dep>
          <dep type="cc">
            <governor idx="1">Fire</governor>
            <dependent idx="2">and</dependent>
          </dep>
          <dep type="compound">
            <governor idx="4">units</governor>
            <dependent idx="3">police</dependent>
          </dep>
          <dep type="conj:and">
            <governor idx="1">Fire</governor>
            <dependent idx="4">units</dependent>
          </dep>
          <dep type="cop">
            <governor idx="9">scene</governor>
            <dependent idx="5">are</dependent>
          </dep>
          <dep type="advmod">
            <governor idx="9">scene</governor>
            <dependent idx="6">still</dependent>
          </dep>
          <dep type="case">
            <governor idx="9">scene</governor>
            <dependent idx="7">at</dependent>
          </dep>
          <dep type="det">
            <governor idx="9">scene</governor>
            <dependent idx="8">the</dependent>
          </dep>
          <dep type="case">
            <governor idx="12">fire</governor>
            <dependent idx="10">of</dependent>
          </dep>
          <dep type="det">
            <governor idx="12">fire</governor>
            <dependent idx="11">a</dependent>
          </dep>
          <dep type="nmod:of">
            <governor idx="9">scene</governor>
            <dependent idx="12">fire</dependent>
          </dep>
          <dep type="nsubj">
            <governor idx="14">gutted</governor>
            <dependent idx="13">which</dependent>
          </dep>
          <dep type="acl:relcl">
            <governor idx="12">fire</governor>
            <dependent idx="14">gutted</dependent>
          </dep>
          <dep type="det">
            <governor idx="17">supermarket</governor>
            <dependent idx="15">a</dependent>
          </dep>
          <dep type="compound">
            <governor idx="17">supermarket</governor>
            <dependent idx="16">Waitrose</dependent>
          </dep>
          <dep type="dobj">
            <governor idx="14">gutted</governor>
            <dependent idx="17">supermarket</dependent>
          </dep>
          <dep type="case">
            <governor idx="19">Surrey</governor>
            <dependent idx="18">in</dependent>
          </dep>
          <dep type="nmod:in">
            <governor idx="14">gutted</governor>
            <dependent idx="19">Surrey</dependent>
          </dep>
          <dep type="punct">
            <governor idx="9">scene</governor>
            <dependent idx="20">.</dependent>
          </dep>
        </dependencies>
        <dependencies type="collapsed-ccprocessed-dependencies">
          <dep type="root">
            <governor idx="0">ROOT</governor>
            <dependent idx="9">scene</dependent>
          </dep>
          <dep type="nsubj">
            <governor idx="9">scene</governor>
            <dependent idx="1">Fire</dependent>
          </dep>
          <dep type="cc">
            <governor idx="1">Fire</governor>
            <dependent idx="2">and</dependent>
          </dep>
          <dep type="compound">
            <governor idx="4">units</governor>
            <dependent idx="3">police</dependent>
          </dep>
          <dep type="conj:and">
            <governor idx="1">Fire</governor>
            <dependent idx="4">units</dependent>
          </dep>
          <dep type="nsubj" extra="true">
            <governor idx="9">scene</governor>
            <dependent idx="4">units</dependent>
          </dep>
          <dep type="cop">
            <governor idx="9">scene</governor>
            <dependent idx="5">are</dependent>
          </dep>
          <dep type="advmod">
            <governor idx="9">scene</governor>
            <dependent idx="6">still</dependent>
          </dep>
          <dep type="case">
            <governor idx="9">scene</governor>
            <dependent idx="7">at</dependent>
          </dep>
          <dep type="det">
            <governor idx="9">scene</governor>
            <dependent idx="8">the</dependent>
          </dep>
          <dep type="case">
            <governor idx="12">fire</governor>
            <dependent idx="10">of</dependent>
          </dep>
          <dep type="det">
            <governor idx="12">fire</governor>
            <dependent idx="11">a</dependent>
          </dep>
          <dep type="nmod:of">
            <governor idx="9">scene</governor>
            <dependent idx="12">fire</dependent>
          </dep>
          <dep type="nsubj">
            <governor idx="14">gutted</governor>
            <dependent idx="13">which</dependent>
          </dep>
          <dep type="acl:relcl">
            <governor idx="12">fire</governor>
            <dependent idx="14">gutted</dependent>
          </dep>
          <dep type="det">
            <governor idx="17">supermarket</governor>
            <dependent idx="15">a</dependent>
          </dep>
          <dep type="compound">
            <governor idx="17">supermarket</governor>
            <dependent idx="16">Waitrose</dependent>
          </dep>
          <dep type="dobj">
            <governor idx="14">gutted</governor>
            <dependent idx="17">supermarket</dependent>
          </dep>
          <dep type="case">
            <governor idx="19">Surrey</governor>
            <dependent idx="18">in</dependent>
          </dep>
          <dep type="nmod:in">
            <governor idx="14">gutted</governor>
            <dependent idx="19">Surrey</dependent>
          </dep>
          <dep type="punct">
            <governor idx="9">scene</governor>
            <dependent idx="20">.</dependent>
          </dep>
        </dependencies>
      </sentence>
    </sentences>
  </document>
</root>
