<?xml version="1.0" encoding="UTF-8"?>
<?xml-stylesheet href="CoreNLP-to-HTML.xsl" type="text/xsl"?>
<root>
  <document>
    <sentences>
      <sentence id="1" line="1">
        <tokens>
          <token id="1">
            <word>Major</word>
            <lemma>major</lemma>
            <CharacterOffsetBegin>0</CharacterOffsetBegin>
            <CharacterOffsetEnd>5</CharacterOffsetEnd>
            <POS>JJ</POS>
            <NER>O</NER>
          </token>
          <token id="2">
            <word>fire</word>
            <lemma>fire</lemma>
            <CharacterOffsetBegin>6</CharacterOffsetBegin>
            <CharacterOffsetEnd>10</CharacterOffsetEnd>
            <POS>NN</POS>
            <NER>O</NER>
          </token>
          <token id="3">
            <word>at</word>
            <lemma>at</lemma>
            <CharacterOffsetBegin>11</CharacterOffsetBegin>
            <CharacterOffsetEnd>13</CharacterOffsetEnd>
            <POS>IN</POS>
            <NER>O</NER>
          </token>
          <token id="4">
            <word>Waitrose</word>
            <lemma>Waitrose</lemma>
            <CharacterOffsetBegin>14</CharacterOffsetBegin>
            <CharacterOffsetEnd>22</CharacterOffsetEnd>
            <POS>NNP</POS>
            <NER>O</NER>
          </token>
          <token id="5">
            <word>in</word>
            <lemma>in</lemma>
            <CharacterOffsetBegin>23</CharacterOffsetBegin>
            <CharacterOffsetEnd>25</CharacterOffsetEnd>
            <POS>IN</POS>
            <NER>O</NER>
          </token>
          <token id="6">
            <word>Wellington</word>
            <lemma>Wellington</lemma>
            <CharacterOffsetBegin>26</CharacterOffsetBegin>
            <CharacterOffsetEnd>36</CharacterOffsetEnd>
            <POS>NNP</POS>
            <NER>LOCATION</NER>
          </token>
        </tokens>
        <parse>(ROOT (FRAG (NP (JJ Major) (NN fire)) (PP (IN at) (NP (NNP Waitrose))) (PP (IN in) (NP (NNP Wellington))))) </parse>
        <dependencies type="basic-dependencies">
          <dep type="root">
            <governor idx="0">ROOT</governor>
            <dependent idx="2">fire</dependent>
          </dep>
          <dep type="amod">
            <governor idx="2">fire</governor>
            <dependent idx="1">Major</dependent>
          </dep>
          <dep type="case">
            <governor idx="4">Waitrose</governor>
            <dependent idx="3">at</dependent>
          </dep>
          <dep type="nmod">
            <governor idx="2">fire</governor>
            <dependent idx="4">Waitrose</dependent>
          </dep>
          <dep type="case">
            <governor idx="6">Wellington</governor>
            <dependent idx="5">in</dependent>
          </dep>
          <dep type="nmod">
            <governor idx="4">Waitrose</governor>
            <dependent idx="6">Wellington</dependent>
          </dep>
        </dependencies>
        <dependencies type="collapsed-dependencies">
          <dep type="root">
            <governor idx="0">ROOT</governor>
            <dependent idx="2">fire</dependent>
          </dep>
          <dep type="amod">
            <governor idx="2">fire</governor>
            <dependent idx="1">Major</dependent>
          </dep>
          <dep type="case">
            <governor idx="4">Waitrose</governor>
            <dependent idx="3">at</dependent>
          </dep>
          <dep type="nmod:at">
            <governor idx="2">fire</governor>
            <dependent idx="4">Waitrose</dependent>
          </dep>
          <dep type="case">
            <governor idx="6">Wellington</governor>
            <dependent idx="5">in</dependent>
          </dep>
          <dep type="nmod:in">
            <governor idx="4">Waitrose</governor>
            <dependent idx="6">Wellington</dependent>
          </dep>
        </dependencies>
        <dependencies type="collapsed-ccprocessed-dependencies">
          <dep type="root">
            <governor idx="0">ROOT</governor>
            <dependent idx="2">fire</dependent>
          </dep>
          <dep type="amod">
            <governor idx="2">fire</governor>
            <dependent idx="1">Major</dependent>
          </dep>
          <dep type="case">
            <governor idx="4">Waitrose</governor>
            <dependent idx="3">at</dependent>
          </dep>
          <dep type="nmod:at">
            <governor idx="2">fire</governor>
            <dependent idx="4">Waitrose</dependent>
          </dep>
          <dep type="case">
            <governor idx="6">Wellington</governor>
            <dependent idx="5">in</dependent>
          </dep>
          <dep type="nmod:in">
            <governor idx="4">Waitrose</governor>
            <dependent idx="6">Wellington</dependent>
          </dep>
        </dependencies>
      </sentence>
      <sentence id="2" line="2">
        <tokens>
          <token id="1">
            <word>A</word>
            <lemma>a</lemma>
            <CharacterOffsetBegin>37</CharacterOffsetBegin>
            <CharacterOffsetEnd>38</CharacterOffsetEnd>
            <POS>DT</POS>
            <NER>O</NER>
          </token>
          <token id="2">
            <word>LARGE</word>
            <lemma>large</lemma>
            <CharacterOffsetBegin>39</CharacterOffsetBegin>
            <CharacterOffsetEnd>44</CharacterOffsetEnd>
            <POS>JJ</POS>
            <NER>O</NER>
          </token>
          <token id="3">
            <word>fire</word>
            <lemma>fire</lemma>
            <CharacterOffsetBegin>45</CharacterOffsetBegin>
            <CharacterOffsetEnd>49</CharacterOffsetEnd>
            <POS>NN</POS>
            <NER>O</NER>
          </token>
          <token id="4">
            <word>broke</word>
            <lemma>break</lemma>
            <CharacterOffsetBegin>50</CharacterOffsetBegin>
            <CharacterOffsetEnd>55</CharacterOffsetEnd>
            <POS>VBD</POS>
            <NER>O</NER>
          </token>
          <token id="5">
            <word>out</word>
            <lemma>out</lemma>
            <CharacterOffsetBegin>56</CharacterOffsetBegin>
            <CharacterOffsetEnd>59</CharacterOffsetEnd>
            <POS>RP</POS>
            <NER>O</NER>
          </token>
          <token id="6">
            <word>at</word>
            <lemma>at</lemma>
            <CharacterOffsetBegin>60</CharacterOffsetBegin>
            <CharacterOffsetEnd>62</CharacterOffsetEnd>
            <POS>IN</POS>
            <NER>O</NER>
          </token>
          <token id="7">
            <word>the</word>
            <lemma>the</lemma>
            <CharacterOffsetBegin>63</CharacterOffsetBegin>
            <CharacterOffsetEnd>66</CharacterOffsetEnd>
            <POS>DT</POS>
            <NER>O</NER>
          </token>
          <token id="8">
            <word>Waitrose</word>
            <lemma>Waitrose</lemma>
            <CharacterOffsetBegin>67</CharacterOffsetBegin>
            <CharacterOffsetEnd>75</CharacterOffsetEnd>
            <POS>NNP</POS>
            <NER>O</NER>
          </token>
          <token id="9">
            <word>supermarket</word>
            <lemma>supermarket</lemma>
            <CharacterOffsetBegin>76</CharacterOffsetBegin>
            <CharacterOffsetEnd>87</CharacterOffsetEnd>
            <POS>NN</POS>
            <NER>O</NER>
          </token>
          <token id="10">
            <word>in</word>
            <lemma>in</lemma>
            <CharacterOffsetBegin>88</CharacterOffsetBegin>
            <CharacterOffsetEnd>90</CharacterOffsetEnd>
            <POS>IN</POS>
            <NER>O</NER>
          </token>
          <token id="11">
            <word>Wellington</word>
            <lemma>Wellington</lemma>
            <CharacterOffsetBegin>91</CharacterOffsetBegin>
            <CharacterOffsetEnd>101</CharacterOffsetEnd>
            <POS>NNP</POS>
            <NER>LOCATION</NER>
          </token>
          <token id="12">
            <word>town</word>
            <lemma>town</lemma>
            <CharacterOffsetBegin>102</CharacterOffsetBegin>
            <CharacterOffsetEnd>106</CharacterOffsetEnd>
            <POS>NN</POS>
            <NER>TIME</NER>
          </token>
          <token id="13">
            <word>centre</word>
            <lemma>centre</lemma>
            <CharacterOffsetBegin>107</CharacterOffsetBegin>
            <CharacterOffsetEnd>113</CharacterOffsetEnd>
            <POS>NN</POS>
            <NER>TIME</NER>
          </token>
          <token id="14">
            <word>this</word>
            <lemma>this</lemma>
            <CharacterOffsetBegin>114</CharacterOffsetBegin>
            <CharacterOffsetEnd>118</CharacterOffsetEnd>
            <POS>DT</POS>
            <NER>TIME</NER>
            <NormalizedNER>THIS MO</NormalizedNER>
            <Timex tid="t1" type="DATE"/>
          </token>
          <token id="15">
            <word>morning</word>
            <lemma>morning</lemma>
            <CharacterOffsetBegin>119</CharacterOffsetBegin>
            <CharacterOffsetEnd>126</CharacterOffsetEnd>
            <POS>NN</POS>
            <NER>TIME</NER>
            <NormalizedNER>THIS MO</NormalizedNER>
            <Timex tid="t1" type="DATE"/>
          </token>
          <token id="16">
            <word>(</word>
            <lemma>(</lemma>
            <CharacterOffsetBegin>127</CharacterOffsetBegin>
            <CharacterOffsetEnd>128</CharacterOffsetEnd>
            <POS>CD</POS>
            <NER>NUMBER</NER>
          </token>
          <token id="17">
            <word>July</word>
            <lemma>July</lemma>
            <CharacterOffsetBegin>129</CharacterOffsetBegin>
            <CharacterOffsetEnd>133</CharacterOffsetEnd>
            <POS>NNP</POS>
            <NER>DATE</NER>
            <NormalizedNER>XXXX-07-21</NormalizedNER>
            <Timex tid="t2" type="DATE">XXXX-07-21</Timex>
          </token>
          <token id="18">
            <word>21</word>
            <lemma>21</lemma>
            <CharacterOffsetBegin>134</CharacterOffsetBegin>
            <CharacterOffsetEnd>136</CharacterOffsetEnd>
            <POS>CD</POS>
            <NER>DATE</NER>
            <NormalizedNER>XXXX-07-21</NormalizedNER>
            <Timex tid="t2" type="DATE">XXXX-07-21</Timex>
          </token>
          <token id="19">
            <word>)</word>
            <lemma>)</lemma>
            <CharacterOffsetBegin>137</CharacterOffsetBegin>
            <CharacterOffsetEnd>138</CharacterOffsetEnd>
            <POS>CD</POS>
            <NER>NUMBER</NER>
          </token>
          <token id="20">
            <word>.</word>
            <lemma>.</lemma>
            <CharacterOffsetBegin>139</CharacterOffsetBegin>
            <CharacterOffsetEnd>140</CharacterOffsetEnd>
            <POS>.</POS>
            <NER>O</NER>
          </token>
        </tokens>
        <parse>(ROOT (S (NP (DT A) (JJ LARGE) (NN fire)) (VP (VBD broke) (PRT (RP out)) (PP (IN at) (NP (DT the) (NNP Waitrose) (NN supermarket))) (PP (IN in) (NP (NNP Wellington) (NN town) (NN centre))) (NP-TMP (DT this) (NN morning)) (PP (NP (CD ()) (NP (NP (NNP July)) (NP (QP (CD 21) (CD ))))))) (. .))) </parse>
        <dependencies type="basic-dependencies">
          <dep type="root">
            <governor idx="0">ROOT</governor>
            <dependent idx="4">broke</dependent>
          </dep>
          <dep type="det">
            <governor idx="3">fire</governor>
            <dependent idx="1">A</dependent>
          </dep>
          <dep type="amod">
            <governor idx="3">fire</governor>
            <dependent idx="2">LARGE</dependent>
          </dep>
          <dep type="nsubj">
            <governor idx="4">broke</governor>
            <dependent idx="3">fire</dependent>
          </dep>
          <dep type="compound:prt">
            <governor idx="4">broke</governor>
            <dependent idx="5">out</dependent>
          </dep>
          <dep type="case">
            <governor idx="9">supermarket</governor>
            <dependent idx="6">at</dependent>
          </dep>
          <dep type="det">
            <governor idx="9">supermarket</governor>
            <dependent idx="7">the</dependent>
          </dep>
          <dep type="compound">
            <governor idx="9">supermarket</governor>
            <dependent idx="8">Waitrose</dependent>
          </dep>
          <dep type="nmod">
            <governor idx="4">broke</governor>
            <dependent idx="9">supermarket</dependent>
          </dep>
          <dep type="case">
            <governor idx="13">centre</governor>
            <dependent idx="10">in</dependent>
          </dep>
          <dep type="compound">
            <governor idx="13">centre</governor>
            <dependent idx="11">Wellington</dependent>
          </dep>
          <dep type="compound">
            <governor idx="13">centre</governor>
            <dependent idx="12">town</dependent>
          </dep>
          <dep type="nmod">
            <governor idx="9">supermarket</governor>
            <dependent idx="13">centre</dependent>
          </dep>
          <dep type="det">
            <governor idx="15">morning</governor>
            <dependent idx="14">this</dependent>
          </dep>
          <dep type="nmod:tmod">
            <governor idx="4">broke</governor>
            <dependent idx="15">morning</dependent>
          </dep>
          <dep type="nummod">
            <governor idx="17">July</governor>
            <dependent idx="16">(</dependent>
          </dep>
          <dep type="dep">
            <governor idx="15">morning</governor>
            <dependent idx="17">July</dependent>
          </dep>
          <dep type="nummod">
            <governor idx="17">July</governor>
            <dependent idx="18">21</dependent>
          </dep>
          <dep type="nummod">
            <governor idx="17">July</governor>
            <dependent idx="19">)</dependent>
          </dep>
          <dep type="punct">
            <governor idx="4">broke</governor>
            <dependent idx="20">.</dependent>
          </dep>
        </dependencies>
        <dependencies type="collapsed-dependencies">
          <dep type="root">
            <governor idx="0">ROOT</governor>
            <dependent idx="4">broke</dependent>
          </dep>
          <dep type="det">
            <governor idx="3">fire</governor>
            <dependent idx="1">A</dependent>
          </dep>
          <dep type="amod">
            <governor idx="3">fire</governor>
            <dependent idx="2">LARGE</dependent>
          </dep>
          <dep type="nsubj">
            <governor idx="4">broke</governor>
            <dependent idx="3">fire</dependent>
          </dep>
          <dep type="compound:prt">
            <governor idx="4">broke</governor>
            <dependent idx="5">out</dependent>
          </dep>
          <dep type="case">
            <governor idx="9">supermarket</governor>
            <dependent idx="6">at</dependent>
          </dep>
          <dep type="det">
            <governor idx="9">supermarket</governor>
            <dependent idx="7">the</dependent>
          </dep>
          <dep type="compound">
            <governor idx="9">supermarket</governor>
            <dependent idx="8">Waitrose</dependent>
          </dep>
          <dep type="nmod:at">
            <governor idx="4">broke</governor>
            <dependent idx="9">supermarket</dependent>
          </dep>
          <dep type="case">
            <governor idx="13">centre</governor>
            <dependent idx="10">in</dependent>
          </dep>
          <dep type="compound">
            <governor idx="13">centre</governor>
            <dependent idx="11">Wellington</dependent>
          </dep>
          <dep type="compound">
            <governor idx="13">centre</governor>
            <dependent idx="12">town</dependent>
          </dep>
          <dep type="nmod:in">
            <governor idx="9">supermarket</governor>
            <dependent idx="13">centre</dependent>
          </dep>
          <dep type="det">
            <governor idx="15">morning</governor>
            <dependent idx="14">this</dependent>
          </dep>
          <dep type="nmod:tmod">
            <governor idx="4">broke</governor>
            <dependent idx="15">morning</dependent>
          </dep>
          <dep type="nummod">
            <governor idx="17">July</governor>
            <dependent idx="16">(</dependent>
          </dep>
          <dep type="dep">
            <governor idx="15">morning</governor>
            <dependent idx="17">July</dependent>
          </dep>
          <dep type="nummod">
            <governor idx="17">July</governor>
            <dependent idx="18">21</dependent>
          </dep>
          <dep type="nummod">
            <governor idx="17">July</governor>
            <dependent idx="19">)</dependent>
          </dep>
          <dep type="punct">
            <governor idx="4">broke</governor>
            <dependent idx="20">.</dependent>
          </dep>
        </dependencies>
        <dependencies type="collapsed-ccprocessed-dependencies">
          <dep type="root">
            <governor idx="0">ROOT</governor>
            <dependent idx="4">broke</dependent>
          </dep>
          <dep type="det">
            <governor idx="3">fire</governor>
            <dependent idx="1">A</dependent>
          </dep>
          <dep type="amod">
            <governor idx="3">fire</governor>
            <dependent idx="2">LARGE</dependent>
          </dep>
          <dep type="nsubj">
            <governor idx="4">broke</governor>
            <dependent idx="3">fire</dependent>
          </dep>
          <dep type="compound:prt">
            <governor idx="4">broke</governor>
            <dependent idx="5">out</dependent>
          </dep>
          <dep type="case">
            <governor idx="9">supermarket</governor>
            <dependent idx="6">at</dependent>
          </dep>
          <dep type="det">
            <governor idx="9">supermarket</governor>
            <dependent idx="7">the</dependent>
          </dep>
          <dep type="compound">
            <governor idx="9">supermarket</governor>
            <dependent idx="8">Waitrose</dependent>
          </dep>
          <dep type="nmod:at">
            <governor idx="4">broke</governor>
            <dependent idx="9">supermarket</dependent>
          </dep>
          <dep type="case">
            <governor idx="13">centre</governor>
            <dependent idx="10">in</dependent>
          </dep>
          <dep type="compound">
            <governor idx="13">centre</governor>
            <dependent idx="11">Wellington</dependent>
          </dep>
          <dep type="compound">
            <governor idx="13">centre</governor>
            <dependent idx="12">town</dependent>
          </dep>
          <dep type="nmod:in">
            <governor idx="9">supermarket</governor>
            <dependent idx="13">centre</dependent>
          </dep>
          <dep type="det">
            <governor idx="15">morning</governor>
            <dependent idx="14">this</dependent>
          </dep>
          <dep type="nmod:tmod">
            <governor idx="4">broke</governor>
            <dependent idx="15">morning</dependent>
          </dep>
          <dep type="nummod">
            <governor idx="17">July</governor>
            <dependent idx="16">(</dependent>
          </dep>
          <dep type="dep">
            <governor idx="15">morning</governor>
            <dependent idx="17">July</dependent>
          </dep>
          <dep type="nummod">
            <governor idx="17">July</governor>
            <dependent idx="18">21</dependent>
          </dep>
          <dep type="nummod">
            <governor idx="17">July</governor>
            <dependent idx="19">)</dependent>
          </dep>
          <dep type="punct">
            <governor idx="4">broke</governor>
            <dependent idx="20">.</dependent>
          </dep>
        </dependencies>
      </sentence>
    </sentences>
  </document>
</root>
