<?xml version="1.0" encoding="UTF-8"?>
<?xml-stylesheet href="CoreNLP-to-HTML.xsl" type="text/xsl"?>
<root>
  <document>
    <sentences>
      <sentence id="1" line="1">
        <tokens>
          <token id="1">
            <word>Another</word>
            <lemma>another</lemma>
            <CharacterOffsetBegin>0</CharacterOffsetBegin>
            <CharacterOffsetEnd>7</CharacterOffsetEnd>
            <POS>DT</POS>
            <NER>O</NER>
          </token>
          <token id="2">
            <word>peace</word>
            <lemma>peace</lemma>
            <CharacterOffsetBegin>8</CharacterOffsetBegin>
            <CharacterOffsetEnd>13</CharacterOffsetEnd>
            <POS>NN</POS>
            <NER>O</NER>
          </token>
          <token id="3">
            <word>officer</word>
            <lemma>officer</lemma>
            <CharacterOffsetBegin>14</CharacterOffsetBegin>
            <CharacterOffsetEnd>21</CharacterOffsetEnd>
            <POS>NN</POS>
            <NER>O</NER>
          </token>
          <token id="4">
            <word>has</word>
            <lemma>have</lemma>
            <CharacterOffsetBegin>22</CharacterOffsetBegin>
            <CharacterOffsetEnd>25</CharacterOffsetEnd>
            <POS>VBZ</POS>
            <NER>O</NER>
          </token>
          <token id="5">
            <word>been</word>
            <lemma>be</lemma>
            <CharacterOffsetBegin>26</CharacterOffsetBegin>
            <CharacterOffsetEnd>30</CharacterOffsetEnd>
            <POS>VBN</POS>
            <NER>O</NER>
          </token>
          <token id="6">
            <word>gunned</word>
            <lemma>gun</lemma>
            <CharacterOffsetBegin>31</CharacterOffsetBegin>
            <CharacterOffsetEnd>37</CharacterOffsetEnd>
            <POS>VBN</POS>
            <NER>O</NER>
          </token>
          <token id="7">
            <word>down</word>
            <lemma>down</lemma>
            <CharacterOffsetBegin>38</CharacterOffsetBegin>
            <CharacterOffsetEnd>42</CharacterOffsetEnd>
            <POS>RP</POS>
            <NER>O</NER>
          </token>
          <token id="8">
            <word>in</word>
            <lemma>in</lemma>
            <CharacterOffsetBegin>43</CharacterOffsetBegin>
            <CharacterOffsetEnd>45</CharacterOffsetEnd>
            <POS>IN</POS>
            <NER>O</NER>
          </token>
          <token id="9">
            <word>cold</word>
            <lemma>cold</lemma>
            <CharacterOffsetBegin>46</CharacterOffsetBegin>
            <CharacterOffsetEnd>50</CharacterOffsetEnd>
            <POS>JJ</POS>
            <NER>O</NER>
          </token>
          <token id="10">
            <word>blood</word>
            <lemma>blood</lemma>
            <CharacterOffsetBegin>51</CharacterOffsetBegin>
            <CharacterOffsetEnd>56</CharacterOffsetEnd>
            <POS>NN</POS>
            <NER>O</NER>
          </token>
          <token id="11">
            <word>.</word>
            <lemma>.</lemma>
            <CharacterOffsetBegin>57</CharacterOffsetBegin>
            <CharacterOffsetEnd>58</CharacterOffsetEnd>
            <POS>.</POS>
            <NER>O</NER>
          </token>
        </tokens>
        <parse>(ROOT (S (NP (DT Another) (NN peace) (NN officer)) (VP (VBZ has) (VP (VBN been) (VP (VBN gunned) (PRT (RP down)) (PP (IN in) (NP (JJ cold) (NN blood)))))) (. .))) </parse>
        <dependencies type="basic-dependencies">
          <dep type="root">
            <governor idx="0">ROOT</governor>
            <dependent idx="6">gunned</dependent>
          </dep>
          <dep type="det">
            <governor idx="3">officer</governor>
            <dependent idx="1">Another</dependent>
          </dep>
          <dep type="compound">
            <governor idx="3">officer</governor>
            <dependent idx="2">peace</dependent>
          </dep>
          <dep type="nsubjpass">
            <governor idx="6">gunned</governor>
            <dependent idx="3">officer</dependent>
          </dep>
          <dep type="aux">
            <governor idx="6">gunned</governor>
            <dependent idx="4">has</dependent>
          </dep>
          <dep type="auxpass">
            <governor idx="6">gunned</governor>
            <dependent idx="5">been</dependent>
          </dep>
          <dep type="compound:prt">
            <governor idx="6">gunned</governor>
            <dependent idx="7">down</dependent>
          </dep>
          <dep type="case">
            <governor idx="10">blood</governor>
            <dependent idx="8">in</dependent>
          </dep>
          <dep type="amod">
            <governor idx="10">blood</governor>
            <dependent idx="9">cold</dependent>
          </dep>
          <dep type="nmod">
            <governor idx="6">gunned</governor>
            <dependent idx="10">blood</dependent>
          </dep>
          <dep type="punct">
            <governor idx="6">gunned</governor>
            <dependent idx="11">.</dependent>
          </dep>
        </dependencies>
        <dependencies type="collapsed-dependencies">
          <dep type="root">
            <governor idx="0">ROOT</governor>
            <dependent idx="6">gunned</dependent>
          </dep>
          <dep type="det">
            <governor idx="3">officer</governor>
            <dependent idx="1">Another</dependent>
          </dep>
          <dep type="compound">
            <governor idx="3">officer</governor>
            <dependent idx="2">peace</dependent>
          </dep>
          <dep type="nsubjpass">
            <governor idx="6">gunned</governor>
            <dependent idx="3">officer</dependent>
          </dep>
          <dep type="aux">
            <governor idx="6">gunned</governor>
            <dependent idx="4">has</dependent>
          </dep>
          <dep type="auxpass">
            <governor idx="6">gunned</governor>
            <dependent idx="5">been</dependent>
          </dep>
          <dep type="compound:prt">
            <governor idx="6">gunned</governor>
            <dependent idx="7">down</dependent>
          </dep>
          <dep type="case">
            <governor idx="10">blood</governor>
            <dependent idx="8">in</dependent>
          </dep>
          <dep type="amod">
            <governor idx="10">blood</governor>
            <dependent idx="9">cold</dependent>
          </dep>
          <dep type="nmod:in">
            <governor idx="6">gunned</governor>
            <dependent idx="10">blood</dependent>
          </dep>
          <dep type="punct">
            <governor idx="6">gunned</governor>
            <dependent idx="11">.</dependent>
          </dep>
        </dependencies>
        <dependencies type="collapsed-ccprocessed-dependencies">
          <dep type="root">
            <governor idx="0">ROOT</governor>
            <dependent idx="6">gunned</dependent>
          </dep>
          <dep type="det">
            <governor idx="3">officer</governor>
            <dependent idx="1">Another</dependent>
          </dep>
          <dep type="compound">
            <governor idx="3">officer</governor>
            <dependent idx="2">peace</dependent>
          </dep>
          <dep type="nsubjpass">
            <governor idx="6">gunned</governor>
            <dependent idx="3">officer</dependent>
          </dep>
          <dep type="aux">
            <governor idx="6">gunned</governor>
            <dependent idx="4">has</dependent>
          </dep>
          <dep type="auxpass">
            <governor idx="6">gunned</governor>
            <dependent idx="5">been</dependent>
          </dep>
          <dep type="compound:prt">
            <governor idx="6">gunned</governor>
            <dependent idx="7">down</dependent>
          </dep>
          <dep type="case">
            <governor idx="10">blood</governor>
            <dependent idx="8">in</dependent>
          </dep>
          <dep type="amod">
            <governor idx="10">blood</governor>
            <dependent idx="9">cold</dependent>
          </dep>
          <dep type="nmod:in">
            <governor idx="6">gunned</governor>
            <dependent idx="10">blood</dependent>
          </dep>
          <dep type="punct">
            <governor idx="6">gunned</governor>
            <dependent idx="11">.</dependent>
          </dep>
        </dependencies>
      </sentence>
      <sentence id="2" line="2">
        <tokens>
          <token id="1">
            <word>Officer</word>
            <lemma>Officer</lemma>
            <CharacterOffsetBegin>59</CharacterOffsetBegin>
            <CharacterOffsetEnd>66</CharacterOffsetEnd>
            <POS>NNP</POS>
            <NER>O</NER>
          </token>
          <token id="2">
            <word>Ortiz</word>
            <lemma>Ortiz</lemma>
            <CharacterOffsetBegin>67</CharacterOffsetBegin>
            <CharacterOffsetEnd>72</CharacterOffsetEnd>
            <POS>NNP</POS>
            <NER>PERSON</NER>
          </token>
          <token id="3">
            <word>was</word>
            <lemma>be</lemma>
            <CharacterOffsetBegin>73</CharacterOffsetBegin>
            <CharacterOffsetEnd>76</CharacterOffsetEnd>
            <POS>VBD</POS>
            <NER>O</NER>
          </token>
          <token id="4">
            <word>knocking</word>
            <lemma>knock</lemma>
            <CharacterOffsetBegin>77</CharacterOffsetBegin>
            <CharacterOffsetEnd>85</CharacterOffsetEnd>
            <POS>VBG</POS>
            <NER>O</NER>
          </token>
          <token id="5">
            <word>on</word>
            <lemma>on</lemma>
            <CharacterOffsetBegin>86</CharacterOffsetBegin>
            <CharacterOffsetEnd>88</CharacterOffsetEnd>
            <POS>IN</POS>
            <NER>O</NER>
          </token>
          <token id="6">
            <word>doors</word>
            <lemma>door</lemma>
            <CharacterOffsetBegin>89</CharacterOffsetBegin>
            <CharacterOffsetEnd>94</CharacterOffsetEnd>
            <POS>NNS</POS>
            <NER>O</NER>
          </token>
          <token id="7">
            <word>down</word>
            <lemma>down</lemma>
            <CharacterOffsetBegin>95</CharacterOffsetBegin>
            <CharacterOffsetEnd>99</CharacterOffsetEnd>
            <POS>RB</POS>
            <NER>O</NER>
          </token>
          <token id="8">
            <word>in</word>
            <lemma>in</lemma>
            <CharacterOffsetBegin>100</CharacterOffsetBegin>
            <CharacterOffsetEnd>102</CharacterOffsetEnd>
            <POS>IN</POS>
            <NER>O</NER>
          </token>
          <token id="9">
            <word>the</word>
            <lemma>the</lemma>
            <CharacterOffsetBegin>103</CharacterOffsetBegin>
            <CharacterOffsetEnd>106</CharacterOffsetEnd>
            <POS>DT</POS>
            <NER>O</NER>
          </token>
          <token id="10">
            <word>city</word>
            <lemma>city</lemma>
            <CharacterOffsetBegin>107</CharacterOffsetBegin>
            <CharacterOffsetEnd>111</CharacterOffsetEnd>
            <POS>NN</POS>
            <NER>O</NER>
          </token>
          <token id="11">
            <word>of</word>
            <lemma>of</lemma>
            <CharacterOffsetBegin>112</CharacterOffsetBegin>
            <CharacterOffsetEnd>114</CharacterOffsetEnd>
            <POS>IN</POS>
            <NER>O</NER>
          </token>
          <token id="12">
            <word>Hawaiian</word>
            <lemma>hawaiian</lemma>
            <CharacterOffsetBegin>115</CharacterOffsetBegin>
            <CharacterOffsetEnd>123</CharacterOffsetEnd>
            <POS>JJ</POS>
            <NER>LOCATION</NER>
          </token>
          <token id="13">
            <word>Gardens</word>
            <lemma>Gardens</lemma>
            <CharacterOffsetBegin>124</CharacterOffsetBegin>
            <CharacterOffsetEnd>131</CharacterOffsetEnd>
            <POS>NNPS</POS>
            <NER>LOCATION</NER>
          </token>
          <token id="14">
            <word>looking</word>
            <lemma>look</lemma>
            <CharacterOffsetBegin>132</CharacterOffsetBegin>
            <CharacterOffsetEnd>139</CharacterOffsetEnd>
            <POS>VBG</POS>
            <NER>O</NER>
          </token>
          <token id="15">
            <word>for</word>
            <lemma>for</lemma>
            <CharacterOffsetBegin>140</CharacterOffsetBegin>
            <CharacterOffsetEnd>143</CharacterOffsetEnd>
            <POS>IN</POS>
            <NER>O</NER>
          </token>
          <token id="16">
            <word>gang</word>
            <lemma>gang</lemma>
            <CharacterOffsetBegin>144</CharacterOffsetBegin>
            <CharacterOffsetEnd>148</CharacterOffsetEnd>
            <POS>NN</POS>
            <NER>O</NER>
          </token>
          <token id="17">
            <word>members</word>
            <lemma>member</lemma>
            <CharacterOffsetBegin>149</CharacterOffsetBegin>
            <CharacterOffsetEnd>156</CharacterOffsetEnd>
            <POS>NNS</POS>
            <NER>O</NER>
          </token>
          <token id="18">
            <word>and</word>
            <lemma>and</lemma>
            <CharacterOffsetBegin>157</CharacterOffsetBegin>
            <CharacterOffsetEnd>160</CharacterOffsetEnd>
            <POS>CC</POS>
            <NER>O</NER>
          </token>
          <token id="19">
            <word>he</word>
            <lemma>he</lemma>
            <CharacterOffsetBegin>161</CharacterOffsetBegin>
            <CharacterOffsetEnd>163</CharacterOffsetEnd>
            <POS>PRP</POS>
            <NER>O</NER>
          </token>
          <token id="20">
            <word>was</word>
            <lemma>be</lemma>
            <CharacterOffsetBegin>164</CharacterOffsetBegin>
            <CharacterOffsetEnd>167</CharacterOffsetEnd>
            <POS>VBD</POS>
            <NER>O</NER>
          </token>
          <token id="21">
            <word>shot</word>
            <lemma>shoot</lemma>
            <CharacterOffsetBegin>168</CharacterOffsetBegin>
            <CharacterOffsetEnd>172</CharacterOffsetEnd>
            <POS>VBN</POS>
            <NER>O</NER>
          </token>
          <token id="22">
            <word>point</word>
            <lemma>point</lemma>
            <CharacterOffsetBegin>173</CharacterOffsetBegin>
            <CharacterOffsetEnd>178</CharacterOffsetEnd>
            <POS>NN</POS>
            <NER>O</NER>
          </token>
          <token id="23">
            <word>blank</word>
            <lemma>blank</lemma>
            <CharacterOffsetBegin>179</CharacterOffsetBegin>
            <CharacterOffsetEnd>184</CharacterOffsetEnd>
            <POS>JJ</POS>
            <NER>O</NER>
          </token>
          <token id="24">
            <word>range</word>
            <lemma>range</lemma>
            <CharacterOffsetBegin>185</CharacterOffsetBegin>
            <CharacterOffsetEnd>190</CharacterOffsetEnd>
            <POS>NN</POS>
            <NER>O</NER>
          </token>
          <token id="25">
            <word>in</word>
            <lemma>in</lemma>
            <CharacterOffsetBegin>191</CharacterOffsetBegin>
            <CharacterOffsetEnd>193</CharacterOffsetEnd>
            <POS>IN</POS>
            <NER>O</NER>
          </token>
          <token id="26">
            <word>the</word>
            <lemma>the</lemma>
            <CharacterOffsetBegin>194</CharacterOffsetBegin>
            <CharacterOffsetEnd>197</CharacterOffsetEnd>
            <POS>DT</POS>
            <NER>O</NER>
          </token>
          <token id="27">
            <word>head</word>
            <lemma>head</lemma>
            <CharacterOffsetBegin>198</CharacterOffsetBegin>
            <CharacterOffsetEnd>202</CharacterOffsetEnd>
            <POS>NN</POS>
            <NER>O</NER>
          </token>
          <token id="28">
            <word>by</word>
            <lemma>by</lemma>
            <CharacterOffsetBegin>203</CharacterOffsetBegin>
            <CharacterOffsetEnd>205</CharacterOffsetEnd>
            <POS>IN</POS>
            <NER>O</NER>
          </token>
          <token id="29">
            <word>gang</word>
            <lemma>gang</lemma>
            <CharacterOffsetBegin>206</CharacterOffsetBegin>
            <CharacterOffsetEnd>210</CharacterOffsetEnd>
            <POS>NN</POS>
            <NER>O</NER>
          </token>
          <token id="30">
            <word>member</word>
            <lemma>member</lemma>
            <CharacterOffsetBegin>211</CharacterOffsetBegin>
            <CharacterOffsetEnd>217</CharacterOffsetEnd>
            <POS>NN</POS>
            <NER>O</NER>
          </token>
          <token id="31">
            <word>Jose</word>
            <lemma>Jose</lemma>
            <CharacterOffsetBegin>218</CharacterOffsetBegin>
            <CharacterOffsetEnd>222</CharacterOffsetEnd>
            <POS>NNP</POS>
            <NER>PERSON</NER>
          </token>
          <token id="32">
            <word>Luis</word>
            <lemma>Luis</lemma>
            <CharacterOffsetBegin>223</CharacterOffsetBegin>
            <CharacterOffsetEnd>227</CharacterOffsetEnd>
            <POS>NNP</POS>
            <NER>PERSON</NER>
          </token>
          <token id="33">
            <word>Orozco</word>
            <lemma>Orozco</lemma>
            <CharacterOffsetBegin>228</CharacterOffsetBegin>
            <CharacterOffsetEnd>234</CharacterOffsetEnd>
            <POS>NNP</POS>
            <NER>PERSON</NER>
          </token>
          <token id="34">
            <word>.</word>
            <lemma>.</lemma>
            <CharacterOffsetBegin>235</CharacterOffsetBegin>
            <CharacterOffsetEnd>236</CharacterOffsetEnd>
            <POS>.</POS>
            <NER>O</NER>
          </token>
        </tokens>
        <parse>(ROOT (S (S (NP (NNP Officer) (NNP Ortiz)) (VP (VBD was) (VP (VBG knocking) (PP (IN on) (NP (NP (NNS doors)) (VP (ADVP (RB down) (PP (IN in) (NP (NP (DT the) (NN city)) (PP (IN of) (NP (JJ Hawaiian) (NNPS Gardens)))))) (VBG looking) (PP (IN for) (NP (NN gang) (NNS members))))))))) (CC and) (S (NP (PRP he)) (VP (VBD was) (VP (VBN shot) (NP (NP (NN point) (JJ blank) (NN range)) (PP (IN in) (NP (DT the) (NN head)))) (PP (IN by) (NP (NN gang) (NN member) (NNP Jose) (NNP Luis) (NNP Orozco)))))) (. .))) </parse>
        <dependencies type="basic-dependencies">
          <dep type="root">
            <governor idx="0">ROOT</governor>
            <dependent idx="4">knocking</dependent>
          </dep>
          <dep type="compound">
            <governor idx="2">Ortiz</governor>
            <dependent idx="1">Officer</dependent>
          </dep>
          <dep type="nsubj">
            <governor idx="4">knocking</governor>
            <dependent idx="2">Ortiz</dependent>
          </dep>
          <dep type="aux">
            <governor idx="4">knocking</governor>
            <dependent idx="3">was</dependent>
          </dep>
          <dep type="case">
            <governor idx="6">doors</governor>
            <dependent idx="5">on</dependent>
          </dep>
          <dep type="nmod">
            <governor idx="4">knocking</governor>
            <dependent idx="6">doors</dependent>
          </dep>
          <dep type="advmod">
            <governor idx="6">doors</governor>
            <dependent idx="7">down</dependent>
          </dep>
          <dep type="case">
            <governor idx="10">city</governor>
            <dependent idx="8">in</dependent>
          </dep>
          <dep type="det">
            <governor idx="10">city</governor>
            <dependent idx="9">the</dependent>
          </dep>
          <dep type="nmod">
            <governor idx="7">down</governor>
            <dependent idx="10">city</dependent>
          </dep>
          <dep type="case">
            <governor idx="13">Gardens</governor>
            <dependent idx="11">of</dependent>
          </dep>
          <dep type="amod">
            <governor idx="13">Gardens</governor>
            <dependent idx="12">Hawaiian</dependent>
          </dep>
          <dep type="nmod">
            <governor idx="10">city</governor>
            <dependent idx="13">Gardens</dependent>
          </dep>
          <dep type="acl">
            <governor idx="13">Gardens</governor>
            <dependent idx="14">looking</dependent>
          </dep>
          <dep type="case">
            <governor idx="17">members</governor>
            <dependent idx="15">for</dependent>
          </dep>
          <dep type="compound">
            <governor idx="17">members</governor>
            <dependent idx="16">gang</dependent>
          </dep>
          <dep type="nmod">
            <governor idx="14">looking</governor>
            <dependent idx="17">members</dependent>
          </dep>
          <dep type="cc">
            <governor idx="4">knocking</governor>
            <dependent idx="18">and</dependent>
          </dep>
          <dep type="nsubjpass">
            <governor idx="21">shot</governor>
            <dependent idx="19">he</dependent>
          </dep>
          <dep type="auxpass">
            <governor idx="21">shot</governor>
            <dependent idx="20">was</dependent>
          </dep>
          <dep type="conj">
            <governor idx="4">knocking</governor>
            <dependent idx="21">shot</dependent>
          </dep>
          <dep type="compound">
            <governor idx="24">range</governor>
            <dependent idx="22">point</dependent>
          </dep>
          <dep type="amod">
            <governor idx="24">range</governor>
            <dependent idx="23">blank</dependent>
          </dep>
          <dep type="dobj">
            <governor idx="21">shot</governor>
            <dependent idx="24">range</dependent>
          </dep>
          <dep type="case">
            <governor idx="27">head</governor>
            <dependent idx="25">in</dependent>
          </dep>
          <dep type="det">
            <governor idx="27">head</governor>
            <dependent idx="26">the</dependent>
          </dep>
          <dep type="nmod">
            <governor idx="21">shot</governor>
            <dependent idx="27">head</dependent>
          </dep>
          <dep type="case">
            <governor idx="33">Orozco</governor>
            <dependent idx="28">by</dependent>
          </dep>
          <dep type="compound">
            <governor idx="33">Orozco</governor>
            <dependent idx="29">gang</dependent>
          </dep>
          <dep type="compound">
            <governor idx="33">Orozco</governor>
            <dependent idx="30">member</dependent>
          </dep>
          <dep type="compound">
            <governor idx="33">Orozco</governor>
            <dependent idx="31">Jose</dependent>
          </dep>
          <dep type="compound">
            <governor idx="33">Orozco</governor>
            <dependent idx="32">Luis</dependent>
          </dep>
          <dep type="nmod">
            <governor idx="21">shot</governor>
            <dependent idx="33">Orozco</dependent>
          </dep>
          <dep type="punct">
            <governor idx="4">knocking</governor>
            <dependent idx="34">.</dependent>
          </dep>
        </dependencies>
        <dependencies type="collapsed-dependencies">
          <dep type="root">
            <governor idx="0">ROOT</governor>
            <dependent idx="4">knocking</dependent>
          </dep>
          <dep type="compound">
            <governor idx="2">Ortiz</governor>
            <dependent idx="1">Officer</dependent>
          </dep>
          <dep type="nsubj">
            <governor idx="4">knocking</governor>
            <dependent idx="2">Ortiz</dependent>
          </dep>
          <dep type="aux">
            <governor idx="4">knocking</governor>
            <dependent idx="3">was</dependent>
          </dep>
          <dep type="case">
            <governor idx="6">doors</governor>
            <dependent idx="5">on</dependent>
          </dep>
          <dep type="nmod:on">
            <governor idx="4">knocking</governor>
            <dependent idx="6">doors</dependent>
          </dep>
          <dep type="advmod">
            <governor idx="6">doors</governor>
            <dependent idx="7">down</dependent>
          </dep>
          <dep type="case">
            <governor idx="10">city</governor>
            <dependent idx="8">in</dependent>
          </dep>
          <dep type="det">
            <governor idx="10">city</governor>
            <dependent idx="9">the</dependent>
          </dep>
          <dep type="nmod:in">
            <governor idx="7">down</governor>
            <dependent idx="10">city</dependent>
          </dep>
          <dep type="case">
            <governor idx="13">Gardens</governor>
            <dependent idx="11">of</dependent>
          </dep>
          <dep type="amod">
            <governor idx="13">Gardens</governor>
            <dependent idx="12">Hawaiian</dependent>
          </dep>
          <dep type="nmod:of">
            <governor idx="10">city</governor>
            <dependent idx="13">Gardens</dependent>
          </dep>
          <dep type="acl">
            <governor idx="13">Gardens</governor>
            <dependent idx="14">looking</dependent>
          </dep>
          <dep type="case">
            <governor idx="17">members</governor>
            <dependent idx="15">for</dependent>
          </dep>
          <dep type="compound">
            <governor idx="17">members</governor>
            <dependent idx="16">gang</dependent>
          </dep>
          <dep type="nmod:for">
            <governor idx="14">looking</governor>
            <dependent idx="17">members</dependent>
          </dep>
          <dep type="cc">
            <governor idx="4">knocking</governor>
            <dependent idx="18">and</dependent>
          </dep>
          <dep type="nsubjpass">
            <governor idx="21">shot</governor>
            <dependent idx="19">he</dependent>
          </dep>
          <dep type="auxpass">
            <governor idx="21">shot</governor>
            <dependent idx="20">was</dependent>
          </dep>
          <dep type="conj:and">
            <governor idx="4">knocking</governor>
            <dependent idx="21">shot</dependent>
          </dep>
          <dep type="compound">
            <governor idx="24">range</governor>
            <dependent idx="22">point</dependent>
          </dep>
          <dep type="amod">
            <governor idx="24">range</governor>
            <dependent idx="23">blank</dependent>
          </dep>
          <dep type="dobj">
            <governor idx="21">shot</governor>
            <dependent idx="24">range</dependent>
          </dep>
          <dep type="case">
            <governor idx="27">head</governor>
            <dependent idx="25">in</dependent>
          </dep>
          <dep type="det">
            <governor idx="27">head</governor>
            <dependent idx="26">the</dependent>
          </dep>
          <dep type="nmod:in">
            <governor idx="21">shot</governor>
            <dependent idx="27">head</dependent>
          </dep>
          <dep type="case">
            <governor idx="33">Orozco</governor>
            <dependent idx="28">by</dependent>
          </dep>
          <dep type="compound">
            <governor idx="33">Orozco</governor>
            <dependent idx="29">gang</dependent>
          </dep>
          <dep type="compound">
            <governor idx="33">Orozco</governor>
            <dependent idx="30">member</dependent>
          </dep>
          <dep type="compound">
            <governor idx="33">Orozco</governor>
            <dependent idx="31">Jose</dependent>
          </dep>
          <dep type="compound">
            <governor idx="33">Orozco</governor>
            <dependent idx="32">Luis</dependent>
          </dep>
          <dep type="nmod:agent">
            <governor idx="21">shot</governor>
            <dependent idx="33">Orozco</dependent>
          </dep>
          <dep type="punct">
            <governor idx="4">knocking</governor>
            <dependent idx="34">.</dependent>
          </dep>
        </dependencies>
        <dependencies type="collapsed-ccprocessed-dependencies">
          <dep type="root">
            <governor idx="0">ROOT</governor>
            <dependent idx="4">knocking</dependent>
          </dep>
          <dep type="compound">
            <governor idx="2">Ortiz</governor>
            <dependent idx="1">Officer</dependent>
          </dep>
          <dep type="nsubj">
            <governor idx="4">knocking</governor>
            <dependent idx="2">Ortiz</dependent>
          </dep>
          <dep type="aux">
            <governor idx="4">knocking</governor>
            <dependent idx="3">was</dependent>
          </dep>
          <dep type="case">
            <governor idx="6">doors</governor>
            <dependent idx="5">on</dependent>
          </dep>
          <dep type="nmod:on">
            <governor idx="4">knocking</governor>
            <dependent idx="6">doors</dependent>
          </dep>
          <dep type="advmod">
            <governor idx="6">doors</governor>
            <dependent idx="7">down</dependent>
          </dep>
          <dep type="case">
            <governor idx="10">city</governor>
            <dependent idx="8">in</dependent>
          </dep>
          <dep type="det">
            <governor idx="10">city</governor>
            <dependent idx="9">the</dependent>
          </dep>
          <dep type="nmod:in">
            <governor idx="7">down</governor>
            <dependent idx="10">city</dependent>
          </dep>
          <dep type="case">
            <governor idx="13">Gardens</governor>
            <dependent idx="11">of</dependent>
          </dep>
          <dep type="amod">
            <governor idx="13">Gardens</governor>
            <dependent idx="12">Hawaiian</dependent>
          </dep>
          <dep type="nmod:of">
            <governor idx="10">city</governor>
            <dependent idx="13">Gardens</dependent>
          </dep>
          <dep type="acl">
            <governor idx="13">Gardens</governor>
            <dependent idx="14">looking</dependent>
          </dep>
          <dep type="case">
            <governor idx="17">members</governor>
            <dependent idx="15">for</dependent>
          </dep>
          <dep type="compound">
            <governor idx="17">members</governor>
            <dependent idx="16">gang</dependent>
          </dep>
          <dep type="nmod:for">
            <governor idx="14">looking</governor>
            <dependent idx="17">members</dependent>
          </dep>
          <dep type="cc">
            <governor idx="4">knocking</governor>
            <dependent idx="18">and</dependent>
          </dep>
          <dep type="nsubjpass">
            <governor idx="21">shot</governor>
            <dependent idx="19">he</dependent>
          </dep>
          <dep type="auxpass">
            <governor idx="21">shot</governor>
            <dependent idx="20">was</dependent>
          </dep>
          <dep type="conj:and">
            <governor idx="4">knocking</governor>
            <dependent idx="21">shot</dependent>
          </dep>
          <dep type="compound">
            <governor idx="24">range</governor>
            <dependent idx="22">point</dependent>
          </dep>
          <dep type="amod">
            <governor idx="24">range</governor>
            <dependent idx="23">blank</dependent>
          </dep>
          <dep type="dobj">
            <governor idx="21">shot</governor>
            <dependent idx="24">range</dependent>
          </dep>
          <dep type="case">
            <governor idx="27">head</governor>
            <dependent idx="25">in</dependent>
          </dep>
          <dep type="det">
            <governor idx="27">head</governor>
            <dependent idx="26">the</dependent>
          </dep>
          <dep type="nmod:in">
            <governor idx="21">shot</governor>
            <dependent idx="27">head</dependent>
          </dep>
          <dep type="case">
            <governor idx="33">Orozco</governor>
            <dependent idx="28">by</dependent>
          </dep>
          <dep type="compound">
            <governor idx="33">Orozco</governor>
            <dependent idx="29">gang</dependent>
          </dep>
          <dep type="compound">
            <governor idx="33">Orozco</governor>
            <dependent idx="30">member</dependent>
          </dep>
          <dep type="compound">
            <governor idx="33">Orozco</governor>
            <dependent idx="31">Jose</dependent>
          </dep>
          <dep type="compound">
            <governor idx="33">Orozco</governor>
            <dependent idx="32">Luis</dependent>
          </dep>
          <dep type="nmod:agent">
            <governor idx="21">shot</governor>
            <dependent idx="33">Orozco</dependent>
          </dep>
          <dep type="punct">
            <governor idx="4">knocking</governor>
            <dependent idx="34">.</dependent>
          </dep>
        </dependencies>
      </sentence>
    </sentences>
  </document>
</root>
