<?xml version="1.0" encoding="UTF-8"?>
<?xml-stylesheet href="CoreNLP-to-HTML.xsl" type="text/xsl"?>
<root>
  <document>
    <sentences>
      <sentence id="1" line="1">
        <tokens>
          <token id="1">
            <word>A</word>
            <lemma>a</lemma>
            <CharacterOffsetBegin>0</CharacterOffsetBegin>
            <CharacterOffsetEnd>1</CharacterOffsetEnd>
            <POS>DT</POS>
            <NER>O</NER>
          </token>
          <token id="2">
            <word>former</word>
            <lemma>former</lemma>
            <CharacterOffsetBegin>2</CharacterOffsetBegin>
            <CharacterOffsetEnd>8</CharacterOffsetEnd>
            <POS>JJ</POS>
            <NER>O</NER>
          </token>
          <token id="3">
            <word>employee</word>
            <lemma>employee</lemma>
            <CharacterOffsetBegin>9</CharacterOffsetBegin>
            <CharacterOffsetEnd>17</CharacterOffsetEnd>
            <POS>NN</POS>
            <NER>O</NER>
          </token>
          <token id="4">
            <word>recently</word>
            <lemma>recently</lemma>
            <CharacterOffsetBegin>18</CharacterOffsetBegin>
            <CharacterOffsetEnd>26</CharacterOffsetEnd>
            <POS>RB</POS>
            <NER>DATE</NER>
            <NormalizedNER>PAST_REF</NormalizedNER>
            <Timex tid="t1" type="DATE">PAST_REF</Timex>
          </token>
          <token id="5">
            <word>let</word>
            <lemma>let</lemma>
            <CharacterOffsetBegin>27</CharacterOffsetBegin>
            <CharacterOffsetEnd>30</CharacterOffsetEnd>
            <POS>VBD</POS>
            <NER>O</NER>
          </token>
          <token id="6">
            <word>go</word>
            <lemma>go</lemma>
            <CharacterOffsetBegin>31</CharacterOffsetBegin>
            <CharacterOffsetEnd>33</CharacterOffsetEnd>
            <POS>VB</POS>
            <NER>O</NER>
          </token>
          <token id="7">
            <word>from</word>
            <lemma>from</lemma>
            <CharacterOffsetBegin>34</CharacterOffsetBegin>
            <CharacterOffsetEnd>38</CharacterOffsetEnd>
            <POS>IN</POS>
            <NER>O</NER>
          </token>
          <token id="8">
            <word>his</word>
            <lemma>he</lemma>
            <CharacterOffsetBegin>39</CharacterOffsetBegin>
            <CharacterOffsetEnd>42</CharacterOffsetEnd>
            <POS>PRP$</POS>
            <NER>O</NER>
          </token>
          <token id="9">
            <word>job</word>
            <lemma>job</lemma>
            <CharacterOffsetBegin>43</CharacterOffsetBegin>
            <CharacterOffsetEnd>46</CharacterOffsetEnd>
            <POS>NN</POS>
            <NER>O</NER>
          </token>
          <token id="10">
            <word>opened</word>
            <lemma>open</lemma>
            <CharacterOffsetBegin>47</CharacterOffsetBegin>
            <CharacterOffsetEnd>53</CharacterOffsetEnd>
            <POS>VBD</POS>
            <NER>O</NER>
          </token>
          <token id="11">
            <word>fire</word>
            <lemma>fire</lemma>
            <CharacterOffsetBegin>54</CharacterOffsetBegin>
            <CharacterOffsetEnd>58</CharacterOffsetEnd>
            <POS>NN</POS>
            <NER>O</NER>
          </token>
          <token id="12">
            <word>at</word>
            <lemma>at</lemma>
            <CharacterOffsetBegin>59</CharacterOffsetBegin>
            <CharacterOffsetEnd>61</CharacterOffsetEnd>
            <POS>IN</POS>
            <NER>O</NER>
          </token>
          <token id="13">
            <word>an</word>
            <lemma>a</lemma>
            <CharacterOffsetBegin>62</CharacterOffsetBegin>
            <CharacterOffsetEnd>64</CharacterOffsetEnd>
            <POS>DT</POS>
            <NER>O</NER>
          </token>
          <token id="14">
            <word>office</word>
            <lemma>office</lemma>
            <CharacterOffsetBegin>65</CharacterOffsetBegin>
            <CharacterOffsetEnd>71</CharacterOffsetEnd>
            <POS>NN</POS>
            <NER>O</NER>
          </token>
          <token id="15">
            <word>Christmas</word>
            <lemma>Christmas</lemma>
            <CharacterOffsetBegin>72</CharacterOffsetBegin>
            <CharacterOffsetEnd>81</CharacterOffsetEnd>
            <POS>NNP</POS>
            <NER>DATE</NER>
            <NormalizedNER>XXXX-12-25</NormalizedNER>
            <Timex tid="t2" type="DATE">XXXX-12-25</Timex>
          </token>
          <token id="16">
            <word>party</word>
            <lemma>party</lemma>
            <CharacterOffsetBegin>82</CharacterOffsetBegin>
            <CharacterOffsetEnd>87</CharacterOffsetEnd>
            <POS>NN</POS>
            <NER>O</NER>
          </token>
          <token id="17">
            <word>Friday</word>
            <lemma>Friday</lemma>
            <CharacterOffsetBegin>88</CharacterOffsetBegin>
            <CharacterOffsetEnd>94</CharacterOffsetEnd>
            <POS>NNP</POS>
            <NER>DATE</NER>
            <NormalizedNER>XXXX-WXX-5</NormalizedNER>
            <Timex tid="t3" type="DATE">XXXX-WXX-5</Timex>
          </token>
          <token id="18">
            <word>,</word>
            <lemma>,</lemma>
            <CharacterOffsetBegin>95</CharacterOffsetBegin>
            <CharacterOffsetEnd>96</CharacterOffsetEnd>
            <POS>,</POS>
            <NER>O</NER>
          </token>
          <token id="19">
            <word>killing</word>
            <lemma>kill</lemma>
            <CharacterOffsetBegin>97</CharacterOffsetBegin>
            <CharacterOffsetEnd>104</CharacterOffsetEnd>
            <POS>VBG</POS>
            <NER>O</NER>
          </token>
          <token id="20">
            <word>one</word>
            <lemma>one</lemma>
            <CharacterOffsetBegin>105</CharacterOffsetBegin>
            <CharacterOffsetEnd>108</CharacterOffsetEnd>
            <POS>CD</POS>
            <NER>NUMBER</NER>
            <NormalizedNER>1.0</NormalizedNER>
          </token>
          <token id="21">
            <word>person</word>
            <lemma>person</lemma>
            <CharacterOffsetBegin>109</CharacterOffsetBegin>
            <CharacterOffsetEnd>115</CharacterOffsetEnd>
            <POS>NN</POS>
            <NER>O</NER>
          </token>
          <token id="22">
            <word>,</word>
            <lemma>,</lemma>
            <CharacterOffsetBegin>116</CharacterOffsetBegin>
            <CharacterOffsetEnd>117</CharacterOffsetEnd>
            <POS>,</POS>
            <NER>O</NER>
          </token>
          <token id="23">
            <word>police</word>
            <lemma>police</lemma>
            <CharacterOffsetBegin>118</CharacterOffsetBegin>
            <CharacterOffsetEnd>124</CharacterOffsetEnd>
            <POS>NN</POS>
            <NER>O</NER>
          </token>
          <token id="24">
            <word>said</word>
            <lemma>say</lemma>
            <CharacterOffsetBegin>125</CharacterOffsetBegin>
            <CharacterOffsetEnd>129</CharacterOffsetEnd>
            <POS>VBD</POS>
            <NER>O</NER>
          </token>
          <token id="25">
            <word>.</word>
            <lemma>.</lemma>
            <CharacterOffsetBegin>130</CharacterOffsetBegin>
            <CharacterOffsetEnd>131</CharacterOffsetEnd>
            <POS>.</POS>
            <NER>O</NER>
          </token>
        </tokens>
        <parse>(ROOT (S (S (NP (DT A) (JJ former) (NN employee)) (ADVP (RB recently)) (VP (VBD let) (SBAR (S (S (VP (VB go) (PP (IN from) (NP (PRP$ his) (NN job))))) (VP (VBD opened) (NP (NN fire)) (PP (IN at) (NP (NP (DT an) (NN office) (NNP Christmas) (NN party)) (NP-TMP (NNP Friday)))) (, ,) (S (VP (VBG killing) (NP (CD one) (NN person))))))))) (, ,) (NP (NN police)) (VP (VBD said)) (. .))) </parse>
        <dependencies type="basic-dependencies">
          <dep type="root">
            <governor idx="0">ROOT</governor>
            <dependent idx="24">said</dependent>
          </dep>
          <dep type="det">
            <governor idx="3">employee</governor>
            <dependent idx="1">A</dependent>
          </dep>
          <dep type="amod">
            <governor idx="3">employee</governor>
            <dependent idx="2">former</dependent>
          </dep>
          <dep type="nsubj">
            <governor idx="5">let</governor>
            <dependent idx="3">employee</dependent>
          </dep>
          <dep type="advmod">
            <governor idx="5">let</governor>
            <dependent idx="4">recently</dependent>
          </dep>
          <dep type="ccomp">
            <governor idx="24">said</governor>
            <dependent idx="5">let</dependent>
          </dep>
          <dep type="nsubj">
            <governor idx="10">opened</governor>
            <dependent idx="6">go</dependent>
          </dep>
          <dep type="case">
            <governor idx="9">job</governor>
            <dependent idx="7">from</dependent>
          </dep>
          <dep type="nmod:poss">
            <governor idx="9">job</governor>
            <dependent idx="8">his</dependent>
          </dep>
          <dep type="nmod">
            <governor idx="6">go</governor>
            <dependent idx="9">job</dependent>
          </dep>
          <dep type="ccomp">
            <governor idx="5">let</governor>
            <dependent idx="10">opened</dependent>
          </dep>
          <dep type="dobj">
            <governor idx="10">opened</governor>
            <dependent idx="11">fire</dependent>
          </dep>
          <dep type="case">
            <governor idx="16">party</governor>
            <dependent idx="12">at</dependent>
          </dep>
          <dep type="det">
            <governor idx="16">party</governor>
            <dependent idx="13">an</dependent>
          </dep>
          <dep type="compound">
            <governor idx="16">party</governor>
            <dependent idx="14">office</dependent>
          </dep>
          <dep type="compound">
            <governor idx="16">party</governor>
            <dependent idx="15">Christmas</dependent>
          </dep>
          <dep type="nmod">
            <governor idx="10">opened</governor>
            <dependent idx="16">party</dependent>
          </dep>
          <dep type="nmod:tmod">
            <governor idx="10">opened</governor>
            <dependent idx="17">Friday</dependent>
          </dep>
          <dep type="punct">
            <governor idx="10">opened</governor>
            <dependent idx="18">,</dependent>
          </dep>
          <dep type="advcl">
            <governor idx="10">opened</governor>
            <dependent idx="19">killing</dependent>
          </dep>
          <dep type="nummod">
            <governor idx="21">person</governor>
            <dependent idx="20">one</dependent>
          </dep>
          <dep type="dobj">
            <governor idx="19">killing</governor>
            <dependent idx="21">person</dependent>
          </dep>
          <dep type="punct">
            <governor idx="24">said</governor>
            <dependent idx="22">,</dependent>
          </dep>
          <dep type="nsubj">
            <governor idx="24">said</governor>
            <dependent idx="23">police</dependent>
          </dep>
          <dep type="punct">
            <governor idx="24">said</governor>
            <dependent idx="25">.</dependent>
          </dep>
        </dependencies>
        <dependencies type="collapsed-dependencies">
          <dep type="root">
            <governor idx="0">ROOT</governor>
            <dependent idx="24">said</dependent>
          </dep>
          <dep type="det">
            <governor idx="3">employee</governor>
            <dependent idx="1">A</dependent>
          </dep>
          <dep type="amod">
            <governor idx="3">employee</governor>
            <dependent idx="2">former</dependent>
          </dep>
          <dep type="nsubj">
            <governor idx="5">let</governor>
            <dependent idx="3">employee</dependent>
          </dep>
          <dep type="advmod">
            <governor idx="5">let</governor>
            <dependent idx="4">recently</dependent>
          </dep>
          <dep type="ccomp">
            <governor idx="24">said</governor>
            <dependent idx="5">let</dependent>
          </dep>
          <dep type="nsubj">
            <governor idx="10">opened</governor>
            <dependent idx="6">go</dependent>
          </dep>
          <dep type="case">
            <governor idx="9">job</governor>
            <dependent idx="7">from</dependent>
          </dep>
          <dep type="nmod:poss">
            <governor idx="9">job</governor>
            <dependent idx="8">his</dependent>
          </dep>
          <dep type="nmod:from">
            <governor idx="6">go</governor>
            <dependent idx="9">job</dependent>
          </dep>
          <dep type="ccomp">
            <governor idx="5">let</governor>
            <dependent idx="10">opened</dependent>
          </dep>
          <dep type="dobj">
            <governor idx="10">opened</governor>
            <dependent idx="11">fire</dependent>
          </dep>
          <dep type="case">
            <governor idx="16">party</governor>
            <dependent idx="12">at</dependent>
          </dep>
          <dep type="det">
            <governor idx="16">party</governor>
            <dependent idx="13">an</dependent>
          </dep>
          <dep type="compound">
            <governor idx="16">party</governor>
            <dependent idx="14">office</dependent>
          </dep>
          <dep type="compound">
            <governor idx="16">party</governor>
            <dependent idx="15">Christmas</dependent>
          </dep>
          <dep type="nmod:at">
            <governor idx="10">opened</governor>
            <dependent idx="16">party</dependent>
          </dep>
          <dep type="nmod:tmod">
            <governor idx="10">opened</governor>
            <dependent idx="17">Friday</dependent>
          </dep>
          <dep type="punct">
            <governor idx="10">opened</governor>
            <dependent idx="18">,</dependent>
          </dep>
          <dep type="advcl">
            <governor idx="10">opened</governor>
            <dependent idx="19">killing</dependent>
          </dep>
          <dep type="nummod">
            <governor idx="21">person</governor>
            <dependent idx="20">one</dependent>
          </dep>
          <dep type="dobj">
            <governor idx="19">killing</governor>
            <dependent idx="21">person</dependent>
          </dep>
          <dep type="punct">
            <governor idx="24">said</governor>
            <dependent idx="22">,</dependent>
          </dep>
          <dep type="nsubj">
            <governor idx="24">said</governor>
            <dependent idx="23">police</dependent>
          </dep>
          <dep type="punct">
            <governor idx="24">said</governor>
            <dependent idx="25">.</dependent>
          </dep>
        </dependencies>
        <dependencies type="collapsed-ccprocessed-dependencies">
          <dep type="root">
            <governor idx="0">ROOT</governor>
            <dependent idx="24">said</dependent>
          </dep>
          <dep type="det">
            <governor idx="3">employee</governor>
            <dependent idx="1">A</dependent>
          </dep>
          <dep type="amod">
            <governor idx="3">employee</governor>
            <dependent idx="2">former</dependent>
          </dep>
          <dep type="nsubj">
            <governor idx="5">let</governor>
            <dependent idx="3">employee</dependent>
          </dep>
          <dep type="advmod">
            <governor idx="5">let</governor>
            <dependent idx="4">recently</dependent>
          </dep>
          <dep type="ccomp">
            <governor idx="24">said</governor>
            <dependent idx="5">let</dependent>
          </dep>
          <dep type="nsubj">
            <governor idx="10">opened</governor>
            <dependent idx="6">go</dependent>
          </dep>
          <dep type="case">
            <governor idx="9">job</governor>
            <dependent idx="7">from</dependent>
          </dep>
          <dep type="nmod:poss">
            <governor idx="9">job</governor>
            <dependent idx="8">his</dependent>
          </dep>
          <dep type="nmod:from">
            <governor idx="6">go</governor>
            <dependent idx="9">job</dependent>
          </dep>
          <dep type="ccomp">
            <governor idx="5">let</governor>
            <dependent idx="10">opened</dependent>
          </dep>
          <dep type="dobj">
            <governor idx="10">opened</governor>
            <dependent idx="11">fire</dependent>
          </dep>
          <dep type="case">
            <governor idx="16">party</governor>
            <dependent idx="12">at</dependent>
          </dep>
          <dep type="det">
            <governor idx="16">party</governor>
            <dependent idx="13">an</dependent>
          </dep>
          <dep type="compound">
            <governor idx="16">party</governor>
            <dependent idx="14">office</dependent>
          </dep>
          <dep type="compound">
            <governor idx="16">party</governor>
            <dependent idx="15">Christmas</dependent>
          </dep>
          <dep type="nmod:at">
            <governor idx="10">opened</governor>
            <dependent idx="16">party</dependent>
          </dep>
          <dep type="nmod:tmod">
            <governor idx="10">opened</governor>
            <dependent idx="17">Friday</dependent>
          </dep>
          <dep type="punct">
            <governor idx="10">opened</governor>
            <dependent idx="18">,</dependent>
          </dep>
          <dep type="advcl">
            <governor idx="10">opened</governor>
            <dependent idx="19">killing</dependent>
          </dep>
          <dep type="nummod">
            <governor idx="21">person</governor>
            <dependent idx="20">one</dependent>
          </dep>
          <dep type="dobj">
            <governor idx="19">killing</governor>
            <dependent idx="21">person</dependent>
          </dep>
          <dep type="punct">
            <governor idx="24">said</governor>
            <dependent idx="22">,</dependent>
          </dep>
          <dep type="nsubj">
            <governor idx="24">said</governor>
            <dependent idx="23">police</dependent>
          </dep>
          <dep type="punct">
            <governor idx="24">said</governor>
            <dependent idx="25">.</dependent>
          </dep>
        </dependencies>
      </sentence>
    </sentences>
  </document>
</root>
