<?xml version="1.0" encoding="UTF-8"?>
<?xml-stylesheet href="CoreNLP-to-HTML.xsl" type="text/xsl"?>
<root>
  <document>
    <sentences>
      <sentence id="1" line="1">
        <tokens>
          <token id="1">
            <word>INITIAL</word>
            <lemma>initial</lemma>
            <CharacterOffsetBegin>0</CharacterOffsetBegin>
            <CharacterOffsetEnd>7</CharacterOffsetEnd>
            <POS>JJ</POS>
            <NER>O</NER>
          </token>
          <token id="2">
            <word>results</word>
            <lemma>result</lemma>
            <CharacterOffsetBegin>8</CharacterOffsetBegin>
            <CharacterOffsetEnd>15</CharacterOffsetEnd>
            <POS>NNS</POS>
            <NER>O</NER>
          </token>
          <token id="3">
            <word>from</word>
            <lemma>from</lemma>
            <CharacterOffsetBegin>16</CharacterOffsetBegin>
            <CharacterOffsetEnd>20</CharacterOffsetEnd>
            <POS>IN</POS>
            <NER>O</NER>
          </token>
          <token id="4">
            <word>the</word>
            <lemma>the</lemma>
            <CharacterOffsetBegin>21</CharacterOffsetBegin>
            <CharacterOffsetEnd>24</CharacterOffsetEnd>
            <POS>DT</POS>
            <NER>O</NER>
          </token>
          <token id="5">
            <word>post-</word>
            <lemma>post-</lemma>
            <CharacterOffsetBegin>25</CharacterOffsetBegin>
            <CharacterOffsetEnd>30</CharacterOffsetEnd>
            <POS>JJ</POS>
            <NER>O</NER>
          </token>
          <token id="6">
            <word>mortem</word>
            <lemma>mortem</lemma>
            <CharacterOffsetBegin>31</CharacterOffsetBegin>
            <CharacterOffsetEnd>37</CharacterOffsetEnd>
            <POS>FW</POS>
            <NER>O</NER>
          </token>
          <token id="7">
            <word>on</word>
            <lemma>on</lemma>
            <CharacterOffsetBegin>38</CharacterOffsetBegin>
            <CharacterOffsetEnd>40</CharacterOffsetEnd>
            <POS>IN</POS>
            <NER>O</NER>
          </token>
          <token id="8">
            <word>a</word>
            <lemma>a</lemma>
            <CharacterOffsetBegin>41</CharacterOffsetBegin>
            <CharacterOffsetEnd>42</CharacterOffsetEnd>
            <POS>DT</POS>
            <NER>O</NER>
          </token>
          <token id="9">
            <word>15-year-old</word>
            <lemma>15-year-old</lemma>
            <CharacterOffsetBegin>43</CharacterOffsetBegin>
            <CharacterOffsetEnd>54</CharacterOffsetEnd>
            <POS>JJ</POS>
            <NER>DURATION</NER>
            <NormalizedNER>P15Y</NormalizedNER>
            <Timex tid="t1" type="DURATION">P15Y</Timex>
          </token>
          <token id="10">
            <word>Greek</word>
            <lemma>greek</lemma>
            <CharacterOffsetBegin>55</CharacterOffsetBegin>
            <CharacterOffsetEnd>60</CharacterOffsetEnd>
            <POS>JJ</POS>
            <NER>MISC</NER>
          </token>
          <token id="11">
            <word>boy</word>
            <lemma>boy</lemma>
            <CharacterOffsetBegin>61</CharacterOffsetBegin>
            <CharacterOffsetEnd>64</CharacterOffsetEnd>
            <POS>NN</POS>
            <NER>O</NER>
          </token>
          <token id="12">
            <word>whose</word>
            <lemma>whose</lemma>
            <CharacterOffsetBegin>65</CharacterOffsetBegin>
            <CharacterOffsetEnd>70</CharacterOffsetEnd>
            <POS>WP$</POS>
            <NER>O</NER>
          </token>
          <token id="13">
            <word>killing</word>
            <lemma>killing</lemma>
            <CharacterOffsetBegin>71</CharacterOffsetBegin>
            <CharacterOffsetEnd>78</CharacterOffsetEnd>
            <POS>NN</POS>
            <NER>O</NER>
          </token>
          <token id="14">
            <word>by</word>
            <lemma>by</lemma>
            <CharacterOffsetBegin>79</CharacterOffsetBegin>
            <CharacterOffsetEnd>81</CharacterOffsetEnd>
            <POS>IN</POS>
            <NER>O</NER>
          </token>
          <token id="15">
            <word>police</word>
            <lemma>police</lemma>
            <CharacterOffsetBegin>82</CharacterOffsetBegin>
            <CharacterOffsetEnd>88</CharacterOffsetEnd>
            <POS>NN</POS>
            <NER>O</NER>
          </token>
          <token id="16">
            <word>sparked</word>
            <lemma>spark</lemma>
            <CharacterOffsetBegin>89</CharacterOffsetBegin>
            <CharacterOffsetEnd>96</CharacterOffsetEnd>
            <POS>VBD</POS>
            <NER>O</NER>
          </token>
          <token id="17">
            <word>five</word>
            <lemma>five</lemma>
            <CharacterOffsetBegin>97</CharacterOffsetBegin>
            <CharacterOffsetEnd>101</CharacterOffsetEnd>
            <POS>CD</POS>
            <NER>DURATION</NER>
            <NormalizedNER>P5D</NormalizedNER>
            <Timex tid="t2" type="DURATION">P5D</Timex>
          </token>
          <token id="18">
            <word>days</word>
            <lemma>day</lemma>
            <CharacterOffsetBegin>102</CharacterOffsetBegin>
            <CharacterOffsetEnd>106</CharacterOffsetEnd>
            <POS>NNS</POS>
            <NER>DURATION</NER>
            <NormalizedNER>P5D</NormalizedNER>
            <Timex tid="t2" type="DURATION">P5D</Timex>
          </token>
          <token id="19">
            <word>of</word>
            <lemma>of</lemma>
            <CharacterOffsetBegin>107</CharacterOffsetBegin>
            <CharacterOffsetEnd>109</CharacterOffsetEnd>
            <POS>IN</POS>
            <NER>O</NER>
          </token>
          <token id="20">
            <word>rioting</word>
            <lemma>rioting</lemma>
            <CharacterOffsetBegin>110</CharacterOffsetBegin>
            <CharacterOffsetEnd>117</CharacterOffsetEnd>
            <POS>NN</POS>
            <NER>O</NER>
          </token>
          <token id="21">
            <word>show</word>
            <lemma>show</lemma>
            <CharacterOffsetBegin>118</CharacterOffsetBegin>
            <CharacterOffsetEnd>122</CharacterOffsetEnd>
            <POS>VBP</POS>
            <NER>O</NER>
          </token>
          <token id="22">
            <word>Alexandros</word>
            <lemma>Alexandros</lemma>
            <CharacterOffsetBegin>123</CharacterOffsetBegin>
            <CharacterOffsetEnd>133</CharacterOffsetEnd>
            <POS>NNP</POS>
            <NER>PERSON</NER>
          </token>
          <token id="23">
            <word>Grigoropoulos</word>
            <lemma>Grigoropoulos</lemma>
            <CharacterOffsetBegin>134</CharacterOffsetBegin>
            <CharacterOffsetEnd>147</CharacterOffsetEnd>
            <POS>NNP</POS>
            <NER>PERSON</NER>
          </token>
          <token id="24">
            <word>died</word>
            <lemma>die</lemma>
            <CharacterOffsetBegin>148</CharacterOffsetBegin>
            <CharacterOffsetEnd>152</CharacterOffsetEnd>
            <POS>VBD</POS>
            <NER>O</NER>
          </token>
          <token id="25">
            <word>from</word>
            <lemma>from</lemma>
            <CharacterOffsetBegin>153</CharacterOffsetBegin>
            <CharacterOffsetEnd>157</CharacterOffsetEnd>
            <POS>IN</POS>
            <NER>O</NER>
          </token>
          <token id="26">
            <word>a</word>
            <lemma>a</lemma>
            <CharacterOffsetBegin>158</CharacterOffsetBegin>
            <CharacterOffsetEnd>159</CharacterOffsetEnd>
            <POS>DT</POS>
            <NER>O</NER>
          </token>
          <token id="27">
            <word>bullet</word>
            <lemma>bullet</lemma>
            <CharacterOffsetBegin>160</CharacterOffsetBegin>
            <CharacterOffsetEnd>166</CharacterOffsetEnd>
            <POS>NN</POS>
            <NER>O</NER>
          </token>
          <token id="28">
            <word>ricochet</word>
            <lemma>ricochet</lemma>
            <CharacterOffsetBegin>167</CharacterOffsetBegin>
            <CharacterOffsetEnd>175</CharacterOffsetEnd>
            <POS>NN</POS>
            <NER>O</NER>
          </token>
          <token id="29">
            <word>.</word>
            <lemma>.</lemma>
            <CharacterOffsetBegin>176</CharacterOffsetBegin>
            <CharacterOffsetEnd>177</CharacterOffsetEnd>
            <POS>.</POS>
            <NER>O</NER>
          </token>
        </tokens>
        <parse>(ROOT (S (NP (NP (JJ INITIAL) (NNS results)) (PP (IN from) (S (NP (DT the) (JJ post-) (FW mortem)) (PP (IN on) (NP (NP (DT a) (JJ 15-year-old) (JJ Greek) (NN boy)) (SBAR (WHNP (NP (WP$ whose) (NN killing)) (PP (IN by) (NP (NN police)))) (S (VP (VBD sparked) (NP (NP (CD five) (NNS days)) (PP (IN of) (NP (NN rioting)))))))))))) (VP (VBP show) (SBAR (S (NP (NNP Alexandros) (NNP Grigoropoulos)) (VP (VBD died) (PP (IN from) (NP (DT a) (NN bullet) (NN ricochet))))))) (. .))) </parse>
        <dependencies type="basic-dependencies">
          <dep type="root">
            <governor idx="0">ROOT</governor>
            <dependent idx="21">show</dependent>
          </dep>
          <dep type="amod">
            <governor idx="2">results</governor>
            <dependent idx="1">INITIAL</dependent>
          </dep>
          <dep type="nsubj">
            <governor idx="21">show</governor>
            <dependent idx="2">results</dependent>
          </dep>
          <dep type="case">
            <governor idx="6">mortem</governor>
            <dependent idx="3">from</dependent>
          </dep>
          <dep type="det">
            <governor idx="6">mortem</governor>
            <dependent idx="4">the</dependent>
          </dep>
          <dep type="amod">
            <governor idx="6">mortem</governor>
            <dependent idx="5">post-</dependent>
          </dep>
          <dep type="nmod">
            <governor idx="2">results</governor>
            <dependent idx="6">mortem</dependent>
          </dep>
          <dep type="case">
            <governor idx="11">boy</governor>
            <dependent idx="7">on</dependent>
          </dep>
          <dep type="det">
            <governor idx="11">boy</governor>
            <dependent idx="8">a</dependent>
          </dep>
          <dep type="amod">
            <governor idx="11">boy</governor>
            <dependent idx="9">15-year-old</dependent>
          </dep>
          <dep type="amod">
            <governor idx="11">boy</governor>
            <dependent idx="10">Greek</dependent>
          </dep>
          <dep type="nmod">
            <governor idx="6">mortem</governor>
            <dependent idx="11">boy</dependent>
          </dep>
          <dep type="nmod:poss">
            <governor idx="13">killing</governor>
            <dependent idx="12">whose</dependent>
          </dep>
          <dep type="nsubj">
            <governor idx="16">sparked</governor>
            <dependent idx="13">killing</dependent>
          </dep>
          <dep type="case">
            <governor idx="15">police</governor>
            <dependent idx="14">by</dependent>
          </dep>
          <dep type="nmod">
            <governor idx="13">killing</governor>
            <dependent idx="15">police</dependent>
          </dep>
          <dep type="acl:relcl">
            <governor idx="11">boy</governor>
            <dependent idx="16">sparked</dependent>
          </dep>
          <dep type="nummod">
            <governor idx="18">days</governor>
            <dependent idx="17">five</dependent>
          </dep>
          <dep type="dobj">
            <governor idx="16">sparked</governor>
            <dependent idx="18">days</dependent>
          </dep>
          <dep type="case">
            <governor idx="20">rioting</governor>
            <dependent idx="19">of</dependent>
          </dep>
          <dep type="nmod">
            <governor idx="18">days</governor>
            <dependent idx="20">rioting</dependent>
          </dep>
          <dep type="compound">
            <governor idx="23">Grigoropoulos</governor>
            <dependent idx="22">Alexandros</dependent>
          </dep>
          <dep type="nsubj">
            <governor idx="24">died</governor>
            <dependent idx="23">Grigoropoulos</dependent>
          </dep>
          <dep type="ccomp">
            <governor idx="21">show</governor>
            <dependent idx="24">died</dependent>
          </dep>
          <dep type="case">
            <governor idx="28">ricochet</governor>
            <dependent idx="25">from</dependent>
          </dep>
          <dep type="det">
            <governor idx="28">ricochet</governor>
            <dependent idx="26">a</dependent>
          </dep>
          <dep type="compound">
            <governor idx="28">ricochet</governor>
            <dependent idx="27">bullet</dependent>
          </dep>
          <dep type="nmod">
            <governor idx="24">died</governor>
            <dependent idx="28">ricochet</dependent>
          </dep>
          <dep type="punct">
            <governor idx="21">show</governor>
            <dependent idx="29">.</dependent>
          </dep>
        </dependencies>
        <dependencies type="collapsed-dependencies">
          <dep type="root">
            <governor idx="0">ROOT</governor>
            <dependent idx="21">show</dependent>
          </dep>
          <dep type="amod">
            <governor idx="2">results</governor>
            <dependent idx="1">INITIAL</dependent>
          </dep>
          <dep type="nsubj">
            <governor idx="21">show</governor>
            <dependent idx="2">results</dependent>
          </dep>
          <dep type="case">
            <governor idx="6">mortem</governor>
            <dependent idx="3">from</dependent>
          </dep>
          <dep type="det">
            <governor idx="6">mortem</governor>
            <dependent idx="4">the</dependent>
          </dep>
          <dep type="amod">
            <governor idx="6">mortem</governor>
            <dependent idx="5">post-</dependent>
          </dep>
          <dep type="nmod:from">
            <governor idx="2">results</governor>
            <dependent idx="6">mortem</dependent>
          </dep>
          <dep type="case">
            <governor idx="11">boy</governor>
            <dependent idx="7">on</dependent>
          </dep>
          <dep type="det">
            <governor idx="11">boy</governor>
            <dependent idx="8">a</dependent>
          </dep>
          <dep type="amod">
            <governor idx="11">boy</governor>
            <dependent idx="9">15-year-old</dependent>
          </dep>
          <dep type="amod">
            <governor idx="11">boy</governor>
            <dependent idx="10">Greek</dependent>
          </dep>
          <dep type="nmod:on">
            <governor idx="6">mortem</governor>
            <dependent idx="11">boy</dependent>
          </dep>
          <dep type="nmod:poss">
            <governor idx="13">killing</governor>
            <dependent idx="12">whose</dependent>
          </dep>
          <dep type="nsubj">
            <governor idx="16">sparked</governor>
            <dependent idx="13">killing</dependent>
          </dep>
          <dep type="case">
            <governor idx="15">police</governor>
            <dependent idx="14">by</dependent>
          </dep>
          <dep type="nmod:by">
            <governor idx="13">killing</governor>
            <dependent idx="15">police</dependent>
          </dep>
          <dep type="acl:relcl">
            <governor idx="11">boy</governor>
            <dependent idx="16">sparked</dependent>
          </dep>
          <dep type="nummod">
            <governor idx="18">days</governor>
            <dependent idx="17">five</dependent>
          </dep>
          <dep type="dobj">
            <governor idx="16">sparked</governor>
            <dependent idx="18">days</dependent>
          </dep>
          <dep type="case">
            <governor idx="20">rioting</governor>
            <dependent idx="19">of</dependent>
          </dep>
          <dep type="nmod:of">
            <governor idx="18">days</governor>
            <dependent idx="20">rioting</dependent>
          </dep>
          <dep type="compound">
            <governor idx="23">Grigoropoulos</governor>
            <dependent idx="22">Alexandros</dependent>
          </dep>
          <dep type="nsubj">
            <governor idx="24">died</governor>
            <dependent idx="23">Grigoropoulos</dependent>
          </dep>
          <dep type="ccomp">
            <governor idx="21">show</governor>
            <dependent idx="24">died</dependent>
          </dep>
          <dep type="case">
            <governor idx="28">ricochet</governor>
            <dependent idx="25">from</dependent>
          </dep>
          <dep type="det">
            <governor idx="28">ricochet</governor>
            <dependent idx="26">a</dependent>
          </dep>
          <dep type="compound">
            <governor idx="28">ricochet</governor>
            <dependent idx="27">bullet</dependent>
          </dep>
          <dep type="nmod:from">
            <governor idx="24">died</governor>
            <dependent idx="28">ricochet</dependent>
          </dep>
          <dep type="punct">
            <governor idx="21">show</governor>
            <dependent idx="29">.</dependent>
          </dep>
        </dependencies>
        <dependencies type="collapsed-ccprocessed-dependencies">
          <dep type="root">
            <governor idx="0">ROOT</governor>
            <dependent idx="21">show</dependent>
          </dep>
          <dep type="amod">
            <governor idx="2">results</governor>
            <dependent idx="1">INITIAL</dependent>
          </dep>
          <dep type="nsubj">
            <governor idx="21">show</governor>
            <dependent idx="2">results</dependent>
          </dep>
          <dep type="case">
            <governor idx="6">mortem</governor>
            <dependent idx="3">from</dependent>
          </dep>
          <dep type="det">
            <governor idx="6">mortem</governor>
            <dependent idx="4">the</dependent>
          </dep>
          <dep type="amod">
            <governor idx="6">mortem</governor>
            <dependent idx="5">post-</dependent>
          </dep>
          <dep type="nmod:from">
            <governor idx="2">results</governor>
            <dependent idx="6">mortem</dependent>
          </dep>
          <dep type="case">
            <governor idx="11">boy</governor>
            <dependent idx="7">on</dependent>
          </dep>
          <dep type="det">
            <governor idx="11">boy</governor>
            <dependent idx="8">a</dependent>
          </dep>
          <dep type="amod">
            <governor idx="11">boy</governor>
            <dependent idx="9">15-year-old</dependent>
          </dep>
          <dep type="amod">
            <governor idx="11">boy</governor>
            <dependent idx="10">Greek</dependent>
          </dep>
          <dep type="nmod:on">
            <governor idx="6">mortem</governor>
            <dependent idx="11">boy</dependent>
          </dep>
          <dep type="nmod:poss">
            <governor idx="13">killing</governor>
            <dependent idx="12">whose</dependent>
          </dep>
          <dep type="nsubj">
            <governor idx="16">sparked</governor>
            <dependent idx="13">killing</dependent>
          </dep>
          <dep type="case">
            <governor idx="15">police</governor>
            <dependent idx="14">by</dependent>
          </dep>
          <dep type="nmod:by">
            <governor idx="13">killing</governor>
            <dependent idx="15">police</dependent>
          </dep>
          <dep type="acl:relcl">
            <governor idx="11">boy</governor>
            <dependent idx="16">sparked</dependent>
          </dep>
          <dep type="nummod">
            <governor idx="18">days</governor>
            <dependent idx="17">five</dependent>
          </dep>
          <dep type="dobj">
            <governor idx="16">sparked</governor>
            <dependent idx="18">days</dependent>
          </dep>
          <dep type="case">
            <governor idx="20">rioting</governor>
            <dependent idx="19">of</dependent>
          </dep>
          <dep type="nmod:of">
            <governor idx="18">days</governor>
            <dependent idx="20">rioting</dependent>
          </dep>
          <dep type="compound">
            <governor idx="23">Grigoropoulos</governor>
            <dependent idx="22">Alexandros</dependent>
          </dep>
          <dep type="nsubj">
            <governor idx="24">died</governor>
            <dependent idx="23">Grigoropoulos</dependent>
          </dep>
          <dep type="ccomp">
            <governor idx="21">show</governor>
            <dependent idx="24">died</dependent>
          </dep>
          <dep type="case">
            <governor idx="28">ricochet</governor>
            <dependent idx="25">from</dependent>
          </dep>
          <dep type="det">
            <governor idx="28">ricochet</governor>
            <dependent idx="26">a</dependent>
          </dep>
          <dep type="compound">
            <governor idx="28">ricochet</governor>
            <dependent idx="27">bullet</dependent>
          </dep>
          <dep type="nmod:from">
            <governor idx="24">died</governor>
            <dependent idx="28">ricochet</dependent>
          </dep>
          <dep type="punct">
            <governor idx="21">show</governor>
            <dependent idx="29">.</dependent>
          </dep>
        </dependencies>
      </sentence>
    </sentences>
  </document>
</root>
