<?xml version="1.0" encoding="UTF-8"?>
<?xml-stylesheet href="CoreNLP-to-HTML.xsl" type="text/xsl"?>
<root>
  <document>
    <sentences>
      <sentence id="1" line="1">
        <tokens>
          <token id="1">
            <word>Lindsay</word>
            <lemma>Lindsay</lemma>
            <CharacterOffsetBegin>0</CharacterOffsetBegin>
            <CharacterOffsetEnd>7</CharacterOffsetEnd>
            <POS>NNP</POS>
            <NER>PERSON</NER>
          </token>
          <token id="2">
            <word>Lohan</word>
            <lemma>Lohan</lemma>
            <CharacterOffsetBegin>8</CharacterOffsetBegin>
            <CharacterOffsetEnd>13</CharacterOffsetEnd>
            <POS>NNP</POS>
            <NER>PERSON</NER>
          </token>
          <token id="3">
            <word>checks</word>
            <lemma>check</lemma>
            <CharacterOffsetBegin>14</CharacterOffsetBegin>
            <CharacterOffsetEnd>20</CharacterOffsetEnd>
            <POS>NNS</POS>
            <NER>O</NER>
          </token>
          <token id="4">
            <word>into</word>
            <lemma>into</lemma>
            <CharacterOffsetBegin>21</CharacterOffsetBegin>
            <CharacterOffsetEnd>25</CharacterOffsetEnd>
            <POS>IN</POS>
            <NER>O</NER>
          </token>
          <token id="5">
            <word>rehab</word>
            <lemma>rehab</lemma>
            <CharacterOffsetBegin>26</CharacterOffsetBegin>
            <CharacterOffsetEnd>31</CharacterOffsetEnd>
            <POS>NN</POS>
            <NER>O</NER>
          </token>
          <token id="6">
            <word>at</word>
            <lemma>at</lemma>
            <CharacterOffsetBegin>32</CharacterOffsetBegin>
            <CharacterOffsetEnd>34</CharacterOffsetEnd>
            <POS>IN</POS>
            <NER>O</NER>
          </token>
          <token id="7">
            <word>Betty</word>
            <lemma>Betty</lemma>
            <CharacterOffsetBegin>35</CharacterOffsetBegin>
            <CharacterOffsetEnd>40</CharacterOffsetEnd>
            <POS>NNP</POS>
            <NER>LOCATION</NER>
          </token>
          <token id="8">
            <word>Ford</word>
            <lemma>Ford</lemma>
            <CharacterOffsetBegin>41</CharacterOffsetBegin>
            <CharacterOffsetEnd>45</CharacterOffsetEnd>
            <POS>NNP</POS>
            <NER>LOCATION</NER>
          </token>
          <token id="9">
            <word>Center</word>
            <lemma>Center</lemma>
            <CharacterOffsetBegin>46</CharacterOffsetBegin>
            <CharacterOffsetEnd>52</CharacterOffsetEnd>
            <POS>NNP</POS>
            <NER>LOCATION</NER>
          </token>
          <token id="10">
            <word>,</word>
            <lemma>,</lemma>
            <CharacterOffsetBegin>53</CharacterOffsetBegin>
            <CharacterOffsetEnd>54</CharacterOffsetEnd>
            <POS>,</POS>
            <NER>O</NER>
          </token>
          <token id="11">
            <word>rehires</word>
            <lemma>rehire</lemma>
            <CharacterOffsetBegin>55</CharacterOffsetBegin>
            <CharacterOffsetEnd>62</CharacterOffsetEnd>
            <POS>VBZ</POS>
            <NER>O</NER>
          </token>
          <token id="12">
            <word>longtime</word>
            <lemma>longtime</lemma>
            <CharacterOffsetBegin>63</CharacterOffsetBegin>
            <CharacterOffsetEnd>71</CharacterOffsetEnd>
            <POS>JJ</POS>
            <NER>O</NER>
          </token>
          <token id="13">
            <word>lawyer</word>
            <lemma>lawyer</lemma>
            <CharacterOffsetBegin>72</CharacterOffsetBegin>
            <CharacterOffsetEnd>78</CharacterOffsetEnd>
            <POS>NN</POS>
            <NER>O</NER>
          </token>
          <token id="14">
            <word>Shawn</word>
            <lemma>Shawn</lemma>
            <CharacterOffsetBegin>79</CharacterOffsetBegin>
            <CharacterOffsetEnd>84</CharacterOffsetEnd>
            <POS>NNP</POS>
            <NER>PERSON</NER>
          </token>
          <token id="15">
            <word>Holley</word>
            <lemma>Holley</lemma>
            <CharacterOffsetBegin>85</CharacterOffsetBegin>
            <CharacterOffsetEnd>91</CharacterOffsetEnd>
            <POS>NNP</POS>
            <NER>PERSON</NER>
          </token>
        </tokens>
        <parse>(ROOT (SINV (PP (NP (NNP Lindsay) (NNP Lohan) (NNS checks)) (PP (IN into) (NP (NP (NN rehab)) (PP (IN at) (NP (NNP Betty) (NNP Ford) (NNP Center)))))) (, ,) (VP (VBZ rehires)) (NP (JJ longtime) (NN lawyer) (NNP Shawn) (NNP Holley)))) </parse>
        <dependencies type="basic-dependencies">
          <dep type="root">
            <governor idx="0">ROOT</governor>
            <dependent idx="3">checks</dependent>
          </dep>
          <dep type="compound">
            <governor idx="3">checks</governor>
            <dependent idx="1">Lindsay</dependent>
          </dep>
          <dep type="compound">
            <governor idx="3">checks</governor>
            <dependent idx="2">Lohan</dependent>
          </dep>
          <dep type="case">
            <governor idx="5">rehab</governor>
            <dependent idx="4">into</dependent>
          </dep>
          <dep type="nmod">
            <governor idx="3">checks</governor>
            <dependent idx="5">rehab</dependent>
          </dep>
          <dep type="case">
            <governor idx="9">Center</governor>
            <dependent idx="6">at</dependent>
          </dep>
          <dep type="compound">
            <governor idx="9">Center</governor>
            <dependent idx="7">Betty</dependent>
          </dep>
          <dep type="compound">
            <governor idx="9">Center</governor>
            <dependent idx="8">Ford</dependent>
          </dep>
          <dep type="nmod">
            <governor idx="5">rehab</governor>
            <dependent idx="9">Center</dependent>
          </dep>
          <dep type="punct">
            <governor idx="3">checks</governor>
            <dependent idx="10">,</dependent>
          </dep>
          <dep type="acl">
            <governor idx="3">checks</governor>
            <dependent idx="11">rehires</dependent>
          </dep>
          <dep type="amod">
            <governor idx="15">Holley</governor>
            <dependent idx="12">longtime</dependent>
          </dep>
          <dep type="compound">
            <governor idx="15">Holley</governor>
            <dependent idx="13">lawyer</dependent>
          </dep>
          <dep type="compound">
            <governor idx="15">Holley</governor>
            <dependent idx="14">Shawn</dependent>
          </dep>
          <dep type="dobj">
            <governor idx="11">rehires</governor>
            <dependent idx="15">Holley</dependent>
          </dep>
        </dependencies>
        <dependencies type="collapsed-dependencies">
          <dep type="root">
            <governor idx="0">ROOT</governor>
            <dependent idx="3">checks</dependent>
          </dep>
          <dep type="compound">
            <governor idx="3">checks</governor>
            <dependent idx="1">Lindsay</dependent>
          </dep>
          <dep type="compound">
            <governor idx="3">checks</governor>
            <dependent idx="2">Lohan</dependent>
          </dep>
          <dep type="case">
            <governor idx="5">rehab</governor>
            <dependent idx="4">into</dependent>
          </dep>
          <dep type="nmod:into">
            <governor idx="3">checks</governor>
            <dependent idx="5">rehab</dependent>
          </dep>
          <dep type="case">
            <governor idx="9">Center</governor>
            <dependent idx="6">at</dependent>
          </dep>
          <dep type="compound">
            <governor idx="9">Center</governor>
            <dependent idx="7">Betty</dependent>
          </dep>
          <dep type="compound">
            <governor idx="9">Center</governor>
            <dependent idx="8">Ford</dependent>
          </dep>
          <dep type="nmod:at">
            <governor idx="5">rehab</governor>
            <dependent idx="9">Center</dependent>
          </dep>
          <dep type="punct">
            <governor idx="3">checks</governor>
            <dependent idx="10">,</dependent>
          </dep>
          <dep type="acl">
            <governor idx="3">checks</governor>
            <dependent idx="11">rehires</dependent>
          </dep>
          <dep type="amod">
            <governor idx="15">Holley</governor>
            <dependent idx="12">longtime</dependent>
          </dep>
          <dep type="compound">
            <governor idx="15">Holley</governor>
            <dependent idx="13">lawyer</dependent>
          </dep>
          <dep type="compound">
            <governor idx="15">Holley</governor>
            <dependent idx="14">Shawn</dependent>
          </dep>
          <dep type="dobj">
            <governor idx="11">rehires</governor>
            <dependent idx="15">Holley</dependent>
          </dep>
        </dependencies>
        <dependencies type="collapsed-ccprocessed-dependencies">
          <dep type="root">
            <governor idx="0">ROOT</governor>
            <dependent idx="3">checks</dependent>
          </dep>
          <dep type="compound">
            <governor idx="3">checks</governor>
            <dependent idx="1">Lindsay</dependent>
          </dep>
          <dep type="compound">
            <governor idx="3">checks</governor>
            <dependent idx="2">Lohan</dependent>
          </dep>
          <dep type="case">
            <governor idx="5">rehab</governor>
            <dependent idx="4">into</dependent>
          </dep>
          <dep type="nmod:into">
            <governor idx="3">checks</governor>
            <dependent idx="5">rehab</dependent>
          </dep>
          <dep type="case">
            <governor idx="9">Center</governor>
            <dependent idx="6">at</dependent>
          </dep>
          <dep type="compound">
            <governor idx="9">Center</governor>
            <dependent idx="7">Betty</dependent>
          </dep>
          <dep type="compound">
            <governor idx="9">Center</governor>
            <dependent idx="8">Ford</dependent>
          </dep>
          <dep type="nmod:at">
            <governor idx="5">rehab</governor>
            <dependent idx="9">Center</dependent>
          </dep>
          <dep type="punct">
            <governor idx="3">checks</governor>
            <dependent idx="10">,</dependent>
          </dep>
          <dep type="acl">
            <governor idx="3">checks</governor>
            <dependent idx="11">rehires</dependent>
          </dep>
          <dep type="amod">
            <governor idx="15">Holley</governor>
            <dependent idx="12">longtime</dependent>
          </dep>
          <dep type="compound">
            <governor idx="15">Holley</governor>
            <dependent idx="13">lawyer</dependent>
          </dep>
          <dep type="compound">
            <governor idx="15">Holley</governor>
            <dependent idx="14">Shawn</dependent>
          </dep>
          <dep type="dobj">
            <governor idx="11">rehires</governor>
            <dependent idx="15">Holley</dependent>
          </dep>
        </dependencies>
      </sentence>
      <sentence id="2" line="2">
        <tokens>
          <token id="1">
            <word>Actress</word>
            <lemma>actress</lemma>
            <CharacterOffsetBegin>92</CharacterOffsetBegin>
            <CharacterOffsetEnd>99</CharacterOffsetEnd>
            <POS>NN</POS>
            <NER>O</NER>
          </token>
          <token id="2">
            <word>Lindsay</word>
            <lemma>Lindsay</lemma>
            <CharacterOffsetBegin>100</CharacterOffsetBegin>
            <CharacterOffsetEnd>107</CharacterOffsetEnd>
            <POS>NNP</POS>
            <NER>PERSON</NER>
          </token>
          <token id="3">
            <word>Lohan</word>
            <lemma>Lohan</lemma>
            <CharacterOffsetBegin>108</CharacterOffsetBegin>
            <CharacterOffsetEnd>113</CharacterOffsetEnd>
            <POS>NNP</POS>
            <NER>PERSON</NER>
          </token>
          <token id="4">
            <word>finally</word>
            <lemma>finally</lemma>
            <CharacterOffsetBegin>114</CharacterOffsetBegin>
            <CharacterOffsetEnd>121</CharacterOffsetEnd>
            <POS>RB</POS>
            <NER>O</NER>
          </token>
          <token id="5">
            <word>checked</word>
            <lemma>check</lemma>
            <CharacterOffsetBegin>122</CharacterOffsetBegin>
            <CharacterOffsetEnd>129</CharacterOffsetEnd>
            <POS>VBD</POS>
            <NER>O</NER>
          </token>
          <token id="6">
            <word>into</word>
            <lemma>into</lemma>
            <CharacterOffsetBegin>130</CharacterOffsetBegin>
            <CharacterOffsetEnd>134</CharacterOffsetEnd>
            <POS>IN</POS>
            <NER>O</NER>
          </token>
          <token id="7">
            <word>court</word>
            <lemma>court</lemma>
            <CharacterOffsetBegin>135</CharacterOffsetBegin>
            <CharacterOffsetEnd>140</CharacterOffsetEnd>
            <POS>NN</POS>
            <NER>O</NER>
          </token>
          <token id="8">
            <word>-</word>
            <lemma>-</lemma>
            <CharacterOffsetBegin>141</CharacterOffsetBegin>
            <CharacterOffsetEnd>142</CharacterOffsetEnd>
            <POS>:</POS>
            <NER>O</NER>
          </token>
          <token id="9">
            <word>mandated</word>
            <lemma>mandate</lemma>
            <CharacterOffsetBegin>143</CharacterOffsetBegin>
            <CharacterOffsetEnd>151</CharacterOffsetEnd>
            <POS>VBN</POS>
            <NER>O</NER>
          </token>
          <token id="10">
            <word>rehab</word>
            <lemma>rehab</lemma>
            <CharacterOffsetBegin>152</CharacterOffsetBegin>
            <CharacterOffsetEnd>157</CharacterOffsetEnd>
            <POS>NN</POS>
            <NER>O</NER>
          </token>
          <token id="11">
            <word>at</word>
            <lemma>at</lemma>
            <CharacterOffsetBegin>158</CharacterOffsetBegin>
            <CharacterOffsetEnd>160</CharacterOffsetEnd>
            <POS>IN</POS>
            <NER>O</NER>
          </token>
          <token id="12">
            <word>the</word>
            <lemma>the</lemma>
            <CharacterOffsetBegin>161</CharacterOffsetBegin>
            <CharacterOffsetEnd>164</CharacterOffsetEnd>
            <POS>DT</POS>
            <NER>O</NER>
          </token>
          <token id="13">
            <word>Betty</word>
            <lemma>Betty</lemma>
            <CharacterOffsetBegin>165</CharacterOffsetBegin>
            <CharacterOffsetEnd>170</CharacterOffsetEnd>
            <POS>NNP</POS>
            <NER>ORGANIZATION</NER>
          </token>
          <token id="14">
            <word>Ford</word>
            <lemma>Ford</lemma>
            <CharacterOffsetBegin>171</CharacterOffsetBegin>
            <CharacterOffsetEnd>175</CharacterOffsetEnd>
            <POS>NNP</POS>
            <NER>ORGANIZATION</NER>
          </token>
          <token id="15">
            <word>Center</word>
            <lemma>Center</lemma>
            <CharacterOffsetBegin>176</CharacterOffsetBegin>
            <CharacterOffsetEnd>182</CharacterOffsetEnd>
            <POS>NNP</POS>
            <NER>ORGANIZATION</NER>
          </token>
          <token id="16">
            <word>late</word>
            <lemma>late</lemma>
            <CharacterOffsetBegin>183</CharacterOffsetBegin>
            <CharacterOffsetEnd>187</CharacterOffsetEnd>
            <POS>JJ</POS>
            <NER>DATE</NER>
            <NormalizedNER>XXXX-WXX-4</NormalizedNER>
            <Timex tid="t1" type="DATE">XXXX-WXX-4</Timex>
          </token>
          <token id="17">
            <word>Thursday</word>
            <lemma>Thursday</lemma>
            <CharacterOffsetBegin>188</CharacterOffsetBegin>
            <CharacterOffsetEnd>196</CharacterOffsetEnd>
            <POS>NNP</POS>
            <NER>DATE</NER>
            <NormalizedNER>XXXX-WXX-4</NormalizedNER>
            <Timex tid="t1" type="DATE">XXXX-WXX-4</Timex>
          </token>
          <token id="18">
            <word>,</word>
            <lemma>,</lemma>
            <CharacterOffsetBegin>197</CharacterOffsetBegin>
            <CharacterOffsetEnd>198</CharacterOffsetEnd>
            <POS>,</POS>
            <NER>O</NER>
          </token>
          <token id="19">
            <word>after</word>
            <lemma>after</lemma>
            <CharacterOffsetBegin>199</CharacterOffsetBegin>
            <CharacterOffsetEnd>204</CharacterOffsetEnd>
            <POS>IN</POS>
            <NER>O</NER>
          </token>
          <token id="20">
            <word>hiring</word>
            <lemma>hire</lemma>
            <CharacterOffsetBegin>205</CharacterOffsetBegin>
            <CharacterOffsetEnd>211</CharacterOffsetEnd>
            <POS>VBG</POS>
            <NER>O</NER>
          </token>
          <token id="21">
            <word>former</word>
            <lemma>former</lemma>
            <CharacterOffsetBegin>212</CharacterOffsetBegin>
            <CharacterOffsetEnd>218</CharacterOffsetEnd>
            <POS>JJ</POS>
            <NER>O</NER>
          </token>
          <token id="22">
            <word>lawyer</word>
            <lemma>lawyer</lemma>
            <CharacterOffsetBegin>219</CharacterOffsetBegin>
            <CharacterOffsetEnd>225</CharacterOffsetEnd>
            <POS>NN</POS>
            <NER>O</NER>
          </token>
          <token id="23">
            <word>Shawn</word>
            <lemma>Shawn</lemma>
            <CharacterOffsetBegin>226</CharacterOffsetBegin>
            <CharacterOffsetEnd>231</CharacterOffsetEnd>
            <POS>NNP</POS>
            <NER>PERSON</NER>
          </token>
          <token id="24">
            <word>Holley</word>
            <lemma>Holley</lemma>
            <CharacterOffsetBegin>232</CharacterOffsetBegin>
            <CharacterOffsetEnd>238</CharacterOffsetEnd>
            <POS>NNP</POS>
            <NER>PERSON</NER>
          </token>
          <token id="25">
            <word>for</word>
            <lemma>for</lemma>
            <CharacterOffsetBegin>239</CharacterOffsetBegin>
            <CharacterOffsetEnd>242</CharacterOffsetEnd>
            <POS>IN</POS>
            <NER>O</NER>
          </token>
          <token id="26">
            <word>help</word>
            <lemma>help</lemma>
            <CharacterOffsetBegin>243</CharacterOffsetBegin>
            <CharacterOffsetEnd>247</CharacterOffsetEnd>
            <POS>NN</POS>
            <NER>O</NER>
          </token>
          <token id="27">
            <word>.</word>
            <lemma>.</lemma>
            <CharacterOffsetBegin>248</CharacterOffsetBegin>
            <CharacterOffsetEnd>249</CharacterOffsetEnd>
            <POS>.</POS>
            <NER>O</NER>
          </token>
        </tokens>
        <parse>(ROOT (S (S (NP (NN Actress) (NNP Lindsay) (NNP Lohan)) (ADVP (RB finally)) (VP (VBD checked) (PP (IN into) (NP (NN court))))) (: -) (S (VP (VBN mandated) (NP (NN rehab)) (PP (IN at) (NP (DT the) (NNP Betty) (NNP Ford) (NNP Center))) (NP-TMP (JJ late) (NNP Thursday)) (, ,) (PP (IN after) (S (VP (VBG hiring) (NP (JJ former) (NN lawyer) (NNP Shawn) (NNP Holley)) (PP (IN for) (NP (NN help)))))))) (. .))) </parse>
        <dependencies type="basic-dependencies">
          <dep type="root">
            <governor idx="0">ROOT</governor>
            <dependent idx="5">checked</dependent>
          </dep>
          <dep type="compound">
            <governor idx="3">Lohan</governor>
            <dependent idx="1">Actress</dependent>
          </dep>
          <dep type="compound">
            <governor idx="3">Lohan</governor>
            <dependent idx="2">Lindsay</dependent>
          </dep>
          <dep type="nsubj">
            <governor idx="5">checked</governor>
            <dependent idx="3">Lohan</dependent>
          </dep>
          <dep type="advmod">
            <governor idx="5">checked</governor>
            <dependent idx="4">finally</dependent>
          </dep>
          <dep type="case">
            <governor idx="7">court</governor>
            <dependent idx="6">into</dependent>
          </dep>
          <dep type="nmod">
            <governor idx="5">checked</governor>
            <dependent idx="7">court</dependent>
          </dep>
          <dep type="punct">
            <governor idx="5">checked</governor>
            <dependent idx="8">-</dependent>
          </dep>
          <dep type="amod">
            <governor idx="10">rehab</governor>
            <dependent idx="9">mandated</dependent>
          </dep>
          <dep type="dobj">
            <governor idx="5">checked</governor>
            <dependent idx="10">rehab</dependent>
          </dep>
          <dep type="case">
            <governor idx="15">Center</governor>
            <dependent idx="11">at</dependent>
          </dep>
          <dep type="det">
            <governor idx="15">Center</governor>
            <dependent idx="12">the</dependent>
          </dep>
          <dep type="compound">
            <governor idx="15">Center</governor>
            <dependent idx="13">Betty</dependent>
          </dep>
          <dep type="compound">
            <governor idx="15">Center</governor>
            <dependent idx="14">Ford</dependent>
          </dep>
          <dep type="nmod">
            <governor idx="10">rehab</governor>
            <dependent idx="15">Center</dependent>
          </dep>
          <dep type="amod">
            <governor idx="17">Thursday</governor>
            <dependent idx="16">late</dependent>
          </dep>
          <dep type="nmod:tmod">
            <governor idx="10">rehab</governor>
            <dependent idx="17">Thursday</dependent>
          </dep>
          <dep type="punct">
            <governor idx="10">rehab</governor>
            <dependent idx="18">,</dependent>
          </dep>
          <dep type="mark">
            <governor idx="20">hiring</governor>
            <dependent idx="19">after</dependent>
          </dep>
          <dep type="advcl">
            <governor idx="10">rehab</governor>
            <dependent idx="20">hiring</dependent>
          </dep>
          <dep type="amod">
            <governor idx="24">Holley</governor>
            <dependent idx="21">former</dependent>
          </dep>
          <dep type="compound">
            <governor idx="24">Holley</governor>
            <dependent idx="22">lawyer</dependent>
          </dep>
          <dep type="compound">
            <governor idx="24">Holley</governor>
            <dependent idx="23">Shawn</dependent>
          </dep>
          <dep type="dobj">
            <governor idx="20">hiring</governor>
            <dependent idx="24">Holley</dependent>
          </dep>
          <dep type="case">
            <governor idx="26">help</governor>
            <dependent idx="25">for</dependent>
          </dep>
          <dep type="nmod">
            <governor idx="20">hiring</governor>
            <dependent idx="26">help</dependent>
          </dep>
          <dep type="punct">
            <governor idx="5">checked</governor>
            <dependent idx="27">.</dependent>
          </dep>
        </dependencies>
        <dependencies type="collapsed-dependencies">
          <dep type="root">
            <governor idx="0">ROOT</governor>
            <dependent idx="5">checked</dependent>
          </dep>
          <dep type="compound">
            <governor idx="3">Lohan</governor>
            <dependent idx="1">Actress</dependent>
          </dep>
          <dep type="compound">
            <governor idx="3">Lohan</governor>
            <dependent idx="2">Lindsay</dependent>
          </dep>
          <dep type="nsubj">
            <governor idx="5">checked</governor>
            <dependent idx="3">Lohan</dependent>
          </dep>
          <dep type="advmod">
            <governor idx="5">checked</governor>
            <dependent idx="4">finally</dependent>
          </dep>
          <dep type="case">
            <governor idx="7">court</governor>
            <dependent idx="6">into</dependent>
          </dep>
          <dep type="nmod:into">
            <governor idx="5">checked</governor>
            <dependent idx="7">court</dependent>
          </dep>
          <dep type="punct">
            <governor idx="5">checked</governor>
            <dependent idx="8">-</dependent>
          </dep>
          <dep type="amod">
            <governor idx="10">rehab</governor>
            <dependent idx="9">mandated</dependent>
          </dep>
          <dep type="dobj">
            <governor idx="5">checked</governor>
            <dependent idx="10">rehab</dependent>
          </dep>
          <dep type="case">
            <governor idx="15">Center</governor>
            <dependent idx="11">at</dependent>
          </dep>
          <dep type="det">
            <governor idx="15">Center</governor>
            <dependent idx="12">the</dependent>
          </dep>
          <dep type="compound">
            <governor idx="15">Center</governor>
            <dependent idx="13">Betty</dependent>
          </dep>
          <dep type="compound">
            <governor idx="15">Center</governor>
            <dependent idx="14">Ford</dependent>
          </dep>
          <dep type="nmod:at">
            <governor idx="10">rehab</governor>
            <dependent idx="15">Center</dependent>
          </dep>
          <dep type="amod">
            <governor idx="17">Thursday</governor>
            <dependent idx="16">late</dependent>
          </dep>
          <dep type="nmod:tmod">
            <governor idx="10">rehab</governor>
            <dependent idx="17">Thursday</dependent>
          </dep>
          <dep type="punct">
            <governor idx="10">rehab</governor>
            <dependent idx="18">,</dependent>
          </dep>
          <dep type="mark">
            <governor idx="20">hiring</governor>
            <dependent idx="19">after</dependent>
          </dep>
          <dep type="advcl">
            <governor idx="10">rehab</governor>
            <dependent idx="20">hiring</dependent>
          </dep>
          <dep type="amod">
            <governor idx="24">Holley</governor>
            <dependent idx="21">former</dependent>
          </dep>
          <dep type="compound">
            <governor idx="24">Holley</governor>
            <dependent idx="22">lawyer</dependent>
          </dep>
          <dep type="compound">
            <governor idx="24">Holley</governor>
            <dependent idx="23">Shawn</dependent>
          </dep>
          <dep type="dobj">
            <governor idx="20">hiring</governor>
            <dependent idx="24">Holley</dependent>
          </dep>
          <dep type="case">
            <governor idx="26">help</governor>
            <dependent idx="25">for</dependent>
          </dep>
          <dep type="nmod:for">
            <governor idx="20">hiring</governor>
            <dependent idx="26">help</dependent>
          </dep>
          <dep type="punct">
            <governor idx="5">checked</governor>
            <dependent idx="27">.</dependent>
          </dep>
        </dependencies>
        <dependencies type="collapsed-ccprocessed-dependencies">
          <dep type="root">
            <governor idx="0">ROOT</governor>
            <dependent idx="5">checked</dependent>
          </dep>
          <dep type="compound">
            <governor idx="3">Lohan</governor>
            <dependent idx="1">Actress</dependent>
          </dep>
          <dep type="compound">
            <governor idx="3">Lohan</governor>
            <dependent idx="2">Lindsay</dependent>
          </dep>
          <dep type="nsubj">
            <governor idx="5">checked</governor>
            <dependent idx="3">Lohan</dependent>
          </dep>
          <dep type="advmod">
            <governor idx="5">checked</governor>
            <dependent idx="4">finally</dependent>
          </dep>
          <dep type="case">
            <governor idx="7">court</governor>
            <dependent idx="6">into</dependent>
          </dep>
          <dep type="nmod:into">
            <governor idx="5">checked</governor>
            <dependent idx="7">court</dependent>
          </dep>
          <dep type="punct">
            <governor idx="5">checked</governor>
            <dependent idx="8">-</dependent>
          </dep>
          <dep type="amod">
            <governor idx="10">rehab</governor>
            <dependent idx="9">mandated</dependent>
          </dep>
          <dep type="dobj">
            <governor idx="5">checked</governor>
            <dependent idx="10">rehab</dependent>
          </dep>
          <dep type="case">
            <governor idx="15">Center</governor>
            <dependent idx="11">at</dependent>
          </dep>
          <dep type="det">
            <governor idx="15">Center</governor>
            <dependent idx="12">the</dependent>
          </dep>
          <dep type="compound">
            <governor idx="15">Center</governor>
            <dependent idx="13">Betty</dependent>
          </dep>
          <dep type="compound">
            <governor idx="15">Center</governor>
            <dependent idx="14">Ford</dependent>
          </dep>
          <dep type="nmod:at">
            <governor idx="10">rehab</governor>
            <dependent idx="15">Center</dependent>
          </dep>
          <dep type="amod">
            <governor idx="17">Thursday</governor>
            <dependent idx="16">late</dependent>
          </dep>
          <dep type="nmod:tmod">
            <governor idx="10">rehab</governor>
            <dependent idx="17">Thursday</dependent>
          </dep>
          <dep type="punct">
            <governor idx="10">rehab</governor>
            <dependent idx="18">,</dependent>
          </dep>
          <dep type="mark">
            <governor idx="20">hiring</governor>
            <dependent idx="19">after</dependent>
          </dep>
          <dep type="advcl">
            <governor idx="10">rehab</governor>
            <dependent idx="20">hiring</dependent>
          </dep>
          <dep type="amod">
            <governor idx="24">Holley</governor>
            <dependent idx="21">former</dependent>
          </dep>
          <dep type="compound">
            <governor idx="24">Holley</governor>
            <dependent idx="22">lawyer</dependent>
          </dep>
          <dep type="compound">
            <governor idx="24">Holley</governor>
            <dependent idx="23">Shawn</dependent>
          </dep>
          <dep type="dobj">
            <governor idx="20">hiring</governor>
            <dependent idx="24">Holley</dependent>
          </dep>
          <dep type="case">
            <governor idx="26">help</governor>
            <dependent idx="25">for</dependent>
          </dep>
          <dep type="nmod:for">
            <governor idx="20">hiring</governor>
            <dependent idx="26">help</dependent>
          </dep>
          <dep type="punct">
            <governor idx="5">checked</governor>
            <dependent idx="27">.</dependent>
          </dep>
        </dependencies>
      </sentence>
      <sentence id="3" line="3">
        <tokens>
          <token id="1">
            <word>Lindsay</word>
            <lemma>Lindsay</lemma>
            <CharacterOffsetBegin>250</CharacterOffsetBegin>
            <CharacterOffsetEnd>257</CharacterOffsetEnd>
            <POS>NNP</POS>
            <NER>PERSON</NER>
          </token>
          <token id="2">
            <word>Lohan</word>
            <lemma>Lohan</lemma>
            <CharacterOffsetBegin>258</CharacterOffsetBegin>
            <CharacterOffsetEnd>263</CharacterOffsetEnd>
            <POS>NNP</POS>
            <NER>PERSON</NER>
          </token>
          <token id="3">
            <word>checked</word>
            <lemma>check</lemma>
            <CharacterOffsetBegin>264</CharacterOffsetBegin>
            <CharacterOffsetEnd>271</CharacterOffsetEnd>
            <POS>VBD</POS>
            <NER>O</NER>
          </token>
          <token id="4">
            <word>into</word>
            <lemma>into</lemma>
            <CharacterOffsetBegin>272</CharacterOffsetBegin>
            <CharacterOffsetEnd>276</CharacterOffsetEnd>
            <POS>IN</POS>
            <NER>O</NER>
          </token>
          <token id="5">
            <word>California's</word>
            <lemma>California's</lemma>
            <CharacterOffsetBegin>277</CharacterOffsetBegin>
            <CharacterOffsetEnd>289</CharacterOffsetEnd>
            <POS>NNP</POS>
            <NER>O</NER>
          </token>
          <token id="6">
            <word>Betty</word>
            <lemma>Betty</lemma>
            <CharacterOffsetBegin>290</CharacterOffsetBegin>
            <CharacterOffsetEnd>295</CharacterOffsetEnd>
            <POS>NNP</POS>
            <NER>ORGANIZATION</NER>
          </token>
          <token id="7">
            <word>Ford</word>
            <lemma>Ford</lemma>
            <CharacterOffsetBegin>296</CharacterOffsetBegin>
            <CharacterOffsetEnd>300</CharacterOffsetEnd>
            <POS>NNP</POS>
            <NER>ORGANIZATION</NER>
          </token>
          <token id="8">
            <word>Center</word>
            <lemma>Center</lemma>
            <CharacterOffsetBegin>301</CharacterOffsetBegin>
            <CharacterOffsetEnd>307</CharacterOffsetEnd>
            <POS>NNP</POS>
            <NER>ORGANIZATION</NER>
          </token>
          <token id="9">
            <word>rehab</word>
            <lemma>rehab</lemma>
            <CharacterOffsetBegin>308</CharacterOffsetBegin>
            <CharacterOffsetEnd>313</CharacterOffsetEnd>
            <POS>NN</POS>
            <NER>O</NER>
          </token>
          <token id="10">
            <word>facility</word>
            <lemma>facility</lemma>
            <CharacterOffsetBegin>314</CharacterOffsetBegin>
            <CharacterOffsetEnd>322</CharacterOffsetEnd>
            <POS>NN</POS>
            <NER>O</NER>
          </token>
          <token id="11">
            <word>late</word>
            <lemma>late</lemma>
            <CharacterOffsetBegin>323</CharacterOffsetBegin>
            <CharacterOffsetEnd>327</CharacterOffsetEnd>
            <POS>JJ</POS>
            <NER>DATE</NER>
            <NormalizedNER>XXXX-WXX-4</NormalizedNER>
            <Timex tid="t2" type="DATE">XXXX-WXX-4</Timex>
          </token>
          <token id="12">
            <word>Thursday</word>
            <lemma>Thursday</lemma>
            <CharacterOffsetBegin>328</CharacterOffsetBegin>
            <CharacterOffsetEnd>336</CharacterOffsetEnd>
            <POS>NNP</POS>
            <NER>DATE</NER>
            <NormalizedNER>XXXX-WXX-4</NormalizedNER>
            <Timex tid="t2" type="DATE">XXXX-WXX-4</Timex>
          </token>
          <token id="13">
            <word>,</word>
            <lemma>,</lemma>
            <CharacterOffsetBegin>337</CharacterOffsetBegin>
            <CharacterOffsetEnd>338</CharacterOffsetEnd>
            <POS>,</POS>
            <NER>O</NER>
          </token>
          <token id="14">
            <word>dodging</word>
            <lemma>dodge</lemma>
            <CharacterOffsetBegin>339</CharacterOffsetBegin>
            <CharacterOffsetEnd>346</CharacterOffsetEnd>
            <POS>VBG</POS>
            <NER>O</NER>
          </token>
          <token id="15">
            <word>arrest</word>
            <lemma>arrest</lemma>
            <CharacterOffsetBegin>347</CharacterOffsetBegin>
            <CharacterOffsetEnd>353</CharacterOffsetEnd>
            <POS>NN</POS>
            <NER>O</NER>
          </token>
          <token id="16">
            <word>after</word>
            <lemma>after</lemma>
            <CharacterOffsetBegin>354</CharacterOffsetBegin>
            <CharacterOffsetEnd>359</CharacterOffsetEnd>
            <POS>IN</POS>
            <NER>O</NER>
          </token>
          <token id="17">
            <word>whirlwind</word>
            <lemma>whirlwind</lemma>
            <CharacterOffsetBegin>360</CharacterOffsetBegin>
            <CharacterOffsetEnd>369</CharacterOffsetEnd>
            <POS>JJ</POS>
            <NER>O</NER>
          </token>
          <token id="18">
            <word>confusion</word>
            <lemma>confusion</lemma>
            <CharacterOffsetBegin>370</CharacterOffsetBegin>
            <CharacterOffsetEnd>379</CharacterOffsetEnd>
            <POS>NN</POS>
            <NER>O</NER>
          </token>
          <token id="19">
            <word>surrounding</word>
            <lemma>surround</lemma>
            <CharacterOffsetBegin>380</CharacterOffsetBegin>
            <CharacterOffsetEnd>391</CharacterOffsetEnd>
            <POS>VBG</POS>
            <NER>O</NER>
          </token>
          <token id="20">
            <word>the</word>
            <lemma>the</lemma>
            <CharacterOffsetBegin>392</CharacterOffsetBegin>
            <CharacterOffsetEnd>395</CharacterOffsetEnd>
            <POS>DT</POS>
            <NER>O</NER>
          </token>
          <token id="21">
            <word>actress'</word>
            <lemma>actress'</lemma>
            <CharacterOffsetBegin>396</CharacterOffsetBegin>
            <CharacterOffsetEnd>404</CharacterOffsetEnd>
            <POS>NN</POS>
            <NER>O</NER>
          </token>
          <token id="22">
            <word>whereabouts</word>
            <lemma>whereabouts</lemma>
            <CharacterOffsetBegin>405</CharacterOffsetBegin>
            <CharacterOffsetEnd>416</CharacterOffsetEnd>
            <POS>NN</POS>
            <NER>O</NER>
          </token>
          <token id="23">
            <word>,</word>
            <lemma>,</lemma>
            <CharacterOffsetBegin>417</CharacterOffsetBegin>
            <CharacterOffsetEnd>418</CharacterOffsetEnd>
            <POS>,</POS>
            <NER>O</NER>
          </token>
          <token id="24">
            <word>sources</word>
            <lemma>source</lemma>
            <CharacterOffsetBegin>419</CharacterOffsetBegin>
            <CharacterOffsetEnd>426</CharacterOffsetEnd>
            <POS>NNS</POS>
            <NER>O</NER>
          </token>
          <token id="25">
            <word>told</word>
            <lemma>tell</lemma>
            <CharacterOffsetBegin>427</CharacterOffsetBegin>
            <CharacterOffsetEnd>431</CharacterOffsetEnd>
            <POS>VBD</POS>
            <NER>O</NER>
          </token>
          <token id="26">
            <word>the</word>
            <lemma>the</lemma>
            <CharacterOffsetBegin>432</CharacterOffsetBegin>
            <CharacterOffsetEnd>435</CharacterOffsetEnd>
            <POS>DT</POS>
            <NER>O</NER>
          </token>
          <token id="27">
            <word>Daily</word>
            <lemma>Daily</lemma>
            <CharacterOffsetBegin>436</CharacterOffsetBegin>
            <CharacterOffsetEnd>441</CharacterOffsetEnd>
            <POS>NNP</POS>
            <NER>ORGANIZATION</NER>
            <Timex tid="t3" type="SET">P1D</Timex>
          </token>
          <token id="28">
            <word>News</word>
            <lemma>News</lemma>
            <CharacterOffsetBegin>442</CharacterOffsetBegin>
            <CharacterOffsetEnd>446</CharacterOffsetEnd>
            <POS>NNP</POS>
            <NER>ORGANIZATION</NER>
          </token>
          <token id="29">
            <word>.</word>
            <lemma>.</lemma>
            <CharacterOffsetBegin>447</CharacterOffsetBegin>
            <CharacterOffsetEnd>448</CharacterOffsetEnd>
            <POS>.</POS>
            <NER>O</NER>
          </token>
        </tokens>
        <parse>(ROOT (S (S (NP (NNP Lindsay) (NNP Lohan)) (VP (VBD checked) (PP (IN into) (NP (NNP California's) (NNP Betty) (NNP Ford) (NNP Center) (NN rehab) (NN facility))) (NP-TMP (JJ late) (NNP Thursday)) (, ,) (S (VP (VBG dodging) (NP (NN arrest)) (PP (IN after) (NP (NP (JJ whirlwind) (NN confusion)) (VP (VBG surrounding) (NP (DT the) (NN actress') (NN whereabouts))))))))) (, ,) (NP (NNS sources)) (VP (VBD told) (NP (DT the) (NNP Daily) (NNP News))) (. .))) </parse>
        <dependencies type="basic-dependencies">
          <dep type="root">
            <governor idx="0">ROOT</governor>
            <dependent idx="25">told</dependent>
          </dep>
          <dep type="compound">
            <governor idx="2">Lohan</governor>
            <dependent idx="1">Lindsay</dependent>
          </dep>
          <dep type="nsubj">
            <governor idx="3">checked</governor>
            <dependent idx="2">Lohan</dependent>
          </dep>
          <dep type="ccomp">
            <governor idx="25">told</governor>
            <dependent idx="3">checked</dependent>
          </dep>
          <dep type="case">
            <governor idx="10">facility</governor>
            <dependent idx="4">into</dependent>
          </dep>
          <dep type="compound">
            <governor idx="10">facility</governor>
            <dependent idx="5">California's</dependent>
          </dep>
          <dep type="compound">
            <governor idx="10">facility</governor>
            <dependent idx="6">Betty</dependent>
          </dep>
          <dep type="compound">
            <governor idx="10">facility</governor>
            <dependent idx="7">Ford</dependent>
          </dep>
          <dep type="compound">
            <governor idx="10">facility</governor>
            <dependent idx="8">Center</dependent>
          </dep>
          <dep type="compound">
            <governor idx="10">facility</governor>
            <dependent idx="9">rehab</dependent>
          </dep>
          <dep type="nmod">
            <governor idx="3">checked</governor>
            <dependent idx="10">facility</dependent>
          </dep>
          <dep type="amod">
            <governor idx="12">Thursday</governor>
            <dependent idx="11">late</dependent>
          </dep>
          <dep type="nmod:tmod">
            <governor idx="3">checked</governor>
            <dependent idx="12">Thursday</dependent>
          </dep>
          <dep type="punct">
            <governor idx="3">checked</governor>
            <dependent idx="13">,</dependent>
          </dep>
          <dep type="amod">
            <governor idx="15">arrest</governor>
            <dependent idx="14">dodging</dependent>
          </dep>
          <dep type="dobj">
            <governor idx="3">checked</governor>
            <dependent idx="15">arrest</dependent>
          </dep>
          <dep type="case">
            <governor idx="18">confusion</governor>
            <dependent idx="16">after</dependent>
          </dep>
          <dep type="amod">
            <governor idx="18">confusion</governor>
            <dependent idx="17">whirlwind</dependent>
          </dep>
          <dep type="nmod">
            <governor idx="15">arrest</governor>
            <dependent idx="18">confusion</dependent>
          </dep>
          <dep type="acl">
            <governor idx="18">confusion</governor>
            <dependent idx="19">surrounding</dependent>
          </dep>
          <dep type="det">
            <governor idx="22">whereabouts</governor>
            <dependent idx="20">the</dependent>
          </dep>
          <dep type="compound">
            <governor idx="22">whereabouts</governor>
            <dependent idx="21">actress'</dependent>
          </dep>
          <dep type="dobj">
            <governor idx="19">surrounding</governor>
            <dependent idx="22">whereabouts</dependent>
          </dep>
          <dep type="punct">
            <governor idx="25">told</governor>
            <dependent idx="23">,</dependent>
          </dep>
          <dep type="nsubj">
            <governor idx="25">told</governor>
            <dependent idx="24">sources</dependent>
          </dep>
          <dep type="det">
            <governor idx="28">News</governor>
            <dependent idx="26">the</dependent>
          </dep>
          <dep type="compound">
            <governor idx="28">News</governor>
            <dependent idx="27">Daily</dependent>
          </dep>
          <dep type="dobj">
            <governor idx="25">told</governor>
            <dependent idx="28">News</dependent>
          </dep>
          <dep type="punct">
            <governor idx="25">told</governor>
            <dependent idx="29">.</dependent>
          </dep>
        </dependencies>
        <dependencies type="collapsed-dependencies">
          <dep type="root">
            <governor idx="0">ROOT</governor>
            <dependent idx="25">told</dependent>
          </dep>
          <dep type="compound">
            <governor idx="2">Lohan</governor>
            <dependent idx="1">Lindsay</dependent>
          </dep>
          <dep type="nsubj">
            <governor idx="3">checked</governor>
            <dependent idx="2">Lohan</dependent>
          </dep>
          <dep type="ccomp">
            <governor idx="25">told</governor>
            <dependent idx="3">checked</dependent>
          </dep>
          <dep type="case">
            <governor idx="10">facility</governor>
            <dependent idx="4">into</dependent>
          </dep>
          <dep type="compound">
            <governor idx="10">facility</governor>
            <dependent idx="5">California's</dependent>
          </dep>
          <dep type="compound">
            <governor idx="10">facility</governor>
            <dependent idx="6">Betty</dependent>
          </dep>
          <dep type="compound">
            <governor idx="10">facility</governor>
            <dependent idx="7">Ford</dependent>
          </dep>
          <dep type="compound">
            <governor idx="10">facility</governor>
            <dependent idx="8">Center</dependent>
          </dep>
          <dep type="compound">
            <governor idx="10">facility</governor>
            <dependent idx="9">rehab</dependent>
          </dep>
          <dep type="nmod:into">
            <governor idx="3">checked</governor>
            <dependent idx="10">facility</dependent>
          </dep>
          <dep type="amod">
            <governor idx="12">Thursday</governor>
            <dependent idx="11">late</dependent>
          </dep>
          <dep type="nmod:tmod">
            <governor idx="3">checked</governor>
            <dependent idx="12">Thursday</dependent>
          </dep>
          <dep type="punct">
            <governor idx="3">checked</governor>
            <dependent idx="13">,</dependent>
          </dep>
          <dep type="amod">
            <governor idx="15">arrest</governor>
            <dependent idx="14">dodging</dependent>
          </dep>
          <dep type="dobj">
            <governor idx="3">checked</governor>
            <dependent idx="15">arrest</dependent>
          </dep>
          <dep type="case">
            <governor idx="18">confusion</governor>
            <dependent idx="16">after</dependent>
          </dep>
          <dep type="amod">
            <governor idx="18">confusion</governor>
            <dependent idx="17">whirlwind</dependent>
          </dep>
          <dep type="nmod:after">
            <governor idx="15">arrest</governor>
            <dependent idx="18">confusion</dependent>
          </dep>
          <dep type="acl">
            <governor idx="18">confusion</governor>
            <dependent idx="19">surrounding</dependent>
          </dep>
          <dep type="det">
            <governor idx="22">whereabouts</governor>
            <dependent idx="20">the</dependent>
          </dep>
          <dep type="compound">
            <governor idx="22">whereabouts</governor>
            <dependent idx="21">actress'</dependent>
          </dep>
          <dep type="dobj">
            <governor idx="19">surrounding</governor>
            <dependent idx="22">whereabouts</dependent>
          </dep>
          <dep type="punct">
            <governor idx="25">told</governor>
            <dependent idx="23">,</dependent>
          </dep>
          <dep type="nsubj">
            <governor idx="25">told</governor>
            <dependent idx="24">sources</dependent>
          </dep>
          <dep type="det">
            <governor idx="28">News</governor>
            <dependent idx="26">the</dependent>
          </dep>
          <dep type="compound">
            <governor idx="28">News</governor>
            <dependent idx="27">Daily</dependent>
          </dep>
          <dep type="dobj">
            <governor idx="25">told</governor>
            <dependent idx="28">News</dependent>
          </dep>
          <dep type="punct">
            <governor idx="25">told</governor>
            <dependent idx="29">.</dependent>
          </dep>
        </dependencies>
        <dependencies type="collapsed-ccprocessed-dependencies">
          <dep type="root">
            <governor idx="0">ROOT</governor>
            <dependent idx="25">told</dependent>
          </dep>
          <dep type="compound">
            <governor idx="2">Lohan</governor>
            <dependent idx="1">Lindsay</dependent>
          </dep>
          <dep type="nsubj">
            <governor idx="3">checked</governor>
            <dependent idx="2">Lohan</dependent>
          </dep>
          <dep type="ccomp">
            <governor idx="25">told</governor>
            <dependent idx="3">checked</dependent>
          </dep>
          <dep type="case">
            <governor idx="10">facility</governor>
            <dependent idx="4">into</dependent>
          </dep>
          <dep type="compound">
            <governor idx="10">facility</governor>
            <dependent idx="5">California's</dependent>
          </dep>
          <dep type="compound">
            <governor idx="10">facility</governor>
            <dependent idx="6">Betty</dependent>
          </dep>
          <dep type="compound">
            <governor idx="10">facility</governor>
            <dependent idx="7">Ford</dependent>
          </dep>
          <dep type="compound">
            <governor idx="10">facility</governor>
            <dependent idx="8">Center</dependent>
          </dep>
          <dep type="compound">
            <governor idx="10">facility</governor>
            <dependent idx="9">rehab</dependent>
          </dep>
          <dep type="nmod:into">
            <governor idx="3">checked</governor>
            <dependent idx="10">facility</dependent>
          </dep>
          <dep type="amod">
            <governor idx="12">Thursday</governor>
            <dependent idx="11">late</dependent>
          </dep>
          <dep type="nmod:tmod">
            <governor idx="3">checked</governor>
            <dependent idx="12">Thursday</dependent>
          </dep>
          <dep type="punct">
            <governor idx="3">checked</governor>
            <dependent idx="13">,</dependent>
          </dep>
          <dep type="amod">
            <governor idx="15">arrest</governor>
            <dependent idx="14">dodging</dependent>
          </dep>
          <dep type="dobj">
            <governor idx="3">checked</governor>
            <dependent idx="15">arrest</dependent>
          </dep>
          <dep type="case">
            <governor idx="18">confusion</governor>
            <dependent idx="16">after</dependent>
          </dep>
          <dep type="amod">
            <governor idx="18">confusion</governor>
            <dependent idx="17">whirlwind</dependent>
          </dep>
          <dep type="nmod:after">
            <governor idx="15">arrest</governor>
            <dependent idx="18">confusion</dependent>
          </dep>
          <dep type="acl">
            <governor idx="18">confusion</governor>
            <dependent idx="19">surrounding</dependent>
          </dep>
          <dep type="det">
            <governor idx="22">whereabouts</governor>
            <dependent idx="20">the</dependent>
          </dep>
          <dep type="compound">
            <governor idx="22">whereabouts</governor>
            <dependent idx="21">actress'</dependent>
          </dep>
          <dep type="dobj">
            <governor idx="19">surrounding</governor>
            <dependent idx="22">whereabouts</dependent>
          </dep>
          <dep type="punct">
            <governor idx="25">told</governor>
            <dependent idx="23">,</dependent>
          </dep>
          <dep type="nsubj">
            <governor idx="25">told</governor>
            <dependent idx="24">sources</dependent>
          </dep>
          <dep type="det">
            <governor idx="28">News</governor>
            <dependent idx="26">the</dependent>
          </dep>
          <dep type="compound">
            <governor idx="28">News</governor>
            <dependent idx="27">Daily</dependent>
          </dep>
          <dep type="dobj">
            <governor idx="25">told</governor>
            <dependent idx="28">News</dependent>
          </dep>
          <dep type="punct">
            <governor idx="25">told</governor>
            <dependent idx="29">.</dependent>
          </dep>
        </dependencies>
      </sentence>
    </sentences>
  </document>
</root>
