<?xml version="1.0" encoding="UTF-8"?>
<?xml-stylesheet href="CoreNLP-to-HTML.xsl" type="text/xsl"?>
<root>
  <document>
    <sentences>
      <sentence id="1" line="1">
        <tokens>
          <token id="1">
            <word>Lindsay</word>
            <lemma>Lindsay</lemma>
            <CharacterOffsetBegin>0</CharacterOffsetBegin>
            <CharacterOffsetEnd>7</CharacterOffsetEnd>
            <POS>NNP</POS>
            <NER>PERSON</NER>
          </token>
          <token id="2">
            <word>Lohan</word>
            <lemma>Lohan</lemma>
            <CharacterOffsetBegin>8</CharacterOffsetBegin>
            <CharacterOffsetEnd>13</CharacterOffsetEnd>
            <POS>NNP</POS>
            <NER>PERSON</NER>
          </token>
          <token id="3">
            <word>Checks</word>
            <lemma>Checks</lemma>
            <CharacterOffsetBegin>14</CharacterOffsetBegin>
            <CharacterOffsetEnd>20</CharacterOffsetEnd>
            <POS>NNP</POS>
            <NER>O</NER>
          </token>
          <token id="4">
            <word>Into</word>
            <lemma>Into</lemma>
            <CharacterOffsetBegin>21</CharacterOffsetBegin>
            <CharacterOffsetEnd>25</CharacterOffsetEnd>
            <POS>NNP</POS>
            <NER>O</NER>
          </token>
          <token id="5">
            <word>Rehab</word>
            <lemma>Rehab</lemma>
            <CharacterOffsetBegin>26</CharacterOffsetBegin>
            <CharacterOffsetEnd>31</CharacterOffsetEnd>
            <POS>NNP</POS>
            <NER>O</NER>
          </token>
          <token id="6">
            <word>,</word>
            <lemma>,</lemma>
            <CharacterOffsetBegin>32</CharacterOffsetBegin>
            <CharacterOffsetEnd>33</CharacterOffsetEnd>
            <POS>,</POS>
            <NER>O</NER>
          </token>
          <token id="7">
            <word>Checks</word>
            <lemma>Checks</lemma>
            <CharacterOffsetBegin>34</CharacterOffsetBegin>
            <CharacterOffsetEnd>40</CharacterOffsetEnd>
            <POS>NNP</POS>
            <NER>O</NER>
          </token>
          <token id="8">
            <word>Out</word>
            <lemma>out</lemma>
            <CharacterOffsetBegin>41</CharacterOffsetBegin>
            <CharacterOffsetEnd>44</CharacterOffsetEnd>
            <POS>IN</POS>
            <NER>O</NER>
          </token>
          <token id="9">
            <word>Two</word>
            <lemma>two</lemma>
            <CharacterOffsetBegin>45</CharacterOffsetBegin>
            <CharacterOffsetEnd>48</CharacterOffsetEnd>
            <POS>CD</POS>
            <NER>DATE</NER>
            <NormalizedNER>OFFSET PT2M</NormalizedNER>
            <Timex tid="t1" type="DATE"/>
          </token>
          <token id="10">
            <word>Minutes</word>
            <lemma>Minutes</lemma>
            <CharacterOffsetBegin>49</CharacterOffsetBegin>
            <CharacterOffsetEnd>56</CharacterOffsetEnd>
            <POS>NNPS</POS>
            <NER>DATE</NER>
            <NormalizedNER>OFFSET PT2M</NormalizedNER>
            <Timex tid="t1" type="DATE"/>
          </token>
          <token id="11">
            <word>Later</word>
            <lemma>later</lemma>
            <CharacterOffsetBegin>57</CharacterOffsetBegin>
            <CharacterOffsetEnd>62</CharacterOffsetEnd>
            <POS>RB</POS>
            <NER>DATE</NER>
            <NormalizedNER>OFFSET PT2M</NormalizedNER>
            <Timex tid="t1" type="DATE"/>
          </token>
        </tokens>
        <parse>(ROOT (NP (NP (NP (NNP Lindsay) (NNP Lohan) (NNP Checks)) (PP (NNP Into) (NP (NNP Rehab) (, ,) (NNP Checks)))) (NP (NP (IN Out)) (NP-TMP (NP (CD Two) (NNPS Minutes)) (ADVP (RB Later)))))) </parse>
        <dependencies type="basic-dependencies">
          <dep type="root">
            <governor idx="0">ROOT</governor>
            <dependent idx="3">Checks</dependent>
          </dep>
          <dep type="compound">
            <governor idx="3">Checks</governor>
            <dependent idx="1">Lindsay</dependent>
          </dep>
          <dep type="compound">
            <governor idx="3">Checks</governor>
            <dependent idx="2">Lohan</dependent>
          </dep>
          <dep type="case">
            <governor idx="5">Rehab</governor>
            <dependent idx="4">Into</dependent>
          </dep>
          <dep type="nmod">
            <governor idx="3">Checks</governor>
            <dependent idx="5">Rehab</dependent>
          </dep>
          <dep type="punct">
            <governor idx="3">Checks</governor>
            <dependent idx="6">,</dependent>
          </dep>
          <dep type="appos">
            <governor idx="3">Checks</governor>
            <dependent idx="7">Checks</dependent>
          </dep>
          <dep type="case">
            <governor idx="10">Minutes</governor>
            <dependent idx="8">Out</dependent>
          </dep>
          <dep type="nummod">
            <governor idx="10">Minutes</governor>
            <dependent idx="9">Two</dependent>
          </dep>
          <dep type="nmod">
            <governor idx="7">Checks</governor>
            <dependent idx="10">Minutes</dependent>
          </dep>
          <dep type="advmod">
            <governor idx="3">Checks</governor>
            <dependent idx="11">Later</dependent>
          </dep>
        </dependencies>
        <dependencies type="collapsed-dependencies">
          <dep type="root">
            <governor idx="0">ROOT</governor>
            <dependent idx="3">Checks</dependent>
          </dep>
          <dep type="compound">
            <governor idx="3">Checks</governor>
            <dependent idx="1">Lindsay</dependent>
          </dep>
          <dep type="compound">
            <governor idx="3">Checks</governor>
            <dependent idx="2">Lohan</dependent>
          </dep>
          <dep type="case">
            <governor idx="5">Rehab</governor>
            <dependent idx="4">Into</dependent>
          </dep>
          <dep type="nmod:into">
            <governor idx="3">Checks</governor>
            <dependent idx="5">Rehab</dependent>
          </dep>
          <dep type="punct">
            <governor idx="3">Checks</governor>
            <dependent idx="6">,</dependent>
          </dep>
          <dep type="appos">
            <governor idx="3">Checks</governor>
            <dependent idx="7">Checks</dependent>
          </dep>
          <dep type="case">
            <governor idx="10">Minutes</governor>
            <dependent idx="8">Out</dependent>
          </dep>
          <dep type="nummod">
            <governor idx="10">Minutes</governor>
            <dependent idx="9">Two</dependent>
          </dep>
          <dep type="nmod:out">
            <governor idx="7">Checks</governor>
            <dependent idx="10">Minutes</dependent>
          </dep>
          <dep type="advmod">
            <governor idx="3">Checks</governor>
            <dependent idx="11">Later</dependent>
          </dep>
        </dependencies>
        <dependencies type="collapsed-ccprocessed-dependencies">
          <dep type="root">
            <governor idx="0">ROOT</governor>
            <dependent idx="3">Checks</dependent>
          </dep>
          <dep type="compound">
            <governor idx="3">Checks</governor>
            <dependent idx="1">Lindsay</dependent>
          </dep>
          <dep type="compound">
            <governor idx="3">Checks</governor>
            <dependent idx="2">Lohan</dependent>
          </dep>
          <dep type="case">
            <governor idx="5">Rehab</governor>
            <dependent idx="4">Into</dependent>
          </dep>
          <dep type="nmod:into">
            <governor idx="3">Checks</governor>
            <dependent idx="5">Rehab</dependent>
          </dep>
          <dep type="punct">
            <governor idx="3">Checks</governor>
            <dependent idx="6">,</dependent>
          </dep>
          <dep type="appos">
            <governor idx="3">Checks</governor>
            <dependent idx="7">Checks</dependent>
          </dep>
          <dep type="case">
            <governor idx="10">Minutes</governor>
            <dependent idx="8">Out</dependent>
          </dep>
          <dep type="nummod">
            <governor idx="10">Minutes</governor>
            <dependent idx="9">Two</dependent>
          </dep>
          <dep type="nmod:out">
            <governor idx="7">Checks</governor>
            <dependent idx="10">Minutes</dependent>
          </dep>
          <dep type="advmod">
            <governor idx="3">Checks</governor>
            <dependent idx="11">Later</dependent>
          </dep>
        </dependencies>
      </sentence>
      <sentence id="2" line="2">
        <tokens>
          <token id="1">
            <word>The</word>
            <lemma>the</lemma>
            <CharacterOffsetBegin>63</CharacterOffsetBegin>
            <CharacterOffsetEnd>66</CharacterOffsetEnd>
            <POS>DT</POS>
            <NER>O</NER>
          </token>
          <token id="2">
            <word>NYDN</word>
            <lemma>NYDN</lemma>
            <CharacterOffsetBegin>67</CharacterOffsetBegin>
            <CharacterOffsetEnd>71</CharacterOffsetEnd>
            <POS>NNP</POS>
            <NER>ORGANIZATION</NER>
          </token>
          <token id="3">
            <word>says</word>
            <lemma>say</lemma>
            <CharacterOffsetBegin>72</CharacterOffsetBegin>
            <CharacterOffsetEnd>76</CharacterOffsetEnd>
            <POS>VBZ</POS>
            <NER>O</NER>
          </token>
          <token id="4">
            <word>that</word>
            <lemma>that</lemma>
            <CharacterOffsetBegin>77</CharacterOffsetBegin>
            <CharacterOffsetEnd>81</CharacterOffsetEnd>
            <POS>IN</POS>
            <NER>O</NER>
          </token>
          <token id="5">
            <word>LiLo</word>
            <lemma>lilo</lemma>
            <CharacterOffsetBegin>82</CharacterOffsetBegin>
            <CharacterOffsetEnd>86</CharacterOffsetEnd>
            <POS>NN</POS>
            <NER>O</NER>
          </token>
          <token id="6">
            <word>eventually</word>
            <lemma>eventually</lemma>
            <CharacterOffsetBegin>87</CharacterOffsetBegin>
            <CharacterOffsetEnd>97</CharacterOffsetEnd>
            <POS>RB</POS>
            <NER>O</NER>
          </token>
          <token id="7">
            <word>made</word>
            <lemma>make</lemma>
            <CharacterOffsetBegin>98</CharacterOffsetBegin>
            <CharacterOffsetEnd>102</CharacterOffsetEnd>
            <POS>VBD</POS>
            <NER>O</NER>
          </token>
          <token id="8">
            <word>it</word>
            <lemma>it</lemma>
            <CharacterOffsetBegin>103</CharacterOffsetBegin>
            <CharacterOffsetEnd>105</CharacterOffsetEnd>
            <POS>PRP</POS>
            <NER>O</NER>
          </token>
          <token id="9">
            <word>to</word>
            <lemma>to</lemma>
            <CharacterOffsetBegin>106</CharacterOffsetBegin>
            <CharacterOffsetEnd>108</CharacterOffsetEnd>
            <POS>TO</POS>
            <NER>O</NER>
          </token>
          <token id="10">
            <word>Morningside</word>
            <lemma>Morningside</lemma>
            <CharacterOffsetBegin>109</CharacterOffsetBegin>
            <CharacterOffsetEnd>120</CharacterOffsetEnd>
            <POS>NNP</POS>
            <NER>LOCATION</NER>
          </token>
          <token id="11">
            <word>Recovery</word>
            <lemma>Recovery</lemma>
            <CharacterOffsetBegin>121</CharacterOffsetBegin>
            <CharacterOffsetEnd>129</CharacterOffsetEnd>
            <POS>NNP</POS>
            <NER>LOCATION</NER>
          </token>
          <token id="12">
            <word>in</word>
            <lemma>in</lemma>
            <CharacterOffsetBegin>130</CharacterOffsetBegin>
            <CharacterOffsetEnd>132</CharacterOffsetEnd>
            <POS>IN</POS>
            <NER>O</NER>
          </token>
          <token id="13">
            <word>Newport</word>
            <lemma>Newport</lemma>
            <CharacterOffsetBegin>133</CharacterOffsetBegin>
            <CharacterOffsetEnd>140</CharacterOffsetEnd>
            <POS>NNP</POS>
            <NER>LOCATION</NER>
          </token>
          <token id="14">
            <word>Beach</word>
            <lemma>Beach</lemma>
            <CharacterOffsetBegin>141</CharacterOffsetBegin>
            <CharacterOffsetEnd>146</CharacterOffsetEnd>
            <POS>NNP</POS>
            <NER>LOCATION</NER>
          </token>
          <token id="15">
            <word>,</word>
            <lemma>,</lemma>
            <CharacterOffsetBegin>147</CharacterOffsetBegin>
            <CharacterOffsetEnd>148</CharacterOffsetEnd>
            <POS>,</POS>
            <NER>O</NER>
          </token>
          <token id="16">
            <word>but</word>
            <lemma>but</lemma>
            <CharacterOffsetBegin>149</CharacterOffsetBegin>
            <CharacterOffsetEnd>152</CharacterOffsetEnd>
            <POS>CC</POS>
            <NER>O</NER>
          </token>
          <token id="17">
            <word>two</word>
            <lemma>two</lemma>
            <CharacterOffsetBegin>153</CharacterOffsetBegin>
            <CharacterOffsetEnd>156</CharacterOffsetEnd>
            <POS>CD</POS>
            <NER>DURATION</NER>
            <NormalizedNER>PT2M</NormalizedNER>
            <Timex tid="t2" type="DURATION">PT2M</Timex>
          </token>
          <token id="18">
            <word>minutes</word>
            <lemma>minute</lemma>
            <CharacterOffsetBegin>157</CharacterOffsetBegin>
            <CharacterOffsetEnd>164</CharacterOffsetEnd>
            <POS>NNS</POS>
            <NER>DURATION</NER>
            <NormalizedNER>PT2M</NormalizedNER>
            <Timex tid="t2" type="DURATION">PT2M</Timex>
          </token>
          <token id="19">
            <word>after</word>
            <lemma>after</lemma>
            <CharacterOffsetBegin>165</CharacterOffsetBegin>
            <CharacterOffsetEnd>170</CharacterOffsetEnd>
            <POS>IN</POS>
            <NER>O</NER>
          </token>
          <token id="20">
            <word>she</word>
            <lemma>she</lemma>
            <CharacterOffsetBegin>171</CharacterOffsetBegin>
            <CharacterOffsetEnd>174</CharacterOffsetEnd>
            <POS>PRP</POS>
            <NER>O</NER>
          </token>
          <token id="21">
            <word>walked</word>
            <lemma>walk</lemma>
            <CharacterOffsetBegin>175</CharacterOffsetBegin>
            <CharacterOffsetEnd>181</CharacterOffsetEnd>
            <POS>VBD</POS>
            <NER>O</NER>
          </token>
          <token id="22">
            <word>through</word>
            <lemma>through</lemma>
            <CharacterOffsetBegin>182</CharacterOffsetBegin>
            <CharacterOffsetEnd>189</CharacterOffsetEnd>
            <POS>IN</POS>
            <NER>O</NER>
          </token>
          <token id="23">
            <word>the</word>
            <lemma>the</lemma>
            <CharacterOffsetBegin>190</CharacterOffsetBegin>
            <CharacterOffsetEnd>193</CharacterOffsetEnd>
            <POS>DT</POS>
            <NER>O</NER>
          </token>
          <token id="24">
            <word>door</word>
            <lemma>door</lemma>
            <CharacterOffsetBegin>194</CharacterOffsetBegin>
            <CharacterOffsetEnd>198</CharacterOffsetEnd>
            <POS>NN</POS>
            <NER>O</NER>
          </token>
          <token id="25">
            <word>,</word>
            <lemma>,</lemma>
            <CharacterOffsetBegin>199</CharacterOffsetBegin>
            <CharacterOffsetEnd>200</CharacterOffsetEnd>
            <POS>,</POS>
            <NER>O</NER>
          </token>
          <token id="26">
            <word>she</word>
            <lemma>she</lemma>
            <CharacterOffsetBegin>201</CharacterOffsetBegin>
            <CharacterOffsetEnd>204</CharacterOffsetEnd>
            <POS>PRP</POS>
            <NER>O</NER>
          </token>
          <token id="27">
            <word>walked</word>
            <lemma>walk</lemma>
            <CharacterOffsetBegin>205</CharacterOffsetBegin>
            <CharacterOffsetEnd>211</CharacterOffsetEnd>
            <POS>VBD</POS>
            <NER>O</NER>
          </token>
          <token id="28">
            <word>back</word>
            <lemma>back</lemma>
            <CharacterOffsetBegin>212</CharacterOffsetBegin>
            <CharacterOffsetEnd>216</CharacterOffsetEnd>
            <POS>RB</POS>
            <NER>O</NER>
          </token>
          <token id="29">
            <word>through</word>
            <lemma>through</lemma>
            <CharacterOffsetBegin>217</CharacterOffsetBegin>
            <CharacterOffsetEnd>224</CharacterOffsetEnd>
            <POS>IN</POS>
            <NER>O</NER>
          </token>
          <token id="30">
            <word>it</word>
            <lemma>it</lemma>
            <CharacterOffsetBegin>225</CharacterOffsetBegin>
            <CharacterOffsetEnd>227</CharacterOffsetEnd>
            <POS>PRP</POS>
            <NER>O</NER>
          </token>
          <token id="31">
            <word>and</word>
            <lemma>and</lemma>
            <CharacterOffsetBegin>228</CharacterOffsetBegin>
            <CharacterOffsetEnd>231</CharacterOffsetEnd>
            <POS>CC</POS>
            <NER>O</NER>
          </token>
          <token id="32">
            <word>left</word>
            <lemma>leave</lemma>
            <CharacterOffsetBegin>232</CharacterOffsetBegin>
            <CharacterOffsetEnd>236</CharacterOffsetEnd>
            <POS>VBD</POS>
            <NER>O</NER>
          </token>
          <token id="33">
            <word>.</word>
            <lemma>.</lemma>
            <CharacterOffsetBegin>237</CharacterOffsetBegin>
            <CharacterOffsetEnd>238</CharacterOffsetEnd>
            <POS>.</POS>
            <NER>O</NER>
          </token>
        </tokens>
        <parse>(ROOT (S (S (NP (DT The) (NNP NYDN)) (VP (VBZ says) (SBAR (SBAR (IN that) (S (NP (NN LiLo)) (ADVP (RB eventually)) (VP (VBD made) (NP (PRP it)) (PP (TO to) (NP (NNP Morningside) (NNP Recovery))) (PP (IN in) (NP (NNP Newport) (NNP Beach)))))) (, ,) (CC but) (SBAR (NP (CD two) (NNS minutes)) (IN after) (S (NP (PRP she)) (VP (VBD walked) (PP (IN through) (NP (DT the) (NN door))))))))) (, ,) (NP (PRP she)) (VP (VP (VBD walked) (ADVP (RB back)) (PP (IN through) (NP (PRP it)))) (CC and) (VP (VBD left))) (. .))) </parse>
        <dependencies type="basic-dependencies">
          <dep type="root">
            <governor idx="0">ROOT</governor>
            <dependent idx="3">says</dependent>
          </dep>
          <dep type="det">
            <governor idx="2">NYDN</governor>
            <dependent idx="1">The</dependent>
          </dep>
          <dep type="nsubj">
            <governor idx="3">says</governor>
            <dependent idx="2">NYDN</dependent>
          </dep>
          <dep type="mark">
            <governor idx="7">made</governor>
            <dependent idx="4">that</dependent>
          </dep>
          <dep type="nsubj">
            <governor idx="7">made</governor>
            <dependent idx="5">LiLo</dependent>
          </dep>
          <dep type="advmod">
            <governor idx="7">made</governor>
            <dependent idx="6">eventually</dependent>
          </dep>
          <dep type="ccomp">
            <governor idx="3">says</governor>
            <dependent idx="7">made</dependent>
          </dep>
          <dep type="dobj">
            <governor idx="7">made</governor>
            <dependent idx="8">it</dependent>
          </dep>
          <dep type="case">
            <governor idx="11">Recovery</governor>
            <dependent idx="9">to</dependent>
          </dep>
          <dep type="compound">
            <governor idx="11">Recovery</governor>
            <dependent idx="10">Morningside</dependent>
          </dep>
          <dep type="nmod">
            <governor idx="7">made</governor>
            <dependent idx="11">Recovery</dependent>
          </dep>
          <dep type="case">
            <governor idx="14">Beach</governor>
            <dependent idx="12">in</dependent>
          </dep>
          <dep type="compound">
            <governor idx="14">Beach</governor>
            <dependent idx="13">Newport</dependent>
          </dep>
          <dep type="nmod">
            <governor idx="11">Recovery</governor>
            <dependent idx="14">Beach</dependent>
          </dep>
          <dep type="punct">
            <governor idx="7">made</governor>
            <dependent idx="15">,</dependent>
          </dep>
          <dep type="cc">
            <governor idx="7">made</governor>
            <dependent idx="16">but</dependent>
          </dep>
          <dep type="nummod">
            <governor idx="18">minutes</governor>
            <dependent idx="17">two</dependent>
          </dep>
          <dep type="nsubj">
            <governor idx="27">walked</governor>
            <dependent idx="18">minutes</dependent>
          </dep>
          <dep type="mark">
            <governor idx="21">walked</governor>
            <dependent idx="19">after</dependent>
          </dep>
          <dep type="nsubj">
            <governor idx="21">walked</governor>
            <dependent idx="20">she</dependent>
          </dep>
          <dep type="acl">
            <governor idx="18">minutes</governor>
            <dependent idx="21">walked</dependent>
          </dep>
          <dep type="case">
            <governor idx="24">door</governor>
            <dependent idx="22">through</dependent>
          </dep>
          <dep type="det">
            <governor idx="24">door</governor>
            <dependent idx="23">the</dependent>
          </dep>
          <dep type="nmod">
            <governor idx="21">walked</governor>
            <dependent idx="24">door</dependent>
          </dep>
          <dep type="punct">
            <governor idx="27">walked</governor>
            <dependent idx="25">,</dependent>
          </dep>
          <dep type="nsubj">
            <governor idx="27">walked</governor>
            <dependent idx="26">she</dependent>
          </dep>
          <dep type="conj">
            <governor idx="7">made</governor>
            <dependent idx="27">walked</dependent>
          </dep>
          <dep type="advmod">
            <governor idx="27">walked</governor>
            <dependent idx="28">back</dependent>
          </dep>
          <dep type="case">
            <governor idx="30">it</governor>
            <dependent idx="29">through</dependent>
          </dep>
          <dep type="nmod">
            <governor idx="27">walked</governor>
            <dependent idx="30">it</dependent>
          </dep>
          <dep type="cc">
            <governor idx="27">walked</governor>
            <dependent idx="31">and</dependent>
          </dep>
          <dep type="conj">
            <governor idx="27">walked</governor>
            <dependent idx="32">left</dependent>
          </dep>
          <dep type="punct">
            <governor idx="3">says</governor>
            <dependent idx="33">.</dependent>
          </dep>
        </dependencies>
        <dependencies type="collapsed-dependencies">
          <dep type="root">
            <governor idx="0">ROOT</governor>
            <dependent idx="3">says</dependent>
          </dep>
          <dep type="det">
            <governor idx="2">NYDN</governor>
            <dependent idx="1">The</dependent>
          </dep>
          <dep type="nsubj">
            <governor idx="3">says</governor>
            <dependent idx="2">NYDN</dependent>
          </dep>
          <dep type="mark">
            <governor idx="7">made</governor>
            <dependent idx="4">that</dependent>
          </dep>
          <dep type="nsubj">
            <governor idx="7">made</governor>
            <dependent idx="5">LiLo</dependent>
          </dep>
          <dep type="advmod">
            <governor idx="7">made</governor>
            <dependent idx="6">eventually</dependent>
          </dep>
          <dep type="ccomp">
            <governor idx="3">says</governor>
            <dependent idx="7">made</dependent>
          </dep>
          <dep type="dobj">
            <governor idx="7">made</governor>
            <dependent idx="8">it</dependent>
          </dep>
          <dep type="case">
            <governor idx="11">Recovery</governor>
            <dependent idx="9">to</dependent>
          </dep>
          <dep type="compound">
            <governor idx="11">Recovery</governor>
            <dependent idx="10">Morningside</dependent>
          </dep>
          <dep type="nmod:to">
            <governor idx="7">made</governor>
            <dependent idx="11">Recovery</dependent>
          </dep>
          <dep type="case">
            <governor idx="14">Beach</governor>
            <dependent idx="12">in</dependent>
          </dep>
          <dep type="compound">
            <governor idx="14">Beach</governor>
            <dependent idx="13">Newport</dependent>
          </dep>
          <dep type="nmod:in">
            <governor idx="11">Recovery</governor>
            <dependent idx="14">Beach</dependent>
          </dep>
          <dep type="punct">
            <governor idx="7">made</governor>
            <dependent idx="15">,</dependent>
          </dep>
          <dep type="cc">
            <governor idx="7">made</governor>
            <dependent idx="16">but</dependent>
          </dep>
          <dep type="nummod">
            <governor idx="18">minutes</governor>
            <dependent idx="17">two</dependent>
          </dep>
          <dep type="nsubj">
            <governor idx="27">walked</governor>
            <dependent idx="18">minutes</dependent>
          </dep>
          <dep type="mark">
            <governor idx="21">walked</governor>
            <dependent idx="19">after</dependent>
          </dep>
          <dep type="nsubj">
            <governor idx="21">walked</governor>
            <dependent idx="20">she</dependent>
          </dep>
          <dep type="acl">
            <governor idx="18">minutes</governor>
            <dependent idx="21">walked</dependent>
          </dep>
          <dep type="case">
            <governor idx="24">door</governor>
            <dependent idx="22">through</dependent>
          </dep>
          <dep type="det">
            <governor idx="24">door</governor>
            <dependent idx="23">the</dependent>
          </dep>
          <dep type="nmod:through">
            <governor idx="21">walked</governor>
            <dependent idx="24">door</dependent>
          </dep>
          <dep type="punct">
            <governor idx="27">walked</governor>
            <dependent idx="25">,</dependent>
          </dep>
          <dep type="nsubj">
            <governor idx="27">walked</governor>
            <dependent idx="26">she</dependent>
          </dep>
          <dep type="conj:but">
            <governor idx="7">made</governor>
            <dependent idx="27">walked</dependent>
          </dep>
          <dep type="advmod">
            <governor idx="27">walked</governor>
            <dependent idx="28">back</dependent>
          </dep>
          <dep type="case">
            <governor idx="30">it</governor>
            <dependent idx="29">through</dependent>
          </dep>
          <dep type="nmod:through">
            <governor idx="27">walked</governor>
            <dependent idx="30">it</dependent>
          </dep>
          <dep type="cc">
            <governor idx="27">walked</governor>
            <dependent idx="31">and</dependent>
          </dep>
          <dep type="conj:and">
            <governor idx="27">walked</governor>
            <dependent idx="32">left</dependent>
          </dep>
          <dep type="punct">
            <governor idx="3">says</governor>
            <dependent idx="33">.</dependent>
          </dep>
        </dependencies>
        <dependencies type="collapsed-ccprocessed-dependencies">
          <dep type="root">
            <governor idx="0">ROOT</governor>
            <dependent idx="3">says</dependent>
          </dep>
          <dep type="det">
            <governor idx="2">NYDN</governor>
            <dependent idx="1">The</dependent>
          </dep>
          <dep type="nsubj">
            <governor idx="3">says</governor>
            <dependent idx="2">NYDN</dependent>
          </dep>
          <dep type="mark">
            <governor idx="7">made</governor>
            <dependent idx="4">that</dependent>
          </dep>
          <dep type="nsubj">
            <governor idx="7">made</governor>
            <dependent idx="5">LiLo</dependent>
          </dep>
          <dep type="advmod">
            <governor idx="7">made</governor>
            <dependent idx="6">eventually</dependent>
          </dep>
          <dep type="ccomp">
            <governor idx="3">says</governor>
            <dependent idx="7">made</dependent>
          </dep>
          <dep type="dobj">
            <governor idx="7">made</governor>
            <dependent idx="8">it</dependent>
          </dep>
          <dep type="case">
            <governor idx="11">Recovery</governor>
            <dependent idx="9">to</dependent>
          </dep>
          <dep type="compound">
            <governor idx="11">Recovery</governor>
            <dependent idx="10">Morningside</dependent>
          </dep>
          <dep type="nmod:to">
            <governor idx="7">made</governor>
            <dependent idx="11">Recovery</dependent>
          </dep>
          <dep type="case">
            <governor idx="14">Beach</governor>
            <dependent idx="12">in</dependent>
          </dep>
          <dep type="compound">
            <governor idx="14">Beach</governor>
            <dependent idx="13">Newport</dependent>
          </dep>
          <dep type="nmod:in">
            <governor idx="11">Recovery</governor>
            <dependent idx="14">Beach</dependent>
          </dep>
          <dep type="punct">
            <governor idx="7">made</governor>
            <dependent idx="15">,</dependent>
          </dep>
          <dep type="cc">
            <governor idx="7">made</governor>
            <dependent idx="16">but</dependent>
          </dep>
          <dep type="nummod">
            <governor idx="18">minutes</governor>
            <dependent idx="17">two</dependent>
          </dep>
          <dep type="nsubj">
            <governor idx="27">walked</governor>
            <dependent idx="18">minutes</dependent>
          </dep>
          <dep type="mark">
            <governor idx="21">walked</governor>
            <dependent idx="19">after</dependent>
          </dep>
          <dep type="nsubj">
            <governor idx="21">walked</governor>
            <dependent idx="20">she</dependent>
          </dep>
          <dep type="acl">
            <governor idx="18">minutes</governor>
            <dependent idx="21">walked</dependent>
          </dep>
          <dep type="case">
            <governor idx="24">door</governor>
            <dependent idx="22">through</dependent>
          </dep>
          <dep type="det">
            <governor idx="24">door</governor>
            <dependent idx="23">the</dependent>
          </dep>
          <dep type="nmod:through">
            <governor idx="21">walked</governor>
            <dependent idx="24">door</dependent>
          </dep>
          <dep type="punct">
            <governor idx="27">walked</governor>
            <dependent idx="25">,</dependent>
          </dep>
          <dep type="nsubj">
            <governor idx="27">walked</governor>
            <dependent idx="26">she</dependent>
          </dep>
          <dep type="nsubj" extra="true">
            <governor idx="32">left</governor>
            <dependent idx="26">she</dependent>
          </dep>
          <dep type="ccomp" extra="true">
            <governor idx="3">says</governor>
            <dependent idx="27">walked</dependent>
          </dep>
          <dep type="conj:but">
            <governor idx="7">made</governor>
            <dependent idx="27">walked</dependent>
          </dep>
          <dep type="advmod">
            <governor idx="27">walked</governor>
            <dependent idx="28">back</dependent>
          </dep>
          <dep type="case">
            <governor idx="30">it</governor>
            <dependent idx="29">through</dependent>
          </dep>
          <dep type="nmod:through">
            <governor idx="27">walked</governor>
            <dependent idx="30">it</dependent>
          </dep>
          <dep type="cc">
            <governor idx="27">walked</governor>
            <dependent idx="31">and</dependent>
          </dep>
          <dep type="conj:but" extra="true">
            <governor idx="7">made</governor>
            <dependent idx="32">left</dependent>
          </dep>
          <dep type="conj:and">
            <governor idx="27">walked</governor>
            <dependent idx="32">left</dependent>
          </dep>
          <dep type="punct">
            <governor idx="3">says</governor>
            <dependent idx="33">.</dependent>
          </dep>
        </dependencies>
      </sentence>
      <sentence id="3" line="3">
        <tokens>
          <token id="1">
            <word>According</word>
            <lemma>accord</lemma>
            <CharacterOffsetBegin>239</CharacterOffsetBegin>
            <CharacterOffsetEnd>248</CharacterOffsetEnd>
            <POS>VBG</POS>
            <NER>O</NER>
          </token>
          <token id="2">
            <word>to</word>
            <lemma>to</lemma>
            <CharacterOffsetBegin>249</CharacterOffsetBegin>
            <CharacterOffsetEnd>251</CharacterOffsetEnd>
            <POS>TO</POS>
            <NER>O</NER>
          </token>
          <token id="3">
            <word>the</word>
            <lemma>the</lemma>
            <CharacterOffsetBegin>252</CharacterOffsetBegin>
            <CharacterOffsetEnd>255</CharacterOffsetEnd>
            <POS>DT</POS>
            <NER>O</NER>
          </token>
          <token id="4">
            <word>NYDN</word>
            <lemma>NYDN</lemma>
            <CharacterOffsetBegin>256</CharacterOffsetBegin>
            <CharacterOffsetEnd>260</CharacterOffsetEnd>
            <POS>NNP</POS>
            <NER>ORGANIZATION</NER>
          </token>
          <token id="5">
            <word>,</word>
            <lemma>,</lemma>
            <CharacterOffsetBegin>261</CharacterOffsetBegin>
            <CharacterOffsetEnd>262</CharacterOffsetEnd>
            <POS>,</POS>
            <NER>O</NER>
          </token>
          <token id="6">
            <word>LiLo</word>
            <lemma>LiLo</lemma>
            <CharacterOffsetBegin>263</CharacterOffsetBegin>
            <CharacterOffsetEnd>267</CharacterOffsetEnd>
            <POS>NNP</POS>
            <NER>O</NER>
          </token>
          <token id="7">
            <word>showed</word>
            <lemma>show</lemma>
            <CharacterOffsetBegin>268</CharacterOffsetBegin>
            <CharacterOffsetEnd>274</CharacterOffsetEnd>
            <POS>VBD</POS>
            <NER>O</NER>
          </token>
          <token id="8">
            <word>up</word>
            <lemma>up</lemma>
            <CharacterOffsetBegin>275</CharacterOffsetBegin>
            <CharacterOffsetEnd>277</CharacterOffsetEnd>
            <POS>IN</POS>
            <NER>O</NER>
          </token>
          <token id="9">
            <word>to</word>
            <lemma>to</lemma>
            <CharacterOffsetBegin>278</CharacterOffsetBegin>
            <CharacterOffsetEnd>280</CharacterOffsetEnd>
            <POS>TO</POS>
            <NER>O</NER>
          </token>
          <token id="10">
            <word>Morningside</word>
            <lemma>Morningside</lemma>
            <CharacterOffsetBegin>281</CharacterOffsetBegin>
            <CharacterOffsetEnd>292</CharacterOffsetEnd>
            <POS>NNP</POS>
            <NER>LOCATION</NER>
          </token>
          <token id="11">
            <word>at</word>
            <lemma>at</lemma>
            <CharacterOffsetBegin>293</CharacterOffsetBegin>
            <CharacterOffsetEnd>295</CharacterOffsetEnd>
            <POS>IN</POS>
            <NER>O</NER>
          </token>
          <token id="12">
            <word>around</word>
            <lemma>around</lemma>
            <CharacterOffsetBegin>296</CharacterOffsetBegin>
            <CharacterOffsetEnd>302</CharacterOffsetEnd>
            <POS>IN</POS>
            <NER>O</NER>
          </token>
          <token id="13">
            <word>noon</word>
            <lemma>noon</lemma>
            <CharacterOffsetBegin>303</CharacterOffsetBegin>
            <CharacterOffsetEnd>307</CharacterOffsetEnd>
            <POS>NN</POS>
            <NER>TIME</NER>
            <NormalizedNER>T12:00</NormalizedNER>
            <Timex tid="t3" type="TIME">T12:00</Timex>
          </token>
          <token id="14">
            <word>,</word>
            <lemma>,</lemma>
            <CharacterOffsetBegin>308</CharacterOffsetBegin>
            <CharacterOffsetEnd>309</CharacterOffsetEnd>
            <POS>,</POS>
            <NER>O</NER>
          </token>
          <token id="15">
            <word>spent</word>
            <lemma>spend</lemma>
            <CharacterOffsetBegin>310</CharacterOffsetBegin>
            <CharacterOffsetEnd>315</CharacterOffsetEnd>
            <POS>VBD</POS>
            <NER>O</NER>
          </token>
          <token id="16">
            <word>a</word>
            <lemma>a</lemma>
            <CharacterOffsetBegin>316</CharacterOffsetBegin>
            <CharacterOffsetEnd>317</CharacterOffsetEnd>
            <POS>DT</POS>
            <NER>DURATION</NER>
            <NormalizedNER>PT2M</NormalizedNER>
            <Timex tid="t4" type="DURATION">PT2M</Timex>
          </token>
          <token id="17">
            <word>couple</word>
            <lemma>couple</lemma>
            <CharacterOffsetBegin>318</CharacterOffsetBegin>
            <CharacterOffsetEnd>324</CharacterOffsetEnd>
            <POS>NN</POS>
            <NER>DURATION</NER>
            <NormalizedNER>PT2M</NormalizedNER>
            <Timex tid="t4" type="DURATION">PT2M</Timex>
          </token>
          <token id="18">
            <word>of</word>
            <lemma>of</lemma>
            <CharacterOffsetBegin>325</CharacterOffsetBegin>
            <CharacterOffsetEnd>327</CharacterOffsetEnd>
            <POS>IN</POS>
            <NER>DURATION</NER>
            <NormalizedNER>PT2M</NormalizedNER>
            <Timex tid="t4" type="DURATION">PT2M</Timex>
          </token>
          <token id="19">
            <word>minutes</word>
            <lemma>minute</lemma>
            <CharacterOffsetBegin>328</CharacterOffsetBegin>
            <CharacterOffsetEnd>335</CharacterOffsetEnd>
            <POS>NNS</POS>
            <NER>DURATION</NER>
            <NormalizedNER>PT2M</NormalizedNER>
            <Timex tid="t4" type="DURATION">PT2M</Timex>
          </token>
          <token id="20">
            <word>there</word>
            <lemma>there</lemma>
            <CharacterOffsetBegin>336</CharacterOffsetBegin>
            <CharacterOffsetEnd>341</CharacterOffsetEnd>
            <POS>RB</POS>
            <NER>O</NER>
          </token>
          <token id="21">
            <word>,</word>
            <lemma>,</lemma>
            <CharacterOffsetBegin>342</CharacterOffsetBegin>
            <CharacterOffsetEnd>343</CharacterOffsetEnd>
            <POS>,</POS>
            <NER>O</NER>
          </token>
          <token id="22">
            <word>got</word>
            <lemma>get</lemma>
            <CharacterOffsetBegin>344</CharacterOffsetBegin>
            <CharacterOffsetEnd>347</CharacterOffsetEnd>
            <POS>VBD</POS>
            <NER>O</NER>
          </token>
          <token id="23">
            <word>spooked</word>
            <lemma>spook</lemma>
            <CharacterOffsetBegin>348</CharacterOffsetBegin>
            <CharacterOffsetEnd>355</CharacterOffsetEnd>
            <POS>VBN</POS>
            <NER>O</NER>
          </token>
          <token id="24">
            <word>by</word>
            <lemma>by</lemma>
            <CharacterOffsetBegin>356</CharacterOffsetBegin>
            <CharacterOffsetEnd>358</CharacterOffsetEnd>
            <POS>IN</POS>
            <NER>O</NER>
          </token>
          <token id="25">
            <word>the</word>
            <lemma>the</lemma>
            <CharacterOffsetBegin>359</CharacterOffsetBegin>
            <CharacterOffsetEnd>362</CharacterOffsetEnd>
            <POS>DT</POS>
            <NER>O</NER>
          </token>
          <token id="26">
            <word>paparazzi</word>
            <lemma>paparazzi</lemma>
            <CharacterOffsetBegin>363</CharacterOffsetBegin>
            <CharacterOffsetEnd>372</CharacterOffsetEnd>
            <POS>NN</POS>
            <NER>O</NER>
          </token>
          <token id="27">
            <word>(</word>
            <lemma>(</lemma>
            <CharacterOffsetBegin>373</CharacterOffsetBegin>
            <CharacterOffsetEnd>374</CharacterOffsetEnd>
            <POS>NN</POS>
            <NER>O</NER>
          </token>
          <token id="28">
            <word>uh</word>
            <lemma>uh</lemma>
            <CharacterOffsetBegin>375</CharacterOffsetBegin>
            <CharacterOffsetEnd>377</CharacterOffsetEnd>
            <POS>UH</POS>
            <NER>O</NER>
          </token>
          <token id="29">
            <word>huh</word>
            <lemma>huh</lemma>
            <CharacterOffsetBegin>378</CharacterOffsetBegin>
            <CharacterOffsetEnd>381</CharacterOffsetEnd>
            <POS>VBP</POS>
            <NER>O</NER>
          </token>
          <token id="30">
            <word>)</word>
            <lemma>)</lemma>
            <CharacterOffsetBegin>382</CharacterOffsetBegin>
            <CharacterOffsetEnd>383</CharacterOffsetEnd>
            <POS>NN</POS>
            <NER>O</NER>
          </token>
          <token id="31">
            <word>and</word>
            <lemma>and</lemma>
            <CharacterOffsetBegin>384</CharacterOffsetBegin>
            <CharacterOffsetEnd>387</CharacterOffsetEnd>
            <POS>CC</POS>
            <NER>O</NER>
          </token>
          <token id="32">
            <word>then</word>
            <lemma>then</lemma>
            <CharacterOffsetBegin>388</CharacterOffsetBegin>
            <CharacterOffsetEnd>392</CharacterOffsetEnd>
            <POS>RB</POS>
            <NER>O</NER>
          </token>
          <token id="33">
            <word>jumped</word>
            <lemma>jump</lemma>
            <CharacterOffsetBegin>393</CharacterOffsetBegin>
            <CharacterOffsetEnd>399</CharacterOffsetEnd>
            <POS>VBD</POS>
            <NER>O</NER>
          </token>
          <token id="34">
            <word>back</word>
            <lemma>back</lemma>
            <CharacterOffsetBegin>400</CharacterOffsetBegin>
            <CharacterOffsetEnd>404</CharacterOffsetEnd>
            <POS>RB</POS>
            <NER>O</NER>
          </token>
          <token id="35">
            <word>into</word>
            <lemma>into</lemma>
            <CharacterOffsetBegin>405</CharacterOffsetBegin>
            <CharacterOffsetEnd>409</CharacterOffsetEnd>
            <POS>IN</POS>
            <NER>O</NER>
          </token>
          <token id="36">
            <word>her</word>
            <lemma>she</lemma>
            <CharacterOffsetBegin>410</CharacterOffsetBegin>
            <CharacterOffsetEnd>413</CharacterOffsetEnd>
            <POS>PRP$</POS>
            <NER>O</NER>
          </token>
          <token id="37">
            <word>SUV</word>
            <lemma>suv</lemma>
            <CharacterOffsetBegin>414</CharacterOffsetBegin>
            <CharacterOffsetEnd>417</CharacterOffsetEnd>
            <POS>NN</POS>
            <NER>O</NER>
          </token>
          <token id="38">
            <word>.</word>
            <lemma>.</lemma>
            <CharacterOffsetBegin>418</CharacterOffsetBegin>
            <CharacterOffsetEnd>419</CharacterOffsetEnd>
            <POS>.</POS>
            <NER>O</NER>
          </token>
        </tokens>
        <parse>(ROOT (S (PP (VBG According) (PP (TO to) (NP (DT the) (NNP NYDN)))) (, ,) (NP (NNP LiLo)) (VP (VP (VBD showed) (ADVP (IN up) (PP (TO to) (NP (NNP Morningside)))) (PP (IN at) (PP (IN around) (NP (NN noon))))) (, ,) (VP (VBD spent) (NP (NP (DT a) (NN couple)) (PP (IN of) (NP (NNS minutes)))) (NP-TMP (RB there))) (, ,) (VP (VBD got) (SBAR (S (S (VP (VBN spooked) (PP (IN by) (NP (NP (DT the) (NN paparazzi) (NN ()) (FRAG (INTJ (UH uh))))))) (VP (VBP huh) (NP (NN ))))))) (CC and) (VP (ADVP (RB then)) (VBD jumped) (PRT (RB back)) (PP (IN into) (NP (PRP$ her) (NN SUV))))) (. .))) </parse>
        <dependencies type="basic-dependencies">
          <dep type="root">
            <governor idx="0">ROOT</governor>
            <dependent idx="7">showed</dependent>
          </dep>
          <dep type="case">
            <governor idx="4">NYDN</governor>
            <dependent idx="1">According</dependent>
          </dep>
          <dep type="mwe">
            <governor idx="1">According</governor>
            <dependent idx="2">to</dependent>
          </dep>
          <dep type="det">
            <governor idx="4">NYDN</governor>
            <dependent idx="3">the</dependent>
          </dep>
          <dep type="nmod">
            <governor idx="7">showed</governor>
            <dependent idx="4">NYDN</dependent>
          </dep>
          <dep type="punct">
            <governor idx="7">showed</governor>
            <dependent idx="5">,</dependent>
          </dep>
          <dep type="nsubj">
            <governor idx="7">showed</governor>
            <dependent idx="6">LiLo</dependent>
          </dep>
          <dep type="advmod">
            <governor idx="7">showed</governor>
            <dependent idx="8">up</dependent>
          </dep>
          <dep type="case">
            <governor idx="10">Morningside</governor>
            <dependent idx="9">to</dependent>
          </dep>
          <dep type="nmod">
            <governor idx="8">up</governor>
            <dependent idx="10">Morningside</dependent>
          </dep>
          <dep type="case">
            <governor idx="13">noon</governor>
            <dependent idx="11">at</dependent>
          </dep>
          <dep type="case">
            <governor idx="13">noon</governor>
            <dependent idx="12">around</dependent>
          </dep>
          <dep type="nmod">
            <governor idx="8">up</governor>
            <dependent idx="13">noon</dependent>
          </dep>
          <dep type="punct">
            <governor idx="7">showed</governor>
            <dependent idx="14">,</dependent>
          </dep>
          <dep type="conj">
            <governor idx="7">showed</governor>
            <dependent idx="15">spent</dependent>
          </dep>
          <dep type="det">
            <governor idx="17">couple</governor>
            <dependent idx="16">a</dependent>
          </dep>
          <dep type="dobj">
            <governor idx="15">spent</governor>
            <dependent idx="17">couple</dependent>
          </dep>
          <dep type="case">
            <governor idx="19">minutes</governor>
            <dependent idx="18">of</dependent>
          </dep>
          <dep type="nmod">
            <governor idx="17">couple</governor>
            <dependent idx="19">minutes</dependent>
          </dep>
          <dep type="advmod">
            <governor idx="15">spent</governor>
            <dependent idx="20">there</dependent>
          </dep>
          <dep type="punct">
            <governor idx="7">showed</governor>
            <dependent idx="21">,</dependent>
          </dep>
          <dep type="conj">
            <governor idx="7">showed</governor>
            <dependent idx="22">got</dependent>
          </dep>
          <dep type="xcomp">
            <governor idx="22">got</governor>
            <dependent idx="23">spooked</dependent>
          </dep>
          <dep type="case">
            <governor idx="27">(</governor>
            <dependent idx="24">by</dependent>
          </dep>
          <dep type="det">
            <governor idx="27">(</governor>
            <dependent idx="25">the</dependent>
          </dep>
          <dep type="compound">
            <governor idx="27">(</governor>
            <dependent idx="26">paparazzi</dependent>
          </dep>
          <dep type="nmod">
            <governor idx="23">spooked</governor>
            <dependent idx="27">(</dependent>
          </dep>
          <dep type="compound">
            <governor idx="30">)</governor>
            <dependent idx="28">uh</dependent>
          </dep>
          <dep type="compound">
            <governor idx="30">)</governor>
            <dependent idx="29">huh</dependent>
          </dep>
          <dep type="dobj">
            <governor idx="23">spooked</governor>
            <dependent idx="30">)</dependent>
          </dep>
          <dep type="cc">
            <governor idx="23">spooked</governor>
            <dependent idx="31">and</dependent>
          </dep>
          <dep type="advmod">
            <governor idx="33">jumped</governor>
            <dependent idx="32">then</dependent>
          </dep>
          <dep type="conj">
            <governor idx="23">spooked</governor>
            <dependent idx="33">jumped</dependent>
          </dep>
          <dep type="advmod">
            <governor idx="33">jumped</governor>
            <dependent idx="34">back</dependent>
          </dep>
          <dep type="case">
            <governor idx="37">SUV</governor>
            <dependent idx="35">into</dependent>
          </dep>
          <dep type="nmod:poss">
            <governor idx="37">SUV</governor>
            <dependent idx="36">her</dependent>
          </dep>
          <dep type="nmod">
            <governor idx="33">jumped</governor>
            <dependent idx="37">SUV</dependent>
          </dep>
          <dep type="punct">
            <governor idx="7">showed</governor>
            <dependent idx="38">.</dependent>
          </dep>
        </dependencies>
        <dependencies type="collapsed-dependencies">
          <dep type="root">
            <governor idx="0">ROOT</governor>
            <dependent idx="7">showed</dependent>
          </dep>
          <dep type="case">
            <governor idx="4">NYDN</governor>
            <dependent idx="1">According</dependent>
          </dep>
          <dep type="mwe">
            <governor idx="1">According</governor>
            <dependent idx="2">to</dependent>
          </dep>
          <dep type="det">
            <governor idx="4">NYDN</governor>
            <dependent idx="3">the</dependent>
          </dep>
          <dep type="nmod:according_to">
            <governor idx="7">showed</governor>
            <dependent idx="4">NYDN</dependent>
          </dep>
          <dep type="punct">
            <governor idx="7">showed</governor>
            <dependent idx="5">,</dependent>
          </dep>
          <dep type="nsubj">
            <governor idx="7">showed</governor>
            <dependent idx="6">LiLo</dependent>
          </dep>
          <dep type="advmod">
            <governor idx="7">showed</governor>
            <dependent idx="8">up</dependent>
          </dep>
          <dep type="case">
            <governor idx="10">Morningside</governor>
            <dependent idx="9">to</dependent>
          </dep>
          <dep type="nmod:to">
            <governor idx="8">up</governor>
            <dependent idx="10">Morningside</dependent>
          </dep>
          <dep type="case">
            <governor idx="13">noon</governor>
            <dependent idx="11">at</dependent>
          </dep>
          <dep type="case">
            <governor idx="13">noon</governor>
            <dependent idx="12">around</dependent>
          </dep>
          <dep type="nmod:around">
            <governor idx="8">up</governor>
            <dependent idx="13">noon</dependent>
          </dep>
          <dep type="punct">
            <governor idx="7">showed</governor>
            <dependent idx="14">,</dependent>
          </dep>
          <dep type="conj">
            <governor idx="7">showed</governor>
            <dependent idx="15">spent</dependent>
          </dep>
          <dep type="det">
            <governor idx="17">couple</governor>
            <dependent idx="16">a</dependent>
          </dep>
          <dep type="dobj">
            <governor idx="15">spent</governor>
            <dependent idx="17">couple</dependent>
          </dep>
          <dep type="case">
            <governor idx="19">minutes</governor>
            <dependent idx="18">of</dependent>
          </dep>
          <dep type="nmod:of">
            <governor idx="17">couple</governor>
            <dependent idx="19">minutes</dependent>
          </dep>
          <dep type="advmod">
            <governor idx="15">spent</governor>
            <dependent idx="20">there</dependent>
          </dep>
          <dep type="punct">
            <governor idx="7">showed</governor>
            <dependent idx="21">,</dependent>
          </dep>
          <dep type="conj">
            <governor idx="7">showed</governor>
            <dependent idx="22">got</dependent>
          </dep>
          <dep type="xcomp">
            <governor idx="22">got</governor>
            <dependent idx="23">spooked</dependent>
          </dep>
          <dep type="case">
            <governor idx="27">(</governor>
            <dependent idx="24">by</dependent>
          </dep>
          <dep type="det">
            <governor idx="27">(</governor>
            <dependent idx="25">the</dependent>
          </dep>
          <dep type="compound">
            <governor idx="27">(</governor>
            <dependent idx="26">paparazzi</dependent>
          </dep>
          <dep type="nmod:by">
            <governor idx="23">spooked</governor>
            <dependent idx="27">(</dependent>
          </dep>
          <dep type="compound">
            <governor idx="30">)</governor>
            <dependent idx="28">uh</dependent>
          </dep>
          <dep type="compound">
            <governor idx="30">)</governor>
            <dependent idx="29">huh</dependent>
          </dep>
          <dep type="dobj">
            <governor idx="23">spooked</governor>
            <dependent idx="30">)</dependent>
          </dep>
          <dep type="cc">
            <governor idx="23">spooked</governor>
            <dependent idx="31">and</dependent>
          </dep>
          <dep type="advmod">
            <governor idx="33">jumped</governor>
            <dependent idx="32">then</dependent>
          </dep>
          <dep type="conj:and">
            <governor idx="23">spooked</governor>
            <dependent idx="33">jumped</dependent>
          </dep>
          <dep type="advmod">
            <governor idx="33">jumped</governor>
            <dependent idx="34">back</dependent>
          </dep>
          <dep type="case">
            <governor idx="37">SUV</governor>
            <dependent idx="35">into</dependent>
          </dep>
          <dep type="nmod:poss">
            <governor idx="37">SUV</governor>
            <dependent idx="36">her</dependent>
          </dep>
          <dep type="nmod:into">
            <governor idx="33">jumped</governor>
            <dependent idx="37">SUV</dependent>
          </dep>
          <dep type="punct">
            <governor idx="7">showed</governor>
            <dependent idx="38">.</dependent>
          </dep>
        </dependencies>
        <dependencies type="collapsed-ccprocessed-dependencies">
          <dep type="root">
            <governor idx="0">ROOT</governor>
            <dependent idx="7">showed</dependent>
          </dep>
          <dep type="case">
            <governor idx="4">NYDN</governor>
            <dependent idx="1">According</dependent>
          </dep>
          <dep type="mwe">
            <governor idx="1">According</governor>
            <dependent idx="2">to</dependent>
          </dep>
          <dep type="det">
            <governor idx="4">NYDN</governor>
            <dependent idx="3">the</dependent>
          </dep>
          <dep type="nmod:according_to">
            <governor idx="7">showed</governor>
            <dependent idx="4">NYDN</dependent>
          </dep>
          <dep type="punct">
            <governor idx="7">showed</governor>
            <dependent idx="5">,</dependent>
          </dep>
          <dep type="nsubj">
            <governor idx="7">showed</governor>
            <dependent idx="6">LiLo</dependent>
          </dep>
          <dep type="advmod">
            <governor idx="7">showed</governor>
            <dependent idx="8">up</dependent>
          </dep>
          <dep type="case">
            <governor idx="10">Morningside</governor>
            <dependent idx="9">to</dependent>
          </dep>
          <dep type="nmod:to">
            <governor idx="8">up</governor>
            <dependent idx="10">Morningside</dependent>
          </dep>
          <dep type="case">
            <governor idx="13">noon</governor>
            <dependent idx="11">at</dependent>
          </dep>
          <dep type="case">
            <governor idx="13">noon</governor>
            <dependent idx="12">around</dependent>
          </dep>
          <dep type="nmod:around">
            <governor idx="8">up</governor>
            <dependent idx="13">noon</dependent>
          </dep>
          <dep type="punct">
            <governor idx="7">showed</governor>
            <dependent idx="14">,</dependent>
          </dep>
          <dep type="conj">
            <governor idx="7">showed</governor>
            <dependent idx="15">spent</dependent>
          </dep>
          <dep type="det">
            <governor idx="17">couple</governor>
            <dependent idx="16">a</dependent>
          </dep>
          <dep type="dobj">
            <governor idx="15">spent</governor>
            <dependent idx="17">couple</dependent>
          </dep>
          <dep type="case">
            <governor idx="19">minutes</governor>
            <dependent idx="18">of</dependent>
          </dep>
          <dep type="nmod:of">
            <governor idx="17">couple</governor>
            <dependent idx="19">minutes</dependent>
          </dep>
          <dep type="advmod">
            <governor idx="15">spent</governor>
            <dependent idx="20">there</dependent>
          </dep>
          <dep type="punct">
            <governor idx="7">showed</governor>
            <dependent idx="21">,</dependent>
          </dep>
          <dep type="conj">
            <governor idx="7">showed</governor>
            <dependent idx="22">got</dependent>
          </dep>
          <dep type="xcomp">
            <governor idx="22">got</governor>
            <dependent idx="23">spooked</dependent>
          </dep>
          <dep type="case">
            <governor idx="27">(</governor>
            <dependent idx="24">by</dependent>
          </dep>
          <dep type="det">
            <governor idx="27">(</governor>
            <dependent idx="25">the</dependent>
          </dep>
          <dep type="compound">
            <governor idx="27">(</governor>
            <dependent idx="26">paparazzi</dependent>
          </dep>
          <dep type="nmod:by">
            <governor idx="23">spooked</governor>
            <dependent idx="27">(</dependent>
          </dep>
          <dep type="compound">
            <governor idx="30">)</governor>
            <dependent idx="28">uh</dependent>
          </dep>
          <dep type="compound">
            <governor idx="30">)</governor>
            <dependent idx="29">huh</dependent>
          </dep>
          <dep type="dobj">
            <governor idx="23">spooked</governor>
            <dependent idx="30">)</dependent>
          </dep>
          <dep type="cc">
            <governor idx="23">spooked</governor>
            <dependent idx="31">and</dependent>
          </dep>
          <dep type="advmod">
            <governor idx="33">jumped</governor>
            <dependent idx="32">then</dependent>
          </dep>
          <dep type="xcomp" extra="true">
            <governor idx="22">got</governor>
            <dependent idx="33">jumped</dependent>
          </dep>
          <dep type="conj:and">
            <governor idx="23">spooked</governor>
            <dependent idx="33">jumped</dependent>
          </dep>
          <dep type="advmod">
            <governor idx="33">jumped</governor>
            <dependent idx="34">back</dependent>
          </dep>
          <dep type="case">
            <governor idx="37">SUV</governor>
            <dependent idx="35">into</dependent>
          </dep>
          <dep type="nmod:poss">
            <governor idx="37">SUV</governor>
            <dependent idx="36">her</dependent>
          </dep>
          <dep type="nmod:into">
            <governor idx="33">jumped</governor>
            <dependent idx="37">SUV</dependent>
          </dep>
          <dep type="punct">
            <governor idx="7">showed</governor>
            <dependent idx="38">.</dependent>
          </dep>
        </dependencies>
      </sentence>
    </sentences>
  </document>
</root>
