<?xml version="1.0" encoding="UTF-8"?>
<?xml-stylesheet href="CoreNLP-to-HTML.xsl" type="text/xsl"?>
<root>
  <document>
    <sentences>
      <sentence id="1" line="1">
        <tokens>
          <token id="1">
            <word>Lindsay</word>
            <lemma>Lindsay</lemma>
            <CharacterOffsetBegin>0</CharacterOffsetBegin>
            <CharacterOffsetEnd>7</CharacterOffsetEnd>
            <POS>NNP</POS>
            <NER>PERSON</NER>
          </token>
          <token id="2">
            <word>Lohan</word>
            <lemma>Lohan</lemma>
            <CharacterOffsetBegin>8</CharacterOffsetBegin>
            <CharacterOffsetEnd>13</CharacterOffsetEnd>
            <POS>NNP</POS>
            <NER>PERSON</NER>
          </token>
          <token id="3">
            <word>rehires</word>
            <lemma>rehire</lemma>
            <CharacterOffsetBegin>14</CharacterOffsetBegin>
            <CharacterOffsetEnd>21</CharacterOffsetEnd>
            <POS>VBZ</POS>
            <NER>O</NER>
          </token>
          <token id="4">
            <word>longtime</word>
            <lemma>longtime</lemma>
            <CharacterOffsetBegin>22</CharacterOffsetBegin>
            <CharacterOffsetEnd>30</CharacterOffsetEnd>
            <POS>JJ</POS>
            <NER>O</NER>
          </token>
          <token id="5">
            <word>lawyer</word>
            <lemma>lawyer</lemma>
            <CharacterOffsetBegin>31</CharacterOffsetBegin>
            <CharacterOffsetEnd>37</CharacterOffsetEnd>
            <POS>NN</POS>
            <NER>O</NER>
          </token>
          <token id="6">
            <word>Shawn</word>
            <lemma>Shawn</lemma>
            <CharacterOffsetBegin>38</CharacterOffsetBegin>
            <CharacterOffsetEnd>43</CharacterOffsetEnd>
            <POS>NNP</POS>
            <NER>PERSON</NER>
          </token>
          <token id="7">
            <word>Holley</word>
            <lemma>Holley</lemma>
            <CharacterOffsetBegin>44</CharacterOffsetBegin>
            <CharacterOffsetEnd>50</CharacterOffsetEnd>
            <POS>NNP</POS>
            <NER>PERSON</NER>
          </token>
          <token id="8">
            <word>,</word>
            <lemma>,</lemma>
            <CharacterOffsetBegin>51</CharacterOffsetBegin>
            <CharacterOffsetEnd>52</CharacterOffsetEnd>
            <POS>,</POS>
            <NER>O</NER>
          </token>
          <token id="9">
            <word>heads</word>
            <lemma>head</lemma>
            <CharacterOffsetBegin>53</CharacterOffsetBegin>
            <CharacterOffsetEnd>58</CharacterOffsetEnd>
            <POS>VBZ</POS>
            <NER>O</NER>
          </token>
          <token id="10">
            <word>to</word>
            <lemma>to</lemma>
            <CharacterOffsetBegin>59</CharacterOffsetBegin>
            <CharacterOffsetEnd>61</CharacterOffsetEnd>
            <POS>TO</POS>
            <NER>O</NER>
          </token>
          <token id="11">
            <word>rehab</word>
            <lemma>rehab</lemma>
            <CharacterOffsetBegin>62</CharacterOffsetBegin>
            <CharacterOffsetEnd>67</CharacterOffsetEnd>
            <POS>VB</POS>
            <NER>O</NER>
          </token>
        </tokens>
        <parse>(ROOT (S (NP (NP (NNP Lindsay) (NNP Lohan)) (VP (VBZ rehires) (NP (JJ longtime) (NN lawyer) (NNP Shawn) (NNP Holley)))) (, ,) (VP (VBZ heads) (S (VP (TO to) (VP (VB rehab))))))) </parse>
        <dependencies type="basic-dependencies">
          <dep type="root">
            <governor idx="0">ROOT</governor>
            <dependent idx="9">heads</dependent>
          </dep>
          <dep type="compound">
            <governor idx="2">Lohan</governor>
            <dependent idx="1">Lindsay</dependent>
          </dep>
          <dep type="nsubj">
            <governor idx="9">heads</governor>
            <dependent idx="2">Lohan</dependent>
          </dep>
          <dep type="compound">
            <governor idx="7">Holley</governor>
            <dependent idx="3">rehires</dependent>
          </dep>
          <dep type="amod">
            <governor idx="7">Holley</governor>
            <dependent idx="4">longtime</dependent>
          </dep>
          <dep type="compound">
            <governor idx="7">Holley</governor>
            <dependent idx="5">lawyer</dependent>
          </dep>
          <dep type="compound">
            <governor idx="7">Holley</governor>
            <dependent idx="6">Shawn</dependent>
          </dep>
          <dep type="nsubj">
            <governor idx="9">heads</governor>
            <dependent idx="7">Holley</dependent>
          </dep>
          <dep type="punct">
            <governor idx="7">Holley</governor>
            <dependent idx="8">,</dependent>
          </dep>
          <dep type="mark">
            <governor idx="11">rehab</governor>
            <dependent idx="10">to</dependent>
          </dep>
          <dep type="xcomp">
            <governor idx="9">heads</governor>
            <dependent idx="11">rehab</dependent>
          </dep>
        </dependencies>
        <dependencies type="collapsed-dependencies">
          <dep type="root">
            <governor idx="0">ROOT</governor>
            <dependent idx="9">heads</dependent>
          </dep>
          <dep type="compound">
            <governor idx="2">Lohan</governor>
            <dependent idx="1">Lindsay</dependent>
          </dep>
          <dep type="nsubj">
            <governor idx="9">heads</governor>
            <dependent idx="2">Lohan</dependent>
          </dep>
          <dep type="compound">
            <governor idx="7">Holley</governor>
            <dependent idx="3">rehires</dependent>
          </dep>
          <dep type="amod">
            <governor idx="7">Holley</governor>
            <dependent idx="4">longtime</dependent>
          </dep>
          <dep type="compound">
            <governor idx="7">Holley</governor>
            <dependent idx="5">lawyer</dependent>
          </dep>
          <dep type="compound">
            <governor idx="7">Holley</governor>
            <dependent idx="6">Shawn</dependent>
          </dep>
          <dep type="nsubj">
            <governor idx="9">heads</governor>
            <dependent idx="7">Holley</dependent>
          </dep>
          <dep type="punct">
            <governor idx="7">Holley</governor>
            <dependent idx="8">,</dependent>
          </dep>
          <dep type="mark">
            <governor idx="11">rehab</governor>
            <dependent idx="10">to</dependent>
          </dep>
          <dep type="xcomp">
            <governor idx="9">heads</governor>
            <dependent idx="11">rehab</dependent>
          </dep>
        </dependencies>
        <dependencies type="collapsed-ccprocessed-dependencies">
          <dep type="root">
            <governor idx="0">ROOT</governor>
            <dependent idx="9">heads</dependent>
          </dep>
          <dep type="compound">
            <governor idx="2">Lohan</governor>
            <dependent idx="1">Lindsay</dependent>
          </dep>
          <dep type="nsubj">
            <governor idx="9">heads</governor>
            <dependent idx="2">Lohan</dependent>
          </dep>
          <dep type="compound">
            <governor idx="7">Holley</governor>
            <dependent idx="3">rehires</dependent>
          </dep>
          <dep type="amod">
            <governor idx="7">Holley</governor>
            <dependent idx="4">longtime</dependent>
          </dep>
          <dep type="compound">
            <governor idx="7">Holley</governor>
            <dependent idx="5">lawyer</dependent>
          </dep>
          <dep type="compound">
            <governor idx="7">Holley</governor>
            <dependent idx="6">Shawn</dependent>
          </dep>
          <dep type="nsubj">
            <governor idx="9">heads</governor>
            <dependent idx="7">Holley</dependent>
          </dep>
          <dep type="punct">
            <governor idx="7">Holley</governor>
            <dependent idx="8">,</dependent>
          </dep>
          <dep type="mark">
            <governor idx="11">rehab</governor>
            <dependent idx="10">to</dependent>
          </dep>
          <dep type="xcomp">
            <governor idx="9">heads</governor>
            <dependent idx="11">rehab</dependent>
          </dep>
        </dependencies>
      </sentence>
      <sentence id="2" line="2">
        <tokens>
          <token id="1">
            <word>The</word>
            <lemma>the</lemma>
            <CharacterOffsetBegin>68</CharacterOffsetBegin>
            <CharacterOffsetEnd>71</CharacterOffsetEnd>
            <POS>DT</POS>
            <NER>O</NER>
          </token>
          <token id="2">
            <word>actress</word>
            <lemma>actress</lemma>
            <CharacterOffsetBegin>72</CharacterOffsetBegin>
            <CharacterOffsetEnd>79</CharacterOffsetEnd>
            <POS>NN</POS>
            <NER>O</NER>
          </token>
          <token id="3">
            <word>re</word>
            <lemma>re</lemma>
            <CharacterOffsetBegin>80</CharacterOffsetBegin>
            <CharacterOffsetEnd>82</CharacterOffsetEnd>
            <POS>SYM</POS>
            <NER>O</NER>
          </token>
          <token id="4">
            <word>-</word>
            <lemma>-</lemma>
            <CharacterOffsetBegin>83</CharacterOffsetBegin>
            <CharacterOffsetEnd>84</CharacterOffsetEnd>
            <POS>:</POS>
            <NER>O</NER>
          </token>
          <token id="5">
            <word>hired</word>
            <lemma>hire</lemma>
            <CharacterOffsetBegin>85</CharacterOffsetBegin>
            <CharacterOffsetEnd>90</CharacterOffsetEnd>
            <POS>VBD</POS>
            <NER>O</NER>
          </token>
          <token id="6">
            <word>longtime</word>
            <lemma>longtime</lemma>
            <CharacterOffsetBegin>91</CharacterOffsetBegin>
            <CharacterOffsetEnd>99</CharacterOffsetEnd>
            <POS>JJ</POS>
            <NER>O</NER>
          </token>
          <token id="7">
            <word>attorney</word>
            <lemma>attorney</lemma>
            <CharacterOffsetBegin>100</CharacterOffsetBegin>
            <CharacterOffsetEnd>108</CharacterOffsetEnd>
            <POS>NN</POS>
            <NER>O</NER>
          </token>
          <token id="8">
            <word>Shawn</word>
            <lemma>Shawn</lemma>
            <CharacterOffsetBegin>109</CharacterOffsetBegin>
            <CharacterOffsetEnd>114</CharacterOffsetEnd>
            <POS>NNP</POS>
            <NER>PERSON</NER>
          </token>
          <token id="9">
            <word>Holley</word>
            <lemma>Holley</lemma>
            <CharacterOffsetBegin>115</CharacterOffsetBegin>
            <CharacterOffsetEnd>121</CharacterOffsetEnd>
            <POS>NNP</POS>
            <NER>PERSON</NER>
          </token>
          <token id="10">
            <word>to</word>
            <lemma>to</lemma>
            <CharacterOffsetBegin>122</CharacterOffsetBegin>
            <CharacterOffsetEnd>124</CharacterOffsetEnd>
            <POS>TO</POS>
            <NER>O</NER>
          </token>
          <token id="11">
            <word>handle</word>
            <lemma>handle</lemma>
            <CharacterOffsetBegin>125</CharacterOffsetBegin>
            <CharacterOffsetEnd>131</CharacterOffsetEnd>
            <POS>VB</POS>
            <NER>O</NER>
          </token>
          <token id="12">
            <word>her</word>
            <lemma>she</lemma>
            <CharacterOffsetBegin>132</CharacterOffsetBegin>
            <CharacterOffsetEnd>135</CharacterOffsetEnd>
            <POS>PRP$</POS>
            <NER>O</NER>
          </token>
          <token id="13">
            <word>case</word>
            <lemma>case</lemma>
            <CharacterOffsetBegin>136</CharacterOffsetBegin>
            <CharacterOffsetEnd>140</CharacterOffsetEnd>
            <POS>NN</POS>
            <NER>O</NER>
          </token>
          <token id="14">
            <word>.</word>
            <lemma>.</lemma>
            <CharacterOffsetBegin>141</CharacterOffsetBegin>
            <CharacterOffsetEnd>142</CharacterOffsetEnd>
            <POS>.</POS>
            <NER>O</NER>
          </token>
        </tokens>
        <parse>(ROOT (FRAG (NP (DT The) (NN actress) (SBAR (FRAG (X (SYM re)) (: -) (VP (VBD hired) (NP (JJ longtime) (NN attorney) (NNP Shawn) (NNP Holley)) (S (VP (TO to) (VP (VB handle) (NP (PRP$ her) (NN case)))))) (. .)))))) </parse>
        <dependencies type="basic-dependencies">
          <dep type="root">
            <governor idx="0">ROOT</governor>
            <dependent idx="3">re</dependent>
          </dep>
          <dep type="det">
            <governor idx="2">actress</governor>
            <dependent idx="1">The</dependent>
          </dep>
          <dep type="nsubj">
            <governor idx="3">re</governor>
            <dependent idx="2">actress</dependent>
          </dep>
          <dep type="punct">
            <governor idx="3">re</governor>
            <dependent idx="4">-</dependent>
          </dep>
          <dep type="dep">
            <governor idx="3">re</governor>
            <dependent idx="5">hired</dependent>
          </dep>
          <dep type="amod">
            <governor idx="9">Holley</governor>
            <dependent idx="6">longtime</dependent>
          </dep>
          <dep type="compound">
            <governor idx="9">Holley</governor>
            <dependent idx="7">attorney</dependent>
          </dep>
          <dep type="compound">
            <governor idx="9">Holley</governor>
            <dependent idx="8">Shawn</dependent>
          </dep>
          <dep type="dobj">
            <governor idx="5">hired</governor>
            <dependent idx="9">Holley</dependent>
          </dep>
          <dep type="mark">
            <governor idx="11">handle</governor>
            <dependent idx="10">to</dependent>
          </dep>
          <dep type="xcomp">
            <governor idx="5">hired</governor>
            <dependent idx="11">handle</dependent>
          </dep>
          <dep type="nmod:poss">
            <governor idx="13">case</governor>
            <dependent idx="12">her</dependent>
          </dep>
          <dep type="dobj">
            <governor idx="11">handle</governor>
            <dependent idx="13">case</dependent>
          </dep>
          <dep type="punct">
            <governor idx="3">re</governor>
            <dependent idx="14">.</dependent>
          </dep>
        </dependencies>
        <dependencies type="collapsed-dependencies">
          <dep type="root">
            <governor idx="0">ROOT</governor>
            <dependent idx="3">re</dependent>
          </dep>
          <dep type="det">
            <governor idx="2">actress</governor>
            <dependent idx="1">The</dependent>
          </dep>
          <dep type="nsubj">
            <governor idx="3">re</governor>
            <dependent idx="2">actress</dependent>
          </dep>
          <dep type="punct">
            <governor idx="3">re</governor>
            <dependent idx="4">-</dependent>
          </dep>
          <dep type="dep">
            <governor idx="3">re</governor>
            <dependent idx="5">hired</dependent>
          </dep>
          <dep type="amod">
            <governor idx="9">Holley</governor>
            <dependent idx="6">longtime</dependent>
          </dep>
          <dep type="compound">
            <governor idx="9">Holley</governor>
            <dependent idx="7">attorney</dependent>
          </dep>
          <dep type="compound">
            <governor idx="9">Holley</governor>
            <dependent idx="8">Shawn</dependent>
          </dep>
          <dep type="dobj">
            <governor idx="5">hired</governor>
            <dependent idx="9">Holley</dependent>
          </dep>
          <dep type="mark">
            <governor idx="11">handle</governor>
            <dependent idx="10">to</dependent>
          </dep>
          <dep type="xcomp">
            <governor idx="5">hired</governor>
            <dependent idx="11">handle</dependent>
          </dep>
          <dep type="nmod:poss">
            <governor idx="13">case</governor>
            <dependent idx="12">her</dependent>
          </dep>
          <dep type="dobj">
            <governor idx="11">handle</governor>
            <dependent idx="13">case</dependent>
          </dep>
          <dep type="punct">
            <governor idx="3">re</governor>
            <dependent idx="14">.</dependent>
          </dep>
        </dependencies>
        <dependencies type="collapsed-ccprocessed-dependencies">
          <dep type="root">
            <governor idx="0">ROOT</governor>
            <dependent idx="3">re</dependent>
          </dep>
          <dep type="det">
            <governor idx="2">actress</governor>
            <dependent idx="1">The</dependent>
          </dep>
          <dep type="nsubj">
            <governor idx="3">re</governor>
            <dependent idx="2">actress</dependent>
          </dep>
          <dep type="punct">
            <governor idx="3">re</governor>
            <dependent idx="4">-</dependent>
          </dep>
          <dep type="dep">
            <governor idx="3">re</governor>
            <dependent idx="5">hired</dependent>
          </dep>
          <dep type="amod">
            <governor idx="9">Holley</governor>
            <dependent idx="6">longtime</dependent>
          </dep>
          <dep type="compound">
            <governor idx="9">Holley</governor>
            <dependent idx="7">attorney</dependent>
          </dep>
          <dep type="compound">
            <governor idx="9">Holley</governor>
            <dependent idx="8">Shawn</dependent>
          </dep>
          <dep type="dobj">
            <governor idx="5">hired</governor>
            <dependent idx="9">Holley</dependent>
          </dep>
          <dep type="mark">
            <governor idx="11">handle</governor>
            <dependent idx="10">to</dependent>
          </dep>
          <dep type="xcomp">
            <governor idx="5">hired</governor>
            <dependent idx="11">handle</dependent>
          </dep>
          <dep type="nmod:poss">
            <governor idx="13">case</governor>
            <dependent idx="12">her</dependent>
          </dep>
          <dep type="dobj">
            <governor idx="11">handle</governor>
            <dependent idx="13">case</dependent>
          </dep>
          <dep type="punct">
            <governor idx="3">re</governor>
            <dependent idx="14">.</dependent>
          </dep>
        </dependencies>
      </sentence>
      <sentence id="3" line="3">
        <tokens>
          <token id="1">
            <word>Heller</word>
            <lemma>Heller</lemma>
            <CharacterOffsetBegin>143</CharacterOffsetBegin>
            <CharacterOffsetEnd>149</CharacterOffsetEnd>
            <POS>NNP</POS>
            <NER>PERSON</NER>
          </token>
          <token id="2">
            <word>told</word>
            <lemma>tell</lemma>
            <CharacterOffsetBegin>150</CharacterOffsetBegin>
            <CharacterOffsetEnd>154</CharacterOffsetEnd>
            <POS>VBD</POS>
            <NER>O</NER>
          </token>
          <token id="3">
            <word>a</word>
            <lemma>a</lemma>
            <CharacterOffsetBegin>155</CharacterOffsetBegin>
            <CharacterOffsetEnd>156</CharacterOffsetEnd>
            <POS>DT</POS>
            <NER>O</NER>
          </token>
          <token id="4">
            <word>judge</word>
            <lemma>judge</lemma>
            <CharacterOffsetBegin>157</CharacterOffsetBegin>
            <CharacterOffsetEnd>162</CharacterOffsetEnd>
            <POS>NN</POS>
            <NER>O</NER>
          </token>
          <token id="5">
            <word>during</word>
            <lemma>during</lemma>
            <CharacterOffsetBegin>163</CharacterOffsetBegin>
            <CharacterOffsetEnd>169</CharacterOffsetEnd>
            <POS>IN</POS>
            <NER>O</NER>
          </token>
          <token id="6">
            <word>a</word>
            <lemma>a</lemma>
            <CharacterOffsetBegin>170</CharacterOffsetBegin>
            <CharacterOffsetEnd>171</CharacterOffsetEnd>
            <POS>DT</POS>
            <NER>O</NER>
          </token>
          <token id="7">
            <word>hearing</word>
            <lemma>hearing</lemma>
            <CharacterOffsetBegin>172</CharacterOffsetBegin>
            <CharacterOffsetEnd>179</CharacterOffsetEnd>
            <POS>NN</POS>
            <NER>O</NER>
          </token>
          <token id="8">
            <word>Thursday</word>
            <lemma>Thursday</lemma>
            <CharacterOffsetBegin>180</CharacterOffsetBegin>
            <CharacterOffsetEnd>188</CharacterOffsetEnd>
            <POS>NNP</POS>
            <NER>DATE</NER>
            <NormalizedNER>XXXX-WXX-4TMO</NormalizedNER>
            <Timex tid="t1" type="TIME">XXXX-WXX-4TMO</Timex>
          </token>
          <token id="9">
            <word>morning</word>
            <lemma>morning</lemma>
            <CharacterOffsetBegin>189</CharacterOffsetBegin>
            <CharacterOffsetEnd>196</CharacterOffsetEnd>
            <POS>NN</POS>
            <NER>TIME</NER>
            <NormalizedNER>XXXX-WXX-4TMO</NormalizedNER>
            <Timex tid="t1" type="TIME">XXXX-WXX-4TMO</Timex>
          </token>
          <token id="10">
            <word>that</word>
            <lemma>that</lemma>
            <CharacterOffsetBegin>197</CharacterOffsetBegin>
            <CharacterOffsetEnd>201</CharacterOffsetEnd>
            <POS>WDT</POS>
            <NER>O</NER>
          </token>
          <token id="11">
            <word>Lohan</word>
            <lemma>Lohan</lemma>
            <CharacterOffsetBegin>202</CharacterOffsetBegin>
            <CharacterOffsetEnd>207</CharacterOffsetEnd>
            <POS>NNP</POS>
            <NER>PERSON</NER>
          </token>
          <token id="12">
            <word>had</word>
            <lemma>have</lemma>
            <CharacterOffsetBegin>208</CharacterOffsetBegin>
            <CharacterOffsetEnd>211</CharacterOffsetEnd>
            <POS>VBD</POS>
            <NER>O</NER>
          </token>
          <token id="13">
            <word>checked</word>
            <lemma>check</lemma>
            <CharacterOffsetBegin>212</CharacterOffsetBegin>
            <CharacterOffsetEnd>219</CharacterOffsetEnd>
            <POS>VBN</POS>
            <NER>O</NER>
          </token>
          <token id="14">
            <word>in</word>
            <lemma>in</lemma>
            <CharacterOffsetBegin>220</CharacterOffsetBegin>
            <CharacterOffsetEnd>222</CharacterOffsetEnd>
            <POS>IN</POS>
            <NER>O</NER>
          </token>
          <token id="15">
            <word>to</word>
            <lemma>to</lemma>
            <CharacterOffsetBegin>223</CharacterOffsetBegin>
            <CharacterOffsetEnd>225</CharacterOffsetEnd>
            <POS>TO</POS>
            <NER>O</NER>
          </token>
          <token id="16">
            <word>the</word>
            <lemma>the</lemma>
            <CharacterOffsetBegin>226</CharacterOffsetBegin>
            <CharacterOffsetEnd>229</CharacterOffsetEnd>
            <POS>DT</POS>
            <NER>O</NER>
          </token>
          <token id="17">
            <word>Morningside</word>
            <lemma>Morningside</lemma>
            <CharacterOffsetBegin>230</CharacterOffsetBegin>
            <CharacterOffsetEnd>241</CharacterOffsetEnd>
            <POS>NNP</POS>
            <NER>O</NER>
          </token>
          <token id="18">
            <word>Recovery</word>
            <lemma>Recovery</lemma>
            <CharacterOffsetBegin>242</CharacterOffsetBegin>
            <CharacterOffsetEnd>250</CharacterOffsetEnd>
            <POS>NNP</POS>
            <NER>O</NER>
          </token>
          <token id="19">
            <word>rehab</word>
            <lemma>rehab</lemma>
            <CharacterOffsetBegin>251</CharacterOffsetBegin>
            <CharacterOffsetEnd>256</CharacterOffsetEnd>
            <POS>NN</POS>
            <NER>O</NER>
          </token>
          <token id="20">
            <word>facility</word>
            <lemma>facility</lemma>
            <CharacterOffsetBegin>257</CharacterOffsetBegin>
            <CharacterOffsetEnd>265</CharacterOffsetEnd>
            <POS>NN</POS>
            <NER>O</NER>
          </token>
          <token id="21">
            <word>,</word>
            <lemma>,</lemma>
            <CharacterOffsetBegin>266</CharacterOffsetBegin>
            <CharacterOffsetEnd>267</CharacterOffsetEnd>
            <POS>,</POS>
            <NER>O</NER>
          </token>
          <token id="22">
            <word>but</word>
            <lemma>but</lemma>
            <CharacterOffsetBegin>268</CharacterOffsetBegin>
            <CharacterOffsetEnd>271</CharacterOffsetEnd>
            <POS>CC</POS>
            <NER>O</NER>
          </token>
          <token id="23">
            <word>the</word>
            <lemma>the</lemma>
            <CharacterOffsetBegin>272</CharacterOffsetBegin>
            <CharacterOffsetEnd>275</CharacterOffsetEnd>
            <POS>DT</POS>
            <NER>O</NER>
          </token>
          <token id="24">
            <word>starlet</word>
            <lemma>starlet</lemma>
            <CharacterOffsetBegin>276</CharacterOffsetBegin>
            <CharacterOffsetEnd>283</CharacterOffsetEnd>
            <POS>NN</POS>
            <NER>O</NER>
          </token>
          <token id="25">
            <word>left</word>
            <lemma>leave</lemma>
            <CharacterOffsetBegin>284</CharacterOffsetBegin>
            <CharacterOffsetEnd>288</CharacterOffsetEnd>
            <POS>VBD</POS>
            <NER>O</NER>
          </token>
          <token id="26">
            <word>it</word>
            <lemma>it</lemma>
            <CharacterOffsetBegin>289</CharacterOffsetBegin>
            <CharacterOffsetEnd>291</CharacterOffsetEnd>
            <POS>PRP</POS>
            <NER>O</NER>
          </token>
          <token id="27">
            <word>after</word>
            <lemma>after</lemma>
            <CharacterOffsetBegin>292</CharacterOffsetBegin>
            <CharacterOffsetEnd>297</CharacterOffsetEnd>
            <POS>IN</POS>
            <NER>O</NER>
          </token>
          <token id="28">
            <word>a</word>
            <lemma>a</lemma>
            <CharacterOffsetBegin>298</CharacterOffsetBegin>
            <CharacterOffsetEnd>299</CharacterOffsetEnd>
            <POS>DT</POS>
            <NER>DURATION</NER>
            <NormalizedNER>PTXM</NormalizedNER>
            <Timex tid="t2" type="DURATION">PTXM</Timex>
          </token>
          <token id="29">
            <word>few</word>
            <lemma>few</lemma>
            <CharacterOffsetBegin>300</CharacterOffsetBegin>
            <CharacterOffsetEnd>303</CharacterOffsetEnd>
            <POS>JJ</POS>
            <NER>DURATION</NER>
            <NormalizedNER>PTXM</NormalizedNER>
            <Timex tid="t2" type="DURATION">PTXM</Timex>
          </token>
          <token id="30">
            <word>minutes</word>
            <lemma>minute</lemma>
            <CharacterOffsetBegin>304</CharacterOffsetBegin>
            <CharacterOffsetEnd>311</CharacterOffsetEnd>
            <POS>NNS</POS>
            <NER>DURATION</NER>
            <NormalizedNER>PTXM</NormalizedNER>
            <Timex tid="t2" type="DURATION">PTXM</Timex>
          </token>
          <token id="31">
            <word>.</word>
            <lemma>.</lemma>
            <CharacterOffsetBegin>312</CharacterOffsetBegin>
            <CharacterOffsetEnd>313</CharacterOffsetEnd>
            <POS>.</POS>
            <NER>O</NER>
          </token>
        </tokens>
        <parse>(ROOT (S (S (NP (NNP Heller)) (VP (VBD told) (NP (DT a) (NN judge)) (PP (IN during) (NP (NP (DT a) (NN hearing)) (NP-TMP (NNP Thursday)))) (NP-TMP (NN morning)) (SBAR (WHNP (WDT that)) (S (NP (NNP Lohan)) (VP (VBD had) (VP (VBN checked) (PP (IN in) (PP (TO to) (NP (DT the) (NNP Morningside) (NNP Recovery) (NN rehab) (NN facility)))))))))) (, ,) (CC but) (S (NP (DT the) (NN starlet)) (VP (VBD left) (NP (PRP it)) (PP (IN after) (NP (DT a) (JJ few) (NNS minutes))))) (. .))) </parse>
        <dependencies type="basic-dependencies">
          <dep type="root">
            <governor idx="0">ROOT</governor>
            <dependent idx="2">told</dependent>
          </dep>
          <dep type="nsubj">
            <governor idx="2">told</governor>
            <dependent idx="1">Heller</dependent>
          </dep>
          <dep type="det">
            <governor idx="4">judge</governor>
            <dependent idx="3">a</dependent>
          </dep>
          <dep type="dobj">
            <governor idx="2">told</governor>
            <dependent idx="4">judge</dependent>
          </dep>
          <dep type="case">
            <governor idx="7">hearing</governor>
            <dependent idx="5">during</dependent>
          </dep>
          <dep type="det">
            <governor idx="7">hearing</governor>
            <dependent idx="6">a</dependent>
          </dep>
          <dep type="nmod">
            <governor idx="2">told</governor>
            <dependent idx="7">hearing</dependent>
          </dep>
          <dep type="compound">
            <governor idx="9">morning</governor>
            <dependent idx="8">Thursday</dependent>
          </dep>
          <dep type="dep">
            <governor idx="7">hearing</governor>
            <dependent idx="9">morning</dependent>
          </dep>
          <dep type="dobj">
            <governor idx="13">checked</governor>
            <dependent idx="10">that</dependent>
          </dep>
          <dep type="nsubj">
            <governor idx="13">checked</governor>
            <dependent idx="11">Lohan</dependent>
          </dep>
          <dep type="aux">
            <governor idx="13">checked</governor>
            <dependent idx="12">had</dependent>
          </dep>
          <dep type="acl:relcl">
            <governor idx="9">morning</governor>
            <dependent idx="13">checked</dependent>
          </dep>
          <dep type="case">
            <governor idx="20">facility</governor>
            <dependent idx="14">in</dependent>
          </dep>
          <dep type="case">
            <governor idx="20">facility</governor>
            <dependent idx="15">to</dependent>
          </dep>
          <dep type="det">
            <governor idx="20">facility</governor>
            <dependent idx="16">the</dependent>
          </dep>
          <dep type="compound">
            <governor idx="20">facility</governor>
            <dependent idx="17">Morningside</dependent>
          </dep>
          <dep type="compound">
            <governor idx="20">facility</governor>
            <dependent idx="18">Recovery</dependent>
          </dep>
          <dep type="compound">
            <governor idx="20">facility</governor>
            <dependent idx="19">rehab</dependent>
          </dep>
          <dep type="nmod">
            <governor idx="13">checked</governor>
            <dependent idx="20">facility</dependent>
          </dep>
          <dep type="punct">
            <governor idx="9">morning</governor>
            <dependent idx="21">,</dependent>
          </dep>
          <dep type="cc">
            <governor idx="9">morning</governor>
            <dependent idx="22">but</dependent>
          </dep>
          <dep type="det">
            <governor idx="24">starlet</governor>
            <dependent idx="23">the</dependent>
          </dep>
          <dep type="nsubj">
            <governor idx="25">left</governor>
            <dependent idx="24">starlet</dependent>
          </dep>
          <dep type="conj">
            <governor idx="9">morning</governor>
            <dependent idx="25">left</dependent>
          </dep>
          <dep type="dobj">
            <governor idx="25">left</governor>
            <dependent idx="26">it</dependent>
          </dep>
          <dep type="case">
            <governor idx="30">minutes</governor>
            <dependent idx="27">after</dependent>
          </dep>
          <dep type="det">
            <governor idx="30">minutes</governor>
            <dependent idx="28">a</dependent>
          </dep>
          <dep type="amod">
            <governor idx="30">minutes</governor>
            <dependent idx="29">few</dependent>
          </dep>
          <dep type="nmod">
            <governor idx="25">left</governor>
            <dependent idx="30">minutes</dependent>
          </dep>
          <dep type="punct">
            <governor idx="2">told</governor>
            <dependent idx="31">.</dependent>
          </dep>
        </dependencies>
        <dependencies type="collapsed-dependencies">
          <dep type="root">
            <governor idx="0">ROOT</governor>
            <dependent idx="2">told</dependent>
          </dep>
          <dep type="nsubj">
            <governor idx="2">told</governor>
            <dependent idx="1">Heller</dependent>
          </dep>
          <dep type="det">
            <governor idx="4">judge</governor>
            <dependent idx="3">a</dependent>
          </dep>
          <dep type="dobj">
            <governor idx="2">told</governor>
            <dependent idx="4">judge</dependent>
          </dep>
          <dep type="case">
            <governor idx="7">hearing</governor>
            <dependent idx="5">during</dependent>
          </dep>
          <dep type="det">
            <governor idx="7">hearing</governor>
            <dependent idx="6">a</dependent>
          </dep>
          <dep type="nmod:during">
            <governor idx="2">told</governor>
            <dependent idx="7">hearing</dependent>
          </dep>
          <dep type="compound">
            <governor idx="9">morning</governor>
            <dependent idx="8">Thursday</dependent>
          </dep>
          <dep type="dep">
            <governor idx="7">hearing</governor>
            <dependent idx="9">morning</dependent>
          </dep>
          <dep type="dobj">
            <governor idx="13">checked</governor>
            <dependent idx="10">that</dependent>
          </dep>
          <dep type="nsubj">
            <governor idx="13">checked</governor>
            <dependent idx="11">Lohan</dependent>
          </dep>
          <dep type="aux">
            <governor idx="13">checked</governor>
            <dependent idx="12">had</dependent>
          </dep>
          <dep type="acl:relcl">
            <governor idx="9">morning</governor>
            <dependent idx="13">checked</dependent>
          </dep>
          <dep type="case">
            <governor idx="20">facility</governor>
            <dependent idx="14">in</dependent>
          </dep>
          <dep type="case">
            <governor idx="20">facility</governor>
            <dependent idx="15">to</dependent>
          </dep>
          <dep type="det">
            <governor idx="20">facility</governor>
            <dependent idx="16">the</dependent>
          </dep>
          <dep type="compound">
            <governor idx="20">facility</governor>
            <dependent idx="17">Morningside</dependent>
          </dep>
          <dep type="compound">
            <governor idx="20">facility</governor>
            <dependent idx="18">Recovery</dependent>
          </dep>
          <dep type="compound">
            <governor idx="20">facility</governor>
            <dependent idx="19">rehab</dependent>
          </dep>
          <dep type="nmod:to">
            <governor idx="13">checked</governor>
            <dependent idx="20">facility</dependent>
          </dep>
          <dep type="punct">
            <governor idx="9">morning</governor>
            <dependent idx="21">,</dependent>
          </dep>
          <dep type="cc">
            <governor idx="9">morning</governor>
            <dependent idx="22">but</dependent>
          </dep>
          <dep type="det">
            <governor idx="24">starlet</governor>
            <dependent idx="23">the</dependent>
          </dep>
          <dep type="nsubj">
            <governor idx="25">left</governor>
            <dependent idx="24">starlet</dependent>
          </dep>
          <dep type="conj:but">
            <governor idx="9">morning</governor>
            <dependent idx="25">left</dependent>
          </dep>
          <dep type="dobj">
            <governor idx="25">left</governor>
            <dependent idx="26">it</dependent>
          </dep>
          <dep type="case">
            <governor idx="30">minutes</governor>
            <dependent idx="27">after</dependent>
          </dep>
          <dep type="det">
            <governor idx="30">minutes</governor>
            <dependent idx="28">a</dependent>
          </dep>
          <dep type="amod">
            <governor idx="30">minutes</governor>
            <dependent idx="29">few</dependent>
          </dep>
          <dep type="nmod:after">
            <governor idx="25">left</governor>
            <dependent idx="30">minutes</dependent>
          </dep>
          <dep type="punct">
            <governor idx="2">told</governor>
            <dependent idx="31">.</dependent>
          </dep>
        </dependencies>
        <dependencies type="collapsed-ccprocessed-dependencies">
          <dep type="root">
            <governor idx="0">ROOT</governor>
            <dependent idx="2">told</dependent>
          </dep>
          <dep type="nsubj">
            <governor idx="2">told</governor>
            <dependent idx="1">Heller</dependent>
          </dep>
          <dep type="det">
            <governor idx="4">judge</governor>
            <dependent idx="3">a</dependent>
          </dep>
          <dep type="dobj">
            <governor idx="2">told</governor>
            <dependent idx="4">judge</dependent>
          </dep>
          <dep type="case">
            <governor idx="7">hearing</governor>
            <dependent idx="5">during</dependent>
          </dep>
          <dep type="det">
            <governor idx="7">hearing</governor>
            <dependent idx="6">a</dependent>
          </dep>
          <dep type="nmod:during">
            <governor idx="2">told</governor>
            <dependent idx="7">hearing</dependent>
          </dep>
          <dep type="compound">
            <governor idx="9">morning</governor>
            <dependent idx="8">Thursday</dependent>
          </dep>
          <dep type="dep">
            <governor idx="7">hearing</governor>
            <dependent idx="9">morning</dependent>
          </dep>
          <dep type="dobj">
            <governor idx="13">checked</governor>
            <dependent idx="10">that</dependent>
          </dep>
          <dep type="nsubj">
            <governor idx="13">checked</governor>
            <dependent idx="11">Lohan</dependent>
          </dep>
          <dep type="aux">
            <governor idx="13">checked</governor>
            <dependent idx="12">had</dependent>
          </dep>
          <dep type="acl:relcl">
            <governor idx="9">morning</governor>
            <dependent idx="13">checked</dependent>
          </dep>
          <dep type="case">
            <governor idx="20">facility</governor>
            <dependent idx="14">in</dependent>
          </dep>
          <dep type="case">
            <governor idx="20">facility</governor>
            <dependent idx="15">to</dependent>
          </dep>
          <dep type="det">
            <governor idx="20">facility</governor>
            <dependent idx="16">the</dependent>
          </dep>
          <dep type="compound">
            <governor idx="20">facility</governor>
            <dependent idx="17">Morningside</dependent>
          </dep>
          <dep type="compound">
            <governor idx="20">facility</governor>
            <dependent idx="18">Recovery</dependent>
          </dep>
          <dep type="compound">
            <governor idx="20">facility</governor>
            <dependent idx="19">rehab</dependent>
          </dep>
          <dep type="nmod:to">
            <governor idx="13">checked</governor>
            <dependent idx="20">facility</dependent>
          </dep>
          <dep type="punct">
            <governor idx="9">morning</governor>
            <dependent idx="21">,</dependent>
          </dep>
          <dep type="cc">
            <governor idx="9">morning</governor>
            <dependent idx="22">but</dependent>
          </dep>
          <dep type="det">
            <governor idx="24">starlet</governor>
            <dependent idx="23">the</dependent>
          </dep>
          <dep type="nsubj">
            <governor idx="25">left</governor>
            <dependent idx="24">starlet</dependent>
          </dep>
          <dep type="dep" extra="true">
            <governor idx="7">hearing</governor>
            <dependent idx="25">left</dependent>
          </dep>
          <dep type="conj:but">
            <governor idx="9">morning</governor>
            <dependent idx="25">left</dependent>
          </dep>
          <dep type="dobj">
            <governor idx="25">left</governor>
            <dependent idx="26">it</dependent>
          </dep>
          <dep type="case">
            <governor idx="30">minutes</governor>
            <dependent idx="27">after</dependent>
          </dep>
          <dep type="det">
            <governor idx="30">minutes</governor>
            <dependent idx="28">a</dependent>
          </dep>
          <dep type="amod">
            <governor idx="30">minutes</governor>
            <dependent idx="29">few</dependent>
          </dep>
          <dep type="nmod:after">
            <governor idx="25">left</governor>
            <dependent idx="30">minutes</dependent>
          </dep>
          <dep type="punct">
            <governor idx="2">told</governor>
            <dependent idx="31">.</dependent>
          </dep>
        </dependencies>
      </sentence>
      <sentence id="4" line="4">
        <tokens>
          <token id="1">
            <word>The</word>
            <lemma>the</lemma>
            <CharacterOffsetBegin>314</CharacterOffsetBegin>
            <CharacterOffsetEnd>317</CharacterOffsetEnd>
            <POS>DT</POS>
            <NER>O</NER>
          </token>
          <token id="2">
            <word>actress</word>
            <lemma>actress</lemma>
            <CharacterOffsetBegin>318</CharacterOffsetBegin>
            <CharacterOffsetEnd>325</CharacterOffsetEnd>
            <POS>NN</POS>
            <NER>O</NER>
          </token>
          <token id="3">
            <word>,</word>
            <lemma>,</lemma>
            <CharacterOffsetBegin>326</CharacterOffsetBegin>
            <CharacterOffsetEnd>327</CharacterOffsetEnd>
            <POS>,</POS>
            <NER>O</NER>
          </token>
          <token id="4">
            <word>however</word>
            <lemma>however</lemma>
            <CharacterOffsetBegin>328</CharacterOffsetBegin>
            <CharacterOffsetEnd>335</CharacterOffsetEnd>
            <POS>RB</POS>
            <NER>O</NER>
          </token>
          <token id="5">
            <word>,</word>
            <lemma>,</lemma>
            <CharacterOffsetBegin>336</CharacterOffsetBegin>
            <CharacterOffsetEnd>337</CharacterOffsetEnd>
            <POS>,</POS>
            <NER>O</NER>
          </token>
          <token id="6">
            <word>has</word>
            <lemma>have</lemma>
            <CharacterOffsetBegin>338</CharacterOffsetBegin>
            <CharacterOffsetEnd>341</CharacterOffsetEnd>
            <POS>VBZ</POS>
            <NER>O</NER>
          </token>
          <token id="7">
            <word>since</word>
            <lemma>since</lemma>
            <CharacterOffsetBegin>342</CharacterOffsetBegin>
            <CharacterOffsetEnd>347</CharacterOffsetEnd>
            <POS>IN</POS>
            <NER>O</NER>
          </token>
          <token id="8">
            <word>checked</word>
            <lemma>check</lemma>
            <CharacterOffsetBegin>348</CharacterOffsetBegin>
            <CharacterOffsetEnd>355</CharacterOffsetEnd>
            <POS>VBN</POS>
            <NER>O</NER>
          </token>
          <token id="9">
            <word>in</word>
            <lemma>in</lemma>
            <CharacterOffsetBegin>356</CharacterOffsetBegin>
            <CharacterOffsetEnd>358</CharacterOffsetEnd>
            <POS>IN</POS>
            <NER>O</NER>
          </token>
          <token id="10">
            <word>to</word>
            <lemma>to</lemma>
            <CharacterOffsetBegin>359</CharacterOffsetBegin>
            <CharacterOffsetEnd>361</CharacterOffsetEnd>
            <POS>TO</POS>
            <NER>O</NER>
          </token>
          <token id="11">
            <word>a</word>
            <lemma>a</lemma>
            <CharacterOffsetBegin>362</CharacterOffsetBegin>
            <CharacterOffsetEnd>363</CharacterOffsetEnd>
            <POS>DT</POS>
            <NER>O</NER>
          </token>
          <token id="12">
            <word>different</word>
            <lemma>different</lemma>
            <CharacterOffsetBegin>364</CharacterOffsetBegin>
            <CharacterOffsetEnd>373</CharacterOffsetEnd>
            <POS>JJ</POS>
            <NER>O</NER>
          </token>
          <token id="13">
            <word>rehab</word>
            <lemma>rehab</lemma>
            <CharacterOffsetBegin>374</CharacterOffsetBegin>
            <CharacterOffsetEnd>379</CharacterOffsetEnd>
            <POS>NN</POS>
            <NER>O</NER>
          </token>
          <token id="14">
            <word>but</word>
            <lemma>but</lemma>
            <CharacterOffsetBegin>380</CharacterOffsetBegin>
            <CharacterOffsetEnd>383</CharacterOffsetEnd>
            <POS>CC</POS>
            <NER>O</NER>
          </token>
          <token id="15">
            <word>will</word>
            <lemma>will</lemma>
            <CharacterOffsetBegin>384</CharacterOffsetBegin>
            <CharacterOffsetEnd>388</CharacterOffsetEnd>
            <POS>MD</POS>
            <NER>O</NER>
          </token>
          <token id="16">
            <word>not</word>
            <lemma>not</lemma>
            <CharacterOffsetBegin>389</CharacterOffsetBegin>
            <CharacterOffsetEnd>392</CharacterOffsetEnd>
            <POS>RB</POS>
            <NER>O</NER>
          </token>
          <token id="17">
            <word>face</word>
            <lemma>face</lemma>
            <CharacterOffsetBegin>393</CharacterOffsetBegin>
            <CharacterOffsetEnd>397</CharacterOffsetEnd>
            <POS>VB</POS>
            <NER>O</NER>
          </token>
          <token id="18">
            <word>a</word>
            <lemma>a</lemma>
            <CharacterOffsetBegin>398</CharacterOffsetBegin>
            <CharacterOffsetEnd>399</CharacterOffsetEnd>
            <POS>DT</POS>
            <NER>O</NER>
          </token>
          <token id="19">
            <word>probation</word>
            <lemma>probation</lemma>
            <CharacterOffsetBegin>400</CharacterOffsetBegin>
            <CharacterOffsetEnd>409</CharacterOffsetEnd>
            <POS>NN</POS>
            <NER>O</NER>
          </token>
          <token id="20">
            <word>violation</word>
            <lemma>violation</lemma>
            <CharacterOffsetBegin>410</CharacterOffsetBegin>
            <CharacterOffsetEnd>419</CharacterOffsetEnd>
            <POS>NN</POS>
            <NER>O</NER>
          </token>
          <token id="21">
            <word>for</word>
            <lemma>for</lemma>
            <CharacterOffsetBegin>420</CharacterOffsetBegin>
            <CharacterOffsetEnd>423</CharacterOffsetEnd>
            <POS>IN</POS>
            <NER>O</NER>
          </token>
          <token id="22">
            <word>leaving</word>
            <lemma>leave</lemma>
            <CharacterOffsetBegin>424</CharacterOffsetBegin>
            <CharacterOffsetEnd>431</CharacterOffsetEnd>
            <POS>VBG</POS>
            <NER>O</NER>
          </token>
          <token id="23">
            <word>another</word>
            <lemma>another</lemma>
            <CharacterOffsetBegin>432</CharacterOffsetBegin>
            <CharacterOffsetEnd>439</CharacterOffsetEnd>
            <POS>DT</POS>
            <NER>O</NER>
          </token>
          <token id="24">
            <word>treatment</word>
            <lemma>treatment</lemma>
            <CharacterOffsetBegin>440</CharacterOffsetBegin>
            <CharacterOffsetEnd>449</CharacterOffsetEnd>
            <POS>NN</POS>
            <NER>O</NER>
          </token>
          <token id="25">
            <word>facility</word>
            <lemma>facility</lemma>
            <CharacterOffsetBegin>450</CharacterOffsetBegin>
            <CharacterOffsetEnd>458</CharacterOffsetEnd>
            <POS>NN</POS>
            <NER>O</NER>
          </token>
          <token id="26">
            <word>after</word>
            <lemma>after</lemma>
            <CharacterOffsetBegin>459</CharacterOffsetBegin>
            <CharacterOffsetEnd>464</CharacterOffsetEnd>
            <POS>IN</POS>
            <NER>O</NER>
          </token>
          <token id="27">
            <word>a</word>
            <lemma>a</lemma>
            <CharacterOffsetBegin>465</CharacterOffsetBegin>
            <CharacterOffsetEnd>466</CharacterOffsetEnd>
            <POS>DT</POS>
            <NER>DURATION</NER>
            <NormalizedNER>PTXM</NormalizedNER>
            <Timex tid="t3" type="DURATION">PTXM</Timex>
          </token>
          <token id="28">
            <word>few</word>
            <lemma>few</lemma>
            <CharacterOffsetBegin>467</CharacterOffsetBegin>
            <CharacterOffsetEnd>470</CharacterOffsetEnd>
            <POS>JJ</POS>
            <NER>DURATION</NER>
            <NormalizedNER>PTXM</NormalizedNER>
            <Timex tid="t3" type="DURATION">PTXM</Timex>
          </token>
          <token id="29">
            <word>minutes</word>
            <lemma>minute</lemma>
            <CharacterOffsetBegin>471</CharacterOffsetBegin>
            <CharacterOffsetEnd>478</CharacterOffsetEnd>
            <POS>NNS</POS>
            <NER>DURATION</NER>
            <NormalizedNER>PTXM</NormalizedNER>
            <Timex tid="t3" type="DURATION">PTXM</Timex>
          </token>
          <token id="30">
            <word>,</word>
            <lemma>,</lemma>
            <CharacterOffsetBegin>479</CharacterOffsetBegin>
            <CharacterOffsetEnd>480</CharacterOffsetEnd>
            <POS>,</POS>
            <NER>O</NER>
          </token>
          <token id="31">
            <word>a</word>
            <lemma>a</lemma>
            <CharacterOffsetBegin>481</CharacterOffsetBegin>
            <CharacterOffsetEnd>482</CharacterOffsetEnd>
            <POS>DT</POS>
            <NER>O</NER>
          </token>
          <token id="32">
            <word>prosecutor</word>
            <lemma>prosecutor</lemma>
            <CharacterOffsetBegin>483</CharacterOffsetBegin>
            <CharacterOffsetEnd>493</CharacterOffsetEnd>
            <POS>NN</POS>
            <NER>O</NER>
          </token>
          <token id="33">
            <word>said</word>
            <lemma>say</lemma>
            <CharacterOffsetBegin>494</CharacterOffsetBegin>
            <CharacterOffsetEnd>498</CharacterOffsetEnd>
            <POS>VBD</POS>
            <NER>O</NER>
          </token>
          <token id="34">
            <word>Friday</word>
            <lemma>Friday</lemma>
            <CharacterOffsetBegin>499</CharacterOffsetBegin>
            <CharacterOffsetEnd>505</CharacterOffsetEnd>
            <POS>NNP</POS>
            <NER>DATE</NER>
            <NormalizedNER>XXXX-WXX-5</NormalizedNER>
            <Timex tid="t4" type="DATE">XXXX-WXX-5</Timex>
          </token>
          <token id="35">
            <word>.</word>
            <lemma>.</lemma>
            <CharacterOffsetBegin>506</CharacterOffsetBegin>
            <CharacterOffsetEnd>507</CharacterOffsetEnd>
            <POS>.</POS>
            <NER>O</NER>
          </token>
        </tokens>
        <parse>(ROOT (S (S (NP (DT The) (NN actress)) (, ,) (ADVP (RB however)) (, ,) (VP (VP (VBZ has) (ADVP (IN since)) (VP (VBN checked) (PP (IN in) (PP (TO to) (NP (DT a) (JJ different) (NN rehab)))))) (CC but) (VP (MD will) (RB not) (VP (VB face) (NP (DT a) (NN probation) (NN violation)) (PP (IN for) (S (VP (VBG leaving) (NP (DT another) (NN treatment) (NN facility)) (PP (IN after) (NP (DT a) (JJ few) (NNS minutes)))))))))) (, ,) (NP (DT a) (NN prosecutor)) (VP (VBD said) (NP-TMP (NNP Friday))) (. .))) </parse>
        <dependencies type="basic-dependencies">
          <dep type="root">
            <governor idx="0">ROOT</governor>
            <dependent idx="33">said</dependent>
          </dep>
          <dep type="det">
            <governor idx="2">actress</governor>
            <dependent idx="1">The</dependent>
          </dep>
          <dep type="nsubj">
            <governor idx="33">said</governor>
            <dependent idx="2">actress</dependent>
          </dep>
          <dep type="punct">
            <governor idx="33">said</governor>
            <dependent idx="3">,</dependent>
          </dep>
          <dep type="advmod">
            <governor idx="33">said</governor>
            <dependent idx="4">however</dependent>
          </dep>
          <dep type="punct">
            <governor idx="33">said</governor>
            <dependent idx="5">,</dependent>
          </dep>
          <dep type="ccomp">
            <governor idx="33">said</governor>
            <dependent idx="6">has</dependent>
          </dep>
          <dep type="mark">
            <governor idx="8">checked</governor>
            <dependent idx="7">since</dependent>
          </dep>
          <dep type="advcl">
            <governor idx="6">has</governor>
            <dependent idx="8">checked</dependent>
          </dep>
          <dep type="case">
            <governor idx="13">rehab</governor>
            <dependent idx="9">in</dependent>
          </dep>
          <dep type="case">
            <governor idx="13">rehab</governor>
            <dependent idx="10">to</dependent>
          </dep>
          <dep type="det">
            <governor idx="13">rehab</governor>
            <dependent idx="11">a</dependent>
          </dep>
          <dep type="amod">
            <governor idx="13">rehab</governor>
            <dependent idx="12">different</dependent>
          </dep>
          <dep type="nmod">
            <governor idx="8">checked</governor>
            <dependent idx="13">rehab</dependent>
          </dep>
          <dep type="cc">
            <governor idx="8">checked</governor>
            <dependent idx="14">but</dependent>
          </dep>
          <dep type="aux">
            <governor idx="17">face</governor>
            <dependent idx="15">will</dependent>
          </dep>
          <dep type="neg">
            <governor idx="17">face</governor>
            <dependent idx="16">not</dependent>
          </dep>
          <dep type="conj">
            <governor idx="8">checked</governor>
            <dependent idx="17">face</dependent>
          </dep>
          <dep type="det">
            <governor idx="20">violation</governor>
            <dependent idx="18">a</dependent>
          </dep>
          <dep type="compound">
            <governor idx="20">violation</governor>
            <dependent idx="19">probation</dependent>
          </dep>
          <dep type="dobj">
            <governor idx="17">face</governor>
            <dependent idx="20">violation</dependent>
          </dep>
          <dep type="mark">
            <governor idx="22">leaving</governor>
            <dependent idx="21">for</dependent>
          </dep>
          <dep type="advcl">
            <governor idx="17">face</governor>
            <dependent idx="22">leaving</dependent>
          </dep>
          <dep type="det">
            <governor idx="25">facility</governor>
            <dependent idx="23">another</dependent>
          </dep>
          <dep type="compound">
            <governor idx="25">facility</governor>
            <dependent idx="24">treatment</dependent>
          </dep>
          <dep type="dobj">
            <governor idx="22">leaving</governor>
            <dependent idx="25">facility</dependent>
          </dep>
          <dep type="case">
            <governor idx="29">minutes</governor>
            <dependent idx="26">after</dependent>
          </dep>
          <dep type="det">
            <governor idx="29">minutes</governor>
            <dependent idx="27">a</dependent>
          </dep>
          <dep type="amod">
            <governor idx="29">minutes</governor>
            <dependent idx="28">few</dependent>
          </dep>
          <dep type="nmod">
            <governor idx="22">leaving</governor>
            <dependent idx="29">minutes</dependent>
          </dep>
          <dep type="punct">
            <governor idx="33">said</governor>
            <dependent idx="30">,</dependent>
          </dep>
          <dep type="det">
            <governor idx="32">prosecutor</governor>
            <dependent idx="31">a</dependent>
          </dep>
          <dep type="nsubj">
            <governor idx="33">said</governor>
            <dependent idx="32">prosecutor</dependent>
          </dep>
          <dep type="nmod:tmod">
            <governor idx="33">said</governor>
            <dependent idx="34">Friday</dependent>
          </dep>
          <dep type="punct">
            <governor idx="33">said</governor>
            <dependent idx="35">.</dependent>
          </dep>
        </dependencies>
        <dependencies type="collapsed-dependencies">
          <dep type="root">
            <governor idx="0">ROOT</governor>
            <dependent idx="33">said</dependent>
          </dep>
          <dep type="det">
            <governor idx="2">actress</governor>
            <dependent idx="1">The</dependent>
          </dep>
          <dep type="nsubj">
            <governor idx="33">said</governor>
            <dependent idx="2">actress</dependent>
          </dep>
          <dep type="punct">
            <governor idx="33">said</governor>
            <dependent idx="3">,</dependent>
          </dep>
          <dep type="advmod">
            <governor idx="33">said</governor>
            <dependent idx="4">however</dependent>
          </dep>
          <dep type="punct">
            <governor idx="33">said</governor>
            <dependent idx="5">,</dependent>
          </dep>
          <dep type="ccomp">
            <governor idx="33">said</governor>
            <dependent idx="6">has</dependent>
          </dep>
          <dep type="mark">
            <governor idx="8">checked</governor>
            <dependent idx="7">since</dependent>
          </dep>
          <dep type="advcl">
            <governor idx="6">has</governor>
            <dependent idx="8">checked</dependent>
          </dep>
          <dep type="case">
            <governor idx="13">rehab</governor>
            <dependent idx="9">in</dependent>
          </dep>
          <dep type="case">
            <governor idx="13">rehab</governor>
            <dependent idx="10">to</dependent>
          </dep>
          <dep type="det">
            <governor idx="13">rehab</governor>
            <dependent idx="11">a</dependent>
          </dep>
          <dep type="amod">
            <governor idx="13">rehab</governor>
            <dependent idx="12">different</dependent>
          </dep>
          <dep type="nmod:to">
            <governor idx="8">checked</governor>
            <dependent idx="13">rehab</dependent>
          </dep>
          <dep type="cc">
            <governor idx="8">checked</governor>
            <dependent idx="14">but</dependent>
          </dep>
          <dep type="aux">
            <governor idx="17">face</governor>
            <dependent idx="15">will</dependent>
          </dep>
          <dep type="neg">
            <governor idx="17">face</governor>
            <dependent idx="16">not</dependent>
          </dep>
          <dep type="conj:but">
            <governor idx="8">checked</governor>
            <dependent idx="17">face</dependent>
          </dep>
          <dep type="det">
            <governor idx="20">violation</governor>
            <dependent idx="18">a</dependent>
          </dep>
          <dep type="compound">
            <governor idx="20">violation</governor>
            <dependent idx="19">probation</dependent>
          </dep>
          <dep type="dobj">
            <governor idx="17">face</governor>
            <dependent idx="20">violation</dependent>
          </dep>
          <dep type="mark">
            <governor idx="22">leaving</governor>
            <dependent idx="21">for</dependent>
          </dep>
          <dep type="advcl">
            <governor idx="17">face</governor>
            <dependent idx="22">leaving</dependent>
          </dep>
          <dep type="det">
            <governor idx="25">facility</governor>
            <dependent idx="23">another</dependent>
          </dep>
          <dep type="compound">
            <governor idx="25">facility</governor>
            <dependent idx="24">treatment</dependent>
          </dep>
          <dep type="dobj">
            <governor idx="22">leaving</governor>
            <dependent idx="25">facility</dependent>
          </dep>
          <dep type="case">
            <governor idx="29">minutes</governor>
            <dependent idx="26">after</dependent>
          </dep>
          <dep type="det">
            <governor idx="29">minutes</governor>
            <dependent idx="27">a</dependent>
          </dep>
          <dep type="amod">
            <governor idx="29">minutes</governor>
            <dependent idx="28">few</dependent>
          </dep>
          <dep type="nmod:after">
            <governor idx="22">leaving</governor>
            <dependent idx="29">minutes</dependent>
          </dep>
          <dep type="punct">
            <governor idx="33">said</governor>
            <dependent idx="30">,</dependent>
          </dep>
          <dep type="det">
            <governor idx="32">prosecutor</governor>
            <dependent idx="31">a</dependent>
          </dep>
          <dep type="nsubj">
            <governor idx="33">said</governor>
            <dependent idx="32">prosecutor</dependent>
          </dep>
          <dep type="nmod:tmod">
            <governor idx="33">said</governor>
            <dependent idx="34">Friday</dependent>
          </dep>
          <dep type="punct">
            <governor idx="33">said</governor>
            <dependent idx="35">.</dependent>
          </dep>
        </dependencies>
        <dependencies type="collapsed-ccprocessed-dependencies">
          <dep type="root">
            <governor idx="0">ROOT</governor>
            <dependent idx="33">said</dependent>
          </dep>
          <dep type="det">
            <governor idx="2">actress</governor>
            <dependent idx="1">The</dependent>
          </dep>
          <dep type="nsubj">
            <governor idx="33">said</governor>
            <dependent idx="2">actress</dependent>
          </dep>
          <dep type="punct">
            <governor idx="33">said</governor>
            <dependent idx="3">,</dependent>
          </dep>
          <dep type="advmod">
            <governor idx="33">said</governor>
            <dependent idx="4">however</dependent>
          </dep>
          <dep type="punct">
            <governor idx="33">said</governor>
            <dependent idx="5">,</dependent>
          </dep>
          <dep type="ccomp">
            <governor idx="33">said</governor>
            <dependent idx="6">has</dependent>
          </dep>
          <dep type="mark">
            <governor idx="8">checked</governor>
            <dependent idx="7">since</dependent>
          </dep>
          <dep type="advcl">
            <governor idx="6">has</governor>
            <dependent idx="8">checked</dependent>
          </dep>
          <dep type="case">
            <governor idx="13">rehab</governor>
            <dependent idx="9">in</dependent>
          </dep>
          <dep type="case">
            <governor idx="13">rehab</governor>
            <dependent idx="10">to</dependent>
          </dep>
          <dep type="det">
            <governor idx="13">rehab</governor>
            <dependent idx="11">a</dependent>
          </dep>
          <dep type="amod">
            <governor idx="13">rehab</governor>
            <dependent idx="12">different</dependent>
          </dep>
          <dep type="nmod:to">
            <governor idx="8">checked</governor>
            <dependent idx="13">rehab</dependent>
          </dep>
          <dep type="cc">
            <governor idx="8">checked</governor>
            <dependent idx="14">but</dependent>
          </dep>
          <dep type="aux">
            <governor idx="17">face</governor>
            <dependent idx="15">will</dependent>
          </dep>
          <dep type="neg">
            <governor idx="17">face</governor>
            <dependent idx="16">not</dependent>
          </dep>
          <dep type="advcl" extra="true">
            <governor idx="6">has</governor>
            <dependent idx="17">face</dependent>
          </dep>
          <dep type="conj:but">
            <governor idx="8">checked</governor>
            <dependent idx="17">face</dependent>
          </dep>
          <dep type="det">
            <governor idx="20">violation</governor>
            <dependent idx="18">a</dependent>
          </dep>
          <dep type="compound">
            <governor idx="20">violation</governor>
            <dependent idx="19">probation</dependent>
          </dep>
          <dep type="dobj">
            <governor idx="17">face</governor>
            <dependent idx="20">violation</dependent>
          </dep>
          <dep type="mark">
            <governor idx="22">leaving</governor>
            <dependent idx="21">for</dependent>
          </dep>
          <dep type="advcl">
            <governor idx="17">face</governor>
            <dependent idx="22">leaving</dependent>
          </dep>
          <dep type="det">
            <governor idx="25">facility</governor>
            <dependent idx="23">another</dependent>
          </dep>
          <dep type="compound">
            <governor idx="25">facility</governor>
            <dependent idx="24">treatment</dependent>
          </dep>
          <dep type="dobj">
            <governor idx="22">leaving</governor>
            <dependent idx="25">facility</dependent>
          </dep>
          <dep type="case">
            <governor idx="29">minutes</governor>
            <dependent idx="26">after</dependent>
          </dep>
          <dep type="det">
            <governor idx="29">minutes</governor>
            <dependent idx="27">a</dependent>
          </dep>
          <dep type="amod">
            <governor idx="29">minutes</governor>
            <dependent idx="28">few</dependent>
          </dep>
          <dep type="nmod:after">
            <governor idx="22">leaving</governor>
            <dependent idx="29">minutes</dependent>
          </dep>
          <dep type="punct">
            <governor idx="33">said</governor>
            <dependent idx="30">,</dependent>
          </dep>
          <dep type="det">
            <governor idx="32">prosecutor</governor>
            <dependent idx="31">a</dependent>
          </dep>
          <dep type="nsubj">
            <governor idx="33">said</governor>
            <dependent idx="32">prosecutor</dependent>
          </dep>
          <dep type="nmod:tmod">
            <governor idx="33">said</governor>
            <dependent idx="34">Friday</dependent>
          </dep>
          <dep type="punct">
            <governor idx="33">said</governor>
            <dependent idx="35">.</dependent>
          </dep>
        </dependencies>
      </sentence>
      <sentence id="5" line="5">
        <tokens>
          <token id="1">
            <word>Lohan</word>
            <lemma>Lohan</lemma>
            <CharacterOffsetBegin>508</CharacterOffsetBegin>
            <CharacterOffsetEnd>513</CharacterOffsetEnd>
            <POS>NNP</POS>
            <NER>PERSON</NER>
          </token>
          <token id="2">
            <word>made</word>
            <lemma>make</lemma>
            <CharacterOffsetBegin>514</CharacterOffsetBegin>
            <CharacterOffsetEnd>518</CharacterOffsetEnd>
            <POS>VBD</POS>
            <NER>O</NER>
          </token>
          <token id="3">
            <word>it</word>
            <lemma>it</lemma>
            <CharacterOffsetBegin>519</CharacterOffsetBegin>
            <CharacterOffsetEnd>521</CharacterOffsetEnd>
            <POS>PRP</POS>
            <NER>O</NER>
          </token>
          <token id="4">
            <word>to</word>
            <lemma>to</lemma>
            <CharacterOffsetBegin>522</CharacterOffsetBegin>
            <CharacterOffsetEnd>524</CharacterOffsetEnd>
            <POS>TO</POS>
            <NER>O</NER>
          </token>
          <token id="5">
            <word>the</word>
            <lemma>the</lemma>
            <CharacterOffsetBegin>525</CharacterOffsetBegin>
            <CharacterOffsetEnd>528</CharacterOffsetEnd>
            <POS>DT</POS>
            <NER>O</NER>
          </token>
          <token id="6">
            <word>new</word>
            <lemma>new</lemma>
            <CharacterOffsetBegin>529</CharacterOffsetBegin>
            <CharacterOffsetEnd>532</CharacterOffsetEnd>
            <POS>JJ</POS>
            <NER>O</NER>
          </token>
          <token id="7">
            <word>facility</word>
            <lemma>facility</lemma>
            <CharacterOffsetBegin>533</CharacterOffsetBegin>
            <CharacterOffsetEnd>541</CharacterOffsetEnd>
            <POS>NN</POS>
            <NER>O</NER>
          </token>
          <token id="8">
            <word>late</word>
            <lemma>late</lemma>
            <CharacterOffsetBegin>542</CharacterOffsetBegin>
            <CharacterOffsetEnd>546</CharacterOffsetEnd>
            <POS>JJ</POS>
            <NER>DATE</NER>
            <NormalizedNER>XXXX-WXX-4</NormalizedNER>
            <Timex tid="t5" type="DATE">XXXX-WXX-4</Timex>
          </token>
          <token id="9">
            <word>Thursday</word>
            <lemma>Thursday</lemma>
            <CharacterOffsetBegin>547</CharacterOffsetBegin>
            <CharacterOffsetEnd>555</CharacterOffsetEnd>
            <POS>NNP</POS>
            <NER>DATE</NER>
            <NormalizedNER>XXXX-WXX-4</NormalizedNER>
            <Timex tid="t5" type="DATE">XXXX-WXX-4</Timex>
          </token>
          <token id="10">
            <word>,</word>
            <lemma>,</lemma>
            <CharacterOffsetBegin>556</CharacterOffsetBegin>
            <CharacterOffsetEnd>557</CharacterOffsetEnd>
            <POS>,</POS>
            <NER>O</NER>
          </token>
          <token id="11">
            <word>TMZ</word>
            <lemma>TMZ</lemma>
            <CharacterOffsetBegin>558</CharacterOffsetBegin>
            <CharacterOffsetEnd>561</CharacterOffsetEnd>
            <POS>NNP</POS>
            <NER>ORGANIZATION</NER>
          </token>
          <token id="12">
            <word>reported</word>
            <lemma>report</lemma>
            <CharacterOffsetBegin>562</CharacterOffsetBegin>
            <CharacterOffsetEnd>570</CharacterOffsetEnd>
            <POS>VBD</POS>
            <NER>O</NER>
          </token>
          <token id="13">
            <word>.</word>
            <lemma>.</lemma>
            <CharacterOffsetBegin>571</CharacterOffsetBegin>
            <CharacterOffsetEnd>572</CharacterOffsetEnd>
            <POS>.</POS>
            <NER>O</NER>
          </token>
        </tokens>
        <parse>(ROOT (S (S (NP (NNP Lohan)) (VP (VBD made) (NP (PRP it)) (PP (TO to) (NP (DT the) (JJ new) (NN facility))) (NP-TMP (JJ late) (NNP Thursday)))) (, ,) (NP (NNP TMZ)) (VP (VBD reported)) (. .))) </parse>
        <dependencies type="basic-dependencies">
          <dep type="root">
            <governor idx="0">ROOT</governor>
            <dependent idx="2">made</dependent>
          </dep>
          <dep type="nsubj">
            <governor idx="2">made</governor>
            <dependent idx="1">Lohan</dependent>
          </dep>
          <dep type="dobj">
            <governor idx="2">made</governor>
            <dependent idx="3">it</dependent>
          </dep>
          <dep type="case">
            <governor idx="7">facility</governor>
            <dependent idx="4">to</dependent>
          </dep>
          <dep type="det">
            <governor idx="7">facility</governor>
            <dependent idx="5">the</dependent>
          </dep>
          <dep type="amod">
            <governor idx="7">facility</governor>
            <dependent idx="6">new</dependent>
          </dep>
          <dep type="nmod">
            <governor idx="2">made</governor>
            <dependent idx="7">facility</dependent>
          </dep>
          <dep type="amod">
            <governor idx="9">Thursday</governor>
            <dependent idx="8">late</dependent>
          </dep>
          <dep type="nmod:tmod">
            <governor idx="2">made</governor>
            <dependent idx="9">Thursday</dependent>
          </dep>
          <dep type="punct">
            <governor idx="2">made</governor>
            <dependent idx="10">,</dependent>
          </dep>
          <dep type="nsubj">
            <governor idx="12">reported</governor>
            <dependent idx="11">TMZ</dependent>
          </dep>
          <dep type="parataxis">
            <governor idx="2">made</governor>
            <dependent idx="12">reported</dependent>
          </dep>
          <dep type="punct">
            <governor idx="2">made</governor>
            <dependent idx="13">.</dependent>
          </dep>
        </dependencies>
        <dependencies type="collapsed-dependencies">
          <dep type="root">
            <governor idx="0">ROOT</governor>
            <dependent idx="2">made</dependent>
          </dep>
          <dep type="nsubj">
            <governor idx="2">made</governor>
            <dependent idx="1">Lohan</dependent>
          </dep>
          <dep type="dobj">
            <governor idx="2">made</governor>
            <dependent idx="3">it</dependent>
          </dep>
          <dep type="case">
            <governor idx="7">facility</governor>
            <dependent idx="4">to</dependent>
          </dep>
          <dep type="det">
            <governor idx="7">facility</governor>
            <dependent idx="5">the</dependent>
          </dep>
          <dep type="amod">
            <governor idx="7">facility</governor>
            <dependent idx="6">new</dependent>
          </dep>
          <dep type="nmod:to">
            <governor idx="2">made</governor>
            <dependent idx="7">facility</dependent>
          </dep>
          <dep type="amod">
            <governor idx="9">Thursday</governor>
            <dependent idx="8">late</dependent>
          </dep>
          <dep type="nmod:tmod">
            <governor idx="2">made</governor>
            <dependent idx="9">Thursday</dependent>
          </dep>
          <dep type="punct">
            <governor idx="2">made</governor>
            <dependent idx="10">,</dependent>
          </dep>
          <dep type="nsubj">
            <governor idx="12">reported</governor>
            <dependent idx="11">TMZ</dependent>
          </dep>
          <dep type="parataxis">
            <governor idx="2">made</governor>
            <dependent idx="12">reported</dependent>
          </dep>
          <dep type="punct">
            <governor idx="2">made</governor>
            <dependent idx="13">.</dependent>
          </dep>
        </dependencies>
        <dependencies type="collapsed-ccprocessed-dependencies">
          <dep type="root">
            <governor idx="0">ROOT</governor>
            <dependent idx="2">made</dependent>
          </dep>
          <dep type="nsubj">
            <governor idx="2">made</governor>
            <dependent idx="1">Lohan</dependent>
          </dep>
          <dep type="dobj">
            <governor idx="2">made</governor>
            <dependent idx="3">it</dependent>
          </dep>
          <dep type="case">
            <governor idx="7">facility</governor>
            <dependent idx="4">to</dependent>
          </dep>
          <dep type="det">
            <governor idx="7">facility</governor>
            <dependent idx="5">the</dependent>
          </dep>
          <dep type="amod">
            <governor idx="7">facility</governor>
            <dependent idx="6">new</dependent>
          </dep>
          <dep type="nmod:to">
            <governor idx="2">made</governor>
            <dependent idx="7">facility</dependent>
          </dep>
          <dep type="amod">
            <governor idx="9">Thursday</governor>
            <dependent idx="8">late</dependent>
          </dep>
          <dep type="nmod:tmod">
            <governor idx="2">made</governor>
            <dependent idx="9">Thursday</dependent>
          </dep>
          <dep type="punct">
            <governor idx="2">made</governor>
            <dependent idx="10">,</dependent>
          </dep>
          <dep type="nsubj">
            <governor idx="12">reported</governor>
            <dependent idx="11">TMZ</dependent>
          </dep>
          <dep type="parataxis">
            <governor idx="2">made</governor>
            <dependent idx="12">reported</dependent>
          </dep>
          <dep type="punct">
            <governor idx="2">made</governor>
            <dependent idx="13">.</dependent>
          </dep>
        </dependencies>
      </sentence>
    </sentences>
  </document>
</root>
