<?xml version="1.0" encoding="UTF-8"?>
<?xml-stylesheet href="CoreNLP-to-HTML.xsl" type="text/xsl"?>
<root>
  <document>
    <sentences>
      <sentence id="1" line="1">
        <tokens>
          <token id="1">
            <word>New</word>
            <lemma>New</lemma>
            <CharacterOffsetBegin>0</CharacterOffsetBegin>
            <CharacterOffsetEnd>3</CharacterOffsetEnd>
            <POS>NNP</POS>
            <NER>LOCATION</NER>
          </token>
          <token id="2">
            <word>York</word>
            <lemma>York</lemma>
            <CharacterOffsetBegin>4</CharacterOffsetBegin>
            <CharacterOffsetEnd>8</CharacterOffsetEnd>
            <POS>NNP</POS>
            <NER>LOCATION</NER>
          </token>
          <token id="3">
            <word>woman</word>
            <lemma>woman</lemma>
            <CharacterOffsetBegin>9</CharacterOffsetBegin>
            <CharacterOffsetEnd>14</CharacterOffsetEnd>
            <POS>NN</POS>
            <NER>O</NER>
          </token>
          <token id="4">
            <word>killed</word>
            <lemma>kill</lemma>
            <CharacterOffsetBegin>15</CharacterOffsetBegin>
            <CharacterOffsetEnd>21</CharacterOffsetEnd>
            <POS>VBN</POS>
            <NER>O</NER>
          </token>
          <token id="5">
            <word>in</word>
            <lemma>in</lemma>
            <CharacterOffsetBegin>22</CharacterOffsetBegin>
            <CharacterOffsetEnd>24</CharacterOffsetEnd>
            <POS>IN</POS>
            <NER>O</NER>
          </token>
          <token id="6">
            <word>hit</word>
            <lemma>hit</lemma>
            <CharacterOffsetBegin>25</CharacterOffsetBegin>
            <CharacterOffsetEnd>28</CharacterOffsetEnd>
            <POS>NN</POS>
            <NER>O</NER>
          </token>
          <token id="7">
            <word>-</word>
            <lemma>-</lemma>
            <CharacterOffsetBegin>29</CharacterOffsetBegin>
            <CharacterOffsetEnd>30</CharacterOffsetEnd>
            <POS>:</POS>
            <NER>O</NER>
          </token>
          <token id="8">
            <word>and</word>
            <lemma>and</lemma>
            <CharacterOffsetBegin>31</CharacterOffsetBegin>
            <CharacterOffsetEnd>34</CharacterOffsetEnd>
            <POS>CC</POS>
            <NER>O</NER>
          </token>
          <token id="9">
            <word>-</word>
            <lemma>-</lemma>
            <CharacterOffsetBegin>35</CharacterOffsetBegin>
            <CharacterOffsetEnd>36</CharacterOffsetEnd>
            <POS>:</POS>
            <NER>O</NER>
          </token>
          <token id="10">
            <word>run</word>
            <lemma>run</lemma>
            <CharacterOffsetBegin>37</CharacterOffsetBegin>
            <CharacterOffsetEnd>40</CharacterOffsetEnd>
            <POS>VB</POS>
            <NER>O</NER>
          </token>
          <token id="11">
            <word>crash</word>
            <lemma>crash</lemma>
            <CharacterOffsetBegin>41</CharacterOffsetBegin>
            <CharacterOffsetEnd>46</CharacterOffsetEnd>
            <POS>NN</POS>
            <NER>O</NER>
          </token>
        </tokens>
        <parse>(ROOT (S (NP (NNP New) (NNP York)) (VP (NN woman) (S (VP (VBN killed) (SBAR (IN in) (S (NP (NP (NN hit)) (: -) (ADVP (CC and)) (: -)) (VP (VB run) (NP (NN crash)))))))))) </parse>
        <dependencies type="basic-dependencies">
          <dep type="root">
            <governor idx="0">ROOT</governor>
            <dependent idx="3">woman</dependent>
          </dep>
          <dep type="compound">
            <governor idx="3">woman</governor>
            <dependent idx="1">New</dependent>
          </dep>
          <dep type="compound">
            <governor idx="3">woman</governor>
            <dependent idx="2">York</dependent>
          </dep>
          <dep type="acl">
            <governor idx="3">woman</governor>
            <dependent idx="4">killed</dependent>
          </dep>
          <dep type="case">
            <governor idx="6">hit</governor>
            <dependent idx="5">in</dependent>
          </dep>
          <dep type="nmod">
            <governor idx="4">killed</governor>
            <dependent idx="6">hit</dependent>
          </dep>
          <dep type="punct">
            <governor idx="3">woman</governor>
            <dependent idx="7">-</dependent>
          </dep>
          <dep type="cc">
            <governor idx="3">woman</governor>
            <dependent idx="8">and</dependent>
          </dep>
          <dep type="punct">
            <governor idx="3">woman</governor>
            <dependent idx="9">-</dependent>
          </dep>
          <dep type="dep">
            <governor idx="3">woman</governor>
            <dependent idx="10">run</dependent>
          </dep>
          <dep type="dobj">
            <governor idx="10">run</governor>
            <dependent idx="11">crash</dependent>
          </dep>
        </dependencies>
        <dependencies type="collapsed-dependencies">
          <dep type="root">
            <governor idx="0">ROOT</governor>
            <dependent idx="3">woman</dependent>
          </dep>
          <dep type="compound">
            <governor idx="3">woman</governor>
            <dependent idx="1">New</dependent>
          </dep>
          <dep type="compound">
            <governor idx="3">woman</governor>
            <dependent idx="2">York</dependent>
          </dep>
          <dep type="acl">
            <governor idx="3">woman</governor>
            <dependent idx="4">killed</dependent>
          </dep>
          <dep type="case">
            <governor idx="6">hit</governor>
            <dependent idx="5">in</dependent>
          </dep>
          <dep type="nmod:in">
            <governor idx="4">killed</governor>
            <dependent idx="6">hit</dependent>
          </dep>
          <dep type="punct">
            <governor idx="3">woman</governor>
            <dependent idx="7">-</dependent>
          </dep>
          <dep type="cc">
            <governor idx="3">woman</governor>
            <dependent idx="8">and</dependent>
          </dep>
          <dep type="punct">
            <governor idx="3">woman</governor>
            <dependent idx="9">-</dependent>
          </dep>
          <dep type="dep">
            <governor idx="3">woman</governor>
            <dependent idx="10">run</dependent>
          </dep>
          <dep type="dobj">
            <governor idx="10">run</governor>
            <dependent idx="11">crash</dependent>
          </dep>
        </dependencies>
        <dependencies type="collapsed-ccprocessed-dependencies">
          <dep type="root">
            <governor idx="0">ROOT</governor>
            <dependent idx="3">woman</dependent>
          </dep>
          <dep type="compound">
            <governor idx="3">woman</governor>
            <dependent idx="1">New</dependent>
          </dep>
          <dep type="compound">
            <governor idx="3">woman</governor>
            <dependent idx="2">York</dependent>
          </dep>
          <dep type="acl">
            <governor idx="3">woman</governor>
            <dependent idx="4">killed</dependent>
          </dep>
          <dep type="case">
            <governor idx="6">hit</governor>
            <dependent idx="5">in</dependent>
          </dep>
          <dep type="nmod:in">
            <governor idx="4">killed</governor>
            <dependent idx="6">hit</dependent>
          </dep>
          <dep type="punct">
            <governor idx="3">woman</governor>
            <dependent idx="7">-</dependent>
          </dep>
          <dep type="cc">
            <governor idx="3">woman</governor>
            <dependent idx="8">and</dependent>
          </dep>
          <dep type="punct">
            <governor idx="3">woman</governor>
            <dependent idx="9">-</dependent>
          </dep>
          <dep type="dep">
            <governor idx="3">woman</governor>
            <dependent idx="10">run</dependent>
          </dep>
          <dep type="dobj">
            <governor idx="10">run</governor>
            <dependent idx="11">crash</dependent>
          </dep>
        </dependencies>
      </sentence>
      <sentence id="2" line="2">
        <tokens>
          <token id="1">
            <word>According</word>
            <lemma>accord</lemma>
            <CharacterOffsetBegin>47</CharacterOffsetBegin>
            <CharacterOffsetEnd>56</CharacterOffsetEnd>
            <POS>VBG</POS>
            <NER>O</NER>
          </token>
          <token id="2">
            <word>to</word>
            <lemma>to</lemma>
            <CharacterOffsetBegin>57</CharacterOffsetBegin>
            <CharacterOffsetEnd>59</CharacterOffsetEnd>
            <POS>TO</POS>
            <NER>O</NER>
          </token>
          <token id="3">
            <word>investigators</word>
            <lemma>investigator</lemma>
            <CharacterOffsetBegin>60</CharacterOffsetBegin>
            <CharacterOffsetEnd>73</CharacterOffsetEnd>
            <POS>NNS</POS>
            <NER>O</NER>
          </token>
          <token id="4">
            <word>,</word>
            <lemma>,</lemma>
            <CharacterOffsetBegin>74</CharacterOffsetBegin>
            <CharacterOffsetEnd>75</CharacterOffsetEnd>
            <POS>,</POS>
            <NER>O</NER>
          </token>
          <token id="5">
            <word>a</word>
            <lemma>a</lemma>
            <CharacterOffsetBegin>76</CharacterOffsetBegin>
            <CharacterOffsetEnd>77</CharacterOffsetEnd>
            <POS>DT</POS>
            <NER>O</NER>
          </token>
          <token id="6">
            <word>woman</word>
            <lemma>woman</lemma>
            <CharacterOffsetBegin>78</CharacterOffsetBegin>
            <CharacterOffsetEnd>83</CharacterOffsetEnd>
            <POS>NN</POS>
            <NER>O</NER>
          </token>
          <token id="7">
            <word>was</word>
            <lemma>be</lemma>
            <CharacterOffsetBegin>84</CharacterOffsetBegin>
            <CharacterOffsetEnd>87</CharacterOffsetEnd>
            <POS>VBD</POS>
            <NER>O</NER>
          </token>
          <token id="8">
            <word>killed</word>
            <lemma>kill</lemma>
            <CharacterOffsetBegin>88</CharacterOffsetBegin>
            <CharacterOffsetEnd>94</CharacterOffsetEnd>
            <POS>VBN</POS>
            <NER>O</NER>
          </token>
          <token id="9">
            <word>by</word>
            <lemma>by</lemma>
            <CharacterOffsetBegin>95</CharacterOffsetBegin>
            <CharacterOffsetEnd>97</CharacterOffsetEnd>
            <POS>IN</POS>
            <NER>O</NER>
          </token>
          <token id="10">
            <word>a</word>
            <lemma>a</lemma>
            <CharacterOffsetBegin>98</CharacterOffsetBegin>
            <CharacterOffsetEnd>99</CharacterOffsetEnd>
            <POS>DT</POS>
            <NER>O</NER>
          </token>
          <token id="11">
            <word>hit</word>
            <lemma>hit</lemma>
            <CharacterOffsetBegin>100</CharacterOffsetBegin>
            <CharacterOffsetEnd>103</CharacterOffsetEnd>
            <POS>NN</POS>
            <NER>O</NER>
          </token>
          <token id="12">
            <word>-</word>
            <lemma>-</lemma>
            <CharacterOffsetBegin>104</CharacterOffsetBegin>
            <CharacterOffsetEnd>105</CharacterOffsetEnd>
            <POS>:</POS>
            <NER>O</NER>
          </token>
          <token id="13">
            <word>and</word>
            <lemma>and</lemma>
            <CharacterOffsetBegin>106</CharacterOffsetBegin>
            <CharacterOffsetEnd>109</CharacterOffsetEnd>
            <POS>CC</POS>
            <NER>O</NER>
          </token>
          <token id="14">
            <word>-</word>
            <lemma>-</lemma>
            <CharacterOffsetBegin>110</CharacterOffsetBegin>
            <CharacterOffsetEnd>111</CharacterOffsetEnd>
            <POS>:</POS>
            <NER>O</NER>
          </token>
          <token id="15">
            <word>run</word>
            <lemma>run</lemma>
            <CharacterOffsetBegin>112</CharacterOffsetBegin>
            <CharacterOffsetEnd>115</CharacterOffsetEnd>
            <POS>VB</POS>
            <NER>O</NER>
          </token>
          <token id="16">
            <word>driver</word>
            <lemma>driver</lemma>
            <CharacterOffsetBegin>116</CharacterOffsetBegin>
            <CharacterOffsetEnd>122</CharacterOffsetEnd>
            <POS>NN</POS>
            <NER>O</NER>
          </token>
          <token id="17">
            <word>in</word>
            <lemma>in</lemma>
            <CharacterOffsetBegin>123</CharacterOffsetBegin>
            <CharacterOffsetEnd>125</CharacterOffsetEnd>
            <POS>IN</POS>
            <NER>O</NER>
          </token>
          <token id="18">
            <word>Queens</word>
            <lemma>Queens</lemma>
            <CharacterOffsetBegin>126</CharacterOffsetBegin>
            <CharacterOffsetEnd>132</CharacterOffsetEnd>
            <POS>NNP</POS>
            <NER>LOCATION</NER>
          </token>
          <token id="19">
            <word>on</word>
            <lemma>on</lemma>
            <CharacterOffsetBegin>133</CharacterOffsetBegin>
            <CharacterOffsetEnd>135</CharacterOffsetEnd>
            <POS>IN</POS>
            <NER>O</NER>
          </token>
          <token id="20">
            <word>the</word>
            <lemma>the</lemma>
            <CharacterOffsetBegin>136</CharacterOffsetBegin>
            <CharacterOffsetEnd>139</CharacterOffsetEnd>
            <POS>DT</POS>
            <NER>TIME</NER>
            <NormalizedNER>XXXX-09TNI</NormalizedNER>
            <Timex tid="t1" type="TIME">XXXX-09TNI</Timex>
          </token>
          <token id="21">
            <word>night</word>
            <lemma>night</lemma>
            <CharacterOffsetBegin>140</CharacterOffsetBegin>
            <CharacterOffsetEnd>145</CharacterOffsetEnd>
            <POS>NN</POS>
            <NER>TIME</NER>
            <NormalizedNER>XXXX-09TNI</NormalizedNER>
            <Timex tid="t1" type="TIME">XXXX-09TNI</Timex>
          </token>
          <token id="22">
            <word>of</word>
            <lemma>of</lemma>
            <CharacterOffsetBegin>146</CharacterOffsetBegin>
            <CharacterOffsetEnd>148</CharacterOffsetEnd>
            <POS>IN</POS>
            <NER>TIME</NER>
            <NormalizedNER>XXXX-09TNI</NormalizedNER>
            <Timex tid="t1" type="TIME">XXXX-09TNI</Timex>
          </token>
          <token id="23">
            <word>Sept</word>
            <lemma>Sept</lemma>
            <CharacterOffsetBegin>149</CharacterOffsetBegin>
            <CharacterOffsetEnd>153</CharacterOffsetEnd>
            <POS>NNP</POS>
            <NER>TIME</NER>
            <NormalizedNER>XXXX-09TNI</NormalizedNER>
            <Timex tid="t1" type="TIME">XXXX-09TNI</Timex>
          </token>
          <token id="24">
            <word>.</word>
            <lemma>.</lemma>
            <CharacterOffsetBegin>154</CharacterOffsetBegin>
            <CharacterOffsetEnd>155</CharacterOffsetEnd>
            <POS>.</POS>
            <NER>O</NER>
          </token>
          <token id="25">
            <word>13</word>
            <lemma>13</lemma>
            <CharacterOffsetBegin>156</CharacterOffsetBegin>
            <CharacterOffsetEnd>158</CharacterOffsetEnd>
            <POS>CD</POS>
            <NER>NUMBER</NER>
            <NormalizedNER>13.0</NormalizedNER>
          </token>
          <token id="26">
            <word>.</word>
            <lemma>.</lemma>
            <CharacterOffsetBegin>159</CharacterOffsetBegin>
            <CharacterOffsetEnd>160</CharacterOffsetEnd>
            <POS>.</POS>
            <NER>O</NER>
          </token>
        </tokens>
        <parse>(ROOT (S (PP (VBG According) (PP (TO to) (NP (NNS investigators)))) (, ,) (NP (DT a) (NN woman)) (VP (VP (VBD was) (VP (VBN killed) (PP (IN by) (NP (DT a) (NN hit))))) (: -) (CC and) (VP (VP (: -) (VB run) (NP (NN driver)) (PP (IN in) (NP (NP (NNP Queens)) (PP (IN on) (NP (DT the) (NN night))) (PP (IN of)) (NP (NNP Sept)))) (. .)) (NP (CD 13)))) (. .))) </parse>
        <dependencies type="basic-dependencies">
          <dep type="root">
            <governor idx="0">ROOT</governor>
            <dependent idx="8">killed</dependent>
          </dep>
          <dep type="case">
            <governor idx="3">investigators</governor>
            <dependent idx="1">According</dependent>
          </dep>
          <dep type="mwe">
            <governor idx="1">According</governor>
            <dependent idx="2">to</dependent>
          </dep>
          <dep type="nmod">
            <governor idx="8">killed</governor>
            <dependent idx="3">investigators</dependent>
          </dep>
          <dep type="punct">
            <governor idx="8">killed</governor>
            <dependent idx="4">,</dependent>
          </dep>
          <dep type="det">
            <governor idx="6">woman</governor>
            <dependent idx="5">a</dependent>
          </dep>
          <dep type="nsubjpass">
            <governor idx="8">killed</governor>
            <dependent idx="6">woman</dependent>
          </dep>
          <dep type="auxpass">
            <governor idx="8">killed</governor>
            <dependent idx="7">was</dependent>
          </dep>
          <dep type="case">
            <governor idx="11">hit</governor>
            <dependent idx="9">by</dependent>
          </dep>
          <dep type="det">
            <governor idx="11">hit</governor>
            <dependent idx="10">a</dependent>
          </dep>
          <dep type="nmod">
            <governor idx="8">killed</governor>
            <dependent idx="11">hit</dependent>
          </dep>
          <dep type="punct">
            <governor idx="11">hit</governor>
            <dependent idx="12">-</dependent>
          </dep>
          <dep type="cc">
            <governor idx="11">hit</governor>
            <dependent idx="13">and</dependent>
          </dep>
          <dep type="punct">
            <governor idx="11">hit</governor>
            <dependent idx="14">-</dependent>
          </dep>
          <dep type="amod">
            <governor idx="16">driver</governor>
            <dependent idx="15">run</dependent>
          </dep>
          <dep type="conj">
            <governor idx="11">hit</governor>
            <dependent idx="16">driver</dependent>
          </dep>
          <dep type="case">
            <governor idx="18">Queens</governor>
            <dependent idx="17">in</dependent>
          </dep>
          <dep type="nmod">
            <governor idx="16">driver</governor>
            <dependent idx="18">Queens</dependent>
          </dep>
          <dep type="case">
            <governor idx="21">night</governor>
            <dependent idx="19">on</dependent>
          </dep>
          <dep type="det">
            <governor idx="21">night</governor>
            <dependent idx="20">the</dependent>
          </dep>
          <dep type="nmod">
            <governor idx="16">driver</governor>
            <dependent idx="21">night</dependent>
          </dep>
          <dep type="case">
            <governor idx="23">Sept</governor>
            <dependent idx="22">of</dependent>
          </dep>
          <dep type="nmod">
            <governor idx="21">night</governor>
            <dependent idx="23">Sept</dependent>
          </dep>
          <dep type="punct">
            <governor idx="11">hit</governor>
            <dependent idx="24">.</dependent>
          </dep>
          <dep type="dep">
            <governor idx="11">hit</governor>
            <dependent idx="25">13</dependent>
          </dep>
          <dep type="punct">
            <governor idx="8">killed</governor>
            <dependent idx="26">.</dependent>
          </dep>
        </dependencies>
        <dependencies type="collapsed-dependencies">
          <dep type="root">
            <governor idx="0">ROOT</governor>
            <dependent idx="8">killed</dependent>
          </dep>
          <dep type="case">
            <governor idx="3">investigators</governor>
            <dependent idx="1">According</dependent>
          </dep>
          <dep type="mwe">
            <governor idx="1">According</governor>
            <dependent idx="2">to</dependent>
          </dep>
          <dep type="nmod:according_to">
            <governor idx="8">killed</governor>
            <dependent idx="3">investigators</dependent>
          </dep>
          <dep type="punct">
            <governor idx="8">killed</governor>
            <dependent idx="4">,</dependent>
          </dep>
          <dep type="det">
            <governor idx="6">woman</governor>
            <dependent idx="5">a</dependent>
          </dep>
          <dep type="nsubjpass">
            <governor idx="8">killed</governor>
            <dependent idx="6">woman</dependent>
          </dep>
          <dep type="auxpass">
            <governor idx="8">killed</governor>
            <dependent idx="7">was</dependent>
          </dep>
          <dep type="case">
            <governor idx="11">hit</governor>
            <dependent idx="9">by</dependent>
          </dep>
          <dep type="det">
            <governor idx="11">hit</governor>
            <dependent idx="10">a</dependent>
          </dep>
          <dep type="nmod:agent">
            <governor idx="8">killed</governor>
            <dependent idx="11">hit</dependent>
          </dep>
          <dep type="punct">
            <governor idx="11">hit</governor>
            <dependent idx="12">-</dependent>
          </dep>
          <dep type="cc">
            <governor idx="11">hit</governor>
            <dependent idx="13">and</dependent>
          </dep>
          <dep type="punct">
            <governor idx="11">hit</governor>
            <dependent idx="14">-</dependent>
          </dep>
          <dep type="amod">
            <governor idx="16">driver</governor>
            <dependent idx="15">run</dependent>
          </dep>
          <dep type="conj:and">
            <governor idx="11">hit</governor>
            <dependent idx="16">driver</dependent>
          </dep>
          <dep type="case">
            <governor idx="18">Queens</governor>
            <dependent idx="17">in</dependent>
          </dep>
          <dep type="nmod:in">
            <governor idx="16">driver</governor>
            <dependent idx="18">Queens</dependent>
          </dep>
          <dep type="case">
            <governor idx="21">night</governor>
            <dependent idx="19">on</dependent>
          </dep>
          <dep type="det">
            <governor idx="21">night</governor>
            <dependent idx="20">the</dependent>
          </dep>
          <dep type="nmod:on">
            <governor idx="16">driver</governor>
            <dependent idx="21">night</dependent>
          </dep>
          <dep type="case">
            <governor idx="23">Sept</governor>
            <dependent idx="22">of</dependent>
          </dep>
          <dep type="nmod:of">
            <governor idx="21">night</governor>
            <dependent idx="23">Sept</dependent>
          </dep>
          <dep type="punct">
            <governor idx="11">hit</governor>
            <dependent idx="24">.</dependent>
          </dep>
          <dep type="dep">
            <governor idx="11">hit</governor>
            <dependent idx="25">13</dependent>
          </dep>
          <dep type="punct">
            <governor idx="8">killed</governor>
            <dependent idx="26">.</dependent>
          </dep>
        </dependencies>
        <dependencies type="collapsed-ccprocessed-dependencies">
          <dep type="root">
            <governor idx="0">ROOT</governor>
            <dependent idx="8">killed</dependent>
          </dep>
          <dep type="case">
            <governor idx="3">investigators</governor>
            <dependent idx="1">According</dependent>
          </dep>
          <dep type="mwe">
            <governor idx="1">According</governor>
            <dependent idx="2">to</dependent>
          </dep>
          <dep type="nmod:according_to">
            <governor idx="8">killed</governor>
            <dependent idx="3">investigators</dependent>
          </dep>
          <dep type="punct">
            <governor idx="8">killed</governor>
            <dependent idx="4">,</dependent>
          </dep>
          <dep type="det">
            <governor idx="6">woman</governor>
            <dependent idx="5">a</dependent>
          </dep>
          <dep type="nsubjpass">
            <governor idx="8">killed</governor>
            <dependent idx="6">woman</dependent>
          </dep>
          <dep type="auxpass">
            <governor idx="8">killed</governor>
            <dependent idx="7">was</dependent>
          </dep>
          <dep type="case">
            <governor idx="11">hit</governor>
            <dependent idx="9">by</dependent>
          </dep>
          <dep type="det">
            <governor idx="11">hit</governor>
            <dependent idx="10">a</dependent>
          </dep>
          <dep type="nmod:agent">
            <governor idx="8">killed</governor>
            <dependent idx="11">hit</dependent>
          </dep>
          <dep type="punct">
            <governor idx="11">hit</governor>
            <dependent idx="12">-</dependent>
          </dep>
          <dep type="cc">
            <governor idx="11">hit</governor>
            <dependent idx="13">and</dependent>
          </dep>
          <dep type="punct">
            <governor idx="11">hit</governor>
            <dependent idx="14">-</dependent>
          </dep>
          <dep type="amod">
            <governor idx="16">driver</governor>
            <dependent idx="15">run</dependent>
          </dep>
          <dep type="nmod:agent" extra="true">
            <governor idx="8">killed</governor>
            <dependent idx="16">driver</dependent>
          </dep>
          <dep type="conj:and">
            <governor idx="11">hit</governor>
            <dependent idx="16">driver</dependent>
          </dep>
          <dep type="case">
            <governor idx="18">Queens</governor>
            <dependent idx="17">in</dependent>
          </dep>
          <dep type="nmod:in">
            <governor idx="16">driver</governor>
            <dependent idx="18">Queens</dependent>
          </dep>
          <dep type="case">
            <governor idx="21">night</governor>
            <dependent idx="19">on</dependent>
          </dep>
          <dep type="det">
            <governor idx="21">night</governor>
            <dependent idx="20">the</dependent>
          </dep>
          <dep type="nmod:on">
            <governor idx="16">driver</governor>
            <dependent idx="21">night</dependent>
          </dep>
          <dep type="case">
            <governor idx="23">Sept</governor>
            <dependent idx="22">of</dependent>
          </dep>
          <dep type="nmod:of">
            <governor idx="21">night</governor>
            <dependent idx="23">Sept</dependent>
          </dep>
          <dep type="punct">
            <governor idx="11">hit</governor>
            <dependent idx="24">.</dependent>
          </dep>
          <dep type="dep">
            <governor idx="11">hit</governor>
            <dependent idx="25">13</dependent>
          </dep>
          <dep type="punct">
            <governor idx="8">killed</governor>
            <dependent idx="26">.</dependent>
          </dep>
        </dependencies>
      </sentence>
      <sentence id="3" line="3">
        <tokens>
          <token id="1">
            <word>The</word>
            <lemma>the</lemma>
            <CharacterOffsetBegin>161</CharacterOffsetBegin>
            <CharacterOffsetEnd>164</CharacterOffsetEnd>
            <POS>DT</POS>
            <NER>O</NER>
          </token>
          <token id="2">
            <word>driver</word>
            <lemma>driver</lemma>
            <CharacterOffsetBegin>165</CharacterOffsetBegin>
            <CharacterOffsetEnd>171</CharacterOffsetEnd>
            <POS>NN</POS>
            <NER>O</NER>
          </token>
          <token id="3">
            <word>fled</word>
            <lemma>flee</lemma>
            <CharacterOffsetBegin>172</CharacterOffsetBegin>
            <CharacterOffsetEnd>176</CharacterOffsetEnd>
            <POS>VBD</POS>
            <NER>O</NER>
          </token>
          <token id="4">
            <word>the</word>
            <lemma>the</lemma>
            <CharacterOffsetBegin>177</CharacterOffsetBegin>
            <CharacterOffsetEnd>180</CharacterOffsetEnd>
            <POS>DT</POS>
            <NER>O</NER>
          </token>
          <token id="5">
            <word>accident</word>
            <lemma>accident</lemma>
            <CharacterOffsetBegin>181</CharacterOffsetBegin>
            <CharacterOffsetEnd>189</CharacterOffsetEnd>
            <POS>NN</POS>
            <NER>O</NER>
          </token>
          <token id="6">
            <word>scene</word>
            <lemma>scene</lemma>
            <CharacterOffsetBegin>190</CharacterOffsetBegin>
            <CharacterOffsetEnd>195</CharacterOffsetEnd>
            <POS>NN</POS>
            <NER>O</NER>
          </token>
          <token id="7">
            <word>but</word>
            <lemma>but</lemma>
            <CharacterOffsetBegin>196</CharacterOffsetBegin>
            <CharacterOffsetEnd>199</CharacterOffsetEnd>
            <POS>CC</POS>
            <NER>O</NER>
          </token>
          <token id="8">
            <word>was</word>
            <lemma>be</lemma>
            <CharacterOffsetBegin>200</CharacterOffsetBegin>
            <CharacterOffsetEnd>203</CharacterOffsetEnd>
            <POS>VBD</POS>
            <NER>O</NER>
          </token>
          <token id="9">
            <word>apprehended</word>
            <lemma>apprehend</lemma>
            <CharacterOffsetBegin>204</CharacterOffsetBegin>
            <CharacterOffsetEnd>215</CharacterOffsetEnd>
            <POS>VBN</POS>
            <NER>O</NER>
          </token>
          <token id="10">
            <word>by</word>
            <lemma>by</lemma>
            <CharacterOffsetBegin>216</CharacterOffsetBegin>
            <CharacterOffsetEnd>218</CharacterOffsetEnd>
            <POS>IN</POS>
            <NER>O</NER>
          </token>
          <token id="11">
            <word>police</word>
            <lemma>police</lemma>
            <CharacterOffsetBegin>219</CharacterOffsetBegin>
            <CharacterOffsetEnd>225</CharacterOffsetEnd>
            <POS>NN</POS>
            <NER>O</NER>
          </token>
          <token id="12">
            <word>officers</word>
            <lemma>officer</lemma>
            <CharacterOffsetBegin>226</CharacterOffsetBegin>
            <CharacterOffsetEnd>234</CharacterOffsetEnd>
            <POS>NNS</POS>
            <NER>O</NER>
          </token>
          <token id="13">
            <word>.</word>
            <lemma>.</lemma>
            <CharacterOffsetBegin>235</CharacterOffsetBegin>
            <CharacterOffsetEnd>236</CharacterOffsetEnd>
            <POS>.</POS>
            <NER>O</NER>
          </token>
        </tokens>
        <parse>(ROOT (S (NP (DT The) (NN driver)) (VP (VP (VBD fled) (NP (DT the) (NN accident) (NN scene))) (CC but) (VP (VBD was) (VP (VBN apprehended) (PP (IN by) (NP (NN police) (NNS officers)))))) (. .))) </parse>
        <dependencies type="basic-dependencies">
          <dep type="root">
            <governor idx="0">ROOT</governor>
            <dependent idx="3">fled</dependent>
          </dep>
          <dep type="det">
            <governor idx="2">driver</governor>
            <dependent idx="1">The</dependent>
          </dep>
          <dep type="nsubj">
            <governor idx="3">fled</governor>
            <dependent idx="2">driver</dependent>
          </dep>
          <dep type="det">
            <governor idx="6">scene</governor>
            <dependent idx="4">the</dependent>
          </dep>
          <dep type="compound">
            <governor idx="6">scene</governor>
            <dependent idx="5">accident</dependent>
          </dep>
          <dep type="dobj">
            <governor idx="3">fled</governor>
            <dependent idx="6">scene</dependent>
          </dep>
          <dep type="cc">
            <governor idx="3">fled</governor>
            <dependent idx="7">but</dependent>
          </dep>
          <dep type="auxpass">
            <governor idx="9">apprehended</governor>
            <dependent idx="8">was</dependent>
          </dep>
          <dep type="conj">
            <governor idx="3">fled</governor>
            <dependent idx="9">apprehended</dependent>
          </dep>
          <dep type="case">
            <governor idx="12">officers</governor>
            <dependent idx="10">by</dependent>
          </dep>
          <dep type="compound">
            <governor idx="12">officers</governor>
            <dependent idx="11">police</dependent>
          </dep>
          <dep type="nmod">
            <governor idx="9">apprehended</governor>
            <dependent idx="12">officers</dependent>
          </dep>
          <dep type="punct">
            <governor idx="3">fled</governor>
            <dependent idx="13">.</dependent>
          </dep>
        </dependencies>
        <dependencies type="collapsed-dependencies">
          <dep type="root">
            <governor idx="0">ROOT</governor>
            <dependent idx="3">fled</dependent>
          </dep>
          <dep type="det">
            <governor idx="2">driver</governor>
            <dependent idx="1">The</dependent>
          </dep>
          <dep type="nsubj">
            <governor idx="3">fled</governor>
            <dependent idx="2">driver</dependent>
          </dep>
          <dep type="det">
            <governor idx="6">scene</governor>
            <dependent idx="4">the</dependent>
          </dep>
          <dep type="compound">
            <governor idx="6">scene</governor>
            <dependent idx="5">accident</dependent>
          </dep>
          <dep type="dobj">
            <governor idx="3">fled</governor>
            <dependent idx="6">scene</dependent>
          </dep>
          <dep type="cc">
            <governor idx="3">fled</governor>
            <dependent idx="7">but</dependent>
          </dep>
          <dep type="auxpass">
            <governor idx="9">apprehended</governor>
            <dependent idx="8">was</dependent>
          </dep>
          <dep type="conj:but">
            <governor idx="3">fled</governor>
            <dependent idx="9">apprehended</dependent>
          </dep>
          <dep type="case">
            <governor idx="12">officers</governor>
            <dependent idx="10">by</dependent>
          </dep>
          <dep type="compound">
            <governor idx="12">officers</governor>
            <dependent idx="11">police</dependent>
          </dep>
          <dep type="nmod:agent">
            <governor idx="9">apprehended</governor>
            <dependent idx="12">officers</dependent>
          </dep>
          <dep type="punct">
            <governor idx="3">fled</governor>
            <dependent idx="13">.</dependent>
          </dep>
        </dependencies>
        <dependencies type="collapsed-ccprocessed-dependencies">
          <dep type="root">
            <governor idx="0">ROOT</governor>
            <dependent idx="3">fled</dependent>
          </dep>
          <dep type="det">
            <governor idx="2">driver</governor>
            <dependent idx="1">The</dependent>
          </dep>
          <dep type="nsubj">
            <governor idx="3">fled</governor>
            <dependent idx="2">driver</dependent>
          </dep>
          <dep type="nsubjpass" extra="true">
            <governor idx="9">apprehended</governor>
            <dependent idx="2">driver</dependent>
          </dep>
          <dep type="det">
            <governor idx="6">scene</governor>
            <dependent idx="4">the</dependent>
          </dep>
          <dep type="compound">
            <governor idx="6">scene</governor>
            <dependent idx="5">accident</dependent>
          </dep>
          <dep type="dobj">
            <governor idx="3">fled</governor>
            <dependent idx="6">scene</dependent>
          </dep>
          <dep type="cc">
            <governor idx="3">fled</governor>
            <dependent idx="7">but</dependent>
          </dep>
          <dep type="auxpass">
            <governor idx="9">apprehended</governor>
            <dependent idx="8">was</dependent>
          </dep>
          <dep type="conj:but">
            <governor idx="3">fled</governor>
            <dependent idx="9">apprehended</dependent>
          </dep>
          <dep type="case">
            <governor idx="12">officers</governor>
            <dependent idx="10">by</dependent>
          </dep>
          <dep type="compound">
            <governor idx="12">officers</governor>
            <dependent idx="11">police</dependent>
          </dep>
          <dep type="nmod:agent">
            <governor idx="9">apprehended</governor>
            <dependent idx="12">officers</dependent>
          </dep>
          <dep type="punct">
            <governor idx="3">fled</governor>
            <dependent idx="13">.</dependent>
          </dep>
        </dependencies>
      </sentence>
    </sentences>
  </document>
</root>
