<?xml version="1.0" encoding="UTF-8"?>
<?xml-stylesheet href="CoreNLP-to-HTML.xsl" type="text/xsl"?>
<root>
  <document>
    <sentences>
      <sentence id="1" line="1">
        <tokens>
          <token id="1">
            <word>A</word>
            <lemma>a</lemma>
            <CharacterOffsetBegin>0</CharacterOffsetBegin>
            <CharacterOffsetEnd>1</CharacterOffsetEnd>
            <POS>DT</POS>
            <NER>O</NER>
          </token>
          <token id="2">
            <word>onetime</word>
            <lemma>onetime</lemma>
            <CharacterOffsetBegin>2</CharacterOffsetBegin>
            <CharacterOffsetEnd>9</CharacterOffsetEnd>
            <POS>JJ</POS>
            <NER>O</NER>
          </token>
          <token id="3">
            <word>co-worker</word>
            <lemma>co-worker</lemma>
            <CharacterOffsetBegin>10</CharacterOffsetBegin>
            <CharacterOffsetEnd>19</CharacterOffsetEnd>
            <POS>NN</POS>
            <NER>O</NER>
          </token>
          <token id="4">
            <word>has</word>
            <lemma>have</lemma>
            <CharacterOffsetBegin>20</CharacterOffsetBegin>
            <CharacterOffsetEnd>23</CharacterOffsetEnd>
            <POS>VBZ</POS>
            <NER>O</NER>
          </token>
          <token id="5">
            <word>been</word>
            <lemma>be</lemma>
            <CharacterOffsetBegin>24</CharacterOffsetBegin>
            <CharacterOffsetEnd>28</CharacterOffsetEnd>
            <POS>VBN</POS>
            <NER>O</NER>
          </token>
          <token id="6">
            <word>charged</word>
            <lemma>charge</lemma>
            <CharacterOffsetBegin>29</CharacterOffsetBegin>
            <CharacterOffsetEnd>36</CharacterOffsetEnd>
            <POS>VBN</POS>
            <NER>O</NER>
          </token>
          <token id="7">
            <word>in</word>
            <lemma>in</lemma>
            <CharacterOffsetBegin>37</CharacterOffsetBegin>
            <CharacterOffsetEnd>39</CharacterOffsetEnd>
            <POS>IN</POS>
            <NER>O</NER>
          </token>
          <token id="8">
            <word>the</word>
            <lemma>the</lemma>
            <CharacterOffsetBegin>40</CharacterOffsetBegin>
            <CharacterOffsetEnd>43</CharacterOffsetEnd>
            <POS>DT</POS>
            <NER>O</NER>
          </token>
          <token id="9">
            <word>1967</word>
            <lemma>1967</lemma>
            <CharacterOffsetBegin>44</CharacterOffsetBegin>
            <CharacterOffsetEnd>48</CharacterOffsetEnd>
            <POS>CD</POS>
            <NER>DATE</NER>
            <NormalizedNER>1967</NormalizedNER>
          </token>
          <token id="10">
            <word>slayings</word>
            <lemma>slaying</lemma>
            <CharacterOffsetBegin>49</CharacterOffsetBegin>
            <CharacterOffsetEnd>57</CharacterOffsetEnd>
            <POS>NNS</POS>
            <NER>O</NER>
          </token>
          <token id="11">
            <word>of</word>
            <lemma>of</lemma>
            <CharacterOffsetBegin>58</CharacterOffsetBegin>
            <CharacterOffsetEnd>60</CharacterOffsetEnd>
            <POS>IN</POS>
            <NER>O</NER>
          </token>
          <token id="12">
            <word>two</word>
            <lemma>two</lemma>
            <CharacterOffsetBegin>61</CharacterOffsetBegin>
            <CharacterOffsetEnd>64</CharacterOffsetEnd>
            <POS>CD</POS>
            <NER>NUMBER</NER>
            <NormalizedNER>2.0</NormalizedNER>
          </token>
          <token id="13">
            <word>women</word>
            <lemma>woman</lemma>
            <CharacterOffsetBegin>65</CharacterOffsetBegin>
            <CharacterOffsetEnd>70</CharacterOffsetEnd>
            <POS>NNS</POS>
            <NER>O</NER>
          </token>
          <token id="14">
            <word>at</word>
            <lemma>at</lemma>
            <CharacterOffsetBegin>71</CharacterOffsetBegin>
            <CharacterOffsetEnd>73</CharacterOffsetEnd>
            <POS>IN</POS>
            <NER>O</NER>
          </token>
          <token id="15">
            <word>an</word>
            <lemma>a</lemma>
            <CharacterOffsetBegin>74</CharacterOffsetBegin>
            <CharacterOffsetEnd>76</CharacterOffsetEnd>
            <POS>DT</POS>
            <NER>O</NER>
          </token>
          <token id="16">
            <word>ice</word>
            <lemma>ice</lemma>
            <CharacterOffsetBegin>77</CharacterOffsetBegin>
            <CharacterOffsetEnd>80</CharacterOffsetEnd>
            <POS>NN</POS>
            <NER>O</NER>
          </token>
          <token id="17">
            <word>cream</word>
            <lemma>cream</lemma>
            <CharacterOffsetBegin>81</CharacterOffsetBegin>
            <CharacterOffsetEnd>86</CharacterOffsetEnd>
            <POS>NN</POS>
            <NER>O</NER>
          </token>
          <token id="18">
            <word>shop</word>
            <lemma>shop</lemma>
            <CharacterOffsetBegin>87</CharacterOffsetBegin>
            <CharacterOffsetEnd>91</CharacterOffsetEnd>
            <POS>NN</POS>
            <NER>O</NER>
          </token>
          <token id="19">
            <word>in</word>
            <lemma>in</lemma>
            <CharacterOffsetBegin>92</CharacterOffsetBegin>
            <CharacterOffsetEnd>94</CharacterOffsetEnd>
            <POS>IN</POS>
            <NER>O</NER>
          </token>
          <token id="20">
            <word>Staunton</word>
            <lemma>Staunton</lemma>
            <CharacterOffsetBegin>95</CharacterOffsetBegin>
            <CharacterOffsetEnd>103</CharacterOffsetEnd>
            <POS>NNP</POS>
            <NER>O</NER>
          </token>
          <token id="21">
            <word>,</word>
            <lemma>,</lemma>
            <CharacterOffsetBegin>104</CharacterOffsetBegin>
            <CharacterOffsetEnd>105</CharacterOffsetEnd>
            <POS>,</POS>
            <NER>O</NER>
          </token>
          <token id="22">
            <word>but</word>
            <lemma>but</lemma>
            <CharacterOffsetBegin>106</CharacterOffsetBegin>
            <CharacterOffsetEnd>109</CharacterOffsetEnd>
            <POS>CC</POS>
            <NER>O</NER>
          </token>
          <token id="23">
            <word>authorities</word>
            <lemma>authority</lemma>
            <CharacterOffsetBegin>110</CharacterOffsetBegin>
            <CharacterOffsetEnd>121</CharacterOffsetEnd>
            <POS>NNS</POS>
            <NER>O</NER>
          </token>
          <token id="24">
            <word>said</word>
            <lemma>say</lemma>
            <CharacterOffsetBegin>122</CharacterOffsetBegin>
            <CharacterOffsetEnd>126</CharacterOffsetEnd>
            <POS>VBD</POS>
            <NER>O</NER>
          </token>
          <token id="25">
            <word>the</word>
            <lemma>the</lemma>
            <CharacterOffsetBegin>127</CharacterOffsetBegin>
            <CharacterOffsetEnd>130</CharacterOffsetEnd>
            <POS>DT</POS>
            <NER>O</NER>
          </token>
          <token id="26">
            <word>suspect</word>
            <lemma>suspect</lemma>
            <CharacterOffsetBegin>131</CharacterOffsetBegin>
            <CharacterOffsetEnd>138</CharacterOffsetEnd>
            <POS>NN</POS>
            <NER>O</NER>
          </token>
          <token id="27">
            <word>is</word>
            <lemma>be</lemma>
            <CharacterOffsetBegin>139</CharacterOffsetBegin>
            <CharacterOffsetEnd>141</CharacterOffsetEnd>
            <POS>VBZ</POS>
            <NER>O</NER>
          </token>
          <token id="28">
            <word>near</word>
            <lemma>near</lemma>
            <CharacterOffsetBegin>142</CharacterOffsetBegin>
            <CharacterOffsetEnd>146</CharacterOffsetEnd>
            <POS>IN</POS>
            <NER>O</NER>
          </token>
          <token id="29">
            <word>death</word>
            <lemma>death</lemma>
            <CharacterOffsetBegin>147</CharacterOffsetBegin>
            <CharacterOffsetEnd>152</CharacterOffsetEnd>
            <POS>NN</POS>
            <NER>O</NER>
          </token>
          <token id="30">
            <word>with</word>
            <lemma>with</lemma>
            <CharacterOffsetBegin>153</CharacterOffsetBegin>
            <CharacterOffsetEnd>157</CharacterOffsetEnd>
            <POS>IN</POS>
            <NER>O</NER>
          </token>
          <token id="31">
            <word>a</word>
            <lemma>a</lemma>
            <CharacterOffsetBegin>158</CharacterOffsetBegin>
            <CharacterOffsetEnd>159</CharacterOffsetEnd>
            <POS>DT</POS>
            <NER>O</NER>
          </token>
          <token id="32">
            <word>terminal</word>
            <lemma>terminal</lemma>
            <CharacterOffsetBegin>160</CharacterOffsetBegin>
            <CharacterOffsetEnd>168</CharacterOffsetEnd>
            <POS>JJ</POS>
            <NER>O</NER>
          </token>
          <token id="33">
            <word>illness</word>
            <lemma>illness</lemma>
            <CharacterOffsetBegin>169</CharacterOffsetBegin>
            <CharacterOffsetEnd>176</CharacterOffsetEnd>
            <POS>NN</POS>
            <NER>O</NER>
          </token>
          <token id="34">
            <word>.</word>
            <lemma>.</lemma>
            <CharacterOffsetBegin>177</CharacterOffsetBegin>
            <CharacterOffsetEnd>178</CharacterOffsetEnd>
            <POS>.</POS>
            <NER>O</NER>
          </token>
        </tokens>
        <parse>(ROOT (S (S (NP (DT A) (JJ onetime) (NN co-worker)) (VP (VBZ has) (VP (VBN been) (VP (VBN charged) (PP (IN in) (NP (NP (DT the) (CD 1967) (NNS slayings)) (PP (IN of) (NP (CD two) (NNS women))))) (PP (IN at) (NP (NP (DT an) (NN ice) (NN cream) (NN shop)) (PP (IN in) (NP (NNP Staunton))))))))) (, ,) (CC but) (S (NP (NNS authorities)) (VP (VBD said) (SBAR (S (NP (DT the) (NN suspect)) (VP (VBZ is) (PP (IN near) (NP (NP (NN death)) (PP (IN with) (NP (DT a) (JJ terminal) (NN illness)))))))))) (. .))) </parse>
        <dependencies type="basic-dependencies">
          <dep type="root">
            <governor idx="0">ROOT</governor>
            <dependent idx="6">charged</dependent>
          </dep>
          <dep type="det">
            <governor idx="3">co-worker</governor>
            <dependent idx="1">A</dependent>
          </dep>
          <dep type="amod">
            <governor idx="3">co-worker</governor>
            <dependent idx="2">onetime</dependent>
          </dep>
          <dep type="nsubjpass">
            <governor idx="6">charged</governor>
            <dependent idx="3">co-worker</dependent>
          </dep>
          <dep type="aux">
            <governor idx="6">charged</governor>
            <dependent idx="4">has</dependent>
          </dep>
          <dep type="auxpass">
            <governor idx="6">charged</governor>
            <dependent idx="5">been</dependent>
          </dep>
          <dep type="case">
            <governor idx="10">slayings</governor>
            <dependent idx="7">in</dependent>
          </dep>
          <dep type="det">
            <governor idx="10">slayings</governor>
            <dependent idx="8">the</dependent>
          </dep>
          <dep type="nummod">
            <governor idx="10">slayings</governor>
            <dependent idx="9">1967</dependent>
          </dep>
          <dep type="nmod">
            <governor idx="6">charged</governor>
            <dependent idx="10">slayings</dependent>
          </dep>
          <dep type="case">
            <governor idx="13">women</governor>
            <dependent idx="11">of</dependent>
          </dep>
          <dep type="nummod">
            <governor idx="13">women</governor>
            <dependent idx="12">two</dependent>
          </dep>
          <dep type="nmod">
            <governor idx="10">slayings</governor>
            <dependent idx="13">women</dependent>
          </dep>
          <dep type="case">
            <governor idx="18">shop</governor>
            <dependent idx="14">at</dependent>
          </dep>
          <dep type="det">
            <governor idx="18">shop</governor>
            <dependent idx="15">an</dependent>
          </dep>
          <dep type="compound">
            <governor idx="18">shop</governor>
            <dependent idx="16">ice</dependent>
          </dep>
          <dep type="compound">
            <governor idx="18">shop</governor>
            <dependent idx="17">cream</dependent>
          </dep>
          <dep type="nmod">
            <governor idx="6">charged</governor>
            <dependent idx="18">shop</dependent>
          </dep>
          <dep type="case">
            <governor idx="20">Staunton</governor>
            <dependent idx="19">in</dependent>
          </dep>
          <dep type="nmod">
            <governor idx="18">shop</governor>
            <dependent idx="20">Staunton</dependent>
          </dep>
          <dep type="punct">
            <governor idx="6">charged</governor>
            <dependent idx="21">,</dependent>
          </dep>
          <dep type="cc">
            <governor idx="6">charged</governor>
            <dependent idx="22">but</dependent>
          </dep>
          <dep type="nsubj">
            <governor idx="24">said</governor>
            <dependent idx="23">authorities</dependent>
          </dep>
          <dep type="conj">
            <governor idx="6">charged</governor>
            <dependent idx="24">said</dependent>
          </dep>
          <dep type="det">
            <governor idx="26">suspect</governor>
            <dependent idx="25">the</dependent>
          </dep>
          <dep type="nsubj">
            <governor idx="29">death</governor>
            <dependent idx="26">suspect</dependent>
          </dep>
          <dep type="cop">
            <governor idx="29">death</governor>
            <dependent idx="27">is</dependent>
          </dep>
          <dep type="case">
            <governor idx="29">death</governor>
            <dependent idx="28">near</dependent>
          </dep>
          <dep type="ccomp">
            <governor idx="24">said</governor>
            <dependent idx="29">death</dependent>
          </dep>
          <dep type="case">
            <governor idx="33">illness</governor>
            <dependent idx="30">with</dependent>
          </dep>
          <dep type="det">
            <governor idx="33">illness</governor>
            <dependent idx="31">a</dependent>
          </dep>
          <dep type="amod">
            <governor idx="33">illness</governor>
            <dependent idx="32">terminal</dependent>
          </dep>
          <dep type="nmod">
            <governor idx="29">death</governor>
            <dependent idx="33">illness</dependent>
          </dep>
          <dep type="punct">
            <governor idx="6">charged</governor>
            <dependent idx="34">.</dependent>
          </dep>
        </dependencies>
        <dependencies type="collapsed-dependencies">
          <dep type="root">
            <governor idx="0">ROOT</governor>
            <dependent idx="6">charged</dependent>
          </dep>
          <dep type="det">
            <governor idx="3">co-worker</governor>
            <dependent idx="1">A</dependent>
          </dep>
          <dep type="amod">
            <governor idx="3">co-worker</governor>
            <dependent idx="2">onetime</dependent>
          </dep>
          <dep type="nsubjpass">
            <governor idx="6">charged</governor>
            <dependent idx="3">co-worker</dependent>
          </dep>
          <dep type="aux">
            <governor idx="6">charged</governor>
            <dependent idx="4">has</dependent>
          </dep>
          <dep type="auxpass">
            <governor idx="6">charged</governor>
            <dependent idx="5">been</dependent>
          </dep>
          <dep type="case">
            <governor idx="10">slayings</governor>
            <dependent idx="7">in</dependent>
          </dep>
          <dep type="det">
            <governor idx="10">slayings</governor>
            <dependent idx="8">the</dependent>
          </dep>
          <dep type="nummod">
            <governor idx="10">slayings</governor>
            <dependent idx="9">1967</dependent>
          </dep>
          <dep type="nmod:in">
            <governor idx="6">charged</governor>
            <dependent idx="10">slayings</dependent>
          </dep>
          <dep type="case">
            <governor idx="13">women</governor>
            <dependent idx="11">of</dependent>
          </dep>
          <dep type="nummod">
            <governor idx="13">women</governor>
            <dependent idx="12">two</dependent>
          </dep>
          <dep type="nmod:of">
            <governor idx="10">slayings</governor>
            <dependent idx="13">women</dependent>
          </dep>
          <dep type="case">
            <governor idx="18">shop</governor>
            <dependent idx="14">at</dependent>
          </dep>
          <dep type="det">
            <governor idx="18">shop</governor>
            <dependent idx="15">an</dependent>
          </dep>
          <dep type="compound">
            <governor idx="18">shop</governor>
            <dependent idx="16">ice</dependent>
          </dep>
          <dep type="compound">
            <governor idx="18">shop</governor>
            <dependent idx="17">cream</dependent>
          </dep>
          <dep type="nmod:at">
            <governor idx="6">charged</governor>
            <dependent idx="18">shop</dependent>
          </dep>
          <dep type="case">
            <governor idx="20">Staunton</governor>
            <dependent idx="19">in</dependent>
          </dep>
          <dep type="nmod:in">
            <governor idx="18">shop</governor>
            <dependent idx="20">Staunton</dependent>
          </dep>
          <dep type="punct">
            <governor idx="6">charged</governor>
            <dependent idx="21">,</dependent>
          </dep>
          <dep type="cc">
            <governor idx="6">charged</governor>
            <dependent idx="22">but</dependent>
          </dep>
          <dep type="nsubj">
            <governor idx="24">said</governor>
            <dependent idx="23">authorities</dependent>
          </dep>
          <dep type="conj:but">
            <governor idx="6">charged</governor>
            <dependent idx="24">said</dependent>
          </dep>
          <dep type="det">
            <governor idx="26">suspect</governor>
            <dependent idx="25">the</dependent>
          </dep>
          <dep type="nsubj">
            <governor idx="29">death</governor>
            <dependent idx="26">suspect</dependent>
          </dep>
          <dep type="cop">
            <governor idx="29">death</governor>
            <dependent idx="27">is</dependent>
          </dep>
          <dep type="case">
            <governor idx="29">death</governor>
            <dependent idx="28">near</dependent>
          </dep>
          <dep type="ccomp">
            <governor idx="24">said</governor>
            <dependent idx="29">death</dependent>
          </dep>
          <dep type="case">
            <governor idx="33">illness</governor>
            <dependent idx="30">with</dependent>
          </dep>
          <dep type="det">
            <governor idx="33">illness</governor>
            <dependent idx="31">a</dependent>
          </dep>
          <dep type="amod">
            <governor idx="33">illness</governor>
            <dependent idx="32">terminal</dependent>
          </dep>
          <dep type="nmod:with">
            <governor idx="29">death</governor>
            <dependent idx="33">illness</dependent>
          </dep>
          <dep type="punct">
            <governor idx="6">charged</governor>
            <dependent idx="34">.</dependent>
          </dep>
        </dependencies>
        <dependencies type="collapsed-ccprocessed-dependencies">
          <dep type="root">
            <governor idx="0">ROOT</governor>
            <dependent idx="6">charged</dependent>
          </dep>
          <dep type="det">
            <governor idx="3">co-worker</governor>
            <dependent idx="1">A</dependent>
          </dep>
          <dep type="amod">
            <governor idx="3">co-worker</governor>
            <dependent idx="2">onetime</dependent>
          </dep>
          <dep type="nsubjpass">
            <governor idx="6">charged</governor>
            <dependent idx="3">co-worker</dependent>
          </dep>
          <dep type="aux">
            <governor idx="6">charged</governor>
            <dependent idx="4">has</dependent>
          </dep>
          <dep type="auxpass">
            <governor idx="6">charged</governor>
            <dependent idx="5">been</dependent>
          </dep>
          <dep type="case">
            <governor idx="10">slayings</governor>
            <dependent idx="7">in</dependent>
          </dep>
          <dep type="det">
            <governor idx="10">slayings</governor>
            <dependent idx="8">the</dependent>
          </dep>
          <dep type="nummod">
            <governor idx="10">slayings</governor>
            <dependent idx="9">1967</dependent>
          </dep>
          <dep type="nmod:in">
            <governor idx="6">charged</governor>
            <dependent idx="10">slayings</dependent>
          </dep>
          <dep type="case">
            <governor idx="13">women</governor>
            <dependent idx="11">of</dependent>
          </dep>
          <dep type="nummod">
            <governor idx="13">women</governor>
            <dependent idx="12">two</dependent>
          </dep>
          <dep type="nmod:of">
            <governor idx="10">slayings</governor>
            <dependent idx="13">women</dependent>
          </dep>
          <dep type="case">
            <governor idx="18">shop</governor>
            <dependent idx="14">at</dependent>
          </dep>
          <dep type="det">
            <governor idx="18">shop</governor>
            <dependent idx="15">an</dependent>
          </dep>
          <dep type="compound">
            <governor idx="18">shop</governor>
            <dependent idx="16">ice</dependent>
          </dep>
          <dep type="compound">
            <governor idx="18">shop</governor>
            <dependent idx="17">cream</dependent>
          </dep>
          <dep type="nmod:at">
            <governor idx="6">charged</governor>
            <dependent idx="18">shop</dependent>
          </dep>
          <dep type="case">
            <governor idx="20">Staunton</governor>
            <dependent idx="19">in</dependent>
          </dep>
          <dep type="nmod:in">
            <governor idx="18">shop</governor>
            <dependent idx="20">Staunton</dependent>
          </dep>
          <dep type="punct">
            <governor idx="6">charged</governor>
            <dependent idx="21">,</dependent>
          </dep>
          <dep type="cc">
            <governor idx="6">charged</governor>
            <dependent idx="22">but</dependent>
          </dep>
          <dep type="nsubj">
            <governor idx="24">said</governor>
            <dependent idx="23">authorities</dependent>
          </dep>
          <dep type="conj:but">
            <governor idx="6">charged</governor>
            <dependent idx="24">said</dependent>
          </dep>
          <dep type="det">
            <governor idx="26">suspect</governor>
            <dependent idx="25">the</dependent>
          </dep>
          <dep type="nsubj">
            <governor idx="29">death</governor>
            <dependent idx="26">suspect</dependent>
          </dep>
          <dep type="cop">
            <governor idx="29">death</governor>
            <dependent idx="27">is</dependent>
          </dep>
          <dep type="case">
            <governor idx="29">death</governor>
            <dependent idx="28">near</dependent>
          </dep>
          <dep type="ccomp">
            <governor idx="24">said</governor>
            <dependent idx="29">death</dependent>
          </dep>
          <dep type="case">
            <governor idx="33">illness</governor>
            <dependent idx="30">with</dependent>
          </dep>
          <dep type="det">
            <governor idx="33">illness</governor>
            <dependent idx="31">a</dependent>
          </dep>
          <dep type="amod">
            <governor idx="33">illness</governor>
            <dependent idx="32">terminal</dependent>
          </dep>
          <dep type="nmod:with">
            <governor idx="29">death</governor>
            <dependent idx="33">illness</dependent>
          </dep>
          <dep type="punct">
            <governor idx="6">charged</governor>
            <dependent idx="34">.</dependent>
          </dep>
        </dependencies>
      </sentence>
    </sentences>
  </document>
</root>
