<?xml version="1.0" encoding="UTF-8"?>
<?xml-stylesheet href="CoreNLP-to-HTML.xsl" type="text/xsl"?>
<root>
  <document>
    <sentences>
      <sentence id="1" line="1">
        <tokens>
          <token id="1">
            <word>Two</word>
            <lemma>two</lemma>
            <CharacterOffsetBegin>0</CharacterOffsetBegin>
            <CharacterOffsetEnd>3</CharacterOffsetEnd>
            <POS>CD</POS>
            <NER>MONEY</NER>
            <NormalizedNER>€2000000.0</NormalizedNER>
          </token>
          <token id="2">
            <word>million</word>
            <lemma>million</lemma>
            <CharacterOffsetBegin>4</CharacterOffsetBegin>
            <CharacterOffsetEnd>11</CharacterOffsetEnd>
            <POS>CD</POS>
            <NER>MONEY</NER>
            <NormalizedNER>€2000000.0</NormalizedNER>
          </token>
          <token id="3">
            <word>euro</word>
            <lemma>euro</lemma>
            <CharacterOffsetBegin>12</CharacterOffsetBegin>
            <CharacterOffsetEnd>16</CharacterOffsetEnd>
            <POS>NN</POS>
            <NER>MONEY</NER>
            <NormalizedNER>€2000000.0</NormalizedNER>
          </token>
          <token id="4">
            <word>jewellery</word>
            <lemma>jewellery</lemma>
            <CharacterOffsetBegin>17</CharacterOffsetBegin>
            <CharacterOffsetEnd>26</CharacterOffsetEnd>
            <POS>NN</POS>
            <NER>O</NER>
          </token>
          <token id="5">
            <word>heist</word>
            <lemma>heist</lemma>
            <CharacterOffsetBegin>27</CharacterOffsetBegin>
            <CharacterOffsetEnd>32</CharacterOffsetEnd>
            <POS>NN</POS>
            <NER>O</NER>
          </token>
          <token id="6">
            <word>in</word>
            <lemma>in</lemma>
            <CharacterOffsetBegin>33</CharacterOffsetBegin>
            <CharacterOffsetEnd>35</CharacterOffsetEnd>
            <POS>IN</POS>
            <NER>O</NER>
          </token>
          <token id="7">
            <word>central</word>
            <lemma>central</lemma>
            <CharacterOffsetBegin>36</CharacterOffsetBegin>
            <CharacterOffsetEnd>43</CharacterOffsetEnd>
            <POS>JJ</POS>
            <NER>O</NER>
          </token>
          <token id="8">
            <word>Paris</word>
            <lemma>Paris</lemma>
            <CharacterOffsetBegin>44</CharacterOffsetBegin>
            <CharacterOffsetEnd>49</CharacterOffsetEnd>
            <POS>NNP</POS>
            <NER>LOCATION</NER>
          </token>
        </tokens>
        <parse>(ROOT (FRAG (NP (CD Two) (CD million)) (NP (NP (NN euro) (NN jewellery) (NN heist)) (PP (IN in) (NP (JJ central) (NNP Paris)))))) </parse>
        <dependencies type="basic-dependencies">
          <dep type="root">
            <governor idx="0">ROOT</governor>
            <dependent idx="5">heist</dependent>
          </dep>
          <dep type="compound">
            <governor idx="2">million</governor>
            <dependent idx="1">Two</dependent>
          </dep>
          <dep type="nummod">
            <governor idx="5">heist</governor>
            <dependent idx="2">million</dependent>
          </dep>
          <dep type="compound">
            <governor idx="5">heist</governor>
            <dependent idx="3">euro</dependent>
          </dep>
          <dep type="compound">
            <governor idx="5">heist</governor>
            <dependent idx="4">jewellery</dependent>
          </dep>
          <dep type="case">
            <governor idx="8">Paris</governor>
            <dependent idx="6">in</dependent>
          </dep>
          <dep type="amod">
            <governor idx="8">Paris</governor>
            <dependent idx="7">central</dependent>
          </dep>
          <dep type="nmod">
            <governor idx="5">heist</governor>
            <dependent idx="8">Paris</dependent>
          </dep>
        </dependencies>
        <dependencies type="collapsed-dependencies">
          <dep type="root">
            <governor idx="0">ROOT</governor>
            <dependent idx="5">heist</dependent>
          </dep>
          <dep type="compound">
            <governor idx="2">million</governor>
            <dependent idx="1">Two</dependent>
          </dep>
          <dep type="nummod">
            <governor idx="5">heist</governor>
            <dependent idx="2">million</dependent>
          </dep>
          <dep type="compound">
            <governor idx="5">heist</governor>
            <dependent idx="3">euro</dependent>
          </dep>
          <dep type="compound">
            <governor idx="5">heist</governor>
            <dependent idx="4">jewellery</dependent>
          </dep>
          <dep type="case">
            <governor idx="8">Paris</governor>
            <dependent idx="6">in</dependent>
          </dep>
          <dep type="amod">
            <governor idx="8">Paris</governor>
            <dependent idx="7">central</dependent>
          </dep>
          <dep type="nmod:in">
            <governor idx="5">heist</governor>
            <dependent idx="8">Paris</dependent>
          </dep>
        </dependencies>
        <dependencies type="collapsed-ccprocessed-dependencies">
          <dep type="root">
            <governor idx="0">ROOT</governor>
            <dependent idx="5">heist</dependent>
          </dep>
          <dep type="compound">
            <governor idx="2">million</governor>
            <dependent idx="1">Two</dependent>
          </dep>
          <dep type="nummod">
            <governor idx="5">heist</governor>
            <dependent idx="2">million</dependent>
          </dep>
          <dep type="compound">
            <governor idx="5">heist</governor>
            <dependent idx="3">euro</dependent>
          </dep>
          <dep type="compound">
            <governor idx="5">heist</governor>
            <dependent idx="4">jewellery</dependent>
          </dep>
          <dep type="case">
            <governor idx="8">Paris</governor>
            <dependent idx="6">in</dependent>
          </dep>
          <dep type="amod">
            <governor idx="8">Paris</governor>
            <dependent idx="7">central</dependent>
          </dep>
          <dep type="nmod:in">
            <governor idx="5">heist</governor>
            <dependent idx="8">Paris</dependent>
          </dep>
        </dependencies>
      </sentence>
      <sentence id="2" line="2">
        <tokens>
          <token id="1">
            <word>Thieves</word>
            <lemma>thief</lemma>
            <CharacterOffsetBegin>50</CharacterOffsetBegin>
            <CharacterOffsetEnd>57</CharacterOffsetEnd>
            <POS>NNS</POS>
            <NER>O</NER>
          </token>
          <token id="2">
            <word>pulled</word>
            <lemma>pull</lemma>
            <CharacterOffsetBegin>58</CharacterOffsetBegin>
            <CharacterOffsetEnd>64</CharacterOffsetEnd>
            <POS>VBD</POS>
            <NER>O</NER>
          </token>
          <token id="3">
            <word>off</word>
            <lemma>off</lemma>
            <CharacterOffsetBegin>65</CharacterOffsetBegin>
            <CharacterOffsetEnd>68</CharacterOffsetEnd>
            <POS>RP</POS>
            <NER>O</NER>
          </token>
          <token id="4">
            <word>a</word>
            <lemma>a</lemma>
            <CharacterOffsetBegin>69</CharacterOffsetBegin>
            <CharacterOffsetEnd>70</CharacterOffsetEnd>
            <POS>DT</POS>
            <NER>O</NER>
          </token>
          <token id="5">
            <word>two</word>
            <lemma>two</lemma>
            <CharacterOffsetBegin>71</CharacterOffsetBegin>
            <CharacterOffsetEnd>74</CharacterOffsetEnd>
            <POS>CD</POS>
            <NER>NUMBER</NER>
            <NormalizedNER>2000000.0</NormalizedNER>
          </token>
          <token id="6">
            <word>million</word>
            <lemma>million</lemma>
            <CharacterOffsetBegin>75</CharacterOffsetBegin>
            <CharacterOffsetEnd>82</CharacterOffsetEnd>
            <POS>CD</POS>
            <NER>NUMBER</NER>
            <NormalizedNER>2000000.0</NormalizedNER>
          </token>
          <token id="7">
            <word>-</word>
            <lemma>-</lemma>
            <CharacterOffsetBegin>83</CharacterOffsetBegin>
            <CharacterOffsetEnd>84</CharacterOffsetEnd>
            <POS>:</POS>
            <NER>O</NER>
          </token>
          <token id="8">
            <word>euro</word>
            <lemma>euro</lemma>
            <CharacterOffsetBegin>85</CharacterOffsetBegin>
            <CharacterOffsetEnd>89</CharacterOffsetEnd>
            <POS>NN</POS>
            <NER>O</NER>
          </token>
          <token id="9">
            <word>jewellery</word>
            <lemma>jewellery</lemma>
            <CharacterOffsetBegin>90</CharacterOffsetBegin>
            <CharacterOffsetEnd>99</CharacterOffsetEnd>
            <POS>NN</POS>
            <NER>O</NER>
          </token>
          <token id="10">
            <word>heist</word>
            <lemma>heist</lemma>
            <CharacterOffsetBegin>100</CharacterOffsetBegin>
            <CharacterOffsetEnd>105</CharacterOffsetEnd>
            <POS>NN</POS>
            <NER>O</NER>
          </token>
          <token id="11">
            <word>in</word>
            <lemma>in</lemma>
            <CharacterOffsetBegin>106</CharacterOffsetBegin>
            <CharacterOffsetEnd>108</CharacterOffsetEnd>
            <POS>IN</POS>
            <NER>O</NER>
          </token>
          <token id="12">
            <word>central</word>
            <lemma>central</lemma>
            <CharacterOffsetBegin>109</CharacterOffsetBegin>
            <CharacterOffsetEnd>116</CharacterOffsetEnd>
            <POS>JJ</POS>
            <NER>O</NER>
          </token>
          <token id="13">
            <word>Paris</word>
            <lemma>Paris</lemma>
            <CharacterOffsetBegin>117</CharacterOffsetBegin>
            <CharacterOffsetEnd>122</CharacterOffsetEnd>
            <POS>NNP</POS>
            <NER>LOCATION</NER>
          </token>
          <token id="14">
            <word>on</word>
            <lemma>on</lemma>
            <CharacterOffsetBegin>123</CharacterOffsetBegin>
            <CharacterOffsetEnd>125</CharacterOffsetEnd>
            <POS>IN</POS>
            <NER>O</NER>
          </token>
          <token id="15">
            <word>Monday</word>
            <lemma>Monday</lemma>
            <CharacterOffsetBegin>126</CharacterOffsetBegin>
            <CharacterOffsetEnd>132</CharacterOffsetEnd>
            <POS>NNP</POS>
            <NER>DATE</NER>
            <NormalizedNER>XXXX-WXX-1TMO</NormalizedNER>
            <Timex tid="t1" type="TIME">XXXX-WXX-1TMO</Timex>
          </token>
          <token id="16">
            <word>morning</word>
            <lemma>morning</lemma>
            <CharacterOffsetBegin>133</CharacterOffsetBegin>
            <CharacterOffsetEnd>140</CharacterOffsetEnd>
            <POS>NN</POS>
            <NER>TIME</NER>
            <NormalizedNER>XXXX-WXX-1TMO</NormalizedNER>
            <Timex tid="t1" type="TIME">XXXX-WXX-1TMO</Timex>
          </token>
          <token id="17">
            <word>after</word>
            <lemma>after</lemma>
            <CharacterOffsetBegin>141</CharacterOffsetBegin>
            <CharacterOffsetEnd>146</CharacterOffsetEnd>
            <POS>IN</POS>
            <NER>O</NER>
          </token>
          <token id="18">
            <word>smashing</word>
            <lemma>smash</lemma>
            <CharacterOffsetBegin>147</CharacterOffsetBegin>
            <CharacterOffsetEnd>155</CharacterOffsetEnd>
            <POS>VBG</POS>
            <NER>O</NER>
          </token>
          <token id="19">
            <word>their</word>
            <lemma>they</lemma>
            <CharacterOffsetBegin>156</CharacterOffsetBegin>
            <CharacterOffsetEnd>161</CharacterOffsetEnd>
            <POS>PRP$</POS>
            <NER>O</NER>
          </token>
          <token id="20">
            <word>car</word>
            <lemma>car</lemma>
            <CharacterOffsetBegin>162</CharacterOffsetBegin>
            <CharacterOffsetEnd>165</CharacterOffsetEnd>
            <POS>NN</POS>
            <NER>O</NER>
          </token>
          <token id="21">
            <word>through</word>
            <lemma>through</lemma>
            <CharacterOffsetBegin>166</CharacterOffsetBegin>
            <CharacterOffsetEnd>173</CharacterOffsetEnd>
            <POS>IN</POS>
            <NER>O</NER>
          </token>
          <token id="22">
            <word>the</word>
            <lemma>the</lemma>
            <CharacterOffsetBegin>174</CharacterOffsetBegin>
            <CharacterOffsetEnd>177</CharacterOffsetEnd>
            <POS>DT</POS>
            <NER>O</NER>
          </token>
          <token id="23">
            <word>store's</word>
            <lemma>store'</lemma>
            <CharacterOffsetBegin>178</CharacterOffsetBegin>
            <CharacterOffsetEnd>185</CharacterOffsetEnd>
            <POS>NNS</POS>
            <NER>O</NER>
          </token>
          <token id="24">
            <word>front</word>
            <lemma>front</lemma>
            <CharacterOffsetBegin>186</CharacterOffsetBegin>
            <CharacterOffsetEnd>191</CharacterOffsetEnd>
            <POS>NN</POS>
            <NER>O</NER>
          </token>
          <token id="25">
            <word>window</word>
            <lemma>window</lemma>
            <CharacterOffsetBegin>192</CharacterOffsetBegin>
            <CharacterOffsetEnd>198</CharacterOffsetEnd>
            <POS>NN</POS>
            <NER>O</NER>
          </token>
          <token id="26">
            <word>.</word>
            <lemma>.</lemma>
            <CharacterOffsetBegin>199</CharacterOffsetBegin>
            <CharacterOffsetEnd>200</CharacterOffsetEnd>
            <POS>.</POS>
            <NER>O</NER>
          </token>
        </tokens>
        <parse>(ROOT (S (NP (NNS Thieves)) (VP (VBD pulled) (PRT (RP off)) (NP (NP (DT a) (QP (CD two) (CD million))) (: -) (NP (NN euro) (NN jewellery) (NN heist))) (PP (IN in) (NP (JJ central) (NNP Paris))) (PP (IN on) (NP (NNP Monday))) (NP-TMP (NN morning)) (PP (IN after) (S (VP (VBG smashing) (NP (PRP$ their) (NN car)) (PP (IN through) (NP (DT the) (NNS store's) (NN front) (NN window))))))) (. .))) </parse>
        <dependencies type="basic-dependencies">
          <dep type="root">
            <governor idx="0">ROOT</governor>
            <dependent idx="2">pulled</dependent>
          </dep>
          <dep type="nsubj">
            <governor idx="2">pulled</governor>
            <dependent idx="1">Thieves</dependent>
          </dep>
          <dep type="compound:prt">
            <governor idx="2">pulled</governor>
            <dependent idx="3">off</dependent>
          </dep>
          <dep type="det">
            <governor idx="10">heist</governor>
            <dependent idx="4">a</dependent>
          </dep>
          <dep type="compound">
            <governor idx="6">million</governor>
            <dependent idx="5">two</dependent>
          </dep>
          <dep type="nummod">
            <governor idx="10">heist</governor>
            <dependent idx="6">million</dependent>
          </dep>
          <dep type="punct">
            <governor idx="10">heist</governor>
            <dependent idx="7">-</dependent>
          </dep>
          <dep type="compound">
            <governor idx="10">heist</governor>
            <dependent idx="8">euro</dependent>
          </dep>
          <dep type="compound">
            <governor idx="10">heist</governor>
            <dependent idx="9">jewellery</dependent>
          </dep>
          <dep type="dobj">
            <governor idx="2">pulled</governor>
            <dependent idx="10">heist</dependent>
          </dep>
          <dep type="case">
            <governor idx="13">Paris</governor>
            <dependent idx="11">in</dependent>
          </dep>
          <dep type="amod">
            <governor idx="13">Paris</governor>
            <dependent idx="12">central</dependent>
          </dep>
          <dep type="nmod">
            <governor idx="10">heist</governor>
            <dependent idx="13">Paris</dependent>
          </dep>
          <dep type="case">
            <governor idx="16">morning</governor>
            <dependent idx="14">on</dependent>
          </dep>
          <dep type="compound">
            <governor idx="16">morning</governor>
            <dependent idx="15">Monday</dependent>
          </dep>
          <dep type="nmod">
            <governor idx="2">pulled</governor>
            <dependent idx="16">morning</dependent>
          </dep>
          <dep type="mark">
            <governor idx="18">smashing</governor>
            <dependent idx="17">after</dependent>
          </dep>
          <dep type="advcl">
            <governor idx="2">pulled</governor>
            <dependent idx="18">smashing</dependent>
          </dep>
          <dep type="nmod:poss">
            <governor idx="20">car</governor>
            <dependent idx="19">their</dependent>
          </dep>
          <dep type="dobj">
            <governor idx="18">smashing</governor>
            <dependent idx="20">car</dependent>
          </dep>
          <dep type="case">
            <governor idx="25">window</governor>
            <dependent idx="21">through</dependent>
          </dep>
          <dep type="det">
            <governor idx="25">window</governor>
            <dependent idx="22">the</dependent>
          </dep>
          <dep type="compound">
            <governor idx="25">window</governor>
            <dependent idx="23">store's</dependent>
          </dep>
          <dep type="compound">
            <governor idx="25">window</governor>
            <dependent idx="24">front</dependent>
          </dep>
          <dep type="nmod">
            <governor idx="18">smashing</governor>
            <dependent idx="25">window</dependent>
          </dep>
          <dep type="punct">
            <governor idx="2">pulled</governor>
            <dependent idx="26">.</dependent>
          </dep>
        </dependencies>
        <dependencies type="collapsed-dependencies">
          <dep type="root">
            <governor idx="0">ROOT</governor>
            <dependent idx="2">pulled</dependent>
          </dep>
          <dep type="nsubj">
            <governor idx="2">pulled</governor>
            <dependent idx="1">Thieves</dependent>
          </dep>
          <dep type="compound:prt">
            <governor idx="2">pulled</governor>
            <dependent idx="3">off</dependent>
          </dep>
          <dep type="det">
            <governor idx="10">heist</governor>
            <dependent idx="4">a</dependent>
          </dep>
          <dep type="compound">
            <governor idx="6">million</governor>
            <dependent idx="5">two</dependent>
          </dep>
          <dep type="nummod">
            <governor idx="10">heist</governor>
            <dependent idx="6">million</dependent>
          </dep>
          <dep type="punct">
            <governor idx="10">heist</governor>
            <dependent idx="7">-</dependent>
          </dep>
          <dep type="compound">
            <governor idx="10">heist</governor>
            <dependent idx="8">euro</dependent>
          </dep>
          <dep type="compound">
            <governor idx="10">heist</governor>
            <dependent idx="9">jewellery</dependent>
          </dep>
          <dep type="dobj">
            <governor idx="2">pulled</governor>
            <dependent idx="10">heist</dependent>
          </dep>
          <dep type="case">
            <governor idx="13">Paris</governor>
            <dependent idx="11">in</dependent>
          </dep>
          <dep type="amod">
            <governor idx="13">Paris</governor>
            <dependent idx="12">central</dependent>
          </dep>
          <dep type="nmod:in">
            <governor idx="10">heist</governor>
            <dependent idx="13">Paris</dependent>
          </dep>
          <dep type="case">
            <governor idx="16">morning</governor>
            <dependent idx="14">on</dependent>
          </dep>
          <dep type="compound">
            <governor idx="16">morning</governor>
            <dependent idx="15">Monday</dependent>
          </dep>
          <dep type="nmod:on">
            <governor idx="2">pulled</governor>
            <dependent idx="16">morning</dependent>
          </dep>
          <dep type="mark">
            <governor idx="18">smashing</governor>
            <dependent idx="17">after</dependent>
          </dep>
          <dep type="advcl">
            <governor idx="2">pulled</governor>
            <dependent idx="18">smashing</dependent>
          </dep>
          <dep type="nmod:poss">
            <governor idx="20">car</governor>
            <dependent idx="19">their</dependent>
          </dep>
          <dep type="dobj">
            <governor idx="18">smashing</governor>
            <dependent idx="20">car</dependent>
          </dep>
          <dep type="case">
            <governor idx="25">window</governor>
            <dependent idx="21">through</dependent>
          </dep>
          <dep type="det">
            <governor idx="25">window</governor>
            <dependent idx="22">the</dependent>
          </dep>
          <dep type="compound">
            <governor idx="25">window</governor>
            <dependent idx="23">store's</dependent>
          </dep>
          <dep type="compound">
            <governor idx="25">window</governor>
            <dependent idx="24">front</dependent>
          </dep>
          <dep type="nmod:through">
            <governor idx="18">smashing</governor>
            <dependent idx="25">window</dependent>
          </dep>
          <dep type="punct">
            <governor idx="2">pulled</governor>
            <dependent idx="26">.</dependent>
          </dep>
        </dependencies>
        <dependencies type="collapsed-ccprocessed-dependencies">
          <dep type="root">
            <governor idx="0">ROOT</governor>
            <dependent idx="2">pulled</dependent>
          </dep>
          <dep type="nsubj">
            <governor idx="2">pulled</governor>
            <dependent idx="1">Thieves</dependent>
          </dep>
          <dep type="compound:prt">
            <governor idx="2">pulled</governor>
            <dependent idx="3">off</dependent>
          </dep>
          <dep type="det">
            <governor idx="10">heist</governor>
            <dependent idx="4">a</dependent>
          </dep>
          <dep type="compound">
            <governor idx="6">million</governor>
            <dependent idx="5">two</dependent>
          </dep>
          <dep type="nummod">
            <governor idx="10">heist</governor>
            <dependent idx="6">million</dependent>
          </dep>
          <dep type="punct">
            <governor idx="10">heist</governor>
            <dependent idx="7">-</dependent>
          </dep>
          <dep type="compound">
            <governor idx="10">heist</governor>
            <dependent idx="8">euro</dependent>
          </dep>
          <dep type="compound">
            <governor idx="10">heist</governor>
            <dependent idx="9">jewellery</dependent>
          </dep>
          <dep type="dobj">
            <governor idx="2">pulled</governor>
            <dependent idx="10">heist</dependent>
          </dep>
          <dep type="case">
            <governor idx="13">Paris</governor>
            <dependent idx="11">in</dependent>
          </dep>
          <dep type="amod">
            <governor idx="13">Paris</governor>
            <dependent idx="12">central</dependent>
          </dep>
          <dep type="nmod:in">
            <governor idx="10">heist</governor>
            <dependent idx="13">Paris</dependent>
          </dep>
          <dep type="case">
            <governor idx="16">morning</governor>
            <dependent idx="14">on</dependent>
          </dep>
          <dep type="compound">
            <governor idx="16">morning</governor>
            <dependent idx="15">Monday</dependent>
          </dep>
          <dep type="nmod:on">
            <governor idx="2">pulled</governor>
            <dependent idx="16">morning</dependent>
          </dep>
          <dep type="mark">
            <governor idx="18">smashing</governor>
            <dependent idx="17">after</dependent>
          </dep>
          <dep type="advcl">
            <governor idx="2">pulled</governor>
            <dependent idx="18">smashing</dependent>
          </dep>
          <dep type="nmod:poss">
            <governor idx="20">car</governor>
            <dependent idx="19">their</dependent>
          </dep>
          <dep type="dobj">
            <governor idx="18">smashing</governor>
            <dependent idx="20">car</dependent>
          </dep>
          <dep type="case">
            <governor idx="25">window</governor>
            <dependent idx="21">through</dependent>
          </dep>
          <dep type="det">
            <governor idx="25">window</governor>
            <dependent idx="22">the</dependent>
          </dep>
          <dep type="compound">
            <governor idx="25">window</governor>
            <dependent idx="23">store's</dependent>
          </dep>
          <dep type="compound">
            <governor idx="25">window</governor>
            <dependent idx="24">front</dependent>
          </dep>
          <dep type="nmod:through">
            <governor idx="18">smashing</governor>
            <dependent idx="25">window</dependent>
          </dep>
          <dep type="punct">
            <governor idx="2">pulled</governor>
            <dependent idx="26">.</dependent>
          </dep>
        </dependencies>
      </sentence>
      <sentence id="3" line="3">
        <tokens>
          <token id="1">
            <word>The</word>
            <lemma>the</lemma>
            <CharacterOffsetBegin>201</CharacterOffsetBegin>
            <CharacterOffsetEnd>204</CharacterOffsetEnd>
            <POS>DT</POS>
            <NER>O</NER>
          </token>
          <token id="2">
            <word>entire</word>
            <lemma>entire</lemma>
            <CharacterOffsetBegin>205</CharacterOffsetBegin>
            <CharacterOffsetEnd>211</CharacterOffsetEnd>
            <POS>JJ</POS>
            <NER>O</NER>
          </token>
          <token id="3">
            <word>robbery</word>
            <lemma>robbery</lemma>
            <CharacterOffsetBegin>212</CharacterOffsetBegin>
            <CharacterOffsetEnd>219</CharacterOffsetEnd>
            <POS>NN</POS>
            <NER>O</NER>
          </token>
          <token id="4">
            <word>was</word>
            <lemma>be</lemma>
            <CharacterOffsetBegin>220</CharacterOffsetBegin>
            <CharacterOffsetEnd>223</CharacterOffsetEnd>
            <POS>VBD</POS>
            <NER>O</NER>
          </token>
          <token id="5">
            <word>over</word>
            <lemma>over</lemma>
            <CharacterOffsetBegin>224</CharacterOffsetBegin>
            <CharacterOffsetEnd>228</CharacterOffsetEnd>
            <POS>IN</POS>
            <NER>O</NER>
          </token>
          <token id="6">
            <word>in</word>
            <lemma>in</lemma>
            <CharacterOffsetBegin>229</CharacterOffsetBegin>
            <CharacterOffsetEnd>231</CharacterOffsetEnd>
            <POS>IN</POS>
            <NER>O</NER>
          </token>
          <token id="7">
            <word>a</word>
            <lemma>a</lemma>
            <CharacterOffsetBegin>232</CharacterOffsetBegin>
            <CharacterOffsetEnd>233</CharacterOffsetEnd>
            <POS>DT</POS>
            <NER>O</NER>
          </token>
          <token id="8">
            <word>matter</word>
            <lemma>matter</lemma>
            <CharacterOffsetBegin>234</CharacterOffsetBegin>
            <CharacterOffsetEnd>240</CharacterOffsetEnd>
            <POS>NN</POS>
            <NER>O</NER>
          </token>
          <token id="9">
            <word>of</word>
            <lemma>of</lemma>
            <CharacterOffsetBegin>241</CharacterOffsetBegin>
            <CharacterOffsetEnd>243</CharacterOffsetEnd>
            <POS>IN</POS>
            <NER>O</NER>
          </token>
          <token id="10">
            <word>minutes</word>
            <lemma>minute</lemma>
            <CharacterOffsetBegin>244</CharacterOffsetBegin>
            <CharacterOffsetEnd>251</CharacterOffsetEnd>
            <POS>NNS</POS>
            <NER>DURATION</NER>
            <NormalizedNER>PTXM</NormalizedNER>
            <Timex tid="t2" type="DURATION">PTXM</Timex>
          </token>
          <token id="11">
            <word>.</word>
            <lemma>.</lemma>
            <CharacterOffsetBegin>252</CharacterOffsetBegin>
            <CharacterOffsetEnd>253</CharacterOffsetEnd>
            <POS>.</POS>
            <NER>O</NER>
          </token>
        </tokens>
        <parse>(ROOT (S (NP (DT The) (JJ entire) (NN robbery)) (VP (VBD was) (PP (IN over) (IN in) (NP (NP (DT a) (NN matter)) (PP (IN of) (NP (NNS minutes)))))) (. .))) </parse>
        <dependencies type="basic-dependencies">
          <dep type="root">
            <governor idx="0">ROOT</governor>
            <dependent idx="8">matter</dependent>
          </dep>
          <dep type="det">
            <governor idx="3">robbery</governor>
            <dependent idx="1">The</dependent>
          </dep>
          <dep type="amod">
            <governor idx="3">robbery</governor>
            <dependent idx="2">entire</dependent>
          </dep>
          <dep type="nsubj">
            <governor idx="8">matter</governor>
            <dependent idx="3">robbery</dependent>
          </dep>
          <dep type="cop">
            <governor idx="8">matter</governor>
            <dependent idx="4">was</dependent>
          </dep>
          <dep type="case">
            <governor idx="8">matter</governor>
            <dependent idx="5">over</dependent>
          </dep>
          <dep type="case">
            <governor idx="8">matter</governor>
            <dependent idx="6">in</dependent>
          </dep>
          <dep type="det">
            <governor idx="8">matter</governor>
            <dependent idx="7">a</dependent>
          </dep>
          <dep type="case">
            <governor idx="10">minutes</governor>
            <dependent idx="9">of</dependent>
          </dep>
          <dep type="nmod">
            <governor idx="8">matter</governor>
            <dependent idx="10">minutes</dependent>
          </dep>
          <dep type="punct">
            <governor idx="8">matter</governor>
            <dependent idx="11">.</dependent>
          </dep>
        </dependencies>
        <dependencies type="collapsed-dependencies">
          <dep type="root">
            <governor idx="0">ROOT</governor>
            <dependent idx="8">matter</dependent>
          </dep>
          <dep type="det">
            <governor idx="3">robbery</governor>
            <dependent idx="1">The</dependent>
          </dep>
          <dep type="amod">
            <governor idx="3">robbery</governor>
            <dependent idx="2">entire</dependent>
          </dep>
          <dep type="nsubj">
            <governor idx="8">matter</governor>
            <dependent idx="3">robbery</dependent>
          </dep>
          <dep type="cop">
            <governor idx="8">matter</governor>
            <dependent idx="4">was</dependent>
          </dep>
          <dep type="case">
            <governor idx="8">matter</governor>
            <dependent idx="5">over</dependent>
          </dep>
          <dep type="case">
            <governor idx="8">matter</governor>
            <dependent idx="6">in</dependent>
          </dep>
          <dep type="det">
            <governor idx="8">matter</governor>
            <dependent idx="7">a</dependent>
          </dep>
          <dep type="case">
            <governor idx="10">minutes</governor>
            <dependent idx="9">of</dependent>
          </dep>
          <dep type="nmod:of">
            <governor idx="8">matter</governor>
            <dependent idx="10">minutes</dependent>
          </dep>
          <dep type="punct">
            <governor idx="8">matter</governor>
            <dependent idx="11">.</dependent>
          </dep>
        </dependencies>
        <dependencies type="collapsed-ccprocessed-dependencies">
          <dep type="root">
            <governor idx="0">ROOT</governor>
            <dependent idx="8">matter</dependent>
          </dep>
          <dep type="det">
            <governor idx="3">robbery</governor>
            <dependent idx="1">The</dependent>
          </dep>
          <dep type="amod">
            <governor idx="3">robbery</governor>
            <dependent idx="2">entire</dependent>
          </dep>
          <dep type="nsubj">
            <governor idx="8">matter</governor>
            <dependent idx="3">robbery</dependent>
          </dep>
          <dep type="cop">
            <governor idx="8">matter</governor>
            <dependent idx="4">was</dependent>
          </dep>
          <dep type="case">
            <governor idx="8">matter</governor>
            <dependent idx="5">over</dependent>
          </dep>
          <dep type="case">
            <governor idx="8">matter</governor>
            <dependent idx="6">in</dependent>
          </dep>
          <dep type="det">
            <governor idx="8">matter</governor>
            <dependent idx="7">a</dependent>
          </dep>
          <dep type="case">
            <governor idx="10">minutes</governor>
            <dependent idx="9">of</dependent>
          </dep>
          <dep type="nmod:of">
            <governor idx="8">matter</governor>
            <dependent idx="10">minutes</dependent>
          </dep>
          <dep type="punct">
            <governor idx="8">matter</governor>
            <dependent idx="11">.</dependent>
          </dep>
        </dependencies>
      </sentence>
    </sentences>
  </document>
</root>
