<?xml version="1.0" encoding="UTF-8"?>
<?xml-stylesheet href="CoreNLP-to-HTML.xsl" type="text/xsl"?>
<root>
  <document>
    <sentences>
      <sentence id="1" line="1">
        <tokens>
          <token id="1">
            <word>A</word>
            <lemma>a</lemma>
            <CharacterOffsetBegin>0</CharacterOffsetBegin>
            <CharacterOffsetEnd>1</CharacterOffsetEnd>
            <POS>DT</POS>
            <NER>O</NER>
          </token>
          <token id="2">
            <word>gang</word>
            <lemma>gang</lemma>
            <CharacterOffsetBegin>2</CharacterOffsetBegin>
            <CharacterOffsetEnd>6</CharacterOffsetEnd>
            <POS>NN</POS>
            <NER>O</NER>
          </token>
          <token id="3">
            <word>of</word>
            <lemma>of</lemma>
            <CharacterOffsetBegin>7</CharacterOffsetBegin>
            <CharacterOffsetEnd>9</CharacterOffsetEnd>
            <POS>IN</POS>
            <NER>O</NER>
          </token>
          <token id="4">
            <word>four</word>
            <lemma>four</lemma>
            <CharacterOffsetBegin>10</CharacterOffsetBegin>
            <CharacterOffsetEnd>14</CharacterOffsetEnd>
            <POS>CD</POS>
            <NER>NUMBER</NER>
            <NormalizedNER>4.0</NormalizedNER>
          </token>
          <token id="5">
            <word>thieves</word>
            <lemma>thief</lemma>
            <CharacterOffsetBegin>15</CharacterOffsetBegin>
            <CharacterOffsetEnd>22</CharacterOffsetEnd>
            <POS>NNS</POS>
            <NER>O</NER>
          </token>
          <token id="6">
            <word>--</word>
            <lemma>--</lemma>
            <CharacterOffsetBegin>23</CharacterOffsetBegin>
            <CharacterOffsetEnd>25</CharacterOffsetEnd>
            <POS>:</POS>
            <NER>O</NER>
          </token>
          <token id="7">
            <word>two</word>
            <lemma>two</lemma>
            <CharacterOffsetBegin>26</CharacterOffsetBegin>
            <CharacterOffsetEnd>29</CharacterOffsetEnd>
            <POS>CD</POS>
            <NER>NUMBER</NER>
            <NormalizedNER>2.0</NormalizedNER>
          </token>
          <token id="8">
            <word>of</word>
            <lemma>of</lemma>
            <CharacterOffsetBegin>30</CharacterOffsetBegin>
            <CharacterOffsetEnd>32</CharacterOffsetEnd>
            <POS>IN</POS>
            <NER>O</NER>
          </token>
          <token id="9">
            <word>them</word>
            <lemma>they</lemma>
            <CharacterOffsetBegin>33</CharacterOffsetBegin>
            <CharacterOffsetEnd>37</CharacterOffsetEnd>
            <POS>PRP</POS>
            <NER>O</NER>
          </token>
          <token id="10">
            <word>disguised</word>
            <lemma>disguise</lemma>
            <CharacterOffsetBegin>38</CharacterOffsetBegin>
            <CharacterOffsetEnd>47</CharacterOffsetEnd>
            <POS>VBD</POS>
            <NER>O</NER>
          </token>
          <token id="11">
            <word>as</word>
            <lemma>as</lemma>
            <CharacterOffsetBegin>48</CharacterOffsetBegin>
            <CharacterOffsetEnd>50</CharacterOffsetEnd>
            <POS>IN</POS>
            <NER>O</NER>
          </token>
          <token id="12">
            <word>women</word>
            <lemma>woman</lemma>
            <CharacterOffsetBegin>51</CharacterOffsetBegin>
            <CharacterOffsetEnd>56</CharacterOffsetEnd>
            <POS>NNS</POS>
            <NER>O</NER>
          </token>
          <token id="13">
            <word>--</word>
            <lemma>--</lemma>
            <CharacterOffsetBegin>57</CharacterOffsetBegin>
            <CharacterOffsetEnd>59</CharacterOffsetEnd>
            <POS>:</POS>
            <NER>O</NER>
          </token>
          <token id="14">
            <word>on</word>
            <lemma>on</lemma>
            <CharacterOffsetBegin>60</CharacterOffsetBegin>
            <CharacterOffsetEnd>62</CharacterOffsetEnd>
            <POS>IN</POS>
            <NER>O</NER>
          </token>
          <token id="15">
            <word>Thursday</word>
            <lemma>Thursday</lemma>
            <CharacterOffsetBegin>63</CharacterOffsetBegin>
            <CharacterOffsetEnd>71</CharacterOffsetEnd>
            <POS>NNP</POS>
            <NER>DATE</NER>
            <NormalizedNER>XXXX-WXX-4</NormalizedNER>
            <Timex tid="t1" type="DATE">XXXX-WXX-4</Timex>
          </token>
          <token id="16">
            <word>stole</word>
            <lemma>steal</lemma>
            <CharacterOffsetBegin>72</CharacterOffsetBegin>
            <CharacterOffsetEnd>77</CharacterOffsetEnd>
            <POS>VBD</POS>
            <NER>O</NER>
          </token>
          <token id="17">
            <word>nearly</word>
            <lemma>nearly</lemma>
            <CharacterOffsetBegin>78</CharacterOffsetBegin>
            <CharacterOffsetEnd>84</CharacterOffsetEnd>
            <POS>RB</POS>
            <NER>O</NER>
          </token>
          <token id="18">
            <word>all</word>
            <lemma>all</lemma>
            <CharacterOffsetBegin>85</CharacterOffsetBegin>
            <CharacterOffsetEnd>88</CharacterOffsetEnd>
            <POS>PDT</POS>
            <NER>O</NER>
          </token>
          <token id="19">
            <word>the</word>
            <lemma>the</lemma>
            <CharacterOffsetBegin>89</CharacterOffsetBegin>
            <CharacterOffsetEnd>92</CharacterOffsetEnd>
            <POS>DT</POS>
            <NER>O</NER>
          </token>
          <token id="20">
            <word>jewels</word>
            <lemma>jewel</lemma>
            <CharacterOffsetBegin>93</CharacterOffsetBegin>
            <CharacterOffsetEnd>99</CharacterOffsetEnd>
            <POS>NNS</POS>
            <NER>O</NER>
          </token>
          <token id="21">
            <word>on</word>
            <lemma>on</lemma>
            <CharacterOffsetBegin>100</CharacterOffsetBegin>
            <CharacterOffsetEnd>102</CharacterOffsetEnd>
            <POS>IN</POS>
            <NER>O</NER>
          </token>
          <token id="22">
            <word>display</word>
            <lemma>display</lemma>
            <CharacterOffsetBegin>103</CharacterOffsetBegin>
            <CharacterOffsetEnd>110</CharacterOffsetEnd>
            <POS>NN</POS>
            <NER>O</NER>
          </token>
          <token id="23">
            <word>at</word>
            <lemma>at</lemma>
            <CharacterOffsetBegin>111</CharacterOffsetBegin>
            <CharacterOffsetEnd>113</CharacterOffsetEnd>
            <POS>IN</POS>
            <NER>O</NER>
          </token>
          <token id="24">
            <word>the</word>
            <lemma>the</lemma>
            <CharacterOffsetBegin>114</CharacterOffsetBegin>
            <CharacterOffsetEnd>117</CharacterOffsetEnd>
            <POS>DT</POS>
            <NER>O</NER>
          </token>
          <token id="25">
            <word>Harry</word>
            <lemma>Harry</lemma>
            <CharacterOffsetBegin>118</CharacterOffsetBegin>
            <CharacterOffsetEnd>123</CharacterOffsetEnd>
            <POS>NNP</POS>
            <NER>ORGANIZATION</NER>
          </token>
          <token id="26">
            <word>Winston</word>
            <lemma>Winston</lemma>
            <CharacterOffsetBegin>124</CharacterOffsetBegin>
            <CharacterOffsetEnd>131</CharacterOffsetEnd>
            <POS>NNP</POS>
            <NER>ORGANIZATION</NER>
          </token>
          <token id="27">
            <word>boutique</word>
            <lemma>boutique</lemma>
            <CharacterOffsetBegin>132</CharacterOffsetBegin>
            <CharacterOffsetEnd>140</CharacterOffsetEnd>
            <POS>NN</POS>
            <NER>O</NER>
          </token>
          <token id="28">
            <word>just</word>
            <lemma>just</lemma>
            <CharacterOffsetBegin>141</CharacterOffsetBegin>
            <CharacterOffsetEnd>145</CharacterOffsetEnd>
            <POS>RB</POS>
            <NER>O</NER>
          </token>
          <token id="29">
            <word>off</word>
            <lemma>off</lemma>
            <CharacterOffsetBegin>146</CharacterOffsetBegin>
            <CharacterOffsetEnd>149</CharacterOffsetEnd>
            <POS>IN</POS>
            <NER>O</NER>
          </token>
          <token id="30">
            <word>the</word>
            <lemma>the</lemma>
            <CharacterOffsetBegin>150</CharacterOffsetBegin>
            <CharacterOffsetEnd>153</CharacterOffsetEnd>
            <POS>DT</POS>
            <NER>O</NER>
          </token>
          <token id="31">
            <word>Champs-Elysees</word>
            <lemma>Champs-Elysees</lemma>
            <CharacterOffsetBegin>154</CharacterOffsetBegin>
            <CharacterOffsetEnd>168</CharacterOffsetEnd>
            <POS>NNP</POS>
            <NER>LOCATION</NER>
          </token>
          <token id="32">
            <word>avenue</word>
            <lemma>avenue</lemma>
            <CharacterOffsetBegin>169</CharacterOffsetBegin>
            <CharacterOffsetEnd>175</CharacterOffsetEnd>
            <POS>NN</POS>
            <NER>O</NER>
          </token>
          <token id="33">
            <word>,</word>
            <lemma>,</lemma>
            <CharacterOffsetBegin>176</CharacterOffsetBegin>
            <CharacterOffsetEnd>177</CharacterOffsetEnd>
            <POS>,</POS>
            <NER>O</NER>
          </token>
          <token id="34">
            <word>which</word>
            <lemma>which</lemma>
            <CharacterOffsetBegin>178</CharacterOffsetBegin>
            <CharacterOffsetEnd>183</CharacterOffsetEnd>
            <POS>WDT</POS>
            <NER>O</NER>
          </token>
          <token id="35">
            <word>attracts</word>
            <lemma>attract</lemma>
            <CharacterOffsetBegin>184</CharacterOffsetBegin>
            <CharacterOffsetEnd>192</CharacterOffsetEnd>
            <POS>VBZ</POS>
            <NER>O</NER>
          </token>
          <token id="36">
            <word>a</word>
            <lemma>a</lemma>
            <CharacterOffsetBegin>193</CharacterOffsetBegin>
            <CharacterOffsetEnd>194</CharacterOffsetEnd>
            <POS>DT</POS>
            <NER>O</NER>
          </token>
          <token id="37">
            <word>wealthy</word>
            <lemma>wealthy</lemma>
            <CharacterOffsetBegin>195</CharacterOffsetBegin>
            <CharacterOffsetEnd>202</CharacterOffsetEnd>
            <POS>JJ</POS>
            <NER>O</NER>
          </token>
          <token id="38">
            <word>international</word>
            <lemma>international</lemma>
            <CharacterOffsetBegin>203</CharacterOffsetBegin>
            <CharacterOffsetEnd>216</CharacterOffsetEnd>
            <POS>JJ</POS>
            <NER>O</NER>
          </token>
          <token id="39">
            <word>clientele</word>
            <lemma>clientele</lemma>
            <CharacterOffsetBegin>217</CharacterOffsetBegin>
            <CharacterOffsetEnd>226</CharacterOffsetEnd>
            <POS>NNS</POS>
            <NER>O</NER>
          </token>
          <token id="40">
            <word>.</word>
            <lemma>.</lemma>
            <CharacterOffsetBegin>227</CharacterOffsetBegin>
            <CharacterOffsetEnd>228</CharacterOffsetEnd>
            <POS>.</POS>
            <NER>O</NER>
          </token>
        </tokens>
        <parse>(ROOT (S (NP (NP (DT A) (NN gang)) (PP (IN of) (NP (NP (NP (CD four) (NNS thieves)) (PRN (: --) (S (NP (NP (CD two)) (PP (IN of) (NP (PRP them)))) (VP (VBD disguised) (PP (IN as) (NP (NNS women))))) (: --))) (PP (IN on) (NP (NNP Thursday)))))) (VP (VBD stole) (ADVP (RB nearly)) (NP (NP (PDT all) (DT the) (NNS jewels)) (PP (IN on) (NP (NP (NN display)) (PP (IN at) (NP (DT the) (NNP Harry) (NNP Winston) (NN boutique)))))) (ADVP (RB just) (PP (IN off) (NP (NP (DT the) (NNP Champs-Elysees) (NN avenue)) (, ,) (SBAR (WHNP (WDT which)) (S (VP (VBZ attracts) (NP (DT a) (JJ wealthy) (JJ international) (NNS clientele))))))))) (. .))) </parse>
        <dependencies type="basic-dependencies">
          <dep type="root">
            <governor idx="0">ROOT</governor>
            <dependent idx="2">gang</dependent>
          </dep>
          <dep type="det">
            <governor idx="2">gang</governor>
            <dependent idx="1">A</dependent>
          </dep>
          <dep type="case">
            <governor idx="5">thieves</governor>
            <dependent idx="3">of</dependent>
          </dep>
          <dep type="nummod">
            <governor idx="5">thieves</governor>
            <dependent idx="4">four</dependent>
          </dep>
          <dep type="nmod">
            <governor idx="2">gang</governor>
            <dependent idx="5">thieves</dependent>
          </dep>
          <dep type="punct">
            <governor idx="10">disguised</governor>
            <dependent idx="6">--</dependent>
          </dep>
          <dep type="nsubj">
            <governor idx="10">disguised</governor>
            <dependent idx="7">two</dependent>
          </dep>
          <dep type="case">
            <governor idx="9">them</governor>
            <dependent idx="8">of</dependent>
          </dep>
          <dep type="nmod">
            <governor idx="7">two</governor>
            <dependent idx="9">them</dependent>
          </dep>
          <dep type="dep">
            <governor idx="2">gang</governor>
            <dependent idx="10">disguised</dependent>
          </dep>
          <dep type="case">
            <governor idx="12">women</governor>
            <dependent idx="11">as</dependent>
          </dep>
          <dep type="nmod">
            <governor idx="10">disguised</governor>
            <dependent idx="12">women</dependent>
          </dep>
          <dep type="punct">
            <governor idx="10">disguised</governor>
            <dependent idx="13">--</dependent>
          </dep>
          <dep type="case">
            <governor idx="15">Thursday</governor>
            <dependent idx="14">on</dependent>
          </dep>
          <dep type="nmod">
            <governor idx="16">stole</governor>
            <dependent idx="15">Thursday</dependent>
          </dep>
          <dep type="parataxis">
            <governor idx="10">disguised</governor>
            <dependent idx="16">stole</dependent>
          </dep>
          <dep type="advmod">
            <governor idx="20">jewels</governor>
            <dependent idx="17">nearly</dependent>
          </dep>
          <dep type="det:predet">
            <governor idx="20">jewels</governor>
            <dependent idx="18">all</dependent>
          </dep>
          <dep type="det">
            <governor idx="20">jewels</governor>
            <dependent idx="19">the</dependent>
          </dep>
          <dep type="dobj">
            <governor idx="16">stole</governor>
            <dependent idx="20">jewels</dependent>
          </dep>
          <dep type="case">
            <governor idx="22">display</governor>
            <dependent idx="21">on</dependent>
          </dep>
          <dep type="nmod">
            <governor idx="16">stole</governor>
            <dependent idx="22">display</dependent>
          </dep>
          <dep type="case">
            <governor idx="27">boutique</governor>
            <dependent idx="23">at</dependent>
          </dep>
          <dep type="det">
            <governor idx="27">boutique</governor>
            <dependent idx="24">the</dependent>
          </dep>
          <dep type="compound">
            <governor idx="27">boutique</governor>
            <dependent idx="25">Harry</dependent>
          </dep>
          <dep type="compound">
            <governor idx="27">boutique</governor>
            <dependent idx="26">Winston</dependent>
          </dep>
          <dep type="nmod">
            <governor idx="16">stole</governor>
            <dependent idx="27">boutique</dependent>
          </dep>
          <dep type="advmod">
            <governor idx="32">avenue</governor>
            <dependent idx="28">just</dependent>
          </dep>
          <dep type="case">
            <governor idx="32">avenue</governor>
            <dependent idx="29">off</dependent>
          </dep>
          <dep type="det">
            <governor idx="32">avenue</governor>
            <dependent idx="30">the</dependent>
          </dep>
          <dep type="compound">
            <governor idx="32">avenue</governor>
            <dependent idx="31">Champs-Elysees</dependent>
          </dep>
          <dep type="nmod">
            <governor idx="16">stole</governor>
            <dependent idx="32">avenue</dependent>
          </dep>
          <dep type="punct">
            <governor idx="32">avenue</governor>
            <dependent idx="33">,</dependent>
          </dep>
          <dep type="nsubj">
            <governor idx="35">attracts</governor>
            <dependent idx="34">which</dependent>
          </dep>
          <dep type="acl:relcl">
            <governor idx="32">avenue</governor>
            <dependent idx="35">attracts</dependent>
          </dep>
          <dep type="det">
            <governor idx="39">clientele</governor>
            <dependent idx="36">a</dependent>
          </dep>
          <dep type="amod">
            <governor idx="39">clientele</governor>
            <dependent idx="37">wealthy</dependent>
          </dep>
          <dep type="amod">
            <governor idx="39">clientele</governor>
            <dependent idx="38">international</dependent>
          </dep>
          <dep type="dobj">
            <governor idx="35">attracts</governor>
            <dependent idx="39">clientele</dependent>
          </dep>
          <dep type="punct">
            <governor idx="10">disguised</governor>
            <dependent idx="40">.</dependent>
          </dep>
        </dependencies>
        <dependencies type="collapsed-dependencies">
          <dep type="root">
            <governor idx="0">ROOT</governor>
            <dependent idx="2">gang</dependent>
          </dep>
          <dep type="det">
            <governor idx="2">gang</governor>
            <dependent idx="1">A</dependent>
          </dep>
          <dep type="case">
            <governor idx="5">thieves</governor>
            <dependent idx="3">of</dependent>
          </dep>
          <dep type="nummod">
            <governor idx="5">thieves</governor>
            <dependent idx="4">four</dependent>
          </dep>
          <dep type="nmod:of">
            <governor idx="2">gang</governor>
            <dependent idx="5">thieves</dependent>
          </dep>
          <dep type="punct">
            <governor idx="10">disguised</governor>
            <dependent idx="6">--</dependent>
          </dep>
          <dep type="nsubj">
            <governor idx="10">disguised</governor>
            <dependent idx="7">two</dependent>
          </dep>
          <dep type="case">
            <governor idx="9">them</governor>
            <dependent idx="8">of</dependent>
          </dep>
          <dep type="nmod:of">
            <governor idx="7">two</governor>
            <dependent idx="9">them</dependent>
          </dep>
          <dep type="dep">
            <governor idx="2">gang</governor>
            <dependent idx="10">disguised</dependent>
          </dep>
          <dep type="case">
            <governor idx="12">women</governor>
            <dependent idx="11">as</dependent>
          </dep>
          <dep type="nmod:as">
            <governor idx="10">disguised</governor>
            <dependent idx="12">women</dependent>
          </dep>
          <dep type="punct">
            <governor idx="10">disguised</governor>
            <dependent idx="13">--</dependent>
          </dep>
          <dep type="case">
            <governor idx="15">Thursday</governor>
            <dependent idx="14">on</dependent>
          </dep>
          <dep type="nmod:on">
            <governor idx="16">stole</governor>
            <dependent idx="15">Thursday</dependent>
          </dep>
          <dep type="parataxis">
            <governor idx="10">disguised</governor>
            <dependent idx="16">stole</dependent>
          </dep>
          <dep type="advmod">
            <governor idx="20">jewels</governor>
            <dependent idx="17">nearly</dependent>
          </dep>
          <dep type="det:predet">
            <governor idx="20">jewels</governor>
            <dependent idx="18">all</dependent>
          </dep>
          <dep type="det">
            <governor idx="20">jewels</governor>
            <dependent idx="19">the</dependent>
          </dep>
          <dep type="dobj">
            <governor idx="16">stole</governor>
            <dependent idx="20">jewels</dependent>
          </dep>
          <dep type="case">
            <governor idx="22">display</governor>
            <dependent idx="21">on</dependent>
          </dep>
          <dep type="nmod:on">
            <governor idx="16">stole</governor>
            <dependent idx="22">display</dependent>
          </dep>
          <dep type="case">
            <governor idx="27">boutique</governor>
            <dependent idx="23">at</dependent>
          </dep>
          <dep type="det">
            <governor idx="27">boutique</governor>
            <dependent idx="24">the</dependent>
          </dep>
          <dep type="compound">
            <governor idx="27">boutique</governor>
            <dependent idx="25">Harry</dependent>
          </dep>
          <dep type="compound">
            <governor idx="27">boutique</governor>
            <dependent idx="26">Winston</dependent>
          </dep>
          <dep type="nmod:at">
            <governor idx="16">stole</governor>
            <dependent idx="27">boutique</dependent>
          </dep>
          <dep type="advmod">
            <governor idx="32">avenue</governor>
            <dependent idx="28">just</dependent>
          </dep>
          <dep type="case">
            <governor idx="32">avenue</governor>
            <dependent idx="29">off</dependent>
          </dep>
          <dep type="det">
            <governor idx="32">avenue</governor>
            <dependent idx="30">the</dependent>
          </dep>
          <dep type="compound">
            <governor idx="32">avenue</governor>
            <dependent idx="31">Champs-Elysees</dependent>
          </dep>
          <dep type="nmod:off">
            <governor idx="16">stole</governor>
            <dependent idx="32">avenue</dependent>
          </dep>
          <dep type="punct">
            <governor idx="32">avenue</governor>
            <dependent idx="33">,</dependent>
          </dep>
          <dep type="nsubj">
            <governor idx="35">attracts</governor>
            <dependent idx="34">which</dependent>
          </dep>
          <dep type="acl:relcl">
            <governor idx="32">avenue</governor>
            <dependent idx="35">attracts</dependent>
          </dep>
          <dep type="det">
            <governor idx="39">clientele</governor>
            <dependent idx="36">a</dependent>
          </dep>
          <dep type="amod">
            <governor idx="39">clientele</governor>
            <dependent idx="37">wealthy</dependent>
          </dep>
          <dep type="amod">
            <governor idx="39">clientele</governor>
            <dependent idx="38">international</dependent>
          </dep>
          <dep type="dobj">
            <governor idx="35">attracts</governor>
            <dependent idx="39">clientele</dependent>
          </dep>
          <dep type="punct">
            <governor idx="10">disguised</governor>
            <dependent idx="40">.</dependent>
          </dep>
        </dependencies>
        <dependencies type="collapsed-ccprocessed-dependencies">
          <dep type="root">
            <governor idx="0">ROOT</governor>
            <dependent idx="2">gang</dependent>
          </dep>
          <dep type="det">
            <governor idx="2">gang</governor>
            <dependent idx="1">A</dependent>
          </dep>
          <dep type="case">
            <governor idx="5">thieves</governor>
            <dependent idx="3">of</dependent>
          </dep>
          <dep type="nummod">
            <governor idx="5">thieves</governor>
            <dependent idx="4">four</dependent>
          </dep>
          <dep type="nmod:of">
            <governor idx="2">gang</governor>
            <dependent idx="5">thieves</dependent>
          </dep>
          <dep type="punct">
            <governor idx="10">disguised</governor>
            <dependent idx="6">--</dependent>
          </dep>
          <dep type="nsubj">
            <governor idx="10">disguised</governor>
            <dependent idx="7">two</dependent>
          </dep>
          <dep type="case">
            <governor idx="9">them</governor>
            <dependent idx="8">of</dependent>
          </dep>
          <dep type="nmod:of">
            <governor idx="7">two</governor>
            <dependent idx="9">them</dependent>
          </dep>
          <dep type="dep">
            <governor idx="2">gang</governor>
            <dependent idx="10">disguised</dependent>
          </dep>
          <dep type="case">
            <governor idx="12">women</governor>
            <dependent idx="11">as</dependent>
          </dep>
          <dep type="nmod:as">
            <governor idx="10">disguised</governor>
            <dependent idx="12">women</dependent>
          </dep>
          <dep type="punct">
            <governor idx="10">disguised</governor>
            <dependent idx="13">--</dependent>
          </dep>
          <dep type="case">
            <governor idx="15">Thursday</governor>
            <dependent idx="14">on</dependent>
          </dep>
          <dep type="nmod:on">
            <governor idx="16">stole</governor>
            <dependent idx="15">Thursday</dependent>
          </dep>
          <dep type="parataxis">
            <governor idx="10">disguised</governor>
            <dependent idx="16">stole</dependent>
          </dep>
          <dep type="advmod">
            <governor idx="20">jewels</governor>
            <dependent idx="17">nearly</dependent>
          </dep>
          <dep type="det:predet">
            <governor idx="20">jewels</governor>
            <dependent idx="18">all</dependent>
          </dep>
          <dep type="det">
            <governor idx="20">jewels</governor>
            <dependent idx="19">the</dependent>
          </dep>
          <dep type="dobj">
            <governor idx="16">stole</governor>
            <dependent idx="20">jewels</dependent>
          </dep>
          <dep type="case">
            <governor idx="22">display</governor>
            <dependent idx="21">on</dependent>
          </dep>
          <dep type="nmod:on">
            <governor idx="16">stole</governor>
            <dependent idx="22">display</dependent>
          </dep>
          <dep type="case">
            <governor idx="27">boutique</governor>
            <dependent idx="23">at</dependent>
          </dep>
          <dep type="det">
            <governor idx="27">boutique</governor>
            <dependent idx="24">the</dependent>
          </dep>
          <dep type="compound">
            <governor idx="27">boutique</governor>
            <dependent idx="25">Harry</dependent>
          </dep>
          <dep type="compound">
            <governor idx="27">boutique</governor>
            <dependent idx="26">Winston</dependent>
          </dep>
          <dep type="nmod:at">
            <governor idx="16">stole</governor>
            <dependent idx="27">boutique</dependent>
          </dep>
          <dep type="advmod">
            <governor idx="32">avenue</governor>
            <dependent idx="28">just</dependent>
          </dep>
          <dep type="case">
            <governor idx="32">avenue</governor>
            <dependent idx="29">off</dependent>
          </dep>
          <dep type="det">
            <governor idx="32">avenue</governor>
            <dependent idx="30">the</dependent>
          </dep>
          <dep type="compound">
            <governor idx="32">avenue</governor>
            <dependent idx="31">Champs-Elysees</dependent>
          </dep>
          <dep type="nmod:off">
            <governor idx="16">stole</governor>
            <dependent idx="32">avenue</dependent>
          </dep>
          <dep type="punct">
            <governor idx="32">avenue</governor>
            <dependent idx="33">,</dependent>
          </dep>
          <dep type="nsubj">
            <governor idx="35">attracts</governor>
            <dependent idx="34">which</dependent>
          </dep>
          <dep type="acl:relcl">
            <governor idx="32">avenue</governor>
            <dependent idx="35">attracts</dependent>
          </dep>
          <dep type="det">
            <governor idx="39">clientele</governor>
            <dependent idx="36">a</dependent>
          </dep>
          <dep type="amod">
            <governor idx="39">clientele</governor>
            <dependent idx="37">wealthy</dependent>
          </dep>
          <dep type="amod">
            <governor idx="39">clientele</governor>
            <dependent idx="38">international</dependent>
          </dep>
          <dep type="dobj">
            <governor idx="35">attracts</governor>
            <dependent idx="39">clientele</dependent>
          </dep>
          <dep type="punct">
            <governor idx="10">disguised</governor>
            <dependent idx="40">.</dependent>
          </dep>
        </dependencies>
      </sentence>
    </sentences>
  </document>
</root>
