<?xml version="1.0" encoding="UTF-8"?>
<?xml-stylesheet href="CoreNLP-to-HTML.xsl" type="text/xsl"?>
<root>
  <document>
    <sentences>
      <sentence id="1" line="1">
        <tokens>
          <token id="1">
            <word>Microsoft</word>
            <lemma>Microsoft</lemma>
            <CharacterOffsetBegin>0</CharacterOffsetBegin>
            <CharacterOffsetEnd>9</CharacterOffsetEnd>
            <POS>NNP</POS>
            <NER>ORGANIZATION</NER>
          </token>
          <token id="2">
            <word>Launches</word>
            <lemma>Launches</lemma>
            <CharacterOffsetBegin>10</CharacterOffsetBegin>
            <CharacterOffsetEnd>18</CharacterOffsetEnd>
            <POS>NNP</POS>
            <NER>O</NER>
          </token>
          <token id="3">
            <word>Emergency</word>
            <lemma>Emergency</lemma>
            <CharacterOffsetBegin>19</CharacterOffsetBegin>
            <CharacterOffsetEnd>28</CharacterOffsetEnd>
            <POS>NNP</POS>
            <NER>O</NER>
          </token>
          <token id="4">
            <word>Patch</word>
            <lemma>Patch</lemma>
            <CharacterOffsetBegin>29</CharacterOffsetBegin>
            <CharacterOffsetEnd>34</CharacterOffsetEnd>
            <POS>NNP</POS>
            <NER>O</NER>
          </token>
          <token id="5">
            <word>for</word>
            <lemma>for</lemma>
            <CharacterOffsetBegin>35</CharacterOffsetBegin>
            <CharacterOffsetEnd>38</CharacterOffsetEnd>
            <POS>IN</POS>
            <NER>O</NER>
          </token>
          <token id="6">
            <word>Internet</word>
            <lemma>Internet</lemma>
            <CharacterOffsetBegin>39</CharacterOffsetBegin>
            <CharacterOffsetEnd>47</CharacterOffsetEnd>
            <POS>NNP</POS>
            <NER>O</NER>
          </token>
          <token id="7">
            <word>Explorer</word>
            <lemma>Explorer</lemma>
            <CharacterOffsetBegin>48</CharacterOffsetBegin>
            <CharacterOffsetEnd>56</CharacterOffsetEnd>
            <POS>NNP</POS>
            <NER>O</NER>
          </token>
        </tokens>
        <parse>(ROOT (NP (NP (NNP Microsoft) (NNP Launches)) (NP (NP (NNP Emergency) (NNP Patch)) (PP (IN for) (NP (NNP Internet) (NNP Explorer)))))) </parse>
        <dependencies type="basic-dependencies">
          <dep type="root">
            <governor idx="0">ROOT</governor>
            <dependent idx="4">Patch</dependent>
          </dep>
          <dep type="compound">
            <governor idx="4">Patch</governor>
            <dependent idx="1">Microsoft</dependent>
          </dep>
          <dep type="compound">
            <governor idx="4">Patch</governor>
            <dependent idx="2">Launches</dependent>
          </dep>
          <dep type="compound">
            <governor idx="4">Patch</governor>
            <dependent idx="3">Emergency</dependent>
          </dep>
          <dep type="case">
            <governor idx="7">Explorer</governor>
            <dependent idx="5">for</dependent>
          </dep>
          <dep type="compound">
            <governor idx="7">Explorer</governor>
            <dependent idx="6">Internet</dependent>
          </dep>
          <dep type="nmod">
            <governor idx="4">Patch</governor>
            <dependent idx="7">Explorer</dependent>
          </dep>
        </dependencies>
        <dependencies type="collapsed-dependencies">
          <dep type="root">
            <governor idx="0">ROOT</governor>
            <dependent idx="4">Patch</dependent>
          </dep>
          <dep type="compound">
            <governor idx="4">Patch</governor>
            <dependent idx="1">Microsoft</dependent>
          </dep>
          <dep type="compound">
            <governor idx="4">Patch</governor>
            <dependent idx="2">Launches</dependent>
          </dep>
          <dep type="compound">
            <governor idx="4">Patch</governor>
            <dependent idx="3">Emergency</dependent>
          </dep>
          <dep type="case">
            <governor idx="7">Explorer</governor>
            <dependent idx="5">for</dependent>
          </dep>
          <dep type="compound">
            <governor idx="7">Explorer</governor>
            <dependent idx="6">Internet</dependent>
          </dep>
          <dep type="nmod:for">
            <governor idx="4">Patch</governor>
            <dependent idx="7">Explorer</dependent>
          </dep>
        </dependencies>
        <dependencies type="collapsed-ccprocessed-dependencies">
          <dep type="root">
            <governor idx="0">ROOT</governor>
            <dependent idx="4">Patch</dependent>
          </dep>
          <dep type="compound">
            <governor idx="4">Patch</governor>
            <dependent idx="1">Microsoft</dependent>
          </dep>
          <dep type="compound">
            <governor idx="4">Patch</governor>
            <dependent idx="2">Launches</dependent>
          </dep>
          <dep type="compound">
            <governor idx="4">Patch</governor>
            <dependent idx="3">Emergency</dependent>
          </dep>
          <dep type="case">
            <governor idx="7">Explorer</governor>
            <dependent idx="5">for</dependent>
          </dep>
          <dep type="compound">
            <governor idx="7">Explorer</governor>
            <dependent idx="6">Internet</dependent>
          </dep>
          <dep type="nmod:for">
            <governor idx="4">Patch</governor>
            <dependent idx="7">Explorer</dependent>
          </dep>
        </dependencies>
      </sentence>
      <sentence id="2" line="2">
        <tokens>
          <token id="1">
            <word>Microsoft</word>
            <lemma>Microsoft</lemma>
            <CharacterOffsetBegin>57</CharacterOffsetBegin>
            <CharacterOffsetEnd>66</CharacterOffsetEnd>
            <POS>NNP</POS>
            <NER>ORGANIZATION</NER>
          </token>
          <token id="2">
            <word>has</word>
            <lemma>have</lemma>
            <CharacterOffsetBegin>67</CharacterOffsetBegin>
            <CharacterOffsetEnd>70</CharacterOffsetEnd>
            <POS>VBZ</POS>
            <NER>O</NER>
          </token>
          <token id="3">
            <word>just</word>
            <lemma>just</lemma>
            <CharacterOffsetBegin>71</CharacterOffsetBegin>
            <CharacterOffsetEnd>75</CharacterOffsetEnd>
            <POS>RB</POS>
            <NER>O</NER>
          </token>
          <token id="4">
            <word>released</word>
            <lemma>release</lemma>
            <CharacterOffsetBegin>76</CharacterOffsetBegin>
            <CharacterOffsetEnd>84</CharacterOffsetEnd>
            <POS>VBN</POS>
            <NER>O</NER>
          </token>
          <token id="5">
            <word>a</word>
            <lemma>a</lemma>
            <CharacterOffsetBegin>85</CharacterOffsetBegin>
            <CharacterOffsetEnd>86</CharacterOffsetEnd>
            <POS>DT</POS>
            <NER>O</NER>
          </token>
          <token id="6">
            <word>new</word>
            <lemma>new</lemma>
            <CharacterOffsetBegin>87</CharacterOffsetBegin>
            <CharacterOffsetEnd>90</CharacterOffsetEnd>
            <POS>JJ</POS>
            <NER>O</NER>
          </token>
          <token id="7">
            <word>security</word>
            <lemma>security</lemma>
            <CharacterOffsetBegin>91</CharacterOffsetBegin>
            <CharacterOffsetEnd>99</CharacterOffsetEnd>
            <POS>NN</POS>
            <NER>O</NER>
          </token>
          <token id="8">
            <word>update</word>
            <lemma>update</lemma>
            <CharacterOffsetBegin>100</CharacterOffsetBegin>
            <CharacterOffsetEnd>106</CharacterOffsetEnd>
            <POS>VB</POS>
            <NER>O</NER>
          </token>
          <token id="9">
            <word>for</word>
            <lemma>for</lemma>
            <CharacterOffsetBegin>107</CharacterOffsetBegin>
            <CharacterOffsetEnd>110</CharacterOffsetEnd>
            <POS>IN</POS>
            <NER>O</NER>
          </token>
          <token id="10">
            <word>Internet</word>
            <lemma>Internet</lemma>
            <CharacterOffsetBegin>111</CharacterOffsetBegin>
            <CharacterOffsetEnd>119</CharacterOffsetEnd>
            <POS>NNP</POS>
            <NER>O</NER>
          </token>
          <token id="11">
            <word>Explorer</word>
            <lemma>Explorer</lemma>
            <CharacterOffsetBegin>120</CharacterOffsetBegin>
            <CharacterOffsetEnd>128</CharacterOffsetEnd>
            <POS>NNP</POS>
            <NER>O</NER>
          </token>
          <token id="12">
            <word>in</word>
            <lemma>in</lemma>
            <CharacterOffsetBegin>129</CharacterOffsetBegin>
            <CharacterOffsetEnd>131</CharacterOffsetEnd>
            <POS>IN</POS>
            <NER>O</NER>
          </token>
          <token id="13">
            <word>order</word>
            <lemma>order</lemma>
            <CharacterOffsetBegin>132</CharacterOffsetBegin>
            <CharacterOffsetEnd>137</CharacterOffsetEnd>
            <POS>NN</POS>
            <NER>O</NER>
          </token>
          <token id="14">
            <word>to</word>
            <lemma>to</lemma>
            <CharacterOffsetBegin>138</CharacterOffsetBegin>
            <CharacterOffsetEnd>140</CharacterOffsetEnd>
            <POS>TO</POS>
            <NER>O</NER>
          </token>
          <token id="15">
            <word>patch</word>
            <lemma>patch</lemma>
            <CharacterOffsetBegin>141</CharacterOffsetBegin>
            <CharacterOffsetEnd>146</CharacterOffsetEnd>
            <POS>NN</POS>
            <NER>O</NER>
          </token>
          <token id="16">
            <word>a</word>
            <lemma>a</lemma>
            <CharacterOffsetBegin>147</CharacterOffsetBegin>
            <CharacterOffsetEnd>148</CharacterOffsetEnd>
            <POS>DT</POS>
            <NER>O</NER>
          </token>
          <token id="17">
            <word>flaw</word>
            <lemma>flaw</lemma>
            <CharacterOffsetBegin>149</CharacterOffsetBegin>
            <CharacterOffsetEnd>153</CharacterOffsetEnd>
            <POS>NN</POS>
            <NER>O</NER>
          </token>
          <token id="18">
            <word>affecting</word>
            <lemma>affect</lemma>
            <CharacterOffsetBegin>154</CharacterOffsetBegin>
            <CharacterOffsetEnd>163</CharacterOffsetEnd>
            <POS>VBG</POS>
            <NER>O</NER>
          </token>
          <token id="19">
            <word>all</word>
            <lemma>all</lemma>
            <CharacterOffsetBegin>164</CharacterOffsetBegin>
            <CharacterOffsetEnd>167</CharacterOffsetEnd>
            <POS>DT</POS>
            <NER>O</NER>
          </token>
          <token id="20">
            <word>versions</word>
            <lemma>version</lemma>
            <CharacterOffsetBegin>168</CharacterOffsetBegin>
            <CharacterOffsetEnd>176</CharacterOffsetEnd>
            <POS>NNS</POS>
            <NER>O</NER>
          </token>
          <token id="21">
            <word>of</word>
            <lemma>of</lemma>
            <CharacterOffsetBegin>177</CharacterOffsetBegin>
            <CharacterOffsetEnd>179</CharacterOffsetEnd>
            <POS>IN</POS>
            <NER>O</NER>
          </token>
          <token id="22">
            <word>the</word>
            <lemma>the</lemma>
            <CharacterOffsetBegin>180</CharacterOffsetBegin>
            <CharacterOffsetEnd>183</CharacterOffsetEnd>
            <POS>DT</POS>
            <NER>O</NER>
          </token>
          <token id="23">
            <word>company</word>
            <lemma>company</lemma>
            <CharacterOffsetBegin>184</CharacterOffsetBegin>
            <CharacterOffsetEnd>191</CharacterOffsetEnd>
            <POS>NN</POS>
            <NER>O</NER>
          </token>
          <token id="24">
            <word>’</word>
            <lemma>’</lemma>
            <CharacterOffsetBegin>192</CharacterOffsetBegin>
            <CharacterOffsetEnd>193</CharacterOffsetEnd>
            <POS>CD</POS>
            <NER>NUMBER</NER>
          </token>
          <token id="25">
            <word>s</word>
            <lemma>s</lemma>
            <CharacterOffsetBegin>194</CharacterOffsetBegin>
            <CharacterOffsetEnd>195</CharacterOffsetEnd>
            <POS>NNS</POS>
            <NER>O</NER>
          </token>
          <token id="26">
            <word>in</word>
            <lemma>in</lemma>
            <CharacterOffsetBegin>196</CharacterOffsetBegin>
            <CharacterOffsetEnd>198</CharacterOffsetEnd>
            <POS>IN</POS>
            <NER>O</NER>
          </token>
          <token id="27">
            <word>-</word>
            <lemma>-</lemma>
            <CharacterOffsetBegin>199</CharacterOffsetBegin>
            <CharacterOffsetEnd>200</CharacterOffsetEnd>
            <POS>:</POS>
            <NER>O</NER>
          </token>
          <token id="28">
            <word>house</word>
            <lemma>house</lemma>
            <CharacterOffsetBegin>201</CharacterOffsetBegin>
            <CharacterOffsetEnd>206</CharacterOffsetEnd>
            <POS>NN</POS>
            <NER>O</NER>
          </token>
          <token id="29">
            <word>browser</word>
            <lemma>browser</lemma>
            <CharacterOffsetBegin>207</CharacterOffsetBegin>
            <CharacterOffsetEnd>214</CharacterOffsetEnd>
            <POS>NN</POS>
            <NER>O</NER>
          </token>
          <token id="30">
            <word>,</word>
            <lemma>,</lemma>
            <CharacterOffsetBegin>215</CharacterOffsetBegin>
            <CharacterOffsetEnd>216</CharacterOffsetEnd>
            <POS>,</POS>
            <NER>O</NER>
          </token>
          <token id="31">
            <word>including</word>
            <lemma>include</lemma>
            <CharacterOffsetBegin>217</CharacterOffsetBegin>
            <CharacterOffsetEnd>226</CharacterOffsetEnd>
            <POS>VBG</POS>
            <NER>O</NER>
          </token>
          <token id="32">
            <word>IE11</word>
            <lemma>ie11</lemma>
            <CharacterOffsetBegin>227</CharacterOffsetBegin>
            <CharacterOffsetEnd>231</CharacterOffsetEnd>
            <POS>NN</POS>
            <NER>O</NER>
          </token>
          <token id="33">
            <word>on</word>
            <lemma>on</lemma>
            <CharacterOffsetBegin>232</CharacterOffsetBegin>
            <CharacterOffsetEnd>234</CharacterOffsetEnd>
            <POS>IN</POS>
            <NER>O</NER>
          </token>
          <token id="34">
            <word>Windows</word>
            <lemma>Windows</lemma>
            <CharacterOffsetBegin>235</CharacterOffsetBegin>
            <CharacterOffsetEnd>242</CharacterOffsetEnd>
            <POS>NNP</POS>
            <NER>MISC</NER>
          </token>
          <token id="35">
            <word>8</word>
            <lemma>8</lemma>
            <CharacterOffsetBegin>243</CharacterOffsetBegin>
            <CharacterOffsetEnd>244</CharacterOffsetEnd>
            <POS>CD</POS>
            <NER>NUMBER</NER>
            <NormalizedNER>8.0</NormalizedNER>
          </token>
          <token id="36">
            <word>.</word>
            <lemma>.</lemma>
            <CharacterOffsetBegin>245</CharacterOffsetBegin>
            <CharacterOffsetEnd>246</CharacterOffsetEnd>
            <POS>.</POS>
            <NER>O</NER>
          </token>
          <token id="37">
            <word>1</word>
            <lemma>1</lemma>
            <CharacterOffsetBegin>247</CharacterOffsetBegin>
            <CharacterOffsetEnd>248</CharacterOffsetEnd>
            <POS>CD</POS>
            <NER>NUMBER</NER>
            <NormalizedNER>1.0</NormalizedNER>
          </token>
          <token id="38">
            <word>RTM</word>
            <lemma>rtm</lemma>
            <CharacterOffsetBegin>249</CharacterOffsetBegin>
            <CharacterOffsetEnd>252</CharacterOffsetEnd>
            <POS>NN</POS>
            <NER>ORGANIZATION</NER>
          </token>
          <token id="39">
            <word>.</word>
            <lemma>.</lemma>
            <CharacterOffsetBegin>253</CharacterOffsetBegin>
            <CharacterOffsetEnd>254</CharacterOffsetEnd>
            <POS>.</POS>
            <NER>O</NER>
          </token>
        </tokens>
        <parse>(ROOT (S (NP (NNP Microsoft)) (VP (VBZ has) (ADVP (RB just)) (VP (VBN released) (NP (DT a) (JJ new) (NN security)) (VP (VB update) (PP (IN for) (NP (NP (NNP Internet) (NNP Explorer)) (PP (IN in) (NP (NP (NN order)) (PP (TO to) (NP (NN patch))))))) (NP (NP (NP (DT a) (NN flaw)) (VP (VBG affecting) (NP (NP (DT all) (NNS versions)) (PP (IN of) (NP (DT the) (NN company)))) (ADVP (NP (CD ’) (NNS s)) (IN in)))) (: -) (NP (NP (NP (NN house) (NN browser)) (, ,) (PP (VBG including) (NP (NP (NN IE11)) (PP (IN on) (NP (NNP Windows) (CD 8)))))) (. .) (NP (NP (CD 1)) (NP (NN RTM)))))))) (. .))) </parse>
        <dependencies type="basic-dependencies">
          <dep type="root">
            <governor idx="0">ROOT</governor>
            <dependent idx="4">released</dependent>
          </dep>
          <dep type="nsubj">
            <governor idx="4">released</governor>
            <dependent idx="1">Microsoft</dependent>
          </dep>
          <dep type="aux">
            <governor idx="4">released</governor>
            <dependent idx="2">has</dependent>
          </dep>
          <dep type="advmod">
            <governor idx="4">released</governor>
            <dependent idx="3">just</dependent>
          </dep>
          <dep type="det">
            <governor idx="7">security</governor>
            <dependent idx="5">a</dependent>
          </dep>
          <dep type="amod">
            <governor idx="7">security</governor>
            <dependent idx="6">new</dependent>
          </dep>
          <dep type="nsubj">
            <governor idx="8">update</governor>
            <dependent idx="7">security</dependent>
          </dep>
          <dep type="ccomp">
            <governor idx="4">released</governor>
            <dependent idx="8">update</dependent>
          </dep>
          <dep type="case">
            <governor idx="11">Explorer</governor>
            <dependent idx="9">for</dependent>
          </dep>
          <dep type="compound">
            <governor idx="11">Explorer</governor>
            <dependent idx="10">Internet</dependent>
          </dep>
          <dep type="nmod">
            <governor idx="8">update</governor>
            <dependent idx="11">Explorer</dependent>
          </dep>
          <dep type="case">
            <governor idx="13">order</governor>
            <dependent idx="12">in</dependent>
          </dep>
          <dep type="nmod">
            <governor idx="8">update</governor>
            <dependent idx="13">order</dependent>
          </dep>
          <dep type="mark">
            <governor idx="15">patch</governor>
            <dependent idx="14">to</dependent>
          </dep>
          <dep type="acl">
            <governor idx="13">order</governor>
            <dependent idx="15">patch</dependent>
          </dep>
          <dep type="det">
            <governor idx="17">flaw</governor>
            <dependent idx="16">a</dependent>
          </dep>
          <dep type="dobj">
            <governor idx="15">patch</governor>
            <dependent idx="17">flaw</dependent>
          </dep>
          <dep type="acl">
            <governor idx="17">flaw</governor>
            <dependent idx="18">affecting</dependent>
          </dep>
          <dep type="det">
            <governor idx="20">versions</governor>
            <dependent idx="19">all</dependent>
          </dep>
          <dep type="dobj">
            <governor idx="18">affecting</governor>
            <dependent idx="20">versions</dependent>
          </dep>
          <dep type="case">
            <governor idx="23">company</governor>
            <dependent idx="21">of</dependent>
          </dep>
          <dep type="det">
            <governor idx="23">company</governor>
            <dependent idx="22">the</dependent>
          </dep>
          <dep type="nmod">
            <governor idx="20">versions</governor>
            <dependent idx="23">company</dependent>
          </dep>
          <dep type="nummod">
            <governor idx="25">s</governor>
            <dependent idx="24">’</dependent>
          </dep>
          <dep type="dep">
            <governor idx="23">company</governor>
            <dependent idx="25">s</dependent>
          </dep>
          <dep type="case">
            <governor idx="29">browser</governor>
            <dependent idx="26">in</dependent>
          </dep>
          <dep type="punct">
            <governor idx="29">browser</governor>
            <dependent idx="27">-</dependent>
          </dep>
          <dep type="compound">
            <governor idx="29">browser</governor>
            <dependent idx="28">house</dependent>
          </dep>
          <dep type="nmod">
            <governor idx="25">s</governor>
            <dependent idx="29">browser</dependent>
          </dep>
          <dep type="punct">
            <governor idx="29">browser</governor>
            <dependent idx="30">,</dependent>
          </dep>
          <dep type="case">
            <governor idx="32">IE11</governor>
            <dependent idx="31">including</dependent>
          </dep>
          <dep type="nmod">
            <governor idx="29">browser</governor>
            <dependent idx="32">IE11</dependent>
          </dep>
          <dep type="case">
            <governor idx="34">Windows</governor>
            <dependent idx="33">on</dependent>
          </dep>
          <dep type="nmod">
            <governor idx="32">IE11</governor>
            <dependent idx="34">Windows</dependent>
          </dep>
          <dep type="nummod">
            <governor idx="34">Windows</governor>
            <dependent idx="35">8</dependent>
          </dep>
          <dep type="punct">
            <governor idx="29">browser</governor>
            <dependent idx="36">.</dependent>
          </dep>
          <dep type="nummod">
            <governor idx="38">RTM</governor>
            <dependent idx="37">1</dependent>
          </dep>
          <dep type="dep">
            <governor idx="29">browser</governor>
            <dependent idx="38">RTM</dependent>
          </dep>
          <dep type="punct">
            <governor idx="4">released</governor>
            <dependent idx="39">.</dependent>
          </dep>
        </dependencies>
        <dependencies type="collapsed-dependencies">
          <dep type="root">
            <governor idx="0">ROOT</governor>
            <dependent idx="4">released</dependent>
          </dep>
          <dep type="nsubj">
            <governor idx="4">released</governor>
            <dependent idx="1">Microsoft</dependent>
          </dep>
          <dep type="aux">
            <governor idx="4">released</governor>
            <dependent idx="2">has</dependent>
          </dep>
          <dep type="advmod">
            <governor idx="4">released</governor>
            <dependent idx="3">just</dependent>
          </dep>
          <dep type="det">
            <governor idx="7">security</governor>
            <dependent idx="5">a</dependent>
          </dep>
          <dep type="amod">
            <governor idx="7">security</governor>
            <dependent idx="6">new</dependent>
          </dep>
          <dep type="nsubj">
            <governor idx="8">update</governor>
            <dependent idx="7">security</dependent>
          </dep>
          <dep type="ccomp">
            <governor idx="4">released</governor>
            <dependent idx="8">update</dependent>
          </dep>
          <dep type="case">
            <governor idx="11">Explorer</governor>
            <dependent idx="9">for</dependent>
          </dep>
          <dep type="compound">
            <governor idx="11">Explorer</governor>
            <dependent idx="10">Internet</dependent>
          </dep>
          <dep type="nmod:for">
            <governor idx="8">update</governor>
            <dependent idx="11">Explorer</dependent>
          </dep>
          <dep type="case">
            <governor idx="13">order</governor>
            <dependent idx="12">in</dependent>
          </dep>
          <dep type="nmod:in">
            <governor idx="8">update</governor>
            <dependent idx="13">order</dependent>
          </dep>
          <dep type="mark">
            <governor idx="15">patch</governor>
            <dependent idx="14">to</dependent>
          </dep>
          <dep type="acl">
            <governor idx="13">order</governor>
            <dependent idx="15">patch</dependent>
          </dep>
          <dep type="det">
            <governor idx="17">flaw</governor>
            <dependent idx="16">a</dependent>
          </dep>
          <dep type="dobj">
            <governor idx="15">patch</governor>
            <dependent idx="17">flaw</dependent>
          </dep>
          <dep type="acl">
            <governor idx="17">flaw</governor>
            <dependent idx="18">affecting</dependent>
          </dep>
          <dep type="det">
            <governor idx="20">versions</governor>
            <dependent idx="19">all</dependent>
          </dep>
          <dep type="dobj">
            <governor idx="18">affecting</governor>
            <dependent idx="20">versions</dependent>
          </dep>
          <dep type="case">
            <governor idx="23">company</governor>
            <dependent idx="21">of</dependent>
          </dep>
          <dep type="det">
            <governor idx="23">company</governor>
            <dependent idx="22">the</dependent>
          </dep>
          <dep type="nmod:of">
            <governor idx="20">versions</governor>
            <dependent idx="23">company</dependent>
          </dep>
          <dep type="nummod">
            <governor idx="25">s</governor>
            <dependent idx="24">’</dependent>
          </dep>
          <dep type="dep">
            <governor idx="23">company</governor>
            <dependent idx="25">s</dependent>
          </dep>
          <dep type="case">
            <governor idx="29">browser</governor>
            <dependent idx="26">in</dependent>
          </dep>
          <dep type="punct">
            <governor idx="29">browser</governor>
            <dependent idx="27">-</dependent>
          </dep>
          <dep type="compound">
            <governor idx="29">browser</governor>
            <dependent idx="28">house</dependent>
          </dep>
          <dep type="nmod:in">
            <governor idx="25">s</governor>
            <dependent idx="29">browser</dependent>
          </dep>
          <dep type="punct">
            <governor idx="29">browser</governor>
            <dependent idx="30">,</dependent>
          </dep>
          <dep type="case">
            <governor idx="32">IE11</governor>
            <dependent idx="31">including</dependent>
          </dep>
          <dep type="nmod:including">
            <governor idx="29">browser</governor>
            <dependent idx="32">IE11</dependent>
          </dep>
          <dep type="case">
            <governor idx="34">Windows</governor>
            <dependent idx="33">on</dependent>
          </dep>
          <dep type="nmod:on">
            <governor idx="32">IE11</governor>
            <dependent idx="34">Windows</dependent>
          </dep>
          <dep type="nummod">
            <governor idx="34">Windows</governor>
            <dependent idx="35">8</dependent>
          </dep>
          <dep type="punct">
            <governor idx="29">browser</governor>
            <dependent idx="36">.</dependent>
          </dep>
          <dep type="nummod">
            <governor idx="38">RTM</governor>
            <dependent idx="37">1</dependent>
          </dep>
          <dep type="dep">
            <governor idx="29">browser</governor>
            <dependent idx="38">RTM</dependent>
          </dep>
          <dep type="punct">
            <governor idx="4">released</governor>
            <dependent idx="39">.</dependent>
          </dep>
        </dependencies>
        <dependencies type="collapsed-ccprocessed-dependencies">
          <dep type="root">
            <governor idx="0">ROOT</governor>
            <dependent idx="4">released</dependent>
          </dep>
          <dep type="nsubj">
            <governor idx="4">released</governor>
            <dependent idx="1">Microsoft</dependent>
          </dep>
          <dep type="aux">
            <governor idx="4">released</governor>
            <dependent idx="2">has</dependent>
          </dep>
          <dep type="advmod">
            <governor idx="4">released</governor>
            <dependent idx="3">just</dependent>
          </dep>
          <dep type="det">
            <governor idx="7">security</governor>
            <dependent idx="5">a</dependent>
          </dep>
          <dep type="amod">
            <governor idx="7">security</governor>
            <dependent idx="6">new</dependent>
          </dep>
          <dep type="nsubj">
            <governor idx="8">update</governor>
            <dependent idx="7">security</dependent>
          </dep>
          <dep type="ccomp">
            <governor idx="4">released</governor>
            <dependent idx="8">update</dependent>
          </dep>
          <dep type="case">
            <governor idx="11">Explorer</governor>
            <dependent idx="9">for</dependent>
          </dep>
          <dep type="compound">
            <governor idx="11">Explorer</governor>
            <dependent idx="10">Internet</dependent>
          </dep>
          <dep type="nmod:for">
            <governor idx="8">update</governor>
            <dependent idx="11">Explorer</dependent>
          </dep>
          <dep type="case">
            <governor idx="13">order</governor>
            <dependent idx="12">in</dependent>
          </dep>
          <dep type="nmod:in">
            <governor idx="8">update</governor>
            <dependent idx="13">order</dependent>
          </dep>
          <dep type="mark">
            <governor idx="15">patch</governor>
            <dependent idx="14">to</dependent>
          </dep>
          <dep type="acl">
            <governor idx="13">order</governor>
            <dependent idx="15">patch</dependent>
          </dep>
          <dep type="det">
            <governor idx="17">flaw</governor>
            <dependent idx="16">a</dependent>
          </dep>
          <dep type="dobj">
            <governor idx="15">patch</governor>
            <dependent idx="17">flaw</dependent>
          </dep>
          <dep type="acl">
            <governor idx="17">flaw</governor>
            <dependent idx="18">affecting</dependent>
          </dep>
          <dep type="det">
            <governor idx="20">versions</governor>
            <dependent idx="19">all</dependent>
          </dep>
          <dep type="dobj">
            <governor idx="18">affecting</governor>
            <dependent idx="20">versions</dependent>
          </dep>
          <dep type="case">
            <governor idx="23">company</governor>
            <dependent idx="21">of</dependent>
          </dep>
          <dep type="det">
            <governor idx="23">company</governor>
            <dependent idx="22">the</dependent>
          </dep>
          <dep type="nmod:of">
            <governor idx="20">versions</governor>
            <dependent idx="23">company</dependent>
          </dep>
          <dep type="nummod">
            <governor idx="25">s</governor>
            <dependent idx="24">’</dependent>
          </dep>
          <dep type="dep">
            <governor idx="23">company</governor>
            <dependent idx="25">s</dependent>
          </dep>
          <dep type="case">
            <governor idx="29">browser</governor>
            <dependent idx="26">in</dependent>
          </dep>
          <dep type="punct">
            <governor idx="29">browser</governor>
            <dependent idx="27">-</dependent>
          </dep>
          <dep type="compound">
            <governor idx="29">browser</governor>
            <dependent idx="28">house</dependent>
          </dep>
          <dep type="nmod:in">
            <governor idx="25">s</governor>
            <dependent idx="29">browser</dependent>
          </dep>
          <dep type="punct">
            <governor idx="29">browser</governor>
            <dependent idx="30">,</dependent>
          </dep>
          <dep type="case">
            <governor idx="32">IE11</governor>
            <dependent idx="31">including</dependent>
          </dep>
          <dep type="nmod:including">
            <governor idx="29">browser</governor>
            <dependent idx="32">IE11</dependent>
          </dep>
          <dep type="case">
            <governor idx="34">Windows</governor>
            <dependent idx="33">on</dependent>
          </dep>
          <dep type="nmod:on">
            <governor idx="32">IE11</governor>
            <dependent idx="34">Windows</dependent>
          </dep>
          <dep type="nummod">
            <governor idx="34">Windows</governor>
            <dependent idx="35">8</dependent>
          </dep>
          <dep type="punct">
            <governor idx="29">browser</governor>
            <dependent idx="36">.</dependent>
          </dep>
          <dep type="nummod">
            <governor idx="38">RTM</governor>
            <dependent idx="37">1</dependent>
          </dep>
          <dep type="dep">
            <governor idx="29">browser</governor>
            <dependent idx="38">RTM</dependent>
          </dep>
          <dep type="punct">
            <governor idx="4">released</governor>
            <dependent idx="39">.</dependent>
          </dep>
        </dependencies>
      </sentence>
      <sentence id="3" line="3">
        <tokens>
          <token id="1">
            <word>While</word>
            <lemma>while</lemma>
            <CharacterOffsetBegin>255</CharacterOffsetBegin>
            <CharacterOffsetEnd>260</CharacterOffsetEnd>
            <POS>IN</POS>
            <NER>O</NER>
          </token>
          <token id="2">
            <word>Microsoft</word>
            <lemma>Microsoft</lemma>
            <CharacterOffsetBegin>261</CharacterOffsetBegin>
            <CharacterOffsetEnd>270</CharacterOffsetEnd>
            <POS>NNP</POS>
            <NER>ORGANIZATION</NER>
          </token>
          <token id="3">
            <word>claims</word>
            <lemma>claim</lemma>
            <CharacterOffsetBegin>271</CharacterOffsetBegin>
            <CharacterOffsetEnd>277</CharacterOffsetEnd>
            <POS>VBZ</POS>
            <NER>O</NER>
          </token>
          <token id="4">
            <word>that</word>
            <lemma>that</lemma>
            <CharacterOffsetBegin>278</CharacterOffsetBegin>
            <CharacterOffsetEnd>282</CharacterOffsetEnd>
            <POS>IN</POS>
            <NER>O</NER>
          </token>
          <token id="5">
            <word>it</word>
            <lemma>it</lemma>
            <CharacterOffsetBegin>283</CharacterOffsetBegin>
            <CharacterOffsetEnd>285</CharacterOffsetEnd>
            <POS>PRP</POS>
            <NER>O</NER>
          </token>
          <token id="6">
            <word>has</word>
            <lemma>have</lemma>
            <CharacterOffsetBegin>286</CharacterOffsetBegin>
            <CharacterOffsetEnd>289</CharacterOffsetEnd>
            <POS>VBZ</POS>
            <NER>O</NER>
          </token>
          <token id="7">
            <word>received</word>
            <lemma>receive</lemma>
            <CharacterOffsetBegin>290</CharacterOffsetBegin>
            <CharacterOffsetEnd>298</CharacterOffsetEnd>
            <POS>VBN</POS>
            <NER>O</NER>
          </token>
          <token id="8">
            <word>reports</word>
            <lemma>report</lemma>
            <CharacterOffsetBegin>299</CharacterOffsetBegin>
            <CharacterOffsetEnd>306</CharacterOffsetEnd>
            <POS>NNS</POS>
            <NER>O</NER>
          </token>
          <token id="9">
            <word>of</word>
            <lemma>of</lemma>
            <CharacterOffsetBegin>307</CharacterOffsetBegin>
            <CharacterOffsetEnd>309</CharacterOffsetEnd>
            <POS>IN</POS>
            <NER>O</NER>
          </token>
          <token id="10">
            <word>attacks</word>
            <lemma>attack</lemma>
            <CharacterOffsetBegin>310</CharacterOffsetBegin>
            <CharacterOffsetEnd>317</CharacterOffsetEnd>
            <POS>NNS</POS>
            <NER>O</NER>
          </token>
          <token id="11">
            <word>aimed</word>
            <lemma>aim</lemma>
            <CharacterOffsetBegin>318</CharacterOffsetBegin>
            <CharacterOffsetEnd>323</CharacterOffsetEnd>
            <POS>VBN</POS>
            <NER>O</NER>
          </token>
          <token id="12">
            <word>at</word>
            <lemma>at</lemma>
            <CharacterOffsetBegin>324</CharacterOffsetBegin>
            <CharacterOffsetEnd>326</CharacterOffsetEnd>
            <POS>IN</POS>
            <NER>O</NER>
          </token>
          <token id="13">
            <word>Internet</word>
            <lemma>Internet</lemma>
            <CharacterOffsetBegin>327</CharacterOffsetBegin>
            <CharacterOffsetEnd>335</CharacterOffsetEnd>
            <POS>NNP</POS>
            <NER>O</NER>
          </token>
          <token id="14">
            <word>Explorer</word>
            <lemma>Explorer</lemma>
            <CharacterOffsetBegin>336</CharacterOffsetBegin>
            <CharacterOffsetEnd>344</CharacterOffsetEnd>
            <POS>NNP</POS>
            <NER>O</NER>
          </token>
          <token id="15">
            <word>8</word>
            <lemma>8</lemma>
            <CharacterOffsetBegin>345</CharacterOffsetBegin>
            <CharacterOffsetEnd>346</CharacterOffsetEnd>
            <POS>CD</POS>
            <NER>NUMBER</NER>
            <NormalizedNER>8.0</NormalizedNER>
          </token>
          <token id="16">
            <word>and</word>
            <lemma>and</lemma>
            <CharacterOffsetBegin>347</CharacterOffsetBegin>
            <CharacterOffsetEnd>350</CharacterOffsetEnd>
            <POS>CC</POS>
            <NER>O</NER>
          </token>
          <token id="17">
            <word>9</word>
            <lemma>9</lemma>
            <CharacterOffsetBegin>351</CharacterOffsetBegin>
            <CharacterOffsetEnd>352</CharacterOffsetEnd>
            <POS>CD</POS>
            <NER>NUMBER</NER>
            <NormalizedNER>9.0</NormalizedNER>
          </token>
          <token id="18">
            <word>,</word>
            <lemma>,</lemma>
            <CharacterOffsetBegin>353</CharacterOffsetBegin>
            <CharacterOffsetEnd>354</CharacterOffsetEnd>
            <POS>,</POS>
            <NER>O</NER>
          </token>
          <token id="19">
            <word>it</word>
            <lemma>it</lemma>
            <CharacterOffsetBegin>355</CharacterOffsetBegin>
            <CharacterOffsetEnd>357</CharacterOffsetEnd>
            <POS>PRP</POS>
            <NER>O</NER>
          </token>
          <token id="20">
            <word>appears</word>
            <lemma>appear</lemma>
            <CharacterOffsetBegin>358</CharacterOffsetBegin>
            <CharacterOffsetEnd>365</CharacterOffsetEnd>
            <POS>VBZ</POS>
            <NER>O</NER>
          </token>
          <token id="21">
            <word>that</word>
            <lemma>that</lemma>
            <CharacterOffsetBegin>366</CharacterOffsetBegin>
            <CharacterOffsetEnd>370</CharacterOffsetEnd>
            <POS>IN</POS>
            <NER>O</NER>
          </token>
          <token id="22">
            <word>the</word>
            <lemma>the</lemma>
            <CharacterOffsetBegin>371</CharacterOffsetBegin>
            <CharacterOffsetEnd>374</CharacterOffsetEnd>
            <POS>DT</POS>
            <NER>O</NER>
          </token>
          <token id="23">
            <word>security</word>
            <lemma>security</lemma>
            <CharacterOffsetBegin>375</CharacterOffsetBegin>
            <CharacterOffsetEnd>383</CharacterOffsetEnd>
            <POS>NN</POS>
            <NER>O</NER>
          </token>
          <token id="24">
            <word>flaw</word>
            <lemma>flaw</lemma>
            <CharacterOffsetBegin>384</CharacterOffsetBegin>
            <CharacterOffsetEnd>388</CharacterOffsetEnd>
            <POS>NN</POS>
            <NER>O</NER>
          </token>
          <token id="25">
            <word>affects</word>
            <lemma>affect</lemma>
            <CharacterOffsetBegin>389</CharacterOffsetBegin>
            <CharacterOffsetEnd>396</CharacterOffsetEnd>
            <POS>VBZ</POS>
            <NER>O</NER>
          </token>
          <token id="26">
            <word>all</word>
            <lemma>all</lemma>
            <CharacterOffsetBegin>397</CharacterOffsetBegin>
            <CharacterOffsetEnd>400</CharacterOffsetEnd>
            <POS>PDT</POS>
            <NER>O</NER>
          </token>
          <token id="27">
            <word>the</word>
            <lemma>the</lemma>
            <CharacterOffsetBegin>401</CharacterOffsetBegin>
            <CharacterOffsetEnd>404</CharacterOffsetEnd>
            <POS>DT</POS>
            <NER>O</NER>
          </token>
          <token id="28">
            <word>other</word>
            <lemma>other</lemma>
            <CharacterOffsetBegin>405</CharacterOffsetBegin>
            <CharacterOffsetEnd>410</CharacterOffsetEnd>
            <POS>JJ</POS>
            <NER>O</NER>
          </token>
          <token id="29">
            <word>versions</word>
            <lemma>version</lemma>
            <CharacterOffsetBegin>411</CharacterOffsetBegin>
            <CharacterOffsetEnd>419</CharacterOffsetEnd>
            <POS>NNS</POS>
            <NER>O</NER>
          </token>
          <token id="30">
            <word>of</word>
            <lemma>of</lemma>
            <CharacterOffsetBegin>420</CharacterOffsetBegin>
            <CharacterOffsetEnd>422</CharacterOffsetEnd>
            <POS>IN</POS>
            <NER>O</NER>
          </token>
          <token id="31">
            <word>the</word>
            <lemma>the</lemma>
            <CharacterOffsetBegin>423</CharacterOffsetBegin>
            <CharacterOffsetEnd>426</CharacterOffsetEnd>
            <POS>DT</POS>
            <NER>O</NER>
          </token>
          <token id="32">
            <word>browser</word>
            <lemma>browser</lemma>
            <CharacterOffsetBegin>427</CharacterOffsetBegin>
            <CharacterOffsetEnd>434</CharacterOffsetEnd>
            <POS>NN</POS>
            <NER>O</NER>
          </token>
          <token id="33">
            <word>.</word>
            <lemma>.</lemma>
            <CharacterOffsetBegin>435</CharacterOffsetBegin>
            <CharacterOffsetEnd>436</CharacterOffsetEnd>
            <POS>.</POS>
            <NER>O</NER>
          </token>
        </tokens>
        <parse>(ROOT (S (SBAR (IN While) (S (NP (NNP Microsoft)) (VP (VBZ claims) (SBAR (IN that) (S (NP (PRP it)) (VP (VBZ has) (VP (VBN received) (NP (NP (NNS reports)) (PP (IN of) (NP (NP (NNS attacks)) (VP (VBN aimed) (PP (IN at) (NP (NP (NNP Internet) (NNP Explorer)) (NP (QP (CD 8) (CC and) (CD 9)))))))))))))))) (, ,) (NP (PRP it)) (VP (VBZ appears) (SBAR (IN that) (S (NP (DT the) (NN security) (NN flaw)) (VP (VBZ affects) (NP (NP (PDT all) (DT the) (JJ other) (NNS versions)) (PP (IN of) (NP (DT the) (NN browser)))))))) (. .))) </parse>
        <dependencies type="basic-dependencies">
          <dep type="root">
            <governor idx="0">ROOT</governor>
            <dependent idx="20">appears</dependent>
          </dep>
          <dep type="mark">
            <governor idx="3">claims</governor>
            <dependent idx="1">While</dependent>
          </dep>
          <dep type="nsubj">
            <governor idx="3">claims</governor>
            <dependent idx="2">Microsoft</dependent>
          </dep>
          <dep type="advcl">
            <governor idx="20">appears</governor>
            <dependent idx="3">claims</dependent>
          </dep>
          <dep type="mark">
            <governor idx="7">received</governor>
            <dependent idx="4">that</dependent>
          </dep>
          <dep type="nsubj">
            <governor idx="7">received</governor>
            <dependent idx="5">it</dependent>
          </dep>
          <dep type="aux">
            <governor idx="7">received</governor>
            <dependent idx="6">has</dependent>
          </dep>
          <dep type="ccomp">
            <governor idx="3">claims</governor>
            <dependent idx="7">received</dependent>
          </dep>
          <dep type="dobj">
            <governor idx="7">received</governor>
            <dependent idx="8">reports</dependent>
          </dep>
          <dep type="case">
            <governor idx="10">attacks</governor>
            <dependent idx="9">of</dependent>
          </dep>
          <dep type="nmod">
            <governor idx="8">reports</governor>
            <dependent idx="10">attacks</dependent>
          </dep>
          <dep type="acl">
            <governor idx="10">attacks</governor>
            <dependent idx="11">aimed</dependent>
          </dep>
          <dep type="case">
            <governor idx="14">Explorer</governor>
            <dependent idx="12">at</dependent>
          </dep>
          <dep type="compound">
            <governor idx="14">Explorer</governor>
            <dependent idx="13">Internet</dependent>
          </dep>
          <dep type="nmod">
            <governor idx="11">aimed</governor>
            <dependent idx="14">Explorer</dependent>
          </dep>
          <dep type="nummod">
            <governor idx="14">Explorer</governor>
            <dependent idx="15">8</dependent>
          </dep>
          <dep type="cc">
            <governor idx="14">Explorer</governor>
            <dependent idx="16">and</dependent>
          </dep>
          <dep type="conj">
            <governor idx="14">Explorer</governor>
            <dependent idx="17">9</dependent>
          </dep>
          <dep type="punct">
            <governor idx="20">appears</governor>
            <dependent idx="18">,</dependent>
          </dep>
          <dep type="nsubj">
            <governor idx="20">appears</governor>
            <dependent idx="19">it</dependent>
          </dep>
          <dep type="mark">
            <governor idx="25">affects</governor>
            <dependent idx="21">that</dependent>
          </dep>
          <dep type="det">
            <governor idx="24">flaw</governor>
            <dependent idx="22">the</dependent>
          </dep>
          <dep type="compound">
            <governor idx="24">flaw</governor>
            <dependent idx="23">security</dependent>
          </dep>
          <dep type="nsubj">
            <governor idx="25">affects</governor>
            <dependent idx="24">flaw</dependent>
          </dep>
          <dep type="ccomp">
            <governor idx="20">appears</governor>
            <dependent idx="25">affects</dependent>
          </dep>
          <dep type="det:predet">
            <governor idx="29">versions</governor>
            <dependent idx="26">all</dependent>
          </dep>
          <dep type="det">
            <governor idx="29">versions</governor>
            <dependent idx="27">the</dependent>
          </dep>
          <dep type="amod">
            <governor idx="29">versions</governor>
            <dependent idx="28">other</dependent>
          </dep>
          <dep type="dobj">
            <governor idx="25">affects</governor>
            <dependent idx="29">versions</dependent>
          </dep>
          <dep type="case">
            <governor idx="32">browser</governor>
            <dependent idx="30">of</dependent>
          </dep>
          <dep type="det">
            <governor idx="32">browser</governor>
            <dependent idx="31">the</dependent>
          </dep>
          <dep type="nmod">
            <governor idx="29">versions</governor>
            <dependent idx="32">browser</dependent>
          </dep>
          <dep type="punct">
            <governor idx="20">appears</governor>
            <dependent idx="33">.</dependent>
          </dep>
        </dependencies>
        <dependencies type="collapsed-dependencies">
          <dep type="root">
            <governor idx="0">ROOT</governor>
            <dependent idx="20">appears</dependent>
          </dep>
          <dep type="mark">
            <governor idx="3">claims</governor>
            <dependent idx="1">While</dependent>
          </dep>
          <dep type="nsubj">
            <governor idx="3">claims</governor>
            <dependent idx="2">Microsoft</dependent>
          </dep>
          <dep type="advcl">
            <governor idx="20">appears</governor>
            <dependent idx="3">claims</dependent>
          </dep>
          <dep type="mark">
            <governor idx="7">received</governor>
            <dependent idx="4">that</dependent>
          </dep>
          <dep type="nsubj">
            <governor idx="7">received</governor>
            <dependent idx="5">it</dependent>
          </dep>
          <dep type="aux">
            <governor idx="7">received</governor>
            <dependent idx="6">has</dependent>
          </dep>
          <dep type="ccomp">
            <governor idx="3">claims</governor>
            <dependent idx="7">received</dependent>
          </dep>
          <dep type="dobj">
            <governor idx="7">received</governor>
            <dependent idx="8">reports</dependent>
          </dep>
          <dep type="case">
            <governor idx="10">attacks</governor>
            <dependent idx="9">of</dependent>
          </dep>
          <dep type="nmod:of">
            <governor idx="8">reports</governor>
            <dependent idx="10">attacks</dependent>
          </dep>
          <dep type="acl">
            <governor idx="10">attacks</governor>
            <dependent idx="11">aimed</dependent>
          </dep>
          <dep type="case">
            <governor idx="14">Explorer</governor>
            <dependent idx="12">at</dependent>
          </dep>
          <dep type="compound">
            <governor idx="14">Explorer</governor>
            <dependent idx="13">Internet</dependent>
          </dep>
          <dep type="nmod:at">
            <governor idx="11">aimed</governor>
            <dependent idx="14">Explorer</dependent>
          </dep>
          <dep type="nummod">
            <governor idx="14">Explorer</governor>
            <dependent idx="15">8</dependent>
          </dep>
          <dep type="cc">
            <governor idx="14">Explorer</governor>
            <dependent idx="16">and</dependent>
          </dep>
          <dep type="conj:and">
            <governor idx="14">Explorer</governor>
            <dependent idx="17">9</dependent>
          </dep>
          <dep type="punct">
            <governor idx="20">appears</governor>
            <dependent idx="18">,</dependent>
          </dep>
          <dep type="nsubj">
            <governor idx="20">appears</governor>
            <dependent idx="19">it</dependent>
          </dep>
          <dep type="mark">
            <governor idx="25">affects</governor>
            <dependent idx="21">that</dependent>
          </dep>
          <dep type="det">
            <governor idx="24">flaw</governor>
            <dependent idx="22">the</dependent>
          </dep>
          <dep type="compound">
            <governor idx="24">flaw</governor>
            <dependent idx="23">security</dependent>
          </dep>
          <dep type="nsubj">
            <governor idx="25">affects</governor>
            <dependent idx="24">flaw</dependent>
          </dep>
          <dep type="ccomp">
            <governor idx="20">appears</governor>
            <dependent idx="25">affects</dependent>
          </dep>
          <dep type="det:predet">
            <governor idx="29">versions</governor>
            <dependent idx="26">all</dependent>
          </dep>
          <dep type="det">
            <governor idx="29">versions</governor>
            <dependent idx="27">the</dependent>
          </dep>
          <dep type="amod">
            <governor idx="29">versions</governor>
            <dependent idx="28">other</dependent>
          </dep>
          <dep type="dobj">
            <governor idx="25">affects</governor>
            <dependent idx="29">versions</dependent>
          </dep>
          <dep type="case">
            <governor idx="32">browser</governor>
            <dependent idx="30">of</dependent>
          </dep>
          <dep type="det">
            <governor idx="32">browser</governor>
            <dependent idx="31">the</dependent>
          </dep>
          <dep type="nmod:of">
            <governor idx="29">versions</governor>
            <dependent idx="32">browser</dependent>
          </dep>
          <dep type="punct">
            <governor idx="20">appears</governor>
            <dependent idx="33">.</dependent>
          </dep>
        </dependencies>
        <dependencies type="collapsed-ccprocessed-dependencies">
          <dep type="root">
            <governor idx="0">ROOT</governor>
            <dependent idx="20">appears</dependent>
          </dep>
          <dep type="mark">
            <governor idx="3">claims</governor>
            <dependent idx="1">While</dependent>
          </dep>
          <dep type="nsubj">
            <governor idx="3">claims</governor>
            <dependent idx="2">Microsoft</dependent>
          </dep>
          <dep type="advcl">
            <governor idx="20">appears</governor>
            <dependent idx="3">claims</dependent>
          </dep>
          <dep type="mark">
            <governor idx="7">received</governor>
            <dependent idx="4">that</dependent>
          </dep>
          <dep type="nsubj">
            <governor idx="7">received</governor>
            <dependent idx="5">it</dependent>
          </dep>
          <dep type="aux">
            <governor idx="7">received</governor>
            <dependent idx="6">has</dependent>
          </dep>
          <dep type="ccomp">
            <governor idx="3">claims</governor>
            <dependent idx="7">received</dependent>
          </dep>
          <dep type="dobj">
            <governor idx="7">received</governor>
            <dependent idx="8">reports</dependent>
          </dep>
          <dep type="case">
            <governor idx="10">attacks</governor>
            <dependent idx="9">of</dependent>
          </dep>
          <dep type="nmod:of">
            <governor idx="8">reports</governor>
            <dependent idx="10">attacks</dependent>
          </dep>
          <dep type="acl">
            <governor idx="10">attacks</governor>
            <dependent idx="11">aimed</dependent>
          </dep>
          <dep type="case">
            <governor idx="14">Explorer</governor>
            <dependent idx="12">at</dependent>
          </dep>
          <dep type="compound">
            <governor idx="14">Explorer</governor>
            <dependent idx="13">Internet</dependent>
          </dep>
          <dep type="nmod:at">
            <governor idx="11">aimed</governor>
            <dependent idx="14">Explorer</dependent>
          </dep>
          <dep type="nummod">
            <governor idx="14">Explorer</governor>
            <dependent idx="15">8</dependent>
          </dep>
          <dep type="cc">
            <governor idx="14">Explorer</governor>
            <dependent idx="16">and</dependent>
          </dep>
          <dep type="nmod:at" extra="true">
            <governor idx="11">aimed</governor>
            <dependent idx="17">9</dependent>
          </dep>
          <dep type="conj:and">
            <governor idx="14">Explorer</governor>
            <dependent idx="17">9</dependent>
          </dep>
          <dep type="punct">
            <governor idx="20">appears</governor>
            <dependent idx="18">,</dependent>
          </dep>
          <dep type="nsubj">
            <governor idx="20">appears</governor>
            <dependent idx="19">it</dependent>
          </dep>
          <dep type="mark">
            <governor idx="25">affects</governor>
            <dependent idx="21">that</dependent>
          </dep>
          <dep type="det">
            <governor idx="24">flaw</governor>
            <dependent idx="22">the</dependent>
          </dep>
          <dep type="compound">
            <governor idx="24">flaw</governor>
            <dependent idx="23">security</dependent>
          </dep>
          <dep type="nsubj">
            <governor idx="25">affects</governor>
            <dependent idx="24">flaw</dependent>
          </dep>
          <dep type="ccomp">
            <governor idx="20">appears</governor>
            <dependent idx="25">affects</dependent>
          </dep>
          <dep type="det:predet">
            <governor idx="29">versions</governor>
            <dependent idx="26">all</dependent>
          </dep>
          <dep type="det">
            <governor idx="29">versions</governor>
            <dependent idx="27">the</dependent>
          </dep>
          <dep type="amod">
            <governor idx="29">versions</governor>
            <dependent idx="28">other</dependent>
          </dep>
          <dep type="dobj">
            <governor idx="25">affects</governor>
            <dependent idx="29">versions</dependent>
          </dep>
          <dep type="case">
            <governor idx="32">browser</governor>
            <dependent idx="30">of</dependent>
          </dep>
          <dep type="det">
            <governor idx="32">browser</governor>
            <dependent idx="31">the</dependent>
          </dep>
          <dep type="nmod:of">
            <governor idx="29">versions</governor>
            <dependent idx="32">browser</dependent>
          </dep>
          <dep type="punct">
            <governor idx="20">appears</governor>
            <dependent idx="33">.</dependent>
          </dep>
        </dependencies>
      </sentence>
    </sentences>
  </document>
</root>
