<?xml version="1.0" encoding="UTF-8"?>
<?xml-stylesheet href="CoreNLP-to-HTML.xsl" type="text/xsl"?>
<root>
  <document>
    <sentences>
      <sentence id="1" line="1">
        <tokens>
          <token id="1">
            <word>Microsoft</word>
            <lemma>Microsoft</lemma>
            <CharacterOffsetBegin>0</CharacterOffsetBegin>
            <CharacterOffsetEnd>9</CharacterOffsetEnd>
            <POS>NNP</POS>
            <NER>ORGANIZATION</NER>
          </token>
          <token id="2">
            <word>has</word>
            <lemma>have</lemma>
            <CharacterOffsetBegin>10</CharacterOffsetBegin>
            <CharacterOffsetEnd>13</CharacterOffsetEnd>
            <POS>VBZ</POS>
            <NER>O</NER>
          </token>
          <token id="3">
            <word>issued</word>
            <lemma>issue</lemma>
            <CharacterOffsetBegin>14</CharacterOffsetBegin>
            <CharacterOffsetEnd>20</CharacterOffsetEnd>
            <POS>VBN</POS>
            <NER>O</NER>
          </token>
          <token id="4">
            <word>a</word>
            <lemma>a</lemma>
            <CharacterOffsetBegin>21</CharacterOffsetBegin>
            <CharacterOffsetEnd>22</CharacterOffsetEnd>
            <POS>DT</POS>
            <NER>O</NER>
          </token>
          <token id="5">
            <word>security</word>
            <lemma>security</lemma>
            <CharacterOffsetBegin>23</CharacterOffsetBegin>
            <CharacterOffsetEnd>31</CharacterOffsetEnd>
            <POS>NN</POS>
            <NER>O</NER>
          </token>
          <token id="6">
            <word>patch</word>
            <lemma>patch</lemma>
            <CharacterOffsetBegin>32</CharacterOffsetBegin>
            <CharacterOffsetEnd>37</CharacterOffsetEnd>
            <POS>NN</POS>
            <NER>O</NER>
          </token>
          <token id="7">
            <word>to</word>
            <lemma>to</lemma>
            <CharacterOffsetBegin>38</CharacterOffsetBegin>
            <CharacterOffsetEnd>40</CharacterOffsetEnd>
            <POS>TO</POS>
            <NER>O</NER>
          </token>
          <token id="8">
            <word>fix</word>
            <lemma>fix</lemma>
            <CharacterOffsetBegin>41</CharacterOffsetBegin>
            <CharacterOffsetEnd>44</CharacterOffsetEnd>
            <POS>VB</POS>
            <NER>O</NER>
          </token>
          <token id="9">
            <word>a</word>
            <lemma>a</lemma>
            <CharacterOffsetBegin>45</CharacterOffsetBegin>
            <CharacterOffsetEnd>46</CharacterOffsetEnd>
            <POS>DT</POS>
            <NER>O</NER>
          </token>
          <token id="10">
            <word>critical</word>
            <lemma>critical</lemma>
            <CharacterOffsetBegin>47</CharacterOffsetBegin>
            <CharacterOffsetEnd>55</CharacterOffsetEnd>
            <POS>JJ</POS>
            <NER>O</NER>
          </token>
          <token id="11">
            <word>vulnerability</word>
            <lemma>vulnerability</lemma>
            <CharacterOffsetBegin>56</CharacterOffsetBegin>
            <CharacterOffsetEnd>69</CharacterOffsetEnd>
            <POS>NN</POS>
            <NER>O</NER>
          </token>
          <token id="12">
            <word>in</word>
            <lemma>in</lemma>
            <CharacterOffsetBegin>70</CharacterOffsetBegin>
            <CharacterOffsetEnd>72</CharacterOffsetEnd>
            <POS>IN</POS>
            <NER>O</NER>
          </token>
          <token id="13">
            <word>its</word>
            <lemma>its</lemma>
            <CharacterOffsetBegin>73</CharacterOffsetBegin>
            <CharacterOffsetEnd>76</CharacterOffsetEnd>
            <POS>PRP$</POS>
            <NER>O</NER>
          </token>
          <token id="14">
            <word>Internet</word>
            <lemma>internet</lemma>
            <CharacterOffsetBegin>77</CharacterOffsetBegin>
            <CharacterOffsetEnd>85</CharacterOffsetEnd>
            <POS>NN</POS>
            <NER>O</NER>
          </token>
          <token id="15">
            <word>Explorer</word>
            <lemma>Explorer</lemma>
            <CharacterOffsetBegin>86</CharacterOffsetBegin>
            <CharacterOffsetEnd>94</CharacterOffsetEnd>
            <POS>NNP</POS>
            <NER>O</NER>
          </token>
          <token id="16">
            <word>browser</word>
            <lemma>browser</lemma>
            <CharacterOffsetBegin>95</CharacterOffsetBegin>
            <CharacterOffsetEnd>102</CharacterOffsetEnd>
            <POS>NN</POS>
            <NER>O</NER>
          </token>
          <token id="17">
            <word>which</word>
            <lemma>which</lemma>
            <CharacterOffsetBegin>103</CharacterOffsetBegin>
            <CharacterOffsetEnd>108</CharacterOffsetEnd>
            <POS>WDT</POS>
            <NER>O</NER>
          </token>
          <token id="18">
            <word>it</word>
            <lemma>it</lemma>
            <CharacterOffsetBegin>109</CharacterOffsetBegin>
            <CharacterOffsetEnd>111</CharacterOffsetEnd>
            <POS>PRP</POS>
            <NER>O</NER>
          </token>
          <token id="19">
            <word>said</word>
            <lemma>say</lemma>
            <CharacterOffsetBegin>112</CharacterOffsetBegin>
            <CharacterOffsetEnd>116</CharacterOffsetEnd>
            <POS>VBD</POS>
            <NER>O</NER>
          </token>
          <token id="20">
            <word>has</word>
            <lemma>have</lemma>
            <CharacterOffsetBegin>117</CharacterOffsetBegin>
            <CharacterOffsetEnd>120</CharacterOffsetEnd>
            <POS>VBZ</POS>
            <NER>O</NER>
          </token>
          <token id="21">
            <word>attacked</word>
            <lemma>attack</lemma>
            <CharacterOffsetBegin>121</CharacterOffsetBegin>
            <CharacterOffsetEnd>129</CharacterOffsetEnd>
            <POS>VBN</POS>
            <NER>O</NER>
          </token>
          <token id="22">
            <word>over</word>
            <lemma>over</lemma>
            <CharacterOffsetBegin>130</CharacterOffsetBegin>
            <CharacterOffsetEnd>134</CharacterOffsetEnd>
            <POS>IN</POS>
            <NER>O</NER>
          </token>
          <token id="23">
            <word>2m</word>
            <lemma>2m</lemma>
            <CharacterOffsetBegin>135</CharacterOffsetBegin>
            <CharacterOffsetEnd>137</CharacterOffsetEnd>
            <POS>JJ</POS>
            <NER>O</NER>
          </token>
          <token id="24">
            <word>Windows</word>
            <lemma>Windows</lemma>
            <CharacterOffsetBegin>138</CharacterOffsetBegin>
            <CharacterOffsetEnd>145</CharacterOffsetEnd>
            <POS>NNP</POS>
            <NER>MISC</NER>
          </token>
          <token id="25">
            <word>users</word>
            <lemma>user</lemma>
            <CharacterOffsetBegin>146</CharacterOffsetBegin>
            <CharacterOffsetEnd>151</CharacterOffsetEnd>
            <POS>NNS</POS>
            <NER>O</NER>
          </token>
          <token id="26">
            <word>.</word>
            <lemma>.</lemma>
            <CharacterOffsetBegin>152</CharacterOffsetBegin>
            <CharacterOffsetEnd>153</CharacterOffsetEnd>
            <POS>.</POS>
            <NER>O</NER>
          </token>
        </tokens>
        <parse>(ROOT (S (NP (NNP Microsoft)) (VP (VBZ has) (VP (VBN issued) (NP (DT a) (NN security) (NN patch)) (S (VP (TO to) (VP (VB fix) (NP (DT a) (JJ critical) (NN vulnerability)) (PP (IN in) (NP (NP (PRP$ its) (NN Internet) (NNP Explorer) (NN browser)) (SBAR (WHNP (WDT which)) (S (NP (PRP it)) (VP (VBD said) (SBAR (S (VP (VBZ has) (VP (VBN attacked) (PP (IN over) (NP (JJ 2m) (NNP Windows) (NNS users))))))))))))))))) (. .))) </parse>
        <dependencies type="basic-dependencies">
          <dep type="root">
            <governor idx="0">ROOT</governor>
            <dependent idx="3">issued</dependent>
          </dep>
          <dep type="nsubj">
            <governor idx="3">issued</governor>
            <dependent idx="1">Microsoft</dependent>
          </dep>
          <dep type="aux">
            <governor idx="3">issued</governor>
            <dependent idx="2">has</dependent>
          </dep>
          <dep type="det">
            <governor idx="6">patch</governor>
            <dependent idx="4">a</dependent>
          </dep>
          <dep type="compound">
            <governor idx="6">patch</governor>
            <dependent idx="5">security</dependent>
          </dep>
          <dep type="dobj">
            <governor idx="3">issued</governor>
            <dependent idx="6">patch</dependent>
          </dep>
          <dep type="mark">
            <governor idx="8">fix</governor>
            <dependent idx="7">to</dependent>
          </dep>
          <dep type="advcl">
            <governor idx="3">issued</governor>
            <dependent idx="8">fix</dependent>
          </dep>
          <dep type="det">
            <governor idx="11">vulnerability</governor>
            <dependent idx="9">a</dependent>
          </dep>
          <dep type="amod">
            <governor idx="11">vulnerability</governor>
            <dependent idx="10">critical</dependent>
          </dep>
          <dep type="dobj">
            <governor idx="8">fix</governor>
            <dependent idx="11">vulnerability</dependent>
          </dep>
          <dep type="case">
            <governor idx="16">browser</governor>
            <dependent idx="12">in</dependent>
          </dep>
          <dep type="nmod:poss">
            <governor idx="16">browser</governor>
            <dependent idx="13">its</dependent>
          </dep>
          <dep type="compound">
            <governor idx="16">browser</governor>
            <dependent idx="14">Internet</dependent>
          </dep>
          <dep type="compound">
            <governor idx="16">browser</governor>
            <dependent idx="15">Explorer</dependent>
          </dep>
          <dep type="nmod">
            <governor idx="11">vulnerability</governor>
            <dependent idx="16">browser</dependent>
          </dep>
          <dep type="dobj">
            <governor idx="19">said</governor>
            <dependent idx="17">which</dependent>
          </dep>
          <dep type="nsubj">
            <governor idx="19">said</governor>
            <dependent idx="18">it</dependent>
          </dep>
          <dep type="acl:relcl">
            <governor idx="16">browser</governor>
            <dependent idx="19">said</dependent>
          </dep>
          <dep type="aux">
            <governor idx="21">attacked</governor>
            <dependent idx="20">has</dependent>
          </dep>
          <dep type="ccomp">
            <governor idx="19">said</governor>
            <dependent idx="21">attacked</dependent>
          </dep>
          <dep type="case">
            <governor idx="25">users</governor>
            <dependent idx="22">over</dependent>
          </dep>
          <dep type="amod">
            <governor idx="25">users</governor>
            <dependent idx="23">2m</dependent>
          </dep>
          <dep type="compound">
            <governor idx="25">users</governor>
            <dependent idx="24">Windows</dependent>
          </dep>
          <dep type="nmod">
            <governor idx="21">attacked</governor>
            <dependent idx="25">users</dependent>
          </dep>
          <dep type="punct">
            <governor idx="3">issued</governor>
            <dependent idx="26">.</dependent>
          </dep>
        </dependencies>
        <dependencies type="collapsed-dependencies">
          <dep type="root">
            <governor idx="0">ROOT</governor>
            <dependent idx="3">issued</dependent>
          </dep>
          <dep type="nsubj">
            <governor idx="3">issued</governor>
            <dependent idx="1">Microsoft</dependent>
          </dep>
          <dep type="aux">
            <governor idx="3">issued</governor>
            <dependent idx="2">has</dependent>
          </dep>
          <dep type="det">
            <governor idx="6">patch</governor>
            <dependent idx="4">a</dependent>
          </dep>
          <dep type="compound">
            <governor idx="6">patch</governor>
            <dependent idx="5">security</dependent>
          </dep>
          <dep type="dobj">
            <governor idx="3">issued</governor>
            <dependent idx="6">patch</dependent>
          </dep>
          <dep type="mark">
            <governor idx="8">fix</governor>
            <dependent idx="7">to</dependent>
          </dep>
          <dep type="advcl">
            <governor idx="3">issued</governor>
            <dependent idx="8">fix</dependent>
          </dep>
          <dep type="det">
            <governor idx="11">vulnerability</governor>
            <dependent idx="9">a</dependent>
          </dep>
          <dep type="amod">
            <governor idx="11">vulnerability</governor>
            <dependent idx="10">critical</dependent>
          </dep>
          <dep type="dobj">
            <governor idx="8">fix</governor>
            <dependent idx="11">vulnerability</dependent>
          </dep>
          <dep type="case">
            <governor idx="16">browser</governor>
            <dependent idx="12">in</dependent>
          </dep>
          <dep type="nmod:poss">
            <governor idx="16">browser</governor>
            <dependent idx="13">its</dependent>
          </dep>
          <dep type="compound">
            <governor idx="16">browser</governor>
            <dependent idx="14">Internet</dependent>
          </dep>
          <dep type="compound">
            <governor idx="16">browser</governor>
            <dependent idx="15">Explorer</dependent>
          </dep>
          <dep type="nmod:in">
            <governor idx="11">vulnerability</governor>
            <dependent idx="16">browser</dependent>
          </dep>
          <dep type="dobj">
            <governor idx="19">said</governor>
            <dependent idx="17">which</dependent>
          </dep>
          <dep type="nsubj">
            <governor idx="19">said</governor>
            <dependent idx="18">it</dependent>
          </dep>
          <dep type="acl:relcl">
            <governor idx="16">browser</governor>
            <dependent idx="19">said</dependent>
          </dep>
          <dep type="aux">
            <governor idx="21">attacked</governor>
            <dependent idx="20">has</dependent>
          </dep>
          <dep type="ccomp">
            <governor idx="19">said</governor>
            <dependent idx="21">attacked</dependent>
          </dep>
          <dep type="case">
            <governor idx="25">users</governor>
            <dependent idx="22">over</dependent>
          </dep>
          <dep type="amod">
            <governor idx="25">users</governor>
            <dependent idx="23">2m</dependent>
          </dep>
          <dep type="compound">
            <governor idx="25">users</governor>
            <dependent idx="24">Windows</dependent>
          </dep>
          <dep type="nmod:over">
            <governor idx="21">attacked</governor>
            <dependent idx="25">users</dependent>
          </dep>
          <dep type="punct">
            <governor idx="3">issued</governor>
            <dependent idx="26">.</dependent>
          </dep>
        </dependencies>
        <dependencies type="collapsed-ccprocessed-dependencies">
          <dep type="root">
            <governor idx="0">ROOT</governor>
            <dependent idx="3">issued</dependent>
          </dep>
          <dep type="nsubj">
            <governor idx="3">issued</governor>
            <dependent idx="1">Microsoft</dependent>
          </dep>
          <dep type="aux">
            <governor idx="3">issued</governor>
            <dependent idx="2">has</dependent>
          </dep>
          <dep type="det">
            <governor idx="6">patch</governor>
            <dependent idx="4">a</dependent>
          </dep>
          <dep type="compound">
            <governor idx="6">patch</governor>
            <dependent idx="5">security</dependent>
          </dep>
          <dep type="dobj">
            <governor idx="3">issued</governor>
            <dependent idx="6">patch</dependent>
          </dep>
          <dep type="mark">
            <governor idx="8">fix</governor>
            <dependent idx="7">to</dependent>
          </dep>
          <dep type="advcl">
            <governor idx="3">issued</governor>
            <dependent idx="8">fix</dependent>
          </dep>
          <dep type="det">
            <governor idx="11">vulnerability</governor>
            <dependent idx="9">a</dependent>
          </dep>
          <dep type="amod">
            <governor idx="11">vulnerability</governor>
            <dependent idx="10">critical</dependent>
          </dep>
          <dep type="dobj">
            <governor idx="8">fix</governor>
            <dependent idx="11">vulnerability</dependent>
          </dep>
          <dep type="case">
            <governor idx="16">browser</governor>
            <dependent idx="12">in</dependent>
          </dep>
          <dep type="nmod:poss">
            <governor idx="16">browser</governor>
            <dependent idx="13">its</dependent>
          </dep>
          <dep type="compound">
            <governor idx="16">browser</governor>
            <dependent idx="14">Internet</dependent>
          </dep>
          <dep type="compound">
            <governor idx="16">browser</governor>
            <dependent idx="15">Explorer</dependent>
          </dep>
          <dep type="nmod:in">
            <governor idx="11">vulnerability</governor>
            <dependent idx="16">browser</dependent>
          </dep>
          <dep type="dobj">
            <governor idx="19">said</governor>
            <dependent idx="17">which</dependent>
          </dep>
          <dep type="nsubj">
            <governor idx="19">said</governor>
            <dependent idx="18">it</dependent>
          </dep>
          <dep type="acl:relcl">
            <governor idx="16">browser</governor>
            <dependent idx="19">said</dependent>
          </dep>
          <dep type="aux">
            <governor idx="21">attacked</governor>
            <dependent idx="20">has</dependent>
          </dep>
          <dep type="ccomp">
            <governor idx="19">said</governor>
            <dependent idx="21">attacked</dependent>
          </dep>
          <dep type="case">
            <governor idx="25">users</governor>
            <dependent idx="22">over</dependent>
          </dep>
          <dep type="amod">
            <governor idx="25">users</governor>
            <dependent idx="23">2m</dependent>
          </dep>
          <dep type="compound">
            <governor idx="25">users</governor>
            <dependent idx="24">Windows</dependent>
          </dep>
          <dep type="nmod:over">
            <governor idx="21">attacked</governor>
            <dependent idx="25">users</dependent>
          </dep>
          <dep type="punct">
            <governor idx="3">issued</governor>
            <dependent idx="26">.</dependent>
          </dep>
        </dependencies>
      </sentence>
    </sentences>
  </document>
</root>
