<?xml version="1.0" encoding="UTF-8"?>
<?xml-stylesheet href="CoreNLP-to-HTML.xsl" type="text/xsl"?>
<root>
  <document>
    <sentences>
      <sentence id="1" line="1">
        <tokens>
          <token id="1">
            <word>W.</word>
            <lemma>W.</lemma>
            <CharacterOffsetBegin>0</CharacterOffsetBegin>
            <CharacterOffsetEnd>2</CharacterOffsetEnd>
            <POS>NNP</POS>
            <NER>PERSON</NER>
          </token>
          <token id="2">
            <word>Mark</word>
            <lemma>Mark</lemma>
            <CharacterOffsetBegin>3</CharacterOffsetBegin>
            <CharacterOffsetEnd>7</CharacterOffsetEnd>
            <POS>NNP</POS>
            <NER>PERSON</NER>
          </token>
          <token id="3">
            <word>Felt</word>
            <lemma>Felt</lemma>
            <CharacterOffsetBegin>8</CharacterOffsetBegin>
            <CharacterOffsetEnd>12</CharacterOffsetEnd>
            <POS>NNP</POS>
            <NER>PERSON</NER>
          </token>
          <token id="4">
            <word>,</word>
            <lemma>,</lemma>
            <CharacterOffsetBegin>13</CharacterOffsetBegin>
            <CharacterOffsetEnd>14</CharacterOffsetEnd>
            <POS>,</POS>
            <NER>O</NER>
          </token>
          <token id="5">
            <word>the</word>
            <lemma>the</lemma>
            <CharacterOffsetBegin>15</CharacterOffsetBegin>
            <CharacterOffsetEnd>18</CharacterOffsetEnd>
            <POS>DT</POS>
            <NER>O</NER>
          </token>
          <token id="6">
            <word>former</word>
            <lemma>former</lemma>
            <CharacterOffsetBegin>19</CharacterOffsetBegin>
            <CharacterOffsetEnd>25</CharacterOffsetEnd>
            <POS>JJ</POS>
            <NER>O</NER>
          </token>
          <token id="7">
            <word>FBI</word>
            <lemma>FBI</lemma>
            <CharacterOffsetBegin>26</CharacterOffsetBegin>
            <CharacterOffsetEnd>29</CharacterOffsetEnd>
            <POS>NNP</POS>
            <NER>ORGANIZATION</NER>
          </token>
          <token id="8">
            <word>official</word>
            <lemma>official</lemma>
            <CharacterOffsetBegin>30</CharacterOffsetBegin>
            <CharacterOffsetEnd>38</CharacterOffsetEnd>
            <POS>NN</POS>
            <NER>O</NER>
          </token>
          <token id="9">
            <word>who</word>
            <lemma>who</lemma>
            <CharacterOffsetBegin>39</CharacterOffsetBegin>
            <CharacterOffsetEnd>42</CharacterOffsetEnd>
            <POS>WP</POS>
            <NER>O</NER>
          </token>
          <token id="10">
            <word>ended</word>
            <lemma>end</lemma>
            <CharacterOffsetBegin>43</CharacterOffsetBegin>
            <CharacterOffsetEnd>48</CharacterOffsetEnd>
            <POS>VBD</POS>
            <NER>O</NER>
          </token>
          <token id="11">
            <word>one</word>
            <lemma>one</lemma>
            <CharacterOffsetBegin>49</CharacterOffsetBegin>
            <CharacterOffsetEnd>52</CharacterOffsetEnd>
            <POS>CD</POS>
            <NER>NUMBER</NER>
            <NormalizedNER>1.0</NormalizedNER>
          </token>
          <token id="12">
            <word>of</word>
            <lemma>of</lemma>
            <CharacterOffsetBegin>53</CharacterOffsetBegin>
            <CharacterOffsetEnd>55</CharacterOffsetEnd>
            <POS>IN</POS>
            <NER>O</NER>
          </token>
          <token id="13">
            <word>the</word>
            <lemma>the</lemma>
            <CharacterOffsetBegin>56</CharacterOffsetBegin>
            <CharacterOffsetEnd>59</CharacterOffsetEnd>
            <POS>DT</POS>
            <NER>O</NER>
          </token>
          <token id="14">
            <word>United</word>
            <lemma>United</lemma>
            <CharacterOffsetBegin>60</CharacterOffsetBegin>
            <CharacterOffsetEnd>66</CharacterOffsetEnd>
            <POS>NNP</POS>
            <NER>LOCATION</NER>
          </token>
          <token id="15">
            <word>States</word>
            <lemma>States</lemma>
            <CharacterOffsetBegin>67</CharacterOffsetBegin>
            <CharacterOffsetEnd>73</CharacterOffsetEnd>
            <POS>NNPS</POS>
            <NER>LOCATION</NER>
          </token>
          <token id="16">
            <word>'</word>
            <lemma>'</lemma>
            <CharacterOffsetBegin>74</CharacterOffsetBegin>
            <CharacterOffsetEnd>75</CharacterOffsetEnd>
            <POS>POS</POS>
            <NER>O</NER>
          </token>
          <token id="17">
            <word>most</word>
            <lemma>most</lemma>
            <CharacterOffsetBegin>76</CharacterOffsetBegin>
            <CharacterOffsetEnd>80</CharacterOffsetEnd>
            <POS>RBS</POS>
            <NER>O</NER>
          </token>
          <token id="18">
            <word>intriguing</word>
            <lemma>intriguing</lemma>
            <CharacterOffsetBegin>81</CharacterOffsetBegin>
            <CharacterOffsetEnd>91</CharacterOffsetEnd>
            <POS>JJ</POS>
            <NER>O</NER>
          </token>
          <token id="19">
            <word>political</word>
            <lemma>political</lemma>
            <CharacterOffsetBegin>92</CharacterOffsetBegin>
            <CharacterOffsetEnd>101</CharacterOffsetEnd>
            <POS>JJ</POS>
            <NER>O</NER>
          </token>
          <token id="20">
            <word>mysteries</word>
            <lemma>mystery</lemma>
            <CharacterOffsetBegin>102</CharacterOffsetBegin>
            <CharacterOffsetEnd>111</CharacterOffsetEnd>
            <POS>NNS</POS>
            <NER>O</NER>
          </token>
          <token id="21">
            <word>when</word>
            <lemma>when</lemma>
            <CharacterOffsetBegin>112</CharacterOffsetBegin>
            <CharacterOffsetEnd>116</CharacterOffsetEnd>
            <POS>WRB</POS>
            <NER>O</NER>
          </token>
          <token id="22">
            <word>he</word>
            <lemma>he</lemma>
            <CharacterOffsetBegin>117</CharacterOffsetBegin>
            <CharacterOffsetEnd>119</CharacterOffsetEnd>
            <POS>PRP</POS>
            <NER>O</NER>
          </token>
          <token id="23">
            <word>identified</word>
            <lemma>identify</lemma>
            <CharacterOffsetBegin>120</CharacterOffsetBegin>
            <CharacterOffsetEnd>130</CharacterOffsetEnd>
            <POS>VBD</POS>
            <NER>O</NER>
          </token>
          <token id="24">
            <word>himself</word>
            <lemma>himself</lemma>
            <CharacterOffsetBegin>131</CharacterOffsetBegin>
            <CharacterOffsetEnd>138</CharacterOffsetEnd>
            <POS>PRP</POS>
            <NER>O</NER>
          </token>
          <token id="25">
            <word>as</word>
            <lemma>as</lemma>
            <CharacterOffsetBegin>139</CharacterOffsetBegin>
            <CharacterOffsetEnd>141</CharacterOffsetEnd>
            <POS>IN</POS>
            <NER>O</NER>
          </token>
          <token id="26">
            <word>``</word>
            <lemma>``</lemma>
            <CharacterOffsetBegin>142</CharacterOffsetBegin>
            <CharacterOffsetEnd>144</CharacterOffsetEnd>
            <POS>``</POS>
            <NER>O</NER>
          </token>
          <token id="27">
            <word>Deep</word>
            <lemma>deep</lemma>
            <CharacterOffsetBegin>145</CharacterOffsetBegin>
            <CharacterOffsetEnd>149</CharacterOffsetEnd>
            <POS>JJ</POS>
            <NER>O</NER>
          </token>
          <token id="28">
            <word>Throat</word>
            <lemma>throat</lemma>
            <CharacterOffsetBegin>150</CharacterOffsetBegin>
            <CharacterOffsetEnd>156</CharacterOffsetEnd>
            <POS>NN</POS>
            <NER>O</NER>
          </token>
          <token id="29">
            <word>''</word>
            <lemma>''</lemma>
            <CharacterOffsetBegin>157</CharacterOffsetBegin>
            <CharacterOffsetEnd>159</CharacterOffsetEnd>
            <POS>''</POS>
            <NER>O</NER>
          </token>
          <token id="30">
            <word>--</word>
            <lemma>--</lemma>
            <CharacterOffsetBegin>160</CharacterOffsetBegin>
            <CharacterOffsetEnd>162</CharacterOffsetEnd>
            <POS>:</POS>
            <NER>O</NER>
          </token>
          <token id="31">
            <word>the</word>
            <lemma>the</lemma>
            <CharacterOffsetBegin>163</CharacterOffsetBegin>
            <CharacterOffsetEnd>166</CharacterOffsetEnd>
            <POS>DT</POS>
            <NER>O</NER>
          </token>
          <token id="32">
            <word>nickname</word>
            <lemma>nickname</lemma>
            <CharacterOffsetBegin>167</CharacterOffsetBegin>
            <CharacterOffsetEnd>175</CharacterOffsetEnd>
            <POS>NN</POS>
            <NER>O</NER>
          </token>
          <token id="33">
            <word>for</word>
            <lemma>for</lemma>
            <CharacterOffsetBegin>176</CharacterOffsetBegin>
            <CharacterOffsetEnd>179</CharacterOffsetEnd>
            <POS>IN</POS>
            <NER>O</NER>
          </token>
          <token id="34">
            <word>the</word>
            <lemma>the</lemma>
            <CharacterOffsetBegin>180</CharacterOffsetBegin>
            <CharacterOffsetEnd>183</CharacterOffsetEnd>
            <POS>DT</POS>
            <NER>O</NER>
          </token>
          <token id="35">
            <word>anonymous</word>
            <lemma>anonymous</lemma>
            <CharacterOffsetBegin>184</CharacterOffsetBegin>
            <CharacterOffsetEnd>193</CharacterOffsetEnd>
            <POS>JJ</POS>
            <NER>O</NER>
          </token>
          <token id="36">
            <word>source</word>
            <lemma>source</lemma>
            <CharacterOffsetBegin>194</CharacterOffsetBegin>
            <CharacterOffsetEnd>200</CharacterOffsetEnd>
            <POS>NN</POS>
            <NER>O</NER>
          </token>
          <token id="37">
            <word>who</word>
            <lemma>who</lemma>
            <CharacterOffsetBegin>201</CharacterOffsetBegin>
            <CharacterOffsetEnd>204</CharacterOffsetEnd>
            <POS>WP</POS>
            <NER>O</NER>
          </token>
          <token id="38">
            <word>helped</word>
            <lemma>help</lemma>
            <CharacterOffsetBegin>205</CharacterOffsetBegin>
            <CharacterOffsetEnd>211</CharacterOffsetEnd>
            <POS>VBD</POS>
            <NER>O</NER>
          </token>
          <token id="39">
            <word>guide</word>
            <lemma>guide</lemma>
            <CharacterOffsetBegin>212</CharacterOffsetBegin>
            <CharacterOffsetEnd>217</CharacterOffsetEnd>
            <POS>NN</POS>
            <NER>O</NER>
          </token>
          <token id="40">
            <word>The</word>
            <lemma>the</lemma>
            <CharacterOffsetBegin>218</CharacterOffsetBegin>
            <CharacterOffsetEnd>221</CharacterOffsetEnd>
            <POS>DT</POS>
            <NER>O</NER>
          </token>
          <token id="41">
            <word>Washington</word>
            <lemma>Washington</lemma>
            <CharacterOffsetBegin>222</CharacterOffsetBegin>
            <CharacterOffsetEnd>232</CharacterOffsetEnd>
            <POS>NNP</POS>
            <NER>ORGANIZATION</NER>
          </token>
          <token id="42">
            <word>Post</word>
            <lemma>Post</lemma>
            <CharacterOffsetBegin>233</CharacterOffsetBegin>
            <CharacterOffsetEnd>237</CharacterOffsetEnd>
            <POS>NNP</POS>
            <NER>ORGANIZATION</NER>
          </token>
          <token id="43">
            <word>'s</word>
            <lemma>'s</lemma>
            <CharacterOffsetBegin>238</CharacterOffsetBegin>
            <CharacterOffsetEnd>240</CharacterOffsetEnd>
            <POS>POS</POS>
            <NER>O</NER>
          </token>
          <token id="44">
            <word>Pulitzer</word>
            <lemma>Pulitzer</lemma>
            <CharacterOffsetBegin>241</CharacterOffsetBegin>
            <CharacterOffsetEnd>249</CharacterOffsetEnd>
            <POS>NNP</POS>
            <NER>MISC</NER>
          </token>
          <token id="45">
            <word>Prize-winning</word>
            <lemma>prize-winning</lemma>
            <CharacterOffsetBegin>250</CharacterOffsetBegin>
            <CharacterOffsetEnd>263</CharacterOffsetEnd>
            <POS>JJ</POS>
            <NER>MISC</NER>
          </token>
          <token id="46">
            <word>investigation</word>
            <lemma>investigation</lemma>
            <CharacterOffsetBegin>264</CharacterOffsetBegin>
            <CharacterOffsetEnd>277</CharacterOffsetEnd>
            <POS>NN</POS>
            <NER>O</NER>
          </token>
          <token id="47">
            <word>into</word>
            <lemma>into</lemma>
            <CharacterOffsetBegin>278</CharacterOffsetBegin>
            <CharacterOffsetEnd>282</CharacterOffsetEnd>
            <POS>IN</POS>
            <NER>O</NER>
          </token>
          <token id="48">
            <word>the</word>
            <lemma>the</lemma>
            <CharacterOffsetBegin>283</CharacterOffsetBegin>
            <CharacterOffsetEnd>286</CharacterOffsetEnd>
            <POS>DT</POS>
            <NER>O</NER>
          </token>
          <token id="49">
            <word>Watergate</word>
            <lemma>Watergate</lemma>
            <CharacterOffsetBegin>287</CharacterOffsetBegin>
            <CharacterOffsetEnd>296</CharacterOffsetEnd>
            <POS>NNP</POS>
            <NER>LOCATION</NER>
          </token>
          <token id="50">
            <word>scandal</word>
            <lemma>scandal</lemma>
            <CharacterOffsetBegin>297</CharacterOffsetBegin>
            <CharacterOffsetEnd>304</CharacterOffsetEnd>
            <POS>NN</POS>
            <NER>O</NER>
          </token>
          <token id="51">
            <word>--</word>
            <lemma>--</lemma>
            <CharacterOffsetBegin>305</CharacterOffsetBegin>
            <CharacterOffsetEnd>307</CharacterOffsetEnd>
            <POS>:</POS>
            <NER>O</NER>
          </token>
          <token id="52">
            <word>has</word>
            <lemma>have</lemma>
            <CharacterOffsetBegin>308</CharacterOffsetBegin>
            <CharacterOffsetEnd>311</CharacterOffsetEnd>
            <POS>VBZ</POS>
            <NER>O</NER>
          </token>
          <token id="53">
            <word>died</word>
            <lemma>die</lemma>
            <CharacterOffsetBegin>312</CharacterOffsetBegin>
            <CharacterOffsetEnd>316</CharacterOffsetEnd>
            <POS>VBN</POS>
            <NER>O</NER>
          </token>
          <token id="54">
            <word>.</word>
            <lemma>.</lemma>
            <CharacterOffsetBegin>317</CharacterOffsetBegin>
            <CharacterOffsetEnd>318</CharacterOffsetEnd>
            <POS>.</POS>
            <NER>O</NER>
          </token>
        </tokens>
        <parse>(ROOT (NP (NP (NNP W.) (NNP Mark) (NNP Felt)) (, ,) (NP (NP (DT the) (JJ former) (NNP FBI) (NN official)) (SBAR (WHNP (WP who)) (S (VP (VBD ended) (NP (NP (CD one)) (PP (IN of) (NP (NP (DT the) (NNP United) (NNPS States) (POS ')) (ADJP (RBS most) (JJ intriguing)) (JJ political) (NNS mysteries)))) (SBAR (WHADVP (WRB when)) (S (NP (PRP he)) (VP (VBD identified) (NP (PRP himself)) (SBAR (IN as) (S (NP (`` ``) (NP (JJ Deep) (NN Throat)) ('' '') (PRN (: --) (NP (NP (DT the) (NN nickname)) (PP (IN for) (NP (NP (DT the) (JJ anonymous) (NN source)) (SBAR (WHNP (WP who)) (S (VP (VBD helped) (NP (NN guide)) (PP (NP (NP (DT The) (NNP Washington) (NNP Post) (POS 's)) (NNP Pulitzer) (JJ Prize-winning) (NN investigation)) (IN into) (NP (DT the) (NNP Watergate) (NN scandal))))))))) (: --))) (VP (VBZ has) (VP (VBN died)))))))))))) (. .))) </parse>
        <dependencies type="basic-dependencies">
          <dep type="root">
            <governor idx="0">ROOT</governor>
            <dependent idx="3">Felt</dependent>
          </dep>
          <dep type="compound">
            <governor idx="3">Felt</governor>
            <dependent idx="1">W.</dependent>
          </dep>
          <dep type="compound">
            <governor idx="3">Felt</governor>
            <dependent idx="2">Mark</dependent>
          </dep>
          <dep type="punct">
            <governor idx="3">Felt</governor>
            <dependent idx="4">,</dependent>
          </dep>
          <dep type="det">
            <governor idx="8">official</governor>
            <dependent idx="5">the</dependent>
          </dep>
          <dep type="amod">
            <governor idx="8">official</governor>
            <dependent idx="6">former</dependent>
          </dep>
          <dep type="compound">
            <governor idx="8">official</governor>
            <dependent idx="7">FBI</dependent>
          </dep>
          <dep type="appos">
            <governor idx="3">Felt</governor>
            <dependent idx="8">official</dependent>
          </dep>
          <dep type="nsubj">
            <governor idx="10">ended</governor>
            <dependent idx="9">who</dependent>
          </dep>
          <dep type="acl:relcl">
            <governor idx="8">official</governor>
            <dependent idx="10">ended</dependent>
          </dep>
          <dep type="dobj">
            <governor idx="10">ended</governor>
            <dependent idx="11">one</dependent>
          </dep>
          <dep type="case">
            <governor idx="20">mysteries</governor>
            <dependent idx="12">of</dependent>
          </dep>
          <dep type="det">
            <governor idx="15">States</governor>
            <dependent idx="13">the</dependent>
          </dep>
          <dep type="compound">
            <governor idx="15">States</governor>
            <dependent idx="14">United</dependent>
          </dep>
          <dep type="nmod:poss">
            <governor idx="20">mysteries</governor>
            <dependent idx="15">States</dependent>
          </dep>
          <dep type="case">
            <governor idx="15">States</governor>
            <dependent idx="16">'</dependent>
          </dep>
          <dep type="advmod">
            <governor idx="18">intriguing</governor>
            <dependent idx="17">most</dependent>
          </dep>
          <dep type="amod">
            <governor idx="20">mysteries</governor>
            <dependent idx="18">intriguing</dependent>
          </dep>
          <dep type="amod">
            <governor idx="20">mysteries</governor>
            <dependent idx="19">political</dependent>
          </dep>
          <dep type="nmod">
            <governor idx="11">one</governor>
            <dependent idx="20">mysteries</dependent>
          </dep>
          <dep type="advmod">
            <governor idx="23">identified</governor>
            <dependent idx="21">when</dependent>
          </dep>
          <dep type="nsubj">
            <governor idx="23">identified</governor>
            <dependent idx="22">he</dependent>
          </dep>
          <dep type="advcl">
            <governor idx="10">ended</governor>
            <dependent idx="23">identified</dependent>
          </dep>
          <dep type="dobj">
            <governor idx="23">identified</governor>
            <dependent idx="24">himself</dependent>
          </dep>
          <dep type="case">
            <governor idx="28">Throat</governor>
            <dependent idx="25">as</dependent>
          </dep>
          <dep type="punct">
            <governor idx="28">Throat</governor>
            <dependent idx="26">``</dependent>
          </dep>
          <dep type="amod">
            <governor idx="28">Throat</governor>
            <dependent idx="27">Deep</dependent>
          </dep>
          <dep type="nmod">
            <governor idx="53">died</governor>
            <dependent idx="28">Throat</dependent>
          </dep>
          <dep type="punct">
            <governor idx="28">Throat</governor>
            <dependent idx="29">''</dependent>
          </dep>
          <dep type="punct">
            <governor idx="28">Throat</governor>
            <dependent idx="30">--</dependent>
          </dep>
          <dep type="det">
            <governor idx="32">nickname</governor>
            <dependent idx="31">the</dependent>
          </dep>
          <dep type="dep">
            <governor idx="28">Throat</governor>
            <dependent idx="32">nickname</dependent>
          </dep>
          <dep type="case">
            <governor idx="36">source</governor>
            <dependent idx="33">for</dependent>
          </dep>
          <dep type="det">
            <governor idx="36">source</governor>
            <dependent idx="34">the</dependent>
          </dep>
          <dep type="amod">
            <governor idx="36">source</governor>
            <dependent idx="35">anonymous</dependent>
          </dep>
          <dep type="nmod">
            <governor idx="32">nickname</governor>
            <dependent idx="36">source</dependent>
          </dep>
          <dep type="nsubj">
            <governor idx="38">helped</governor>
            <dependent idx="37">who</dependent>
          </dep>
          <dep type="acl:relcl">
            <governor idx="36">source</governor>
            <dependent idx="38">helped</dependent>
          </dep>
          <dep type="compound">
            <governor idx="46">investigation</governor>
            <dependent idx="39">guide</dependent>
          </dep>
          <dep type="det">
            <governor idx="42">Post</governor>
            <dependent idx="40">The</dependent>
          </dep>
          <dep type="compound">
            <governor idx="42">Post</governor>
            <dependent idx="41">Washington</dependent>
          </dep>
          <dep type="nmod:poss">
            <governor idx="46">investigation</governor>
            <dependent idx="42">Post</dependent>
          </dep>
          <dep type="case">
            <governor idx="42">Post</governor>
            <dependent idx="43">'s</dependent>
          </dep>
          <dep type="compound">
            <governor idx="46">investigation</governor>
            <dependent idx="44">Pulitzer</dependent>
          </dep>
          <dep type="amod">
            <governor idx="46">investigation</governor>
            <dependent idx="45">Prize-winning</dependent>
          </dep>
          <dep type="dobj">
            <governor idx="38">helped</governor>
            <dependent idx="46">investigation</dependent>
          </dep>
          <dep type="case">
            <governor idx="50">scandal</governor>
            <dependent idx="47">into</dependent>
          </dep>
          <dep type="det">
            <governor idx="50">scandal</governor>
            <dependent idx="48">the</dependent>
          </dep>
          <dep type="compound">
            <governor idx="50">scandal</governor>
            <dependent idx="49">Watergate</dependent>
          </dep>
          <dep type="nmod">
            <governor idx="38">helped</governor>
            <dependent idx="50">scandal</dependent>
          </dep>
          <dep type="punct">
            <governor idx="28">Throat</governor>
            <dependent idx="51">--</dependent>
          </dep>
          <dep type="aux">
            <governor idx="53">died</governor>
            <dependent idx="52">has</dependent>
          </dep>
          <dep type="ccomp">
            <governor idx="23">identified</governor>
            <dependent idx="53">died</dependent>
          </dep>
          <dep type="punct">
            <governor idx="3">Felt</governor>
            <dependent idx="54">.</dependent>
          </dep>
        </dependencies>
        <dependencies type="collapsed-dependencies">
          <dep type="root">
            <governor idx="0">ROOT</governor>
            <dependent idx="3">Felt</dependent>
          </dep>
          <dep type="compound">
            <governor idx="3">Felt</governor>
            <dependent idx="1">W.</dependent>
          </dep>
          <dep type="compound">
            <governor idx="3">Felt</governor>
            <dependent idx="2">Mark</dependent>
          </dep>
          <dep type="punct">
            <governor idx="3">Felt</governor>
            <dependent idx="4">,</dependent>
          </dep>
          <dep type="det">
            <governor idx="8">official</governor>
            <dependent idx="5">the</dependent>
          </dep>
          <dep type="amod">
            <governor idx="8">official</governor>
            <dependent idx="6">former</dependent>
          </dep>
          <dep type="compound">
            <governor idx="8">official</governor>
            <dependent idx="7">FBI</dependent>
          </dep>
          <dep type="appos">
            <governor idx="3">Felt</governor>
            <dependent idx="8">official</dependent>
          </dep>
          <dep type="nsubj">
            <governor idx="10">ended</governor>
            <dependent idx="9">who</dependent>
          </dep>
          <dep type="acl:relcl">
            <governor idx="8">official</governor>
            <dependent idx="10">ended</dependent>
          </dep>
          <dep type="dobj">
            <governor idx="10">ended</governor>
            <dependent idx="11">one</dependent>
          </dep>
          <dep type="case">
            <governor idx="20">mysteries</governor>
            <dependent idx="12">of</dependent>
          </dep>
          <dep type="det">
            <governor idx="15">States</governor>
            <dependent idx="13">the</dependent>
          </dep>
          <dep type="compound">
            <governor idx="15">States</governor>
            <dependent idx="14">United</dependent>
          </dep>
          <dep type="nmod:poss">
            <governor idx="20">mysteries</governor>
            <dependent idx="15">States</dependent>
          </dep>
          <dep type="case">
            <governor idx="15">States</governor>
            <dependent idx="16">'</dependent>
          </dep>
          <dep type="advmod">
            <governor idx="18">intriguing</governor>
            <dependent idx="17">most</dependent>
          </dep>
          <dep type="amod">
            <governor idx="20">mysteries</governor>
            <dependent idx="18">intriguing</dependent>
          </dep>
          <dep type="amod">
            <governor idx="20">mysteries</governor>
            <dependent idx="19">political</dependent>
          </dep>
          <dep type="nmod:of">
            <governor idx="11">one</governor>
            <dependent idx="20">mysteries</dependent>
          </dep>
          <dep type="advmod">
            <governor idx="23">identified</governor>
            <dependent idx="21">when</dependent>
          </dep>
          <dep type="nsubj">
            <governor idx="23">identified</governor>
            <dependent idx="22">he</dependent>
          </dep>
          <dep type="advcl">
            <governor idx="10">ended</governor>
            <dependent idx="23">identified</dependent>
          </dep>
          <dep type="dobj">
            <governor idx="23">identified</governor>
            <dependent idx="24">himself</dependent>
          </dep>
          <dep type="case">
            <governor idx="28">Throat</governor>
            <dependent idx="25">as</dependent>
          </dep>
          <dep type="punct">
            <governor idx="28">Throat</governor>
            <dependent idx="26">``</dependent>
          </dep>
          <dep type="amod">
            <governor idx="28">Throat</governor>
            <dependent idx="27">Deep</dependent>
          </dep>
          <dep type="nmod:as">
            <governor idx="53">died</governor>
            <dependent idx="28">Throat</dependent>
          </dep>
          <dep type="punct">
            <governor idx="28">Throat</governor>
            <dependent idx="29">''</dependent>
          </dep>
          <dep type="punct">
            <governor idx="28">Throat</governor>
            <dependent idx="30">--</dependent>
          </dep>
          <dep type="det">
            <governor idx="32">nickname</governor>
            <dependent idx="31">the</dependent>
          </dep>
          <dep type="dep">
            <governor idx="28">Throat</governor>
            <dependent idx="32">nickname</dependent>
          </dep>
          <dep type="case">
            <governor idx="36">source</governor>
            <dependent idx="33">for</dependent>
          </dep>
          <dep type="det">
            <governor idx="36">source</governor>
            <dependent idx="34">the</dependent>
          </dep>
          <dep type="amod">
            <governor idx="36">source</governor>
            <dependent idx="35">anonymous</dependent>
          </dep>
          <dep type="nmod:for">
            <governor idx="32">nickname</governor>
            <dependent idx="36">source</dependent>
          </dep>
          <dep type="nsubj">
            <governor idx="38">helped</governor>
            <dependent idx="37">who</dependent>
          </dep>
          <dep type="acl:relcl">
            <governor idx="36">source</governor>
            <dependent idx="38">helped</dependent>
          </dep>
          <dep type="compound">
            <governor idx="46">investigation</governor>
            <dependent idx="39">guide</dependent>
          </dep>
          <dep type="det">
            <governor idx="42">Post</governor>
            <dependent idx="40">The</dependent>
          </dep>
          <dep type="compound">
            <governor idx="42">Post</governor>
            <dependent idx="41">Washington</dependent>
          </dep>
          <dep type="nmod:poss">
            <governor idx="46">investigation</governor>
            <dependent idx="42">Post</dependent>
          </dep>
          <dep type="case">
            <governor idx="42">Post</governor>
            <dependent idx="43">'s</dependent>
          </dep>
          <dep type="compound">
            <governor idx="46">investigation</governor>
            <dependent idx="44">Pulitzer</dependent>
          </dep>
          <dep type="amod">
            <governor idx="46">investigation</governor>
            <dependent idx="45">Prize-winning</dependent>
          </dep>
          <dep type="dobj">
            <governor idx="38">helped</governor>
            <dependent idx="46">investigation</dependent>
          </dep>
          <dep type="case">
            <governor idx="50">scandal</governor>
            <dependent idx="47">into</dependent>
          </dep>
          <dep type="det">
            <governor idx="50">scandal</governor>
            <dependent idx="48">the</dependent>
          </dep>
          <dep type="compound">
            <governor idx="50">scandal</governor>
            <dependent idx="49">Watergate</dependent>
          </dep>
          <dep type="nmod:into">
            <governor idx="38">helped</governor>
            <dependent idx="50">scandal</dependent>
          </dep>
          <dep type="punct">
            <governor idx="28">Throat</governor>
            <dependent idx="51">--</dependent>
          </dep>
          <dep type="aux">
            <governor idx="53">died</governor>
            <dependent idx="52">has</dependent>
          </dep>
          <dep type="ccomp">
            <governor idx="23">identified</governor>
            <dependent idx="53">died</dependent>
          </dep>
          <dep type="punct">
            <governor idx="3">Felt</governor>
            <dependent idx="54">.</dependent>
          </dep>
        </dependencies>
        <dependencies type="collapsed-ccprocessed-dependencies">
          <dep type="root">
            <governor idx="0">ROOT</governor>
            <dependent idx="3">Felt</dependent>
          </dep>
          <dep type="compound">
            <governor idx="3">Felt</governor>
            <dependent idx="1">W.</dependent>
          </dep>
          <dep type="compound">
            <governor idx="3">Felt</governor>
            <dependent idx="2">Mark</dependent>
          </dep>
          <dep type="punct">
            <governor idx="3">Felt</governor>
            <dependent idx="4">,</dependent>
          </dep>
          <dep type="det">
            <governor idx="8">official</governor>
            <dependent idx="5">the</dependent>
          </dep>
          <dep type="amod">
            <governor idx="8">official</governor>
            <dependent idx="6">former</dependent>
          </dep>
          <dep type="compound">
            <governor idx="8">official</governor>
            <dependent idx="7">FBI</dependent>
          </dep>
          <dep type="appos">
            <governor idx="3">Felt</governor>
            <dependent idx="8">official</dependent>
          </dep>
          <dep type="nsubj">
            <governor idx="10">ended</governor>
            <dependent idx="9">who</dependent>
          </dep>
          <dep type="acl:relcl">
            <governor idx="8">official</governor>
            <dependent idx="10">ended</dependent>
          </dep>
          <dep type="dobj">
            <governor idx="10">ended</governor>
            <dependent idx="11">one</dependent>
          </dep>
          <dep type="case">
            <governor idx="20">mysteries</governor>
            <dependent idx="12">of</dependent>
          </dep>
          <dep type="det">
            <governor idx="15">States</governor>
            <dependent idx="13">the</dependent>
          </dep>
          <dep type="compound">
            <governor idx="15">States</governor>
            <dependent idx="14">United</dependent>
          </dep>
          <dep type="nmod:poss">
            <governor idx="20">mysteries</governor>
            <dependent idx="15">States</dependent>
          </dep>
          <dep type="case">
            <governor idx="15">States</governor>
            <dependent idx="16">'</dependent>
          </dep>
          <dep type="advmod">
            <governor idx="18">intriguing</governor>
            <dependent idx="17">most</dependent>
          </dep>
          <dep type="amod">
            <governor idx="20">mysteries</governor>
            <dependent idx="18">intriguing</dependent>
          </dep>
          <dep type="amod">
            <governor idx="20">mysteries</governor>
            <dependent idx="19">political</dependent>
          </dep>
          <dep type="nmod:of">
            <governor idx="11">one</governor>
            <dependent idx="20">mysteries</dependent>
          </dep>
          <dep type="advmod">
            <governor idx="23">identified</governor>
            <dependent idx="21">when</dependent>
          </dep>
          <dep type="nsubj">
            <governor idx="23">identified</governor>
            <dependent idx="22">he</dependent>
          </dep>
          <dep type="advcl">
            <governor idx="10">ended</governor>
            <dependent idx="23">identified</dependent>
          </dep>
          <dep type="dobj">
            <governor idx="23">identified</governor>
            <dependent idx="24">himself</dependent>
          </dep>
          <dep type="case">
            <governor idx="28">Throat</governor>
            <dependent idx="25">as</dependent>
          </dep>
          <dep type="punct">
            <governor idx="28">Throat</governor>
            <dependent idx="26">``</dependent>
          </dep>
          <dep type="amod">
            <governor idx="28">Throat</governor>
            <dependent idx="27">Deep</dependent>
          </dep>
          <dep type="nmod:as">
            <governor idx="53">died</governor>
            <dependent idx="28">Throat</dependent>
          </dep>
          <dep type="punct">
            <governor idx="28">Throat</governor>
            <dependent idx="29">''</dependent>
          </dep>
          <dep type="punct">
            <governor idx="28">Throat</governor>
            <dependent idx="30">--</dependent>
          </dep>
          <dep type="det">
            <governor idx="32">nickname</governor>
            <dependent idx="31">the</dependent>
          </dep>
          <dep type="dep">
            <governor idx="28">Throat</governor>
            <dependent idx="32">nickname</dependent>
          </dep>
          <dep type="case">
            <governor idx="36">source</governor>
            <dependent idx="33">for</dependent>
          </dep>
          <dep type="det">
            <governor idx="36">source</governor>
            <dependent idx="34">the</dependent>
          </dep>
          <dep type="amod">
            <governor idx="36">source</governor>
            <dependent idx="35">anonymous</dependent>
          </dep>
          <dep type="nmod:for">
            <governor idx="32">nickname</governor>
            <dependent idx="36">source</dependent>
          </dep>
          <dep type="nsubj">
            <governor idx="38">helped</governor>
            <dependent idx="37">who</dependent>
          </dep>
          <dep type="acl:relcl">
            <governor idx="36">source</governor>
            <dependent idx="38">helped</dependent>
          </dep>
          <dep type="compound">
            <governor idx="46">investigation</governor>
            <dependent idx="39">guide</dependent>
          </dep>
          <dep type="det">
            <governor idx="42">Post</governor>
            <dependent idx="40">The</dependent>
          </dep>
          <dep type="compound">
            <governor idx="42">Post</governor>
            <dependent idx="41">Washington</dependent>
          </dep>
          <dep type="nmod:poss">
            <governor idx="46">investigation</governor>
            <dependent idx="42">Post</dependent>
          </dep>
          <dep type="case">
            <governor idx="42">Post</governor>
            <dependent idx="43">'s</dependent>
          </dep>
          <dep type="compound">
            <governor idx="46">investigation</governor>
            <dependent idx="44">Pulitzer</dependent>
          </dep>
          <dep type="amod">
            <governor idx="46">investigation</governor>
            <dependent idx="45">Prize-winning</dependent>
          </dep>
          <dep type="dobj">
            <governor idx="38">helped</governor>
            <dependent idx="46">investigation</dependent>
          </dep>
          <dep type="case">
            <governor idx="50">scandal</governor>
            <dependent idx="47">into</dependent>
          </dep>
          <dep type="det">
            <governor idx="50">scandal</governor>
            <dependent idx="48">the</dependent>
          </dep>
          <dep type="compound">
            <governor idx="50">scandal</governor>
            <dependent idx="49">Watergate</dependent>
          </dep>
          <dep type="nmod:into">
            <governor idx="38">helped</governor>
            <dependent idx="50">scandal</dependent>
          </dep>
          <dep type="punct">
            <governor idx="28">Throat</governor>
            <dependent idx="51">--</dependent>
          </dep>
          <dep type="aux">
            <governor idx="53">died</governor>
            <dependent idx="52">has</dependent>
          </dep>
          <dep type="ccomp">
            <governor idx="23">identified</governor>
            <dependent idx="53">died</dependent>
          </dep>
          <dep type="punct">
            <governor idx="3">Felt</governor>
            <dependent idx="54">.</dependent>
          </dep>
        </dependencies>
      </sentence>
      <sentence id="2" line="2">
        <tokens>
          <token id="1">
            <word>A</word>
            <lemma>a</lemma>
            <CharacterOffsetBegin>319</CharacterOffsetBegin>
            <CharacterOffsetEnd>320</CharacterOffsetEnd>
            <POS>DT</POS>
            <NER>O</NER>
          </token>
          <token id="2">
            <word>controversial</word>
            <lemma>controversial</lemma>
            <CharacterOffsetBegin>321</CharacterOffsetBegin>
            <CharacterOffsetEnd>334</CharacterOffsetEnd>
            <POS>JJ</POS>
            <NER>O</NER>
          </token>
          <token id="3">
            <word>figure</word>
            <lemma>figure</lemma>
            <CharacterOffsetBegin>335</CharacterOffsetBegin>
            <CharacterOffsetEnd>341</CharacterOffsetEnd>
            <POS>NN</POS>
            <NER>O</NER>
          </token>
          <token id="4">
            <word>who</word>
            <lemma>who</lemma>
            <CharacterOffsetBegin>342</CharacterOffsetBegin>
            <CharacterOffsetEnd>345</CharacterOffsetEnd>
            <POS>WP</POS>
            <NER>O</NER>
          </token>
          <token id="5">
            <word>was</word>
            <lemma>be</lemma>
            <CharacterOffsetBegin>346</CharacterOffsetBegin>
            <CharacterOffsetEnd>349</CharacterOffsetEnd>
            <POS>VBD</POS>
            <NER>O</NER>
          </token>
          <token id="6">
            <word>later</word>
            <lemma>later</lemma>
            <CharacterOffsetBegin>350</CharacterOffsetBegin>
            <CharacterOffsetEnd>355</CharacterOffsetEnd>
            <POS>RB</POS>
            <NER>O</NER>
          </token>
          <token id="7">
            <word>convicted</word>
            <lemma>convict</lemma>
            <CharacterOffsetBegin>356</CharacterOffsetBegin>
            <CharacterOffsetEnd>365</CharacterOffsetEnd>
            <POS>VBN</POS>
            <NER>O</NER>
          </token>
          <token id="8">
            <word>of</word>
            <lemma>of</lemma>
            <CharacterOffsetBegin>366</CharacterOffsetBegin>
            <CharacterOffsetEnd>368</CharacterOffsetEnd>
            <POS>IN</POS>
            <NER>O</NER>
          </token>
          <token id="9">
            <word>authorizing</word>
            <lemma>authorize</lemma>
            <CharacterOffsetBegin>369</CharacterOffsetBegin>
            <CharacterOffsetEnd>380</CharacterOffsetEnd>
            <POS>VBG</POS>
            <NER>O</NER>
          </token>
          <token id="10">
            <word>illegal</word>
            <lemma>illegal</lemma>
            <CharacterOffsetBegin>381</CharacterOffsetBegin>
            <CharacterOffsetEnd>388</CharacterOffsetEnd>
            <POS>JJ</POS>
            <NER>O</NER>
          </token>
          <token id="11">
            <word>activities</word>
            <lemma>activity</lemma>
            <CharacterOffsetBegin>389</CharacterOffsetBegin>
            <CharacterOffsetEnd>399</CharacterOffsetEnd>
            <POS>NNS</POS>
            <NER>O</NER>
          </token>
          <token id="12">
            <word>in</word>
            <lemma>in</lemma>
            <CharacterOffsetBegin>400</CharacterOffsetBegin>
            <CharacterOffsetEnd>402</CharacterOffsetEnd>
            <POS>IN</POS>
            <NER>O</NER>
          </token>
          <token id="13">
            <word>pursuit</word>
            <lemma>pursuit</lemma>
            <CharacterOffsetBegin>403</CharacterOffsetBegin>
            <CharacterOffsetEnd>410</CharacterOffsetEnd>
            <POS>NN</POS>
            <NER>O</NER>
          </token>
          <token id="14">
            <word>of</word>
            <lemma>of</lemma>
            <CharacterOffsetBegin>411</CharacterOffsetBegin>
            <CharacterOffsetEnd>413</CharacterOffsetEnd>
            <POS>IN</POS>
            <NER>O</NER>
          </token>
          <token id="15">
            <word>members</word>
            <lemma>member</lemma>
            <CharacterOffsetBegin>414</CharacterOffsetBegin>
            <CharacterOffsetEnd>421</CharacterOffsetEnd>
            <POS>NNS</POS>
            <NER>O</NER>
          </token>
          <token id="16">
            <word>of</word>
            <lemma>of</lemma>
            <CharacterOffsetBegin>422</CharacterOffsetBegin>
            <CharacterOffsetEnd>424</CharacterOffsetEnd>
            <POS>IN</POS>
            <NER>O</NER>
          </token>
          <token id="17">
            <word>the</word>
            <lemma>the</lemma>
            <CharacterOffsetBegin>425</CharacterOffsetBegin>
            <CharacterOffsetEnd>428</CharacterOffsetEnd>
            <POS>DT</POS>
            <NER>O</NER>
          </token>
          <token id="18">
            <word>radical</word>
            <lemma>radical</lemma>
            <CharacterOffsetBegin>429</CharacterOffsetBegin>
            <CharacterOffsetEnd>436</CharacterOffsetEnd>
            <POS>JJ</POS>
            <NER>O</NER>
          </token>
          <token id="19">
            <word>Weather</word>
            <lemma>Weather</lemma>
            <CharacterOffsetBegin>437</CharacterOffsetBegin>
            <CharacterOffsetEnd>444</CharacterOffsetEnd>
            <POS>NNP</POS>
            <NER>O</NER>
          </token>
          <token id="20">
            <word>Underground</word>
            <lemma>Underground</lemma>
            <CharacterOffsetBegin>445</CharacterOffsetBegin>
            <CharacterOffsetEnd>456</CharacterOffsetEnd>
            <POS>NNP</POS>
            <NER>O</NER>
          </token>
          <token id="21">
            <word>,</word>
            <lemma>,</lemma>
            <CharacterOffsetBegin>457</CharacterOffsetBegin>
            <CharacterOffsetEnd>458</CharacterOffsetEnd>
            <POS>,</POS>
            <NER>O</NER>
          </token>
          <token id="22">
            <word>Felt</word>
            <lemma>Felt</lemma>
            <CharacterOffsetBegin>459</CharacterOffsetBegin>
            <CharacterOffsetEnd>463</CharacterOffsetEnd>
            <POS>NNP</POS>
            <NER>PERSON</NER>
          </token>
          <token id="23">
            <word>died</word>
            <lemma>die</lemma>
            <CharacterOffsetBegin>464</CharacterOffsetBegin>
            <CharacterOffsetEnd>468</CharacterOffsetEnd>
            <POS>VBD</POS>
            <NER>O</NER>
          </token>
          <token id="24">
            <word>of</word>
            <lemma>of</lemma>
            <CharacterOffsetBegin>469</CharacterOffsetBegin>
            <CharacterOffsetEnd>471</CharacterOffsetEnd>
            <POS>IN</POS>
            <NER>O</NER>
          </token>
          <token id="25">
            <word>heart</word>
            <lemma>heart</lemma>
            <CharacterOffsetBegin>472</CharacterOffsetBegin>
            <CharacterOffsetEnd>477</CharacterOffsetEnd>
            <POS>NN</POS>
            <NER>O</NER>
          </token>
          <token id="26">
            <word>failure</word>
            <lemma>failure</lemma>
            <CharacterOffsetBegin>478</CharacterOffsetBegin>
            <CharacterOffsetEnd>485</CharacterOffsetEnd>
            <POS>NN</POS>
            <NER>O</NER>
          </token>
          <token id="27">
            <word>Thursday</word>
            <lemma>Thursday</lemma>
            <CharacterOffsetBegin>486</CharacterOffsetBegin>
            <CharacterOffsetEnd>494</CharacterOffsetEnd>
            <POS>NNP</POS>
            <NER>DATE</NER>
            <NormalizedNER>XXXX-WXX-4</NormalizedNER>
            <Timex tid="t1" type="DATE">XXXX-WXX-4</Timex>
          </token>
          <token id="28">
            <word>at</word>
            <lemma>at</lemma>
            <CharacterOffsetBegin>495</CharacterOffsetBegin>
            <CharacterOffsetEnd>497</CharacterOffsetEnd>
            <POS>IN</POS>
            <NER>O</NER>
          </token>
          <token id="29">
            <word>his</word>
            <lemma>he</lemma>
            <CharacterOffsetBegin>498</CharacterOffsetBegin>
            <CharacterOffsetEnd>501</CharacterOffsetEnd>
            <POS>PRP$</POS>
            <NER>O</NER>
          </token>
          <token id="30">
            <word>home</word>
            <lemma>home</lemma>
            <CharacterOffsetBegin>502</CharacterOffsetBegin>
            <CharacterOffsetEnd>506</CharacterOffsetEnd>
            <POS>NN</POS>
            <NER>O</NER>
          </token>
          <token id="31">
            <word>in</word>
            <lemma>in</lemma>
            <CharacterOffsetBegin>507</CharacterOffsetBegin>
            <CharacterOffsetEnd>509</CharacterOffsetEnd>
            <POS>IN</POS>
            <NER>O</NER>
          </token>
          <token id="32">
            <word>Santa</word>
            <lemma>Santa</lemma>
            <CharacterOffsetBegin>510</CharacterOffsetBegin>
            <CharacterOffsetEnd>515</CharacterOffsetEnd>
            <POS>NNP</POS>
            <NER>LOCATION</NER>
          </token>
          <token id="33">
            <word>Rosa</word>
            <lemma>Rosa</lemma>
            <CharacterOffsetBegin>516</CharacterOffsetBegin>
            <CharacterOffsetEnd>520</CharacterOffsetEnd>
            <POS>NNP</POS>
            <NER>LOCATION</NER>
          </token>
          <token id="34">
            <word>,</word>
            <lemma>,</lemma>
            <CharacterOffsetBegin>521</CharacterOffsetBegin>
            <CharacterOffsetEnd>522</CharacterOffsetEnd>
            <POS>,</POS>
            <NER>O</NER>
          </token>
          <token id="35">
            <word>Calif</word>
            <lemma>Calif</lemma>
            <CharacterOffsetBegin>523</CharacterOffsetBegin>
            <CharacterOffsetEnd>528</CharacterOffsetEnd>
            <POS>NNP</POS>
            <NER>LOCATION</NER>
          </token>
          <token id="36">
            <word>.</word>
            <lemma>.</lemma>
            <CharacterOffsetBegin>529</CharacterOffsetBegin>
            <CharacterOffsetEnd>530</CharacterOffsetEnd>
            <POS>.</POS>
            <NER>O</NER>
          </token>
          <token id="37">
            <word>,</word>
            <lemma>,</lemma>
            <CharacterOffsetBegin>531</CharacterOffsetBegin>
            <CharacterOffsetEnd>532</CharacterOffsetEnd>
            <POS>,</POS>
            <NER>O</NER>
          </token>
          <token id="38">
            <word>his</word>
            <lemma>he</lemma>
            <CharacterOffsetBegin>533</CharacterOffsetBegin>
            <CharacterOffsetEnd>536</CharacterOffsetEnd>
            <POS>PRP$</POS>
            <NER>O</NER>
          </token>
          <token id="39">
            <word>grandson</word>
            <lemma>grandson</lemma>
            <CharacterOffsetBegin>537</CharacterOffsetBegin>
            <CharacterOffsetEnd>545</CharacterOffsetEnd>
            <POS>NN</POS>
            <NER>O</NER>
          </token>
          <token id="40">
            <word>Rob</word>
            <lemma>Rob</lemma>
            <CharacterOffsetBegin>546</CharacterOffsetBegin>
            <CharacterOffsetEnd>549</CharacterOffsetEnd>
            <POS>NNP</POS>
            <NER>PERSON</NER>
          </token>
          <token id="41">
            <word>Jones</word>
            <lemma>Jones</lemma>
            <CharacterOffsetBegin>550</CharacterOffsetBegin>
            <CharacterOffsetEnd>555</CharacterOffsetEnd>
            <POS>NNP</POS>
            <NER>PERSON</NER>
          </token>
          <token id="42">
            <word>said</word>
            <lemma>say</lemma>
            <CharacterOffsetBegin>556</CharacterOffsetBegin>
            <CharacterOffsetEnd>560</CharacterOffsetEnd>
            <POS>VBD</POS>
            <NER>O</NER>
          </token>
          <token id="43">
            <word>.</word>
            <lemma>.</lemma>
            <CharacterOffsetBegin>561</CharacterOffsetBegin>
            <CharacterOffsetEnd>562</CharacterOffsetEnd>
            <POS>.</POS>
            <NER>O</NER>
          </token>
        </tokens>
        <parse>(ROOT (S (S (NP (NP (DT A) (JJ controversial) (NN figure)) (SBAR (WHNP (WP who)) (S (VP (VBD was) (ADVP (RB later)) (VP (VBN convicted) (PP (IN of) (S (VP (VBG authorizing) (NP (JJ illegal) (NNS activities)) (PP (IN in) (NP (NP (NN pursuit)) (PP (IN of) (NP (NP (NNS members)) (PP (IN of) (NP (NP (DT the) (JJ radical) (NNP Weather) (NNP Underground)) (, ,) (NP (NNP Felt)))))))))))))))) (VP (VBD died) (PP (IN of) (NP (NN heart) (NN failure))) (NP-TMP (NNP Thursday)) (PP (IN at) (NP (NP (PRP$ his) (NN home)) (PP (IN in) (NP (NP (NNP Santa) (NNP Rosa)) (, ,) (NP (NNP Calif) (. .)))))))) (, ,) (NP (PRP$ his) (NN grandson) (NNP Rob) (NNP Jones)) (VP (VBD said)) (. .))) </parse>
        <dependencies type="basic-dependencies">
          <dep type="root">
            <governor idx="0">ROOT</governor>
            <dependent idx="3">figure</dependent>
          </dep>
          <dep type="det">
            <governor idx="3">figure</governor>
            <dependent idx="1">A</dependent>
          </dep>
          <dep type="amod">
            <governor idx="3">figure</governor>
            <dependent idx="2">controversial</dependent>
          </dep>
          <dep type="nsubjpass">
            <governor idx="7">convicted</governor>
            <dependent idx="4">who</dependent>
          </dep>
          <dep type="auxpass">
            <governor idx="7">convicted</governor>
            <dependent idx="5">was</dependent>
          </dep>
          <dep type="advmod">
            <governor idx="7">convicted</governor>
            <dependent idx="6">later</dependent>
          </dep>
          <dep type="acl:relcl">
            <governor idx="3">figure</governor>
            <dependent idx="7">convicted</dependent>
          </dep>
          <dep type="mark">
            <governor idx="9">authorizing</governor>
            <dependent idx="8">of</dependent>
          </dep>
          <dep type="advcl">
            <governor idx="7">convicted</governor>
            <dependent idx="9">authorizing</dependent>
          </dep>
          <dep type="amod">
            <governor idx="11">activities</governor>
            <dependent idx="10">illegal</dependent>
          </dep>
          <dep type="dobj">
            <governor idx="9">authorizing</governor>
            <dependent idx="11">activities</dependent>
          </dep>
          <dep type="case">
            <governor idx="13">pursuit</governor>
            <dependent idx="12">in</dependent>
          </dep>
          <dep type="nmod">
            <governor idx="9">authorizing</governor>
            <dependent idx="13">pursuit</dependent>
          </dep>
          <dep type="case">
            <governor idx="15">members</governor>
            <dependent idx="14">of</dependent>
          </dep>
          <dep type="nmod">
            <governor idx="13">pursuit</governor>
            <dependent idx="15">members</dependent>
          </dep>
          <dep type="case">
            <governor idx="20">Underground</governor>
            <dependent idx="16">of</dependent>
          </dep>
          <dep type="det">
            <governor idx="20">Underground</governor>
            <dependent idx="17">the</dependent>
          </dep>
          <dep type="amod">
            <governor idx="20">Underground</governor>
            <dependent idx="18">radical</dependent>
          </dep>
          <dep type="compound">
            <governor idx="20">Underground</governor>
            <dependent idx="19">Weather</dependent>
          </dep>
          <dep type="nmod">
            <governor idx="15">members</governor>
            <dependent idx="20">Underground</dependent>
          </dep>
          <dep type="punct">
            <governor idx="3">figure</governor>
            <dependent idx="21">,</dependent>
          </dep>
          <dep type="nsubj">
            <governor idx="23">died</governor>
            <dependent idx="22">Felt</dependent>
          </dep>
          <dep type="acl:relcl">
            <governor idx="3">figure</governor>
            <dependent idx="23">died</dependent>
          </dep>
          <dep type="case">
            <governor idx="26">failure</governor>
            <dependent idx="24">of</dependent>
          </dep>
          <dep type="compound">
            <governor idx="26">failure</governor>
            <dependent idx="25">heart</dependent>
          </dep>
          <dep type="nmod">
            <governor idx="23">died</governor>
            <dependent idx="26">failure</dependent>
          </dep>
          <dep type="nmod:tmod">
            <governor idx="26">failure</governor>
            <dependent idx="27">Thursday</dependent>
          </dep>
          <dep type="case">
            <governor idx="30">home</governor>
            <dependent idx="28">at</dependent>
          </dep>
          <dep type="nmod:poss">
            <governor idx="30">home</governor>
            <dependent idx="29">his</dependent>
          </dep>
          <dep type="nmod">
            <governor idx="23">died</governor>
            <dependent idx="30">home</dependent>
          </dep>
          <dep type="case">
            <governor idx="33">Rosa</governor>
            <dependent idx="31">in</dependent>
          </dep>
          <dep type="compound">
            <governor idx="33">Rosa</governor>
            <dependent idx="32">Santa</dependent>
          </dep>
          <dep type="nmod">
            <governor idx="30">home</governor>
            <dependent idx="33">Rosa</dependent>
          </dep>
          <dep type="punct">
            <governor idx="33">Rosa</governor>
            <dependent idx="34">,</dependent>
          </dep>
          <dep type="appos">
            <governor idx="33">Rosa</governor>
            <dependent idx="35">Calif</dependent>
          </dep>
          <dep type="punct">
            <governor idx="3">figure</governor>
            <dependent idx="36">.</dependent>
          </dep>
          <dep type="punct">
            <governor idx="3">figure</governor>
            <dependent idx="37">,</dependent>
          </dep>
          <dep type="nmod:poss">
            <governor idx="39">grandson</governor>
            <dependent idx="38">his</dependent>
          </dep>
          <dep type="dobj">
            <governor idx="42">said</governor>
            <dependent idx="39">grandson</dependent>
          </dep>
          <dep type="compound">
            <governor idx="41">Jones</governor>
            <dependent idx="40">Rob</dependent>
          </dep>
          <dep type="nsubj">
            <governor idx="42">said</governor>
            <dependent idx="41">Jones</dependent>
          </dep>
          <dep type="acl:relcl">
            <governor idx="3">figure</governor>
            <dependent idx="42">said</dependent>
          </dep>
          <dep type="punct">
            <governor idx="3">figure</governor>
            <dependent idx="43">.</dependent>
          </dep>
        </dependencies>
        <dependencies type="collapsed-dependencies">
          <dep type="root">
            <governor idx="0">ROOT</governor>
            <dependent idx="3">figure</dependent>
          </dep>
          <dep type="det">
            <governor idx="3">figure</governor>
            <dependent idx="1">A</dependent>
          </dep>
          <dep type="amod">
            <governor idx="3">figure</governor>
            <dependent idx="2">controversial</dependent>
          </dep>
          <dep type="nsubjpass">
            <governor idx="7">convicted</governor>
            <dependent idx="4">who</dependent>
          </dep>
          <dep type="auxpass">
            <governor idx="7">convicted</governor>
            <dependent idx="5">was</dependent>
          </dep>
          <dep type="advmod">
            <governor idx="7">convicted</governor>
            <dependent idx="6">later</dependent>
          </dep>
          <dep type="acl:relcl">
            <governor idx="3">figure</governor>
            <dependent idx="7">convicted</dependent>
          </dep>
          <dep type="mark">
            <governor idx="9">authorizing</governor>
            <dependent idx="8">of</dependent>
          </dep>
          <dep type="advcl">
            <governor idx="7">convicted</governor>
            <dependent idx="9">authorizing</dependent>
          </dep>
          <dep type="amod">
            <governor idx="11">activities</governor>
            <dependent idx="10">illegal</dependent>
          </dep>
          <dep type="dobj">
            <governor idx="9">authorizing</governor>
            <dependent idx="11">activities</dependent>
          </dep>
          <dep type="case">
            <governor idx="13">pursuit</governor>
            <dependent idx="12">in</dependent>
          </dep>
          <dep type="nmod:in">
            <governor idx="9">authorizing</governor>
            <dependent idx="13">pursuit</dependent>
          </dep>
          <dep type="case">
            <governor idx="15">members</governor>
            <dependent idx="14">of</dependent>
          </dep>
          <dep type="nmod:of">
            <governor idx="13">pursuit</governor>
            <dependent idx="15">members</dependent>
          </dep>
          <dep type="case">
            <governor idx="20">Underground</governor>
            <dependent idx="16">of</dependent>
          </dep>
          <dep type="det">
            <governor idx="20">Underground</governor>
            <dependent idx="17">the</dependent>
          </dep>
          <dep type="amod">
            <governor idx="20">Underground</governor>
            <dependent idx="18">radical</dependent>
          </dep>
          <dep type="compound">
            <governor idx="20">Underground</governor>
            <dependent idx="19">Weather</dependent>
          </dep>
          <dep type="nmod:of">
            <governor idx="15">members</governor>
            <dependent idx="20">Underground</dependent>
          </dep>
          <dep type="punct">
            <governor idx="3">figure</governor>
            <dependent idx="21">,</dependent>
          </dep>
          <dep type="nsubj">
            <governor idx="23">died</governor>
            <dependent idx="22">Felt</dependent>
          </dep>
          <dep type="acl:relcl">
            <governor idx="3">figure</governor>
            <dependent idx="23">died</dependent>
          </dep>
          <dep type="case">
            <governor idx="26">failure</governor>
            <dependent idx="24">of</dependent>
          </dep>
          <dep type="compound">
            <governor idx="26">failure</governor>
            <dependent idx="25">heart</dependent>
          </dep>
          <dep type="nmod:of">
            <governor idx="23">died</governor>
            <dependent idx="26">failure</dependent>
          </dep>
          <dep type="nmod:tmod">
            <governor idx="26">failure</governor>
            <dependent idx="27">Thursday</dependent>
          </dep>
          <dep type="case">
            <governor idx="30">home</governor>
            <dependent idx="28">at</dependent>
          </dep>
          <dep type="nmod:poss">
            <governor idx="30">home</governor>
            <dependent idx="29">his</dependent>
          </dep>
          <dep type="nmod:at">
            <governor idx="23">died</governor>
            <dependent idx="30">home</dependent>
          </dep>
          <dep type="case">
            <governor idx="33">Rosa</governor>
            <dependent idx="31">in</dependent>
          </dep>
          <dep type="compound">
            <governor idx="33">Rosa</governor>
            <dependent idx="32">Santa</dependent>
          </dep>
          <dep type="nmod:in">
            <governor idx="30">home</governor>
            <dependent idx="33">Rosa</dependent>
          </dep>
          <dep type="punct">
            <governor idx="33">Rosa</governor>
            <dependent idx="34">,</dependent>
          </dep>
          <dep type="appos">
            <governor idx="33">Rosa</governor>
            <dependent idx="35">Calif</dependent>
          </dep>
          <dep type="punct">
            <governor idx="3">figure</governor>
            <dependent idx="36">.</dependent>
          </dep>
          <dep type="punct">
            <governor idx="3">figure</governor>
            <dependent idx="37">,</dependent>
          </dep>
          <dep type="nmod:poss">
            <governor idx="39">grandson</governor>
            <dependent idx="38">his</dependent>
          </dep>
          <dep type="dobj">
            <governor idx="42">said</governor>
            <dependent idx="39">grandson</dependent>
          </dep>
          <dep type="compound">
            <governor idx="41">Jones</governor>
            <dependent idx="40">Rob</dependent>
          </dep>
          <dep type="nsubj">
            <governor idx="42">said</governor>
            <dependent idx="41">Jones</dependent>
          </dep>
          <dep type="acl:relcl">
            <governor idx="3">figure</governor>
            <dependent idx="42">said</dependent>
          </dep>
          <dep type="punct">
            <governor idx="3">figure</governor>
            <dependent idx="43">.</dependent>
          </dep>
        </dependencies>
        <dependencies type="collapsed-ccprocessed-dependencies">
          <dep type="root">
            <governor idx="0">ROOT</governor>
            <dependent idx="3">figure</dependent>
          </dep>
          <dep type="det">
            <governor idx="3">figure</governor>
            <dependent idx="1">A</dependent>
          </dep>
          <dep type="amod">
            <governor idx="3">figure</governor>
            <dependent idx="2">controversial</dependent>
          </dep>
          <dep type="nsubjpass">
            <governor idx="7">convicted</governor>
            <dependent idx="4">who</dependent>
          </dep>
          <dep type="auxpass">
            <governor idx="7">convicted</governor>
            <dependent idx="5">was</dependent>
          </dep>
          <dep type="advmod">
            <governor idx="7">convicted</governor>
            <dependent idx="6">later</dependent>
          </dep>
          <dep type="acl:relcl">
            <governor idx="3">figure</governor>
            <dependent idx="7">convicted</dependent>
          </dep>
          <dep type="mark">
            <governor idx="9">authorizing</governor>
            <dependent idx="8">of</dependent>
          </dep>
          <dep type="advcl">
            <governor idx="7">convicted</governor>
            <dependent idx="9">authorizing</dependent>
          </dep>
          <dep type="amod">
            <governor idx="11">activities</governor>
            <dependent idx="10">illegal</dependent>
          </dep>
          <dep type="dobj">
            <governor idx="9">authorizing</governor>
            <dependent idx="11">activities</dependent>
          </dep>
          <dep type="case">
            <governor idx="13">pursuit</governor>
            <dependent idx="12">in</dependent>
          </dep>
          <dep type="nmod:in">
            <governor idx="9">authorizing</governor>
            <dependent idx="13">pursuit</dependent>
          </dep>
          <dep type="case">
            <governor idx="15">members</governor>
            <dependent idx="14">of</dependent>
          </dep>
          <dep type="nmod:of">
            <governor idx="13">pursuit</governor>
            <dependent idx="15">members</dependent>
          </dep>
          <dep type="case">
            <governor idx="20">Underground</governor>
            <dependent idx="16">of</dependent>
          </dep>
          <dep type="det">
            <governor idx="20">Underground</governor>
            <dependent idx="17">the</dependent>
          </dep>
          <dep type="amod">
            <governor idx="20">Underground</governor>
            <dependent idx="18">radical</dependent>
          </dep>
          <dep type="compound">
            <governor idx="20">Underground</governor>
            <dependent idx="19">Weather</dependent>
          </dep>
          <dep type="nmod:of">
            <governor idx="15">members</governor>
            <dependent idx="20">Underground</dependent>
          </dep>
          <dep type="punct">
            <governor idx="3">figure</governor>
            <dependent idx="21">,</dependent>
          </dep>
          <dep type="nsubj">
            <governor idx="23">died</governor>
            <dependent idx="22">Felt</dependent>
          </dep>
          <dep type="acl:relcl">
            <governor idx="3">figure</governor>
            <dependent idx="23">died</dependent>
          </dep>
          <dep type="case">
            <governor idx="26">failure</governor>
            <dependent idx="24">of</dependent>
          </dep>
          <dep type="compound">
            <governor idx="26">failure</governor>
            <dependent idx="25">heart</dependent>
          </dep>
          <dep type="nmod:of">
            <governor idx="23">died</governor>
            <dependent idx="26">failure</dependent>
          </dep>
          <dep type="nmod:tmod">
            <governor idx="26">failure</governor>
            <dependent idx="27">Thursday</dependent>
          </dep>
          <dep type="case">
            <governor idx="30">home</governor>
            <dependent idx="28">at</dependent>
          </dep>
          <dep type="nmod:poss">
            <governor idx="30">home</governor>
            <dependent idx="29">his</dependent>
          </dep>
          <dep type="nmod:at">
            <governor idx="23">died</governor>
            <dependent idx="30">home</dependent>
          </dep>
          <dep type="case">
            <governor idx="33">Rosa</governor>
            <dependent idx="31">in</dependent>
          </dep>
          <dep type="compound">
            <governor idx="33">Rosa</governor>
            <dependent idx="32">Santa</dependent>
          </dep>
          <dep type="nmod:in">
            <governor idx="30">home</governor>
            <dependent idx="33">Rosa</dependent>
          </dep>
          <dep type="punct">
            <governor idx="33">Rosa</governor>
            <dependent idx="34">,</dependent>
          </dep>
          <dep type="appos">
            <governor idx="33">Rosa</governor>
            <dependent idx="35">Calif</dependent>
          </dep>
          <dep type="punct">
            <governor idx="3">figure</governor>
            <dependent idx="36">.</dependent>
          </dep>
          <dep type="punct">
            <governor idx="3">figure</governor>
            <dependent idx="37">,</dependent>
          </dep>
          <dep type="nmod:poss">
            <governor idx="39">grandson</governor>
            <dependent idx="38">his</dependent>
          </dep>
          <dep type="dobj">
            <governor idx="42">said</governor>
            <dependent idx="39">grandson</dependent>
          </dep>
          <dep type="compound">
            <governor idx="41">Jones</governor>
            <dependent idx="40">Rob</dependent>
          </dep>
          <dep type="nsubj">
            <governor idx="42">said</governor>
            <dependent idx="41">Jones</dependent>
          </dep>
          <dep type="acl:relcl">
            <governor idx="3">figure</governor>
            <dependent idx="42">said</dependent>
          </dep>
          <dep type="punct">
            <governor idx="3">figure</governor>
            <dependent idx="43">.</dependent>
          </dep>
        </dependencies>
      </sentence>
    </sentences>
  </document>
</root>
