<?xml version="1.0" encoding="UTF-8"?>
<?xml-stylesheet href="CoreNLP-to-HTML.xsl" type="text/xsl"?>
<root>
  <document>
    <sentences>
      <sentence id="1" line="1">
        <tokens>
          <token id="1">
            <word>Watergate</word>
            <lemma>Watergate</lemma>
            <CharacterOffsetBegin>0</CharacterOffsetBegin>
            <CharacterOffsetEnd>9</CharacterOffsetEnd>
            <POS>NNP</POS>
            <NER>O</NER>
          </token>
          <token id="2">
            <word>figure</word>
            <lemma>figure</lemma>
            <CharacterOffsetBegin>10</CharacterOffsetBegin>
            <CharacterOffsetEnd>16</CharacterOffsetEnd>
            <POS>NN</POS>
            <NER>O</NER>
          </token>
          <token id="3">
            <word>Fred</word>
            <lemma>Fred</lemma>
            <CharacterOffsetBegin>17</CharacterOffsetBegin>
            <CharacterOffsetEnd>21</CharacterOffsetEnd>
            <POS>NNP</POS>
            <NER>PERSON</NER>
          </token>
          <token id="4">
            <word>LaRue</word>
            <lemma>LaRue</lemma>
            <CharacterOffsetBegin>22</CharacterOffsetBegin>
            <CharacterOffsetEnd>27</CharacterOffsetEnd>
            <POS>NNP</POS>
            <NER>PERSON</NER>
          </token>
          <token id="5">
            <word>dies</word>
            <lemma>die</lemma>
            <CharacterOffsetBegin>28</CharacterOffsetBegin>
            <CharacterOffsetEnd>32</CharacterOffsetEnd>
            <POS>VBZ</POS>
            <NER>O</NER>
          </token>
        </tokens>
        <parse>(ROOT (S (NP (NNP Watergate) (NN figure) (NNP Fred) (NNP LaRue)) (VP (VBZ dies)))) </parse>
        <dependencies type="basic-dependencies">
          <dep type="root">
            <governor idx="0">ROOT</governor>
            <dependent idx="5">dies</dependent>
          </dep>
          <dep type="compound">
            <governor idx="4">LaRue</governor>
            <dependent idx="1">Watergate</dependent>
          </dep>
          <dep type="compound">
            <governor idx="4">LaRue</governor>
            <dependent idx="2">figure</dependent>
          </dep>
          <dep type="compound">
            <governor idx="4">LaRue</governor>
            <dependent idx="3">Fred</dependent>
          </dep>
          <dep type="nsubj">
            <governor idx="5">dies</governor>
            <dependent idx="4">LaRue</dependent>
          </dep>
        </dependencies>
        <dependencies type="collapsed-dependencies">
          <dep type="root">
            <governor idx="0">ROOT</governor>
            <dependent idx="5">dies</dependent>
          </dep>
          <dep type="compound">
            <governor idx="4">LaRue</governor>
            <dependent idx="1">Watergate</dependent>
          </dep>
          <dep type="compound">
            <governor idx="4">LaRue</governor>
            <dependent idx="2">figure</dependent>
          </dep>
          <dep type="compound">
            <governor idx="4">LaRue</governor>
            <dependent idx="3">Fred</dependent>
          </dep>
          <dep type="nsubj">
            <governor idx="5">dies</governor>
            <dependent idx="4">LaRue</dependent>
          </dep>
        </dependencies>
        <dependencies type="collapsed-ccprocessed-dependencies">
          <dep type="root">
            <governor idx="0">ROOT</governor>
            <dependent idx="5">dies</dependent>
          </dep>
          <dep type="compound">
            <governor idx="4">LaRue</governor>
            <dependent idx="1">Watergate</dependent>
          </dep>
          <dep type="compound">
            <governor idx="4">LaRue</governor>
            <dependent idx="2">figure</dependent>
          </dep>
          <dep type="compound">
            <governor idx="4">LaRue</governor>
            <dependent idx="3">Fred</dependent>
          </dep>
          <dep type="nsubj">
            <governor idx="5">dies</governor>
            <dependent idx="4">LaRue</dependent>
          </dep>
        </dependencies>
      </sentence>
      <sentence id="2" line="2">
        <tokens>
          <token id="1">
            <word>Fred</word>
            <lemma>Fred</lemma>
            <CharacterOffsetBegin>33</CharacterOffsetBegin>
            <CharacterOffsetEnd>37</CharacterOffsetEnd>
            <POS>NNP</POS>
            <NER>PERSON</NER>
          </token>
          <token id="2">
            <word>LaRue</word>
            <lemma>LaRue</lemma>
            <CharacterOffsetBegin>38</CharacterOffsetBegin>
            <CharacterOffsetEnd>43</CharacterOffsetEnd>
            <POS>NNP</POS>
            <NER>PERSON</NER>
          </token>
          <token id="3">
            <word>,</word>
            <lemma>,</lemma>
            <CharacterOffsetBegin>44</CharacterOffsetBegin>
            <CharacterOffsetEnd>45</CharacterOffsetEnd>
            <POS>,</POS>
            <NER>O</NER>
          </token>
          <token id="4">
            <word>a</word>
            <lemma>a</lemma>
            <CharacterOffsetBegin>46</CharacterOffsetBegin>
            <CharacterOffsetEnd>47</CharacterOffsetEnd>
            <POS>DT</POS>
            <NER>O</NER>
          </token>
          <token id="5">
            <word>Watergate</word>
            <lemma>Watergate</lemma>
            <CharacterOffsetBegin>48</CharacterOffsetBegin>
            <CharacterOffsetEnd>57</CharacterOffsetEnd>
            <POS>NNP</POS>
            <NER>MISC</NER>
          </token>
          <token id="6">
            <word>figure</word>
            <lemma>figure</lemma>
            <CharacterOffsetBegin>58</CharacterOffsetBegin>
            <CharacterOffsetEnd>64</CharacterOffsetEnd>
            <POS>NN</POS>
            <NER>O</NER>
          </token>
          <token id="7">
            <word>and</word>
            <lemma>and</lemma>
            <CharacterOffsetBegin>65</CharacterOffsetBegin>
            <CharacterOffsetEnd>68</CharacterOffsetEnd>
            <POS>CC</POS>
            <NER>O</NER>
          </token>
          <token id="8">
            <word>high</word>
            <lemma>high</lemma>
            <CharacterOffsetBegin>69</CharacterOffsetBegin>
            <CharacterOffsetEnd>73</CharacterOffsetEnd>
            <POS>JJ</POS>
            <NER>O</NER>
          </token>
          <token id="9">
            <word>-</word>
            <lemma>-</lemma>
            <CharacterOffsetBegin>74</CharacterOffsetBegin>
            <CharacterOffsetEnd>75</CharacterOffsetEnd>
            <POS>:</POS>
            <NER>O</NER>
          </token>
          <token id="10">
            <word>ranking</word>
            <lemma>ranking</lemma>
            <CharacterOffsetBegin>76</CharacterOffsetBegin>
            <CharacterOffsetEnd>83</CharacterOffsetEnd>
            <POS>JJ</POS>
            <NER>O</NER>
          </token>
          <token id="11">
            <word>Nixon</word>
            <lemma>Nixon</lemma>
            <CharacterOffsetBegin>84</CharacterOffsetBegin>
            <CharacterOffsetEnd>89</CharacterOffsetEnd>
            <POS>NNP</POS>
            <NER>PERSON</NER>
          </token>
          <token id="12">
            <word>administration</word>
            <lemma>administration</lemma>
            <CharacterOffsetBegin>90</CharacterOffsetBegin>
            <CharacterOffsetEnd>104</CharacterOffsetEnd>
            <POS>NN</POS>
            <NER>O</NER>
          </token>
          <token id="13">
            <word>official</word>
            <lemma>official</lemma>
            <CharacterOffsetBegin>105</CharacterOffsetBegin>
            <CharacterOffsetEnd>113</CharacterOffsetEnd>
            <POS>NN</POS>
            <NER>O</NER>
          </token>
          <token id="14">
            <word>who</word>
            <lemma>who</lemma>
            <CharacterOffsetBegin>114</CharacterOffsetBegin>
            <CharacterOffsetEnd>117</CharacterOffsetEnd>
            <POS>WP</POS>
            <NER>O</NER>
          </token>
          <token id="15">
            <word>once</word>
            <lemma>once</lemma>
            <CharacterOffsetBegin>118</CharacterOffsetBegin>
            <CharacterOffsetEnd>122</CharacterOffsetEnd>
            <POS>RB</POS>
            <NER>DATE</NER>
            <NormalizedNER>PAST_REF</NormalizedNER>
            <Timex tid="t1" type="DATE">PAST_REF</Timex>
          </token>
          <token id="16">
            <word>was</word>
            <lemma>be</lemma>
            <CharacterOffsetBegin>123</CharacterOffsetBegin>
            <CharacterOffsetEnd>126</CharacterOffsetEnd>
            <POS>VBD</POS>
            <NER>O</NER>
          </token>
          <token id="17">
            <word>rumored</word>
            <lemma>rumor</lemma>
            <CharacterOffsetBegin>127</CharacterOffsetBegin>
            <CharacterOffsetEnd>134</CharacterOffsetEnd>
            <POS>VBN</POS>
            <NER>O</NER>
          </token>
          <token id="18">
            <word>to</word>
            <lemma>to</lemma>
            <CharacterOffsetBegin>135</CharacterOffsetBegin>
            <CharacterOffsetEnd>137</CharacterOffsetEnd>
            <POS>TO</POS>
            <NER>O</NER>
          </token>
          <token id="19">
            <word>be</word>
            <lemma>be</lemma>
            <CharacterOffsetBegin>138</CharacterOffsetBegin>
            <CharacterOffsetEnd>140</CharacterOffsetEnd>
            <POS>VB</POS>
            <NER>O</NER>
          </token>
          <token id="20">
            <word>Deep</word>
            <lemma>deep</lemma>
            <CharacterOffsetBegin>141</CharacterOffsetBegin>
            <CharacterOffsetEnd>145</CharacterOffsetEnd>
            <POS>JJ</POS>
            <NER>PERSON</NER>
          </token>
          <token id="21">
            <word>Throat</word>
            <lemma>throat</lemma>
            <CharacterOffsetBegin>146</CharacterOffsetBegin>
            <CharacterOffsetEnd>152</CharacterOffsetEnd>
            <POS>NN</POS>
            <NER>PERSON</NER>
          </token>
          <token id="22">
            <word>,</word>
            <lemma>,</lemma>
            <CharacterOffsetBegin>153</CharacterOffsetBegin>
            <CharacterOffsetEnd>154</CharacterOffsetEnd>
            <POS>,</POS>
            <NER>O</NER>
          </token>
          <token id="23">
            <word>has</word>
            <lemma>have</lemma>
            <CharacterOffsetBegin>155</CharacterOffsetBegin>
            <CharacterOffsetEnd>158</CharacterOffsetEnd>
            <POS>VBZ</POS>
            <NER>O</NER>
          </token>
          <token id="24">
            <word>died</word>
            <lemma>die</lemma>
            <CharacterOffsetBegin>159</CharacterOffsetBegin>
            <CharacterOffsetEnd>163</CharacterOffsetEnd>
            <POS>VBN</POS>
            <NER>O</NER>
          </token>
          <token id="25">
            <word>of</word>
            <lemma>of</lemma>
            <CharacterOffsetBegin>164</CharacterOffsetBegin>
            <CharacterOffsetEnd>166</CharacterOffsetEnd>
            <POS>IN</POS>
            <NER>O</NER>
          </token>
          <token id="26">
            <word>natural</word>
            <lemma>natural</lemma>
            <CharacterOffsetBegin>167</CharacterOffsetBegin>
            <CharacterOffsetEnd>174</CharacterOffsetEnd>
            <POS>JJ</POS>
            <NER>O</NER>
          </token>
          <token id="27">
            <word>causes</word>
            <lemma>cause</lemma>
            <CharacterOffsetBegin>175</CharacterOffsetBegin>
            <CharacterOffsetEnd>181</CharacterOffsetEnd>
            <POS>NNS</POS>
            <NER>O</NER>
          </token>
          <token id="28">
            <word>.</word>
            <lemma>.</lemma>
            <CharacterOffsetBegin>182</CharacterOffsetBegin>
            <CharacterOffsetEnd>183</CharacterOffsetEnd>
            <POS>.</POS>
            <NER>O</NER>
          </token>
        </tokens>
        <parse>(ROOT (S (NP (NP (NNP Fred) (NNP LaRue)) (, ,) (NP (NP (NP (DT a) (NNP Watergate) (NN figure)) (CC and) (NP (JJ high))) (: -) (NP (NP (JJ ranking) (NNP Nixon) (NN administration) (NN official)) (SBAR (WHNP (WP who)) (S (ADVP (RB once)) (VP (VBD was) (VP (VBN rumored) (S (VP (TO to) (VP (VB be) (NP (JJ Deep) (NN Throat))))))))))) (, ,)) (VP (VBZ has) (VP (VBN died) (PP (IN of) (NP (JJ natural) (NNS causes))))) (. .))) </parse>
        <dependencies type="basic-dependencies">
          <dep type="root">
            <governor idx="0">ROOT</governor>
            <dependent idx="24">died</dependent>
          </dep>
          <dep type="compound">
            <governor idx="2">LaRue</governor>
            <dependent idx="1">Fred</dependent>
          </dep>
          <dep type="nsubj">
            <governor idx="24">died</governor>
            <dependent idx="2">LaRue</dependent>
          </dep>
          <dep type="punct">
            <governor idx="2">LaRue</governor>
            <dependent idx="3">,</dependent>
          </dep>
          <dep type="det">
            <governor idx="6">figure</governor>
            <dependent idx="4">a</dependent>
          </dep>
          <dep type="compound">
            <governor idx="6">figure</governor>
            <dependent idx="5">Watergate</dependent>
          </dep>
          <dep type="appos">
            <governor idx="2">LaRue</governor>
            <dependent idx="6">figure</dependent>
          </dep>
          <dep type="cc">
            <governor idx="6">figure</governor>
            <dependent idx="7">and</dependent>
          </dep>
          <dep type="amod">
            <governor idx="13">official</governor>
            <dependent idx="8">high</dependent>
          </dep>
          <dep type="punct">
            <governor idx="13">official</governor>
            <dependent idx="9">-</dependent>
          </dep>
          <dep type="amod">
            <governor idx="13">official</governor>
            <dependent idx="10">ranking</dependent>
          </dep>
          <dep type="compound">
            <governor idx="13">official</governor>
            <dependent idx="11">Nixon</dependent>
          </dep>
          <dep type="compound">
            <governor idx="13">official</governor>
            <dependent idx="12">administration</dependent>
          </dep>
          <dep type="conj">
            <governor idx="6">figure</governor>
            <dependent idx="13">official</dependent>
          </dep>
          <dep type="nsubjpass">
            <governor idx="17">rumored</governor>
            <dependent idx="14">who</dependent>
          </dep>
          <dep type="advmod">
            <governor idx="17">rumored</governor>
            <dependent idx="15">once</dependent>
          </dep>
          <dep type="auxpass">
            <governor idx="17">rumored</governor>
            <dependent idx="16">was</dependent>
          </dep>
          <dep type="acl:relcl">
            <governor idx="13">official</governor>
            <dependent idx="17">rumored</dependent>
          </dep>
          <dep type="mark">
            <governor idx="21">Throat</governor>
            <dependent idx="18">to</dependent>
          </dep>
          <dep type="cop">
            <governor idx="21">Throat</governor>
            <dependent idx="19">be</dependent>
          </dep>
          <dep type="amod">
            <governor idx="21">Throat</governor>
            <dependent idx="20">Deep</dependent>
          </dep>
          <dep type="xcomp">
            <governor idx="17">rumored</governor>
            <dependent idx="21">Throat</dependent>
          </dep>
          <dep type="punct">
            <governor idx="2">LaRue</governor>
            <dependent idx="22">,</dependent>
          </dep>
          <dep type="aux">
            <governor idx="24">died</governor>
            <dependent idx="23">has</dependent>
          </dep>
          <dep type="case">
            <governor idx="27">causes</governor>
            <dependent idx="25">of</dependent>
          </dep>
          <dep type="amod">
            <governor idx="27">causes</governor>
            <dependent idx="26">natural</dependent>
          </dep>
          <dep type="nmod">
            <governor idx="24">died</governor>
            <dependent idx="27">causes</dependent>
          </dep>
          <dep type="punct">
            <governor idx="24">died</governor>
            <dependent idx="28">.</dependent>
          </dep>
        </dependencies>
        <dependencies type="collapsed-dependencies">
          <dep type="root">
            <governor idx="0">ROOT</governor>
            <dependent idx="24">died</dependent>
          </dep>
          <dep type="compound">
            <governor idx="2">LaRue</governor>
            <dependent idx="1">Fred</dependent>
          </dep>
          <dep type="nsubj">
            <governor idx="24">died</governor>
            <dependent idx="2">LaRue</dependent>
          </dep>
          <dep type="punct">
            <governor idx="2">LaRue</governor>
            <dependent idx="3">,</dependent>
          </dep>
          <dep type="det">
            <governor idx="6">figure</governor>
            <dependent idx="4">a</dependent>
          </dep>
          <dep type="compound">
            <governor idx="6">figure</governor>
            <dependent idx="5">Watergate</dependent>
          </dep>
          <dep type="appos">
            <governor idx="2">LaRue</governor>
            <dependent idx="6">figure</dependent>
          </dep>
          <dep type="cc">
            <governor idx="6">figure</governor>
            <dependent idx="7">and</dependent>
          </dep>
          <dep type="amod">
            <governor idx="13">official</governor>
            <dependent idx="8">high</dependent>
          </dep>
          <dep type="punct">
            <governor idx="13">official</governor>
            <dependent idx="9">-</dependent>
          </dep>
          <dep type="amod">
            <governor idx="13">official</governor>
            <dependent idx="10">ranking</dependent>
          </dep>
          <dep type="compound">
            <governor idx="13">official</governor>
            <dependent idx="11">Nixon</dependent>
          </dep>
          <dep type="compound">
            <governor idx="13">official</governor>
            <dependent idx="12">administration</dependent>
          </dep>
          <dep type="conj:and">
            <governor idx="6">figure</governor>
            <dependent idx="13">official</dependent>
          </dep>
          <dep type="nsubjpass">
            <governor idx="17">rumored</governor>
            <dependent idx="14">who</dependent>
          </dep>
          <dep type="advmod">
            <governor idx="17">rumored</governor>
            <dependent idx="15">once</dependent>
          </dep>
          <dep type="auxpass">
            <governor idx="17">rumored</governor>
            <dependent idx="16">was</dependent>
          </dep>
          <dep type="acl:relcl">
            <governor idx="13">official</governor>
            <dependent idx="17">rumored</dependent>
          </dep>
          <dep type="mark">
            <governor idx="21">Throat</governor>
            <dependent idx="18">to</dependent>
          </dep>
          <dep type="cop">
            <governor idx="21">Throat</governor>
            <dependent idx="19">be</dependent>
          </dep>
          <dep type="amod">
            <governor idx="21">Throat</governor>
            <dependent idx="20">Deep</dependent>
          </dep>
          <dep type="xcomp">
            <governor idx="17">rumored</governor>
            <dependent idx="21">Throat</dependent>
          </dep>
          <dep type="punct">
            <governor idx="2">LaRue</governor>
            <dependent idx="22">,</dependent>
          </dep>
          <dep type="aux">
            <governor idx="24">died</governor>
            <dependent idx="23">has</dependent>
          </dep>
          <dep type="case">
            <governor idx="27">causes</governor>
            <dependent idx="25">of</dependent>
          </dep>
          <dep type="amod">
            <governor idx="27">causes</governor>
            <dependent idx="26">natural</dependent>
          </dep>
          <dep type="nmod:of">
            <governor idx="24">died</governor>
            <dependent idx="27">causes</dependent>
          </dep>
          <dep type="punct">
            <governor idx="24">died</governor>
            <dependent idx="28">.</dependent>
          </dep>
        </dependencies>
        <dependencies type="collapsed-ccprocessed-dependencies">
          <dep type="root">
            <governor idx="0">ROOT</governor>
            <dependent idx="24">died</dependent>
          </dep>
          <dep type="compound">
            <governor idx="2">LaRue</governor>
            <dependent idx="1">Fred</dependent>
          </dep>
          <dep type="nsubj">
            <governor idx="24">died</governor>
            <dependent idx="2">LaRue</dependent>
          </dep>
          <dep type="punct">
            <governor idx="2">LaRue</governor>
            <dependent idx="3">,</dependent>
          </dep>
          <dep type="det">
            <governor idx="6">figure</governor>
            <dependent idx="4">a</dependent>
          </dep>
          <dep type="compound">
            <governor idx="6">figure</governor>
            <dependent idx="5">Watergate</dependent>
          </dep>
          <dep type="appos">
            <governor idx="2">LaRue</governor>
            <dependent idx="6">figure</dependent>
          </dep>
          <dep type="cc">
            <governor idx="6">figure</governor>
            <dependent idx="7">and</dependent>
          </dep>
          <dep type="amod">
            <governor idx="13">official</governor>
            <dependent idx="8">high</dependent>
          </dep>
          <dep type="punct">
            <governor idx="13">official</governor>
            <dependent idx="9">-</dependent>
          </dep>
          <dep type="amod">
            <governor idx="13">official</governor>
            <dependent idx="10">ranking</dependent>
          </dep>
          <dep type="compound">
            <governor idx="13">official</governor>
            <dependent idx="11">Nixon</dependent>
          </dep>
          <dep type="compound">
            <governor idx="13">official</governor>
            <dependent idx="12">administration</dependent>
          </dep>
          <dep type="appos" extra="true">
            <governor idx="2">LaRue</governor>
            <dependent idx="13">official</dependent>
          </dep>
          <dep type="conj:and">
            <governor idx="6">figure</governor>
            <dependent idx="13">official</dependent>
          </dep>
          <dep type="nsubjpass">
            <governor idx="17">rumored</governor>
            <dependent idx="14">who</dependent>
          </dep>
          <dep type="advmod">
            <governor idx="17">rumored</governor>
            <dependent idx="15">once</dependent>
          </dep>
          <dep type="auxpass">
            <governor idx="17">rumored</governor>
            <dependent idx="16">was</dependent>
          </dep>
          <dep type="acl:relcl">
            <governor idx="13">official</governor>
            <dependent idx="17">rumored</dependent>
          </dep>
          <dep type="mark">
            <governor idx="21">Throat</governor>
            <dependent idx="18">to</dependent>
          </dep>
          <dep type="cop">
            <governor idx="21">Throat</governor>
            <dependent idx="19">be</dependent>
          </dep>
          <dep type="amod">
            <governor idx="21">Throat</governor>
            <dependent idx="20">Deep</dependent>
          </dep>
          <dep type="xcomp">
            <governor idx="17">rumored</governor>
            <dependent idx="21">Throat</dependent>
          </dep>
          <dep type="punct">
            <governor idx="2">LaRue</governor>
            <dependent idx="22">,</dependent>
          </dep>
          <dep type="aux">
            <governor idx="24">died</governor>
            <dependent idx="23">has</dependent>
          </dep>
          <dep type="case">
            <governor idx="27">causes</governor>
            <dependent idx="25">of</dependent>
          </dep>
          <dep type="amod">
            <governor idx="27">causes</governor>
            <dependent idx="26">natural</dependent>
          </dep>
          <dep type="nmod:of">
            <governor idx="24">died</governor>
            <dependent idx="27">causes</dependent>
          </dep>
          <dep type="punct">
            <governor idx="24">died</governor>
            <dependent idx="28">.</dependent>
          </dep>
        </dependencies>
      </sentence>
      <sentence id="3" line="3">
        <tokens>
          <token id="1">
            <word>His</word>
            <lemma>he</lemma>
            <CharacterOffsetBegin>184</CharacterOffsetBegin>
            <CharacterOffsetEnd>187</CharacterOffsetEnd>
            <POS>PRP$</POS>
            <NER>O</NER>
          </token>
          <token id="2">
            <word>body</word>
            <lemma>body</lemma>
            <CharacterOffsetBegin>188</CharacterOffsetBegin>
            <CharacterOffsetEnd>192</CharacterOffsetEnd>
            <POS>NN</POS>
            <NER>O</NER>
          </token>
          <token id="3">
            <word>was</word>
            <lemma>be</lemma>
            <CharacterOffsetBegin>193</CharacterOffsetBegin>
            <CharacterOffsetEnd>196</CharacterOffsetEnd>
            <POS>VBD</POS>
            <NER>O</NER>
          </token>
          <token id="4">
            <word>discovered</word>
            <lemma>discover</lemma>
            <CharacterOffsetBegin>197</CharacterOffsetBegin>
            <CharacterOffsetEnd>207</CharacterOffsetEnd>
            <POS>VBN</POS>
            <NER>O</NER>
          </token>
          <token id="5">
            <word>Tuesday</word>
            <lemma>Tuesday</lemma>
            <CharacterOffsetBegin>208</CharacterOffsetBegin>
            <CharacterOffsetEnd>215</CharacterOffsetEnd>
            <POS>NNP</POS>
            <NER>DATE</NER>
            <NormalizedNER>XXXX-WXX-2</NormalizedNER>
            <Timex tid="t2" type="DATE">XXXX-WXX-2</Timex>
          </token>
          <token id="6">
            <word>by</word>
            <lemma>by</lemma>
            <CharacterOffsetBegin>216</CharacterOffsetBegin>
            <CharacterOffsetEnd>218</CharacterOffsetEnd>
            <POS>IN</POS>
            <NER>O</NER>
          </token>
          <token id="7">
            <word>a</word>
            <lemma>a</lemma>
            <CharacterOffsetBegin>219</CharacterOffsetBegin>
            <CharacterOffsetEnd>220</CharacterOffsetEnd>
            <POS>DT</POS>
            <NER>O</NER>
          </token>
          <token id="8">
            <word>maid</word>
            <lemma>maid</lemma>
            <CharacterOffsetBegin>221</CharacterOffsetBegin>
            <CharacterOffsetEnd>225</CharacterOffsetEnd>
            <POS>NN</POS>
            <NER>O</NER>
          </token>
          <token id="9">
            <word>who</word>
            <lemma>who</lemma>
            <CharacterOffsetBegin>226</CharacterOffsetBegin>
            <CharacterOffsetEnd>229</CharacterOffsetEnd>
            <POS>WP</POS>
            <NER>O</NER>
          </token>
          <token id="10">
            <word>entered</word>
            <lemma>enter</lemma>
            <CharacterOffsetBegin>230</CharacterOffsetBegin>
            <CharacterOffsetEnd>237</CharacterOffsetEnd>
            <POS>VBD</POS>
            <NER>O</NER>
          </token>
          <token id="11">
            <word>his</word>
            <lemma>he</lemma>
            <CharacterOffsetBegin>238</CharacterOffsetBegin>
            <CharacterOffsetEnd>241</CharacterOffsetEnd>
            <POS>PRP$</POS>
            <NER>O</NER>
          </token>
          <token id="12">
            <word>hotel</word>
            <lemma>hotel</lemma>
            <CharacterOffsetBegin>242</CharacterOffsetBegin>
            <CharacterOffsetEnd>247</CharacterOffsetEnd>
            <POS>NN</POS>
            <NER>O</NER>
          </token>
          <token id="13">
            <word>room</word>
            <lemma>room</lemma>
            <CharacterOffsetBegin>248</CharacterOffsetBegin>
            <CharacterOffsetEnd>252</CharacterOffsetEnd>
            <POS>NN</POS>
            <NER>O</NER>
          </token>
          <token id="14">
            <word>in</word>
            <lemma>in</lemma>
            <CharacterOffsetBegin>253</CharacterOffsetBegin>
            <CharacterOffsetEnd>255</CharacterOffsetEnd>
            <POS>IN</POS>
            <NER>O</NER>
          </token>
          <token id="15">
            <word>Biloxi</word>
            <lemma>Biloxi</lemma>
            <CharacterOffsetBegin>256</CharacterOffsetBegin>
            <CharacterOffsetEnd>262</CharacterOffsetEnd>
            <POS>NNP</POS>
            <NER>LOCATION</NER>
          </token>
          <token id="16">
            <word>,</word>
            <lemma>,</lemma>
            <CharacterOffsetBegin>263</CharacterOffsetBegin>
            <CharacterOffsetEnd>264</CharacterOffsetEnd>
            <POS>,</POS>
            <NER>O</NER>
          </token>
          <token id="17">
            <word>Coroner</word>
            <lemma>Coroner</lemma>
            <CharacterOffsetBegin>265</CharacterOffsetBegin>
            <CharacterOffsetEnd>272</CharacterOffsetEnd>
            <POS>NNP</POS>
            <NER>O</NER>
          </token>
          <token id="18">
            <word>Gary</word>
            <lemma>Gary</lemma>
            <CharacterOffsetBegin>273</CharacterOffsetBegin>
            <CharacterOffsetEnd>277</CharacterOffsetEnd>
            <POS>NNP</POS>
            <NER>PERSON</NER>
          </token>
          <token id="19">
            <word>Hargrove</word>
            <lemma>Hargrove</lemma>
            <CharacterOffsetBegin>278</CharacterOffsetBegin>
            <CharacterOffsetEnd>286</CharacterOffsetEnd>
            <POS>NNP</POS>
            <NER>PERSON</NER>
          </token>
          <token id="20">
            <word>said</word>
            <lemma>say</lemma>
            <CharacterOffsetBegin>287</CharacterOffsetBegin>
            <CharacterOffsetEnd>291</CharacterOffsetEnd>
            <POS>VBD</POS>
            <NER>O</NER>
          </token>
          <token id="21">
            <word>.</word>
            <lemma>.</lemma>
            <CharacterOffsetBegin>292</CharacterOffsetBegin>
            <CharacterOffsetEnd>293</CharacterOffsetEnd>
            <POS>.</POS>
            <NER>O</NER>
          </token>
        </tokens>
        <parse>(ROOT (S (S (NP (PRP$ His) (NN body)) (VP (VBD was) (VP (VBN discovered) (NP-TMP (NNP Tuesday)) (PP (IN by) (NP (NP (DT a) (NN maid)) (SBAR (WHNP (WP who)) (S (VP (VBD entered) (NP (PRP$ his) (NN hotel) (NN room)) (PP (IN in) (NP (NNP Biloxi))))))))))) (, ,) (NP (NNP Coroner) (NNP Gary) (NNP Hargrove)) (VP (VBD said)) (. .))) </parse>
        <dependencies type="basic-dependencies">
          <dep type="root">
            <governor idx="0">ROOT</governor>
            <dependent idx="20">said</dependent>
          </dep>
          <dep type="nmod:poss">
            <governor idx="2">body</governor>
            <dependent idx="1">His</dependent>
          </dep>
          <dep type="nsubjpass">
            <governor idx="4">discovered</governor>
            <dependent idx="2">body</dependent>
          </dep>
          <dep type="auxpass">
            <governor idx="4">discovered</governor>
            <dependent idx="3">was</dependent>
          </dep>
          <dep type="ccomp">
            <governor idx="20">said</governor>
            <dependent idx="4">discovered</dependent>
          </dep>
          <dep type="nmod:tmod">
            <governor idx="4">discovered</governor>
            <dependent idx="5">Tuesday</dependent>
          </dep>
          <dep type="case">
            <governor idx="8">maid</governor>
            <dependent idx="6">by</dependent>
          </dep>
          <dep type="det">
            <governor idx="8">maid</governor>
            <dependent idx="7">a</dependent>
          </dep>
          <dep type="nmod">
            <governor idx="4">discovered</governor>
            <dependent idx="8">maid</dependent>
          </dep>
          <dep type="nsubj">
            <governor idx="10">entered</governor>
            <dependent idx="9">who</dependent>
          </dep>
          <dep type="acl:relcl">
            <governor idx="8">maid</governor>
            <dependent idx="10">entered</dependent>
          </dep>
          <dep type="nmod:poss">
            <governor idx="13">room</governor>
            <dependent idx="11">his</dependent>
          </dep>
          <dep type="compound">
            <governor idx="13">room</governor>
            <dependent idx="12">hotel</dependent>
          </dep>
          <dep type="dobj">
            <governor idx="10">entered</governor>
            <dependent idx="13">room</dependent>
          </dep>
          <dep type="case">
            <governor idx="15">Biloxi</governor>
            <dependent idx="14">in</dependent>
          </dep>
          <dep type="nmod">
            <governor idx="10">entered</governor>
            <dependent idx="15">Biloxi</dependent>
          </dep>
          <dep type="punct">
            <governor idx="20">said</governor>
            <dependent idx="16">,</dependent>
          </dep>
          <dep type="compound">
            <governor idx="19">Hargrove</governor>
            <dependent idx="17">Coroner</dependent>
          </dep>
          <dep type="compound">
            <governor idx="19">Hargrove</governor>
            <dependent idx="18">Gary</dependent>
          </dep>
          <dep type="nsubj">
            <governor idx="20">said</governor>
            <dependent idx="19">Hargrove</dependent>
          </dep>
          <dep type="punct">
            <governor idx="20">said</governor>
            <dependent idx="21">.</dependent>
          </dep>
        </dependencies>
        <dependencies type="collapsed-dependencies">
          <dep type="root">
            <governor idx="0">ROOT</governor>
            <dependent idx="20">said</dependent>
          </dep>
          <dep type="nmod:poss">
            <governor idx="2">body</governor>
            <dependent idx="1">His</dependent>
          </dep>
          <dep type="nsubjpass">
            <governor idx="4">discovered</governor>
            <dependent idx="2">body</dependent>
          </dep>
          <dep type="auxpass">
            <governor idx="4">discovered</governor>
            <dependent idx="3">was</dependent>
          </dep>
          <dep type="ccomp">
            <governor idx="20">said</governor>
            <dependent idx="4">discovered</dependent>
          </dep>
          <dep type="nmod:tmod">
            <governor idx="4">discovered</governor>
            <dependent idx="5">Tuesday</dependent>
          </dep>
          <dep type="case">
            <governor idx="8">maid</governor>
            <dependent idx="6">by</dependent>
          </dep>
          <dep type="det">
            <governor idx="8">maid</governor>
            <dependent idx="7">a</dependent>
          </dep>
          <dep type="nmod:agent">
            <governor idx="4">discovered</governor>
            <dependent idx="8">maid</dependent>
          </dep>
          <dep type="nsubj">
            <governor idx="10">entered</governor>
            <dependent idx="9">who</dependent>
          </dep>
          <dep type="acl:relcl">
            <governor idx="8">maid</governor>
            <dependent idx="10">entered</dependent>
          </dep>
          <dep type="nmod:poss">
            <governor idx="13">room</governor>
            <dependent idx="11">his</dependent>
          </dep>
          <dep type="compound">
            <governor idx="13">room</governor>
            <dependent idx="12">hotel</dependent>
          </dep>
          <dep type="dobj">
            <governor idx="10">entered</governor>
            <dependent idx="13">room</dependent>
          </dep>
          <dep type="case">
            <governor idx="15">Biloxi</governor>
            <dependent idx="14">in</dependent>
          </dep>
          <dep type="nmod:in">
            <governor idx="10">entered</governor>
            <dependent idx="15">Biloxi</dependent>
          </dep>
          <dep type="punct">
            <governor idx="20">said</governor>
            <dependent idx="16">,</dependent>
          </dep>
          <dep type="compound">
            <governor idx="19">Hargrove</governor>
            <dependent idx="17">Coroner</dependent>
          </dep>
          <dep type="compound">
            <governor idx="19">Hargrove</governor>
            <dependent idx="18">Gary</dependent>
          </dep>
          <dep type="nsubj">
            <governor idx="20">said</governor>
            <dependent idx="19">Hargrove</dependent>
          </dep>
          <dep type="punct">
            <governor idx="20">said</governor>
            <dependent idx="21">.</dependent>
          </dep>
        </dependencies>
        <dependencies type="collapsed-ccprocessed-dependencies">
          <dep type="root">
            <governor idx="0">ROOT</governor>
            <dependent idx="20">said</dependent>
          </dep>
          <dep type="nmod:poss">
            <governor idx="2">body</governor>
            <dependent idx="1">His</dependent>
          </dep>
          <dep type="nsubjpass">
            <governor idx="4">discovered</governor>
            <dependent idx="2">body</dependent>
          </dep>
          <dep type="auxpass">
            <governor idx="4">discovered</governor>
            <dependent idx="3">was</dependent>
          </dep>
          <dep type="ccomp">
            <governor idx="20">said</governor>
            <dependent idx="4">discovered</dependent>
          </dep>
          <dep type="nmod:tmod">
            <governor idx="4">discovered</governor>
            <dependent idx="5">Tuesday</dependent>
          </dep>
          <dep type="case">
            <governor idx="8">maid</governor>
            <dependent idx="6">by</dependent>
          </dep>
          <dep type="det">
            <governor idx="8">maid</governor>
            <dependent idx="7">a</dependent>
          </dep>
          <dep type="nmod:agent">
            <governor idx="4">discovered</governor>
            <dependent idx="8">maid</dependent>
          </dep>
          <dep type="nsubj">
            <governor idx="10">entered</governor>
            <dependent idx="9">who</dependent>
          </dep>
          <dep type="acl:relcl">
            <governor idx="8">maid</governor>
            <dependent idx="10">entered</dependent>
          </dep>
          <dep type="nmod:poss">
            <governor idx="13">room</governor>
            <dependent idx="11">his</dependent>
          </dep>
          <dep type="compound">
            <governor idx="13">room</governor>
            <dependent idx="12">hotel</dependent>
          </dep>
          <dep type="dobj">
            <governor idx="10">entered</governor>
            <dependent idx="13">room</dependent>
          </dep>
          <dep type="case">
            <governor idx="15">Biloxi</governor>
            <dependent idx="14">in</dependent>
          </dep>
          <dep type="nmod:in">
            <governor idx="10">entered</governor>
            <dependent idx="15">Biloxi</dependent>
          </dep>
          <dep type="punct">
            <governor idx="20">said</governor>
            <dependent idx="16">,</dependent>
          </dep>
          <dep type="compound">
            <governor idx="19">Hargrove</governor>
            <dependent idx="17">Coroner</dependent>
          </dep>
          <dep type="compound">
            <governor idx="19">Hargrove</governor>
            <dependent idx="18">Gary</dependent>
          </dep>
          <dep type="nsubj">
            <governor idx="20">said</governor>
            <dependent idx="19">Hargrove</dependent>
          </dep>
          <dep type="punct">
            <governor idx="20">said</governor>
            <dependent idx="21">.</dependent>
          </dep>
        </dependencies>
      </sentence>
      <sentence id="4" line="4">
        <tokens>
          <token id="1">
            <word>The</word>
            <lemma>the</lemma>
            <CharacterOffsetBegin>294</CharacterOffsetBegin>
            <CharacterOffsetEnd>297</CharacterOffsetEnd>
            <POS>DT</POS>
            <NER>O</NER>
          </token>
          <token id="2">
            <word>coroner</word>
            <lemma>coroner</lemma>
            <CharacterOffsetBegin>298</CharacterOffsetBegin>
            <CharacterOffsetEnd>305</CharacterOffsetEnd>
            <POS>NN</POS>
            <NER>O</NER>
          </token>
          <token id="3">
            <word>said</word>
            <lemma>say</lemma>
            <CharacterOffsetBegin>306</CharacterOffsetBegin>
            <CharacterOffsetEnd>310</CharacterOffsetEnd>
            <POS>VBD</POS>
            <NER>O</NER>
          </token>
          <token id="4">
            <word>he</word>
            <lemma>he</lemma>
            <CharacterOffsetBegin>311</CharacterOffsetBegin>
            <CharacterOffsetEnd>313</CharacterOffsetEnd>
            <POS>PRP</POS>
            <NER>O</NER>
          </token>
          <token id="5">
            <word>believes</word>
            <lemma>believe</lemma>
            <CharacterOffsetBegin>314</CharacterOffsetBegin>
            <CharacterOffsetEnd>322</CharacterOffsetEnd>
            <POS>VBZ</POS>
            <NER>O</NER>
          </token>
          <token id="6">
            <word>Mr</word>
            <lemma>Mr</lemma>
            <CharacterOffsetBegin>323</CharacterOffsetBegin>
            <CharacterOffsetEnd>325</CharacterOffsetEnd>
            <POS>NNP</POS>
            <NER>O</NER>
          </token>
          <token id="7">
            <word>.</word>
            <lemma>.</lemma>
            <CharacterOffsetBegin>326</CharacterOffsetBegin>
            <CharacterOffsetEnd>327</CharacterOffsetEnd>
            <POS>.</POS>
            <NER>O</NER>
          </token>
          <token id="8">
            <word>LaRue</word>
            <lemma>LaRue</lemma>
            <CharacterOffsetBegin>328</CharacterOffsetBegin>
            <CharacterOffsetEnd>333</CharacterOffsetEnd>
            <POS>NNP</POS>
            <NER>PERSON</NER>
          </token>
          <token id="9">
            <word>died</word>
            <lemma>die</lemma>
            <CharacterOffsetBegin>334</CharacterOffsetBegin>
            <CharacterOffsetEnd>338</CharacterOffsetEnd>
            <POS>VBD</POS>
            <NER>O</NER>
          </token>
          <token id="10">
            <word>Saturday</word>
            <lemma>Saturday</lemma>
            <CharacterOffsetBegin>339</CharacterOffsetBegin>
            <CharacterOffsetEnd>347</CharacterOffsetEnd>
            <POS>NNP</POS>
            <NER>DATE</NER>
            <NormalizedNER>XXXX-WXX-6</NormalizedNER>
            <Timex tid="t3" type="DATE">XXXX-WXX-6</Timex>
          </token>
          <token id="11">
            <word>(</word>
            <lemma>(</lemma>
            <CharacterOffsetBegin>348</CharacterOffsetBegin>
            <CharacterOffsetEnd>349</CharacterOffsetEnd>
            <POS>CD</POS>
            <NER>NUMBER</NER>
          </token>
          <token id="12">
            <word>July</word>
            <lemma>July</lemma>
            <CharacterOffsetBegin>350</CharacterOffsetBegin>
            <CharacterOffsetEnd>354</CharacterOffsetEnd>
            <POS>NNP</POS>
            <NER>DATE</NER>
            <NormalizedNER>2004-07-24</NormalizedNER>
            <Timex tid="t4" type="DATE">2004-07-24</Timex>
          </token>
          <token id="13">
            <word>24</word>
            <lemma>24</lemma>
            <CharacterOffsetBegin>355</CharacterOffsetBegin>
            <CharacterOffsetEnd>357</CharacterOffsetEnd>
            <POS>CD</POS>
            <NER>DATE</NER>
            <NormalizedNER>2004-07-24</NormalizedNER>
            <Timex tid="t4" type="DATE">2004-07-24</Timex>
          </token>
          <token id="14">
            <word>,</word>
            <lemma>,</lemma>
            <CharacterOffsetBegin>358</CharacterOffsetBegin>
            <CharacterOffsetEnd>359</CharacterOffsetEnd>
            <POS>,</POS>
            <NER>DATE</NER>
            <NormalizedNER>2004-07-24</NormalizedNER>
            <Timex tid="t4" type="DATE">2004-07-24</Timex>
          </token>
          <token id="15">
            <word>2004</word>
            <lemma>2004</lemma>
            <CharacterOffsetBegin>360</CharacterOffsetBegin>
            <CharacterOffsetEnd>364</CharacterOffsetEnd>
            <POS>CD</POS>
            <NER>DATE</NER>
            <NormalizedNER>2004-07-24</NormalizedNER>
            <Timex tid="t4" type="DATE">2004-07-24</Timex>
          </token>
          <token id="16">
            <word>)</word>
            <lemma>)</lemma>
            <CharacterOffsetBegin>365</CharacterOffsetBegin>
            <CharacterOffsetEnd>366</CharacterOffsetEnd>
            <POS>NN</POS>
            <NER>O</NER>
          </token>
          <token id="17">
            <word>.</word>
            <lemma>.</lemma>
            <CharacterOffsetBegin>367</CharacterOffsetBegin>
            <CharacterOffsetEnd>368</CharacterOffsetEnd>
            <POS>.</POS>
            <NER>O</NER>
          </token>
        </tokens>
        <parse>(ROOT (S (NP (DT The) (NN coroner)) (VP (VBD said) (SBAR (S (NP (PRP he)) (VP (VBZ believes) (SBAR (S (NP (NNP Mr) (. .) (NNP LaRue)) (VP (VBD died) (NP (NP (NP (NNP Saturday) (CD ()) (NP-TMP (NNP July) (CD 24) (, ,) (CD 2004))) (NN )))))))))) (. .))) </parse>
        <dependencies type="basic-dependencies">
          <dep type="root">
            <governor idx="0">ROOT</governor>
            <dependent idx="3">said</dependent>
          </dep>
          <dep type="det">
            <governor idx="2">coroner</governor>
            <dependent idx="1">The</dependent>
          </dep>
          <dep type="nsubj">
            <governor idx="3">said</governor>
            <dependent idx="2">coroner</dependent>
          </dep>
          <dep type="nsubj">
            <governor idx="5">believes</governor>
            <dependent idx="4">he</dependent>
          </dep>
          <dep type="ccomp">
            <governor idx="3">said</governor>
            <dependent idx="5">believes</dependent>
          </dep>
          <dep type="dobj">
            <governor idx="5">believes</governor>
            <dependent idx="6">Mr</dependent>
          </dep>
          <dep type="punct">
            <governor idx="6">Mr</governor>
            <dependent idx="7">.</dependent>
          </dep>
          <dep type="nsubj">
            <governor idx="9">died</governor>
            <dependent idx="8">LaRue</dependent>
          </dep>
          <dep type="dep">
            <governor idx="6">Mr</governor>
            <dependent idx="9">died</dependent>
          </dep>
          <dep type="compound">
            <governor idx="12">July</governor>
            <dependent idx="10">Saturday</dependent>
          </dep>
          <dep type="nummod">
            <governor idx="12">July</governor>
            <dependent idx="11">(</dependent>
          </dep>
          <dep type="nmod:tmod">
            <governor idx="9">died</governor>
            <dependent idx="12">July</dependent>
          </dep>
          <dep type="nummod">
            <governor idx="12">July</governor>
            <dependent idx="13">24</dependent>
          </dep>
          <dep type="punct">
            <governor idx="9">died</governor>
            <dependent idx="14">,</dependent>
          </dep>
          <dep type="nummod">
            <governor idx="16">)</governor>
            <dependent idx="15">2004</dependent>
          </dep>
          <dep type="dep">
            <governor idx="9">died</governor>
            <dependent idx="16">)</dependent>
          </dep>
          <dep type="punct">
            <governor idx="3">said</governor>
            <dependent idx="17">.</dependent>
          </dep>
        </dependencies>
        <dependencies type="collapsed-dependencies">
          <dep type="root">
            <governor idx="0">ROOT</governor>
            <dependent idx="3">said</dependent>
          </dep>
          <dep type="det">
            <governor idx="2">coroner</governor>
            <dependent idx="1">The</dependent>
          </dep>
          <dep type="nsubj">
            <governor idx="3">said</governor>
            <dependent idx="2">coroner</dependent>
          </dep>
          <dep type="nsubj">
            <governor idx="5">believes</governor>
            <dependent idx="4">he</dependent>
          </dep>
          <dep type="ccomp">
            <governor idx="3">said</governor>
            <dependent idx="5">believes</dependent>
          </dep>
          <dep type="dobj">
            <governor idx="5">believes</governor>
            <dependent idx="6">Mr</dependent>
          </dep>
          <dep type="punct">
            <governor idx="6">Mr</governor>
            <dependent idx="7">.</dependent>
          </dep>
          <dep type="nsubj">
            <governor idx="9">died</governor>
            <dependent idx="8">LaRue</dependent>
          </dep>
          <dep type="dep">
            <governor idx="6">Mr</governor>
            <dependent idx="9">died</dependent>
          </dep>
          <dep type="compound">
            <governor idx="12">July</governor>
            <dependent idx="10">Saturday</dependent>
          </dep>
          <dep type="nummod">
            <governor idx="12">July</governor>
            <dependent idx="11">(</dependent>
          </dep>
          <dep type="nmod:tmod">
            <governor idx="9">died</governor>
            <dependent idx="12">July</dependent>
          </dep>
          <dep type="nummod">
            <governor idx="12">July</governor>
            <dependent idx="13">24</dependent>
          </dep>
          <dep type="punct">
            <governor idx="9">died</governor>
            <dependent idx="14">,</dependent>
          </dep>
          <dep type="nummod">
            <governor idx="16">)</governor>
            <dependent idx="15">2004</dependent>
          </dep>
          <dep type="dep">
            <governor idx="9">died</governor>
            <dependent idx="16">)</dependent>
          </dep>
          <dep type="punct">
            <governor idx="3">said</governor>
            <dependent idx="17">.</dependent>
          </dep>
        </dependencies>
        <dependencies type="collapsed-ccprocessed-dependencies">
          <dep type="root">
            <governor idx="0">ROOT</governor>
            <dependent idx="3">said</dependent>
          </dep>
          <dep type="det">
            <governor idx="2">coroner</governor>
            <dependent idx="1">The</dependent>
          </dep>
          <dep type="nsubj">
            <governor idx="3">said</governor>
            <dependent idx="2">coroner</dependent>
          </dep>
          <dep type="nsubj">
            <governor idx="5">believes</governor>
            <dependent idx="4">he</dependent>
          </dep>
          <dep type="ccomp">
            <governor idx="3">said</governor>
            <dependent idx="5">believes</dependent>
          </dep>
          <dep type="dobj">
            <governor idx="5">believes</governor>
            <dependent idx="6">Mr</dependent>
          </dep>
          <dep type="punct">
            <governor idx="6">Mr</governor>
            <dependent idx="7">.</dependent>
          </dep>
          <dep type="nsubj">
            <governor idx="9">died</governor>
            <dependent idx="8">LaRue</dependent>
          </dep>
          <dep type="dep">
            <governor idx="6">Mr</governor>
            <dependent idx="9">died</dependent>
          </dep>
          <dep type="compound">
            <governor idx="12">July</governor>
            <dependent idx="10">Saturday</dependent>
          </dep>
          <dep type="nummod">
            <governor idx="12">July</governor>
            <dependent idx="11">(</dependent>
          </dep>
          <dep type="nmod:tmod">
            <governor idx="9">died</governor>
            <dependent idx="12">July</dependent>
          </dep>
          <dep type="nummod">
            <governor idx="12">July</governor>
            <dependent idx="13">24</dependent>
          </dep>
          <dep type="punct">
            <governor idx="9">died</governor>
            <dependent idx="14">,</dependent>
          </dep>
          <dep type="nummod">
            <governor idx="16">)</governor>
            <dependent idx="15">2004</dependent>
          </dep>
          <dep type="dep">
            <governor idx="9">died</governor>
            <dependent idx="16">)</dependent>
          </dep>
          <dep type="punct">
            <governor idx="3">said</governor>
            <dependent idx="17">.</dependent>
          </dep>
        </dependencies>
      </sentence>
    </sentences>
  </document>
</root>
