<?xml version="1.0" encoding="UTF-8"?>
<?xml-stylesheet href="CoreNLP-to-HTML.xsl" type="text/xsl"?>
<root>
  <document>
    <sentences>
      <sentence id="1" line="1">
        <tokens>
          <token id="1">
            <word>Fred</word>
            <lemma>Fred</lemma>
            <CharacterOffsetBegin>0</CharacterOffsetBegin>
            <CharacterOffsetEnd>4</CharacterOffsetEnd>
            <POS>NNP</POS>
            <NER>PERSON</NER>
          </token>
          <token id="2">
            <word>LaRue</word>
            <lemma>LaRue</lemma>
            <CharacterOffsetBegin>5</CharacterOffsetBegin>
            <CharacterOffsetEnd>10</CharacterOffsetEnd>
            <POS>NNP</POS>
            <NER>PERSON</NER>
          </token>
          <token id="3">
            <word>,</word>
            <lemma>,</lemma>
            <CharacterOffsetBegin>11</CharacterOffsetBegin>
            <CharacterOffsetEnd>12</CharacterOffsetEnd>
            <POS>,</POS>
            <NER>O</NER>
          </token>
          <token id="4">
            <word>a</word>
            <lemma>a</lemma>
            <CharacterOffsetBegin>13</CharacterOffsetBegin>
            <CharacterOffsetEnd>14</CharacterOffsetEnd>
            <POS>DT</POS>
            <NER>O</NER>
          </token>
          <token id="5">
            <word>high</word>
            <lemma>high</lemma>
            <CharacterOffsetBegin>15</CharacterOffsetBegin>
            <CharacterOffsetEnd>19</CharacterOffsetEnd>
            <POS>JJ</POS>
            <NER>O</NER>
          </token>
          <token id="6">
            <word>-</word>
            <lemma>-</lemma>
            <CharacterOffsetBegin>20</CharacterOffsetBegin>
            <CharacterOffsetEnd>21</CharacterOffsetEnd>
            <POS>:</POS>
            <NER>O</NER>
          </token>
          <token id="7">
            <word>ranking</word>
            <lemma>ranking</lemma>
            <CharacterOffsetBegin>22</CharacterOffsetBegin>
            <CharacterOffsetEnd>29</CharacterOffsetEnd>
            <POS>JJ</POS>
            <NER>O</NER>
          </token>
          <token id="8">
            <word>Nixon</word>
            <lemma>Nixon</lemma>
            <CharacterOffsetBegin>30</CharacterOffsetBegin>
            <CharacterOffsetEnd>35</CharacterOffsetEnd>
            <POS>NNP</POS>
            <NER>PERSON</NER>
          </token>
          <token id="9">
            <word>administration</word>
            <lemma>administration</lemma>
            <CharacterOffsetBegin>36</CharacterOffsetBegin>
            <CharacterOffsetEnd>50</CharacterOffsetEnd>
            <POS>NN</POS>
            <NER>O</NER>
          </token>
          <token id="10">
            <word>official</word>
            <lemma>official</lemma>
            <CharacterOffsetBegin>51</CharacterOffsetBegin>
            <CharacterOffsetEnd>59</CharacterOffsetEnd>
            <POS>NN</POS>
            <NER>O</NER>
          </token>
          <token id="11">
            <word>who</word>
            <lemma>who</lemma>
            <CharacterOffsetBegin>60</CharacterOffsetBegin>
            <CharacterOffsetEnd>63</CharacterOffsetEnd>
            <POS>WP</POS>
            <NER>O</NER>
          </token>
          <token id="12">
            <word>served</word>
            <lemma>serve</lemma>
            <CharacterOffsetBegin>64</CharacterOffsetBegin>
            <CharacterOffsetEnd>70</CharacterOffsetEnd>
            <POS>VBD</POS>
            <NER>O</NER>
          </token>
          <token id="13">
            <word>a</word>
            <lemma>a</lemma>
            <CharacterOffsetBegin>71</CharacterOffsetBegin>
            <CharacterOffsetEnd>72</CharacterOffsetEnd>
            <POS>DT</POS>
            <NER>O</NER>
          </token>
          <token id="14">
            <word>4</word>
            <lemma>4</lemma>
            <CharacterOffsetBegin>73</CharacterOffsetBegin>
            <CharacterOffsetEnd>74</CharacterOffsetEnd>
            <POS>LS</POS>
            <NER>NUMBER</NER>
            <NormalizedNER>4.0</NormalizedNER>
          </token>
          <token id="15">
            <word>-</word>
            <lemma>-</lemma>
            <CharacterOffsetBegin>75</CharacterOffsetBegin>
            <CharacterOffsetEnd>76</CharacterOffsetEnd>
            <POS>:</POS>
            <NER>O</NER>
          </token>
          <token id="16">
            <word>1</word>
            <lemma>1</lemma>
            <CharacterOffsetBegin>77</CharacterOffsetBegin>
            <CharacterOffsetEnd>78</CharacterOffsetEnd>
            <POS>CD</POS>
            <NER>DATE</NER>
            <NormalizedNER>******01</NormalizedNER>
          </token>
          <token id="17">
            <word>/</word>
            <lemma>/</lemma>
            <CharacterOffsetBegin>79</CharacterOffsetBegin>
            <CharacterOffsetEnd>80</CharacterOffsetEnd>
            <POS>:</POS>
            <NER>O</NER>
          </token>
          <token id="18">
            <word>2</word>
            <lemma>2</lemma>
            <CharacterOffsetBegin>81</CharacterOffsetBegin>
            <CharacterOffsetEnd>82</CharacterOffsetEnd>
            <POS>LS</POS>
            <NER>DURATION</NER>
            <NormalizedNER>P2M</NormalizedNER>
            <Timex tid="t1" type="DURATION">P2M</Timex>
          </token>
          <token id="19">
            <word>-</word>
            <lemma>-</lemma>
            <CharacterOffsetBegin>83</CharacterOffsetBegin>
            <CharacterOffsetEnd>84</CharacterOffsetEnd>
            <POS>:</POS>
            <NER>DURATION</NER>
            <NormalizedNER>P2M</NormalizedNER>
            <Timex tid="t1" type="DURATION">P2M</Timex>
          </token>
          <token id="20">
            <word>month</word>
            <lemma>month</lemma>
            <CharacterOffsetBegin>85</CharacterOffsetBegin>
            <CharacterOffsetEnd>90</CharacterOffsetEnd>
            <POS>NN</POS>
            <NER>DURATION</NER>
            <NormalizedNER>P2M</NormalizedNER>
            <Timex tid="t1" type="DURATION">P2M</Timex>
          </token>
          <token id="21">
            <word>prison</word>
            <lemma>prison</lemma>
            <CharacterOffsetBegin>91</CharacterOffsetBegin>
            <CharacterOffsetEnd>97</CharacterOffsetEnd>
            <POS>NN</POS>
            <NER>O</NER>
          </token>
          <token id="22">
            <word>term</word>
            <lemma>term</lemma>
            <CharacterOffsetBegin>98</CharacterOffsetBegin>
            <CharacterOffsetEnd>102</CharacterOffsetEnd>
            <POS>NN</POS>
            <NER>O</NER>
          </token>
          <token id="23">
            <word>for</word>
            <lemma>for</lemma>
            <CharacterOffsetBegin>103</CharacterOffsetBegin>
            <CharacterOffsetEnd>106</CharacterOffsetEnd>
            <POS>IN</POS>
            <NER>O</NER>
          </token>
          <token id="24">
            <word>his</word>
            <lemma>he</lemma>
            <CharacterOffsetBegin>107</CharacterOffsetBegin>
            <CharacterOffsetEnd>110</CharacterOffsetEnd>
            <POS>PRP$</POS>
            <NER>O</NER>
          </token>
          <token id="25">
            <word>role</word>
            <lemma>role</lemma>
            <CharacterOffsetBegin>111</CharacterOffsetBegin>
            <CharacterOffsetEnd>115</CharacterOffsetEnd>
            <POS>NN</POS>
            <NER>O</NER>
          </token>
          <token id="26">
            <word>in</word>
            <lemma>in</lemma>
            <CharacterOffsetBegin>116</CharacterOffsetBegin>
            <CharacterOffsetEnd>118</CharacterOffsetEnd>
            <POS>IN</POS>
            <NER>O</NER>
          </token>
          <token id="27">
            <word>Watergate</word>
            <lemma>Watergate</lemma>
            <CharacterOffsetBegin>119</CharacterOffsetBegin>
            <CharacterOffsetEnd>128</CharacterOffsetEnd>
            <POS>NNP</POS>
            <NER>LOCATION</NER>
          </token>
          <token id="28">
            <word>and</word>
            <lemma>and</lemma>
            <CharacterOffsetBegin>129</CharacterOffsetBegin>
            <CharacterOffsetEnd>132</CharacterOffsetEnd>
            <POS>CC</POS>
            <NER>O</NER>
          </token>
          <token id="29">
            <word>was</word>
            <lemma>be</lemma>
            <CharacterOffsetBegin>133</CharacterOffsetBegin>
            <CharacterOffsetEnd>136</CharacterOffsetEnd>
            <POS>VBD</POS>
            <NER>O</NER>
          </token>
          <token id="30">
            <word>among</word>
            <lemma>among</lemma>
            <CharacterOffsetBegin>137</CharacterOffsetBegin>
            <CharacterOffsetEnd>142</CharacterOffsetEnd>
            <POS>IN</POS>
            <NER>O</NER>
          </token>
          <token id="31">
            <word>those</word>
            <lemma>those</lemma>
            <CharacterOffsetBegin>143</CharacterOffsetBegin>
            <CharacterOffsetEnd>148</CharacterOffsetEnd>
            <POS>DT</POS>
            <NER>O</NER>
          </token>
          <token id="32">
            <word>rumored</word>
            <lemma>rumor</lemma>
            <CharacterOffsetBegin>149</CharacterOffsetBegin>
            <CharacterOffsetEnd>156</CharacterOffsetEnd>
            <POS>VBN</POS>
            <NER>O</NER>
          </token>
          <token id="33">
            <word>to</word>
            <lemma>to</lemma>
            <CharacterOffsetBegin>157</CharacterOffsetBegin>
            <CharacterOffsetEnd>159</CharacterOffsetEnd>
            <POS>TO</POS>
            <NER>O</NER>
          </token>
          <token id="34">
            <word>be</word>
            <lemma>be</lemma>
            <CharacterOffsetBegin>160</CharacterOffsetBegin>
            <CharacterOffsetEnd>162</CharacterOffsetEnd>
            <POS>VB</POS>
            <NER>O</NER>
          </token>
          <token id="35">
            <word>Deep</word>
            <lemma>deep</lemma>
            <CharacterOffsetBegin>163</CharacterOffsetBegin>
            <CharacterOffsetEnd>167</CharacterOffsetEnd>
            <POS>JJ</POS>
            <NER>PERSON</NER>
          </token>
          <token id="36">
            <word>Throat</word>
            <lemma>throat</lemma>
            <CharacterOffsetBegin>168</CharacterOffsetBegin>
            <CharacterOffsetEnd>174</CharacterOffsetEnd>
            <POS>NN</POS>
            <NER>PERSON</NER>
          </token>
          <token id="37">
            <word>,</word>
            <lemma>,</lemma>
            <CharacterOffsetBegin>175</CharacterOffsetBegin>
            <CharacterOffsetEnd>176</CharacterOffsetEnd>
            <POS>,</POS>
            <NER>O</NER>
          </token>
          <token id="38">
            <word>has</word>
            <lemma>have</lemma>
            <CharacterOffsetBegin>177</CharacterOffsetBegin>
            <CharacterOffsetEnd>180</CharacterOffsetEnd>
            <POS>VBZ</POS>
            <NER>O</NER>
          </token>
          <token id="39">
            <word>died</word>
            <lemma>die</lemma>
            <CharacterOffsetBegin>181</CharacterOffsetBegin>
            <CharacterOffsetEnd>185</CharacterOffsetEnd>
            <POS>VBN</POS>
            <NER>O</NER>
          </token>
          <token id="40">
            <word>.</word>
            <lemma>.</lemma>
            <CharacterOffsetBegin>186</CharacterOffsetBegin>
            <CharacterOffsetEnd>187</CharacterOffsetEnd>
            <POS>.</POS>
            <NER>O</NER>
          </token>
        </tokens>
        <parse>(ROOT (S (NP (NP (NNP Fred) (NNP LaRue)) (, ,) (NP (NP (DT a) (JJ high)) (: -) (NP (NP (JJ ranking) (NNP Nixon) (NN administration) (NN official)) (SBAR (WHNP (WP who)) (S (VP (VP (VBD served) (NP (NP (NP (DT a) (LS 4)) (PRN (: -) (NP (CD 1)) (: /))) (LS 2) (: -) (NP (NP (NN month) (NN prison) (NN term)) (PP (IN for) (NP (PRP$ his) (NN role))))) (PP (IN in) (NP (NNP Watergate)))) (CC and) (VP (VBD was) (PP (IN among) (NP (NP (DT those)) (VP (VBN rumored) (S (VP (TO to) (VP (VB be) (NP (JJ Deep) (NN Throat)))))))))))))) (, ,)) (VP (VBZ has) (VP (VBN died))) (. .))) </parse>
        <dependencies type="basic-dependencies">
          <dep type="root">
            <governor idx="0">ROOT</governor>
            <dependent idx="2">LaRue</dependent>
          </dep>
          <dep type="compound">
            <governor idx="2">LaRue</governor>
            <dependent idx="1">Fred</dependent>
          </dep>
          <dep type="punct">
            <governor idx="2">LaRue</governor>
            <dependent idx="3">,</dependent>
          </dep>
          <dep type="det">
            <governor idx="10">official</governor>
            <dependent idx="4">a</dependent>
          </dep>
          <dep type="amod">
            <governor idx="10">official</governor>
            <dependent idx="5">high</dependent>
          </dep>
          <dep type="punct">
            <governor idx="10">official</governor>
            <dependent idx="6">-</dependent>
          </dep>
          <dep type="amod">
            <governor idx="10">official</governor>
            <dependent idx="7">ranking</dependent>
          </dep>
          <dep type="compound">
            <governor idx="10">official</governor>
            <dependent idx="8">Nixon</dependent>
          </dep>
          <dep type="compound">
            <governor idx="10">official</governor>
            <dependent idx="9">administration</dependent>
          </dep>
          <dep type="appos">
            <governor idx="2">LaRue</governor>
            <dependent idx="10">official</dependent>
          </dep>
          <dep type="nsubj">
            <governor idx="12">served</governor>
            <dependent idx="11">who</dependent>
          </dep>
          <dep type="acl:relcl">
            <governor idx="10">official</governor>
            <dependent idx="12">served</dependent>
          </dep>
          <dep type="dobj">
            <governor idx="39">died</governor>
            <dependent idx="13">a</dependent>
          </dep>
          <dep type="compound">
            <governor idx="16">1</governor>
            <dependent idx="14">4</dependent>
          </dep>
          <dep type="punct">
            <governor idx="16">1</governor>
            <dependent idx="15">-</dependent>
          </dep>
          <dep type="nsubj">
            <governor idx="39">died</governor>
            <dependent idx="16">1</dependent>
          </dep>
          <dep type="punct">
            <governor idx="16">1</governor>
            <dependent idx="17">/</dependent>
          </dep>
          <dep type="compound">
            <governor idx="22">term</governor>
            <dependent idx="18">2</dependent>
          </dep>
          <dep type="punct">
            <governor idx="22">term</governor>
            <dependent idx="19">-</dependent>
          </dep>
          <dep type="compound">
            <governor idx="22">term</governor>
            <dependent idx="20">month</dependent>
          </dep>
          <dep type="compound">
            <governor idx="22">term</governor>
            <dependent idx="21">prison</dependent>
          </dep>
          <dep type="dep">
            <governor idx="16">1</governor>
            <dependent idx="22">term</dependent>
          </dep>
          <dep type="case">
            <governor idx="25">role</governor>
            <dependent idx="23">for</dependent>
          </dep>
          <dep type="nmod:poss">
            <governor idx="25">role</governor>
            <dependent idx="24">his</dependent>
          </dep>
          <dep type="nmod">
            <governor idx="22">term</governor>
            <dependent idx="25">role</dependent>
          </dep>
          <dep type="case">
            <governor idx="27">Watergate</governor>
            <dependent idx="26">in</dependent>
          </dep>
          <dep type="nmod">
            <governor idx="25">role</governor>
            <dependent idx="27">Watergate</dependent>
          </dep>
          <dep type="cc">
            <governor idx="22">term</governor>
            <dependent idx="28">and</dependent>
          </dep>
          <dep type="cop">
            <governor idx="31">those</governor>
            <dependent idx="29">was</dependent>
          </dep>
          <dep type="case">
            <governor idx="31">those</governor>
            <dependent idx="30">among</dependent>
          </dep>
          <dep type="conj">
            <governor idx="22">term</governor>
            <dependent idx="31">those</dependent>
          </dep>
          <dep type="acl">
            <governor idx="31">those</governor>
            <dependent idx="32">rumored</dependent>
          </dep>
          <dep type="mark">
            <governor idx="36">Throat</governor>
            <dependent idx="33">to</dependent>
          </dep>
          <dep type="cop">
            <governor idx="36">Throat</governor>
            <dependent idx="34">be</dependent>
          </dep>
          <dep type="amod">
            <governor idx="36">Throat</governor>
            <dependent idx="35">Deep</dependent>
          </dep>
          <dep type="xcomp">
            <governor idx="32">rumored</governor>
            <dependent idx="36">Throat</dependent>
          </dep>
          <dep type="punct">
            <governor idx="16">1</governor>
            <dependent idx="37">,</dependent>
          </dep>
          <dep type="aux">
            <governor idx="39">died</governor>
            <dependent idx="38">has</dependent>
          </dep>
          <dep type="ccomp">
            <governor idx="12">served</governor>
            <dependent idx="39">died</dependent>
          </dep>
          <dep type="punct">
            <governor idx="2">LaRue</governor>
            <dependent idx="40">.</dependent>
          </dep>
        </dependencies>
        <dependencies type="collapsed-dependencies">
          <dep type="root">
            <governor idx="0">ROOT</governor>
            <dependent idx="2">LaRue</dependent>
          </dep>
          <dep type="compound">
            <governor idx="2">LaRue</governor>
            <dependent idx="1">Fred</dependent>
          </dep>
          <dep type="punct">
            <governor idx="2">LaRue</governor>
            <dependent idx="3">,</dependent>
          </dep>
          <dep type="det">
            <governor idx="10">official</governor>
            <dependent idx="4">a</dependent>
          </dep>
          <dep type="amod">
            <governor idx="10">official</governor>
            <dependent idx="5">high</dependent>
          </dep>
          <dep type="punct">
            <governor idx="10">official</governor>
            <dependent idx="6">-</dependent>
          </dep>
          <dep type="amod">
            <governor idx="10">official</governor>
            <dependent idx="7">ranking</dependent>
          </dep>
          <dep type="compound">
            <governor idx="10">official</governor>
            <dependent idx="8">Nixon</dependent>
          </dep>
          <dep type="compound">
            <governor idx="10">official</governor>
            <dependent idx="9">administration</dependent>
          </dep>
          <dep type="appos">
            <governor idx="2">LaRue</governor>
            <dependent idx="10">official</dependent>
          </dep>
          <dep type="nsubj">
            <governor idx="12">served</governor>
            <dependent idx="11">who</dependent>
          </dep>
          <dep type="acl:relcl">
            <governor idx="10">official</governor>
            <dependent idx="12">served</dependent>
          </dep>
          <dep type="dobj">
            <governor idx="39">died</governor>
            <dependent idx="13">a</dependent>
          </dep>
          <dep type="compound">
            <governor idx="16">1</governor>
            <dependent idx="14">4</dependent>
          </dep>
          <dep type="punct">
            <governor idx="16">1</governor>
            <dependent idx="15">-</dependent>
          </dep>
          <dep type="nsubj">
            <governor idx="39">died</governor>
            <dependent idx="16">1</dependent>
          </dep>
          <dep type="punct">
            <governor idx="16">1</governor>
            <dependent idx="17">/</dependent>
          </dep>
          <dep type="compound">
            <governor idx="22">term</governor>
            <dependent idx="18">2</dependent>
          </dep>
          <dep type="punct">
            <governor idx="22">term</governor>
            <dependent idx="19">-</dependent>
          </dep>
          <dep type="compound">
            <governor idx="22">term</governor>
            <dependent idx="20">month</dependent>
          </dep>
          <dep type="compound">
            <governor idx="22">term</governor>
            <dependent idx="21">prison</dependent>
          </dep>
          <dep type="dep">
            <governor idx="16">1</governor>
            <dependent idx="22">term</dependent>
          </dep>
          <dep type="case">
            <governor idx="25">role</governor>
            <dependent idx="23">for</dependent>
          </dep>
          <dep type="nmod:poss">
            <governor idx="25">role</governor>
            <dependent idx="24">his</dependent>
          </dep>
          <dep type="nmod:for">
            <governor idx="22">term</governor>
            <dependent idx="25">role</dependent>
          </dep>
          <dep type="case">
            <governor idx="27">Watergate</governor>
            <dependent idx="26">in</dependent>
          </dep>
          <dep type="nmod:in">
            <governor idx="25">role</governor>
            <dependent idx="27">Watergate</dependent>
          </dep>
          <dep type="cc">
            <governor idx="22">term</governor>
            <dependent idx="28">and</dependent>
          </dep>
          <dep type="cop">
            <governor idx="31">those</governor>
            <dependent idx="29">was</dependent>
          </dep>
          <dep type="case">
            <governor idx="31">those</governor>
            <dependent idx="30">among</dependent>
          </dep>
          <dep type="conj:and">
            <governor idx="22">term</governor>
            <dependent idx="31">those</dependent>
          </dep>
          <dep type="acl">
            <governor idx="31">those</governor>
            <dependent idx="32">rumored</dependent>
          </dep>
          <dep type="mark">
            <governor idx="36">Throat</governor>
            <dependent idx="33">to</dependent>
          </dep>
          <dep type="cop">
            <governor idx="36">Throat</governor>
            <dependent idx="34">be</dependent>
          </dep>
          <dep type="amod">
            <governor idx="36">Throat</governor>
            <dependent idx="35">Deep</dependent>
          </dep>
          <dep type="xcomp">
            <governor idx="32">rumored</governor>
            <dependent idx="36">Throat</dependent>
          </dep>
          <dep type="punct">
            <governor idx="16">1</governor>
            <dependent idx="37">,</dependent>
          </dep>
          <dep type="aux">
            <governor idx="39">died</governor>
            <dependent idx="38">has</dependent>
          </dep>
          <dep type="ccomp">
            <governor idx="12">served</governor>
            <dependent idx="39">died</dependent>
          </dep>
          <dep type="punct">
            <governor idx="2">LaRue</governor>
            <dependent idx="40">.</dependent>
          </dep>
        </dependencies>
        <dependencies type="collapsed-ccprocessed-dependencies">
          <dep type="root">
            <governor idx="0">ROOT</governor>
            <dependent idx="2">LaRue</dependent>
          </dep>
          <dep type="compound">
            <governor idx="2">LaRue</governor>
            <dependent idx="1">Fred</dependent>
          </dep>
          <dep type="punct">
            <governor idx="2">LaRue</governor>
            <dependent idx="3">,</dependent>
          </dep>
          <dep type="det">
            <governor idx="10">official</governor>
            <dependent idx="4">a</dependent>
          </dep>
          <dep type="amod">
            <governor idx="10">official</governor>
            <dependent idx="5">high</dependent>
          </dep>
          <dep type="punct">
            <governor idx="10">official</governor>
            <dependent idx="6">-</dependent>
          </dep>
          <dep type="amod">
            <governor idx="10">official</governor>
            <dependent idx="7">ranking</dependent>
          </dep>
          <dep type="compound">
            <governor idx="10">official</governor>
            <dependent idx="8">Nixon</dependent>
          </dep>
          <dep type="compound">
            <governor idx="10">official</governor>
            <dependent idx="9">administration</dependent>
          </dep>
          <dep type="appos">
            <governor idx="2">LaRue</governor>
            <dependent idx="10">official</dependent>
          </dep>
          <dep type="nsubj">
            <governor idx="12">served</governor>
            <dependent idx="11">who</dependent>
          </dep>
          <dep type="acl:relcl">
            <governor idx="10">official</governor>
            <dependent idx="12">served</dependent>
          </dep>
          <dep type="dobj">
            <governor idx="39">died</governor>
            <dependent idx="13">a</dependent>
          </dep>
          <dep type="compound">
            <governor idx="16">1</governor>
            <dependent idx="14">4</dependent>
          </dep>
          <dep type="punct">
            <governor idx="16">1</governor>
            <dependent idx="15">-</dependent>
          </dep>
          <dep type="nsubj">
            <governor idx="39">died</governor>
            <dependent idx="16">1</dependent>
          </dep>
          <dep type="punct">
            <governor idx="16">1</governor>
            <dependent idx="17">/</dependent>
          </dep>
          <dep type="compound">
            <governor idx="22">term</governor>
            <dependent idx="18">2</dependent>
          </dep>
          <dep type="punct">
            <governor idx="22">term</governor>
            <dependent idx="19">-</dependent>
          </dep>
          <dep type="compound">
            <governor idx="22">term</governor>
            <dependent idx="20">month</dependent>
          </dep>
          <dep type="compound">
            <governor idx="22">term</governor>
            <dependent idx="21">prison</dependent>
          </dep>
          <dep type="dep">
            <governor idx="16">1</governor>
            <dependent idx="22">term</dependent>
          </dep>
          <dep type="case">
            <governor idx="25">role</governor>
            <dependent idx="23">for</dependent>
          </dep>
          <dep type="nmod:poss">
            <governor idx="25">role</governor>
            <dependent idx="24">his</dependent>
          </dep>
          <dep type="nmod:for">
            <governor idx="22">term</governor>
            <dependent idx="25">role</dependent>
          </dep>
          <dep type="case">
            <governor idx="27">Watergate</governor>
            <dependent idx="26">in</dependent>
          </dep>
          <dep type="nmod:in">
            <governor idx="25">role</governor>
            <dependent idx="27">Watergate</dependent>
          </dep>
          <dep type="cc">
            <governor idx="22">term</governor>
            <dependent idx="28">and</dependent>
          </dep>
          <dep type="cop">
            <governor idx="31">those</governor>
            <dependent idx="29">was</dependent>
          </dep>
          <dep type="case">
            <governor idx="31">those</governor>
            <dependent idx="30">among</dependent>
          </dep>
          <dep type="dep" extra="true">
            <governor idx="16">1</governor>
            <dependent idx="31">those</dependent>
          </dep>
          <dep type="conj:and">
            <governor idx="22">term</governor>
            <dependent idx="31">those</dependent>
          </dep>
          <dep type="acl">
            <governor idx="31">those</governor>
            <dependent idx="32">rumored</dependent>
          </dep>
          <dep type="mark">
            <governor idx="36">Throat</governor>
            <dependent idx="33">to</dependent>
          </dep>
          <dep type="cop">
            <governor idx="36">Throat</governor>
            <dependent idx="34">be</dependent>
          </dep>
          <dep type="amod">
            <governor idx="36">Throat</governor>
            <dependent idx="35">Deep</dependent>
          </dep>
          <dep type="xcomp">
            <governor idx="32">rumored</governor>
            <dependent idx="36">Throat</dependent>
          </dep>
          <dep type="punct">
            <governor idx="16">1</governor>
            <dependent idx="37">,</dependent>
          </dep>
          <dep type="aux">
            <governor idx="39">died</governor>
            <dependent idx="38">has</dependent>
          </dep>
          <dep type="ccomp">
            <governor idx="12">served</governor>
            <dependent idx="39">died</dependent>
          </dep>
          <dep type="punct">
            <governor idx="2">LaRue</governor>
            <dependent idx="40">.</dependent>
          </dep>
        </dependencies>
      </sentence>
      <sentence id="2" line="2">
        <tokens>
          <token id="1">
            <word>His</word>
            <lemma>he</lemma>
            <CharacterOffsetBegin>188</CharacterOffsetBegin>
            <CharacterOffsetEnd>191</CharacterOffsetEnd>
            <POS>PRP$</POS>
            <NER>O</NER>
          </token>
          <token id="2">
            <word>body</word>
            <lemma>body</lemma>
            <CharacterOffsetBegin>192</CharacterOffsetBegin>
            <CharacterOffsetEnd>196</CharacterOffsetEnd>
            <POS>NN</POS>
            <NER>O</NER>
          </token>
          <token id="3">
            <word>was</word>
            <lemma>be</lemma>
            <CharacterOffsetBegin>197</CharacterOffsetBegin>
            <CharacterOffsetEnd>200</CharacterOffsetEnd>
            <POS>VBD</POS>
            <NER>O</NER>
          </token>
          <token id="4">
            <word>discovered</word>
            <lemma>discover</lemma>
            <CharacterOffsetBegin>201</CharacterOffsetBegin>
            <CharacterOffsetEnd>211</CharacterOffsetEnd>
            <POS>VBN</POS>
            <NER>O</NER>
          </token>
          <token id="5">
            <word>Tuesday</word>
            <lemma>Tuesday</lemma>
            <CharacterOffsetBegin>212</CharacterOffsetBegin>
            <CharacterOffsetEnd>219</CharacterOffsetEnd>
            <POS>NNP</POS>
            <NER>DATE</NER>
            <NormalizedNER>2004-07-27</NormalizedNER>
            <Timex tid="t2" type="DATE">2004-07-27</Timex>
          </token>
          <token id="6">
            <word>,</word>
            <lemma>,</lemma>
            <CharacterOffsetBegin>220</CharacterOffsetBegin>
            <CharacterOffsetEnd>221</CharacterOffsetEnd>
            <POS>,</POS>
            <NER>DATE</NER>
            <NormalizedNER>2004-07-27</NormalizedNER>
            <Timex tid="t2" type="DATE">2004-07-27</Timex>
          </token>
          <token id="7">
            <word>July</word>
            <lemma>July</lemma>
            <CharacterOffsetBegin>222</CharacterOffsetBegin>
            <CharacterOffsetEnd>226</CharacterOffsetEnd>
            <POS>NNP</POS>
            <NER>DATE</NER>
            <NormalizedNER>2004-07-27</NormalizedNER>
            <Timex tid="t2" type="DATE">2004-07-27</Timex>
          </token>
          <token id="8">
            <word>27</word>
            <lemma>27</lemma>
            <CharacterOffsetBegin>227</CharacterOffsetBegin>
            <CharacterOffsetEnd>229</CharacterOffsetEnd>
            <POS>CD</POS>
            <NER>DATE</NER>
            <NormalizedNER>2004-07-27</NormalizedNER>
            <Timex tid="t2" type="DATE">2004-07-27</Timex>
          </token>
          <token id="9">
            <word>,</word>
            <lemma>,</lemma>
            <CharacterOffsetBegin>230</CharacterOffsetBegin>
            <CharacterOffsetEnd>231</CharacterOffsetEnd>
            <POS>,</POS>
            <NER>DATE</NER>
            <NormalizedNER>2004-07-27</NormalizedNER>
            <Timex tid="t2" type="DATE">2004-07-27</Timex>
          </token>
          <token id="10">
            <word>2004</word>
            <lemma>2004</lemma>
            <CharacterOffsetBegin>232</CharacterOffsetBegin>
            <CharacterOffsetEnd>236</CharacterOffsetEnd>
            <POS>CD</POS>
            <NER>DATE</NER>
            <NormalizedNER>2004-07-27</NormalizedNER>
            <Timex tid="t2" type="DATE">2004-07-27</Timex>
          </token>
          <token id="11">
            <word>,</word>
            <lemma>,</lemma>
            <CharacterOffsetBegin>237</CharacterOffsetBegin>
            <CharacterOffsetEnd>238</CharacterOffsetEnd>
            <POS>,</POS>
            <NER>O</NER>
          </token>
          <token id="12">
            <word>by</word>
            <lemma>by</lemma>
            <CharacterOffsetBegin>239</CharacterOffsetBegin>
            <CharacterOffsetEnd>241</CharacterOffsetEnd>
            <POS>IN</POS>
            <NER>O</NER>
          </token>
          <token id="13">
            <word>a</word>
            <lemma>a</lemma>
            <CharacterOffsetBegin>242</CharacterOffsetBegin>
            <CharacterOffsetEnd>243</CharacterOffsetEnd>
            <POS>DT</POS>
            <NER>O</NER>
          </token>
          <token id="14">
            <word>maid</word>
            <lemma>maid</lemma>
            <CharacterOffsetBegin>244</CharacterOffsetBegin>
            <CharacterOffsetEnd>248</CharacterOffsetEnd>
            <POS>NN</POS>
            <NER>O</NER>
          </token>
          <token id="15">
            <word>who</word>
            <lemma>who</lemma>
            <CharacterOffsetBegin>249</CharacterOffsetBegin>
            <CharacterOffsetEnd>252</CharacterOffsetEnd>
            <POS>WP</POS>
            <NER>O</NER>
          </token>
          <token id="16">
            <word>entered</word>
            <lemma>enter</lemma>
            <CharacterOffsetBegin>253</CharacterOffsetBegin>
            <CharacterOffsetEnd>260</CharacterOffsetEnd>
            <POS>VBD</POS>
            <NER>O</NER>
          </token>
          <token id="17">
            <word>his</word>
            <lemma>he</lemma>
            <CharacterOffsetBegin>261</CharacterOffsetBegin>
            <CharacterOffsetEnd>264</CharacterOffsetEnd>
            <POS>PRP$</POS>
            <NER>O</NER>
          </token>
          <token id="18">
            <word>hotel</word>
            <lemma>hotel</lemma>
            <CharacterOffsetBegin>265</CharacterOffsetBegin>
            <CharacterOffsetEnd>270</CharacterOffsetEnd>
            <POS>NN</POS>
            <NER>O</NER>
          </token>
          <token id="19">
            <word>room</word>
            <lemma>room</lemma>
            <CharacterOffsetBegin>271</CharacterOffsetBegin>
            <CharacterOffsetEnd>275</CharacterOffsetEnd>
            <POS>NN</POS>
            <NER>O</NER>
          </token>
          <token id="20">
            <word>in</word>
            <lemma>in</lemma>
            <CharacterOffsetBegin>276</CharacterOffsetBegin>
            <CharacterOffsetEnd>278</CharacterOffsetEnd>
            <POS>IN</POS>
            <NER>O</NER>
          </token>
          <token id="21">
            <word>Biloxi</word>
            <lemma>Biloxi</lemma>
            <CharacterOffsetBegin>279</CharacterOffsetBegin>
            <CharacterOffsetEnd>285</CharacterOffsetEnd>
            <POS>NNP</POS>
            <NER>LOCATION</NER>
          </token>
          <token id="22">
            <word>,</word>
            <lemma>,</lemma>
            <CharacterOffsetBegin>286</CharacterOffsetBegin>
            <CharacterOffsetEnd>287</CharacterOffsetEnd>
            <POS>,</POS>
            <NER>O</NER>
          </token>
          <token id="23">
            <word>Miss</word>
            <lemma>Miss</lemma>
            <CharacterOffsetBegin>288</CharacterOffsetBegin>
            <CharacterOffsetEnd>292</CharacterOffsetEnd>
            <POS>NNP</POS>
            <NER>LOCATION</NER>
          </token>
          <token id="24">
            <word>.</word>
            <lemma>.</lemma>
            <CharacterOffsetBegin>293</CharacterOffsetBegin>
            <CharacterOffsetEnd>294</CharacterOffsetEnd>
            <POS>.</POS>
            <NER>O</NER>
          </token>
        </tokens>
        <parse>(ROOT (S (NP (PRP$ His) (NN body)) (VP (VBD was) (VP (VBN discovered) (NP (NP (NNP Tuesday) (, ,) (NNP July) (CD 27) (, ,) (CD 2004)) (, ,) (PP (IN by) (NP (NP (DT a) (NN maid)) (SBAR (WHNP (WP who)) (S (VP (VBD entered) (NP (PRP$ his) (NN hotel) (NN room)) (PP (IN in) (NP (NNP Biloxi) (, ,) (NNP Miss))))))))))) (. .))) </parse>
        <dependencies type="basic-dependencies">
          <dep type="root">
            <governor idx="0">ROOT</governor>
            <dependent idx="4">discovered</dependent>
          </dep>
          <dep type="nmod:poss">
            <governor idx="2">body</governor>
            <dependent idx="1">His</dependent>
          </dep>
          <dep type="nsubjpass">
            <governor idx="4">discovered</governor>
            <dependent idx="2">body</dependent>
          </dep>
          <dep type="auxpass">
            <governor idx="4">discovered</governor>
            <dependent idx="3">was</dependent>
          </dep>
          <dep type="nmod:tmod">
            <governor idx="4">discovered</governor>
            <dependent idx="5">Tuesday</dependent>
          </dep>
          <dep type="punct">
            <governor idx="5">Tuesday</governor>
            <dependent idx="6">,</dependent>
          </dep>
          <dep type="appos">
            <governor idx="5">Tuesday</governor>
            <dependent idx="7">July</dependent>
          </dep>
          <dep type="nummod">
            <governor idx="7">July</governor>
            <dependent idx="8">27</dependent>
          </dep>
          <dep type="punct">
            <governor idx="7">July</governor>
            <dependent idx="9">,</dependent>
          </dep>
          <dep type="nummod">
            <governor idx="7">July</governor>
            <dependent idx="10">2004</dependent>
          </dep>
          <dep type="punct">
            <governor idx="7">July</governor>
            <dependent idx="11">,</dependent>
          </dep>
          <dep type="case">
            <governor idx="14">maid</governor>
            <dependent idx="12">by</dependent>
          </dep>
          <dep type="det">
            <governor idx="14">maid</governor>
            <dependent idx="13">a</dependent>
          </dep>
          <dep type="nmod">
            <governor idx="7">July</governor>
            <dependent idx="14">maid</dependent>
          </dep>
          <dep type="nsubj">
            <governor idx="16">entered</governor>
            <dependent idx="15">who</dependent>
          </dep>
          <dep type="acl:relcl">
            <governor idx="14">maid</governor>
            <dependent idx="16">entered</dependent>
          </dep>
          <dep type="nmod:poss">
            <governor idx="19">room</governor>
            <dependent idx="17">his</dependent>
          </dep>
          <dep type="compound">
            <governor idx="19">room</governor>
            <dependent idx="18">hotel</dependent>
          </dep>
          <dep type="dobj">
            <governor idx="16">entered</governor>
            <dependent idx="19">room</dependent>
          </dep>
          <dep type="case">
            <governor idx="21">Biloxi</governor>
            <dependent idx="20">in</dependent>
          </dep>
          <dep type="nmod">
            <governor idx="16">entered</governor>
            <dependent idx="21">Biloxi</dependent>
          </dep>
          <dep type="punct">
            <governor idx="7">July</governor>
            <dependent idx="22">,</dependent>
          </dep>
          <dep type="appos">
            <governor idx="7">July</governor>
            <dependent idx="23">Miss</dependent>
          </dep>
          <dep type="punct">
            <governor idx="4">discovered</governor>
            <dependent idx="24">.</dependent>
          </dep>
        </dependencies>
        <dependencies type="collapsed-dependencies">
          <dep type="root">
            <governor idx="0">ROOT</governor>
            <dependent idx="4">discovered</dependent>
          </dep>
          <dep type="nmod:poss">
            <governor idx="2">body</governor>
            <dependent idx="1">His</dependent>
          </dep>
          <dep type="nsubjpass">
            <governor idx="4">discovered</governor>
            <dependent idx="2">body</dependent>
          </dep>
          <dep type="auxpass">
            <governor idx="4">discovered</governor>
            <dependent idx="3">was</dependent>
          </dep>
          <dep type="nmod:tmod">
            <governor idx="4">discovered</governor>
            <dependent idx="5">Tuesday</dependent>
          </dep>
          <dep type="punct">
            <governor idx="5">Tuesday</governor>
            <dependent idx="6">,</dependent>
          </dep>
          <dep type="appos">
            <governor idx="5">Tuesday</governor>
            <dependent idx="7">July</dependent>
          </dep>
          <dep type="nummod">
            <governor idx="7">July</governor>
            <dependent idx="8">27</dependent>
          </dep>
          <dep type="punct">
            <governor idx="7">July</governor>
            <dependent idx="9">,</dependent>
          </dep>
          <dep type="nummod">
            <governor idx="7">July</governor>
            <dependent idx="10">2004</dependent>
          </dep>
          <dep type="punct">
            <governor idx="7">July</governor>
            <dependent idx="11">,</dependent>
          </dep>
          <dep type="case">
            <governor idx="14">maid</governor>
            <dependent idx="12">by</dependent>
          </dep>
          <dep type="det">
            <governor idx="14">maid</governor>
            <dependent idx="13">a</dependent>
          </dep>
          <dep type="nmod:by">
            <governor idx="7">July</governor>
            <dependent idx="14">maid</dependent>
          </dep>
          <dep type="nsubj">
            <governor idx="16">entered</governor>
            <dependent idx="15">who</dependent>
          </dep>
          <dep type="acl:relcl">
            <governor idx="14">maid</governor>
            <dependent idx="16">entered</dependent>
          </dep>
          <dep type="nmod:poss">
            <governor idx="19">room</governor>
            <dependent idx="17">his</dependent>
          </dep>
          <dep type="compound">
            <governor idx="19">room</governor>
            <dependent idx="18">hotel</dependent>
          </dep>
          <dep type="dobj">
            <governor idx="16">entered</governor>
            <dependent idx="19">room</dependent>
          </dep>
          <dep type="case">
            <governor idx="21">Biloxi</governor>
            <dependent idx="20">in</dependent>
          </dep>
          <dep type="nmod:in">
            <governor idx="16">entered</governor>
            <dependent idx="21">Biloxi</dependent>
          </dep>
          <dep type="punct">
            <governor idx="7">July</governor>
            <dependent idx="22">,</dependent>
          </dep>
          <dep type="appos">
            <governor idx="7">July</governor>
            <dependent idx="23">Miss</dependent>
          </dep>
          <dep type="punct">
            <governor idx="4">discovered</governor>
            <dependent idx="24">.</dependent>
          </dep>
        </dependencies>
        <dependencies type="collapsed-ccprocessed-dependencies">
          <dep type="root">
            <governor idx="0">ROOT</governor>
            <dependent idx="4">discovered</dependent>
          </dep>
          <dep type="nmod:poss">
            <governor idx="2">body</governor>
            <dependent idx="1">His</dependent>
          </dep>
          <dep type="nsubjpass">
            <governor idx="4">discovered</governor>
            <dependent idx="2">body</dependent>
          </dep>
          <dep type="auxpass">
            <governor idx="4">discovered</governor>
            <dependent idx="3">was</dependent>
          </dep>
          <dep type="nmod:tmod">
            <governor idx="4">discovered</governor>
            <dependent idx="5">Tuesday</dependent>
          </dep>
          <dep type="punct">
            <governor idx="5">Tuesday</governor>
            <dependent idx="6">,</dependent>
          </dep>
          <dep type="appos">
            <governor idx="5">Tuesday</governor>
            <dependent idx="7">July</dependent>
          </dep>
          <dep type="nummod">
            <governor idx="7">July</governor>
            <dependent idx="8">27</dependent>
          </dep>
          <dep type="punct">
            <governor idx="7">July</governor>
            <dependent idx="9">,</dependent>
          </dep>
          <dep type="nummod">
            <governor idx="7">July</governor>
            <dependent idx="10">2004</dependent>
          </dep>
          <dep type="punct">
            <governor idx="7">July</governor>
            <dependent idx="11">,</dependent>
          </dep>
          <dep type="case">
            <governor idx="14">maid</governor>
            <dependent idx="12">by</dependent>
          </dep>
          <dep type="det">
            <governor idx="14">maid</governor>
            <dependent idx="13">a</dependent>
          </dep>
          <dep type="nmod:by">
            <governor idx="7">July</governor>
            <dependent idx="14">maid</dependent>
          </dep>
          <dep type="nsubj">
            <governor idx="16">entered</governor>
            <dependent idx="15">who</dependent>
          </dep>
          <dep type="acl:relcl">
            <governor idx="14">maid</governor>
            <dependent idx="16">entered</dependent>
          </dep>
          <dep type="nmod:poss">
            <governor idx="19">room</governor>
            <dependent idx="17">his</dependent>
          </dep>
          <dep type="compound">
            <governor idx="19">room</governor>
            <dependent idx="18">hotel</dependent>
          </dep>
          <dep type="dobj">
            <governor idx="16">entered</governor>
            <dependent idx="19">room</dependent>
          </dep>
          <dep type="case">
            <governor idx="21">Biloxi</governor>
            <dependent idx="20">in</dependent>
          </dep>
          <dep type="nmod:in">
            <governor idx="16">entered</governor>
            <dependent idx="21">Biloxi</dependent>
          </dep>
          <dep type="punct">
            <governor idx="7">July</governor>
            <dependent idx="22">,</dependent>
          </dep>
          <dep type="appos">
            <governor idx="7">July</governor>
            <dependent idx="23">Miss</dependent>
          </dep>
          <dep type="punct">
            <governor idx="4">discovered</governor>
            <dependent idx="24">.</dependent>
          </dep>
        </dependencies>
      </sentence>
      <sentence id="3" line="3">
        <tokens>
          <token id="1">
            <word>The</word>
            <lemma>the</lemma>
            <CharacterOffsetBegin>295</CharacterOffsetBegin>
            <CharacterOffsetEnd>298</CharacterOffsetEnd>
            <POS>DT</POS>
            <NER>O</NER>
          </token>
          <token id="2">
            <word>coroner</word>
            <lemma>coroner</lemma>
            <CharacterOffsetBegin>299</CharacterOffsetBegin>
            <CharacterOffsetEnd>306</CharacterOffsetEnd>
            <POS>NN</POS>
            <NER>O</NER>
          </token>
          <token id="3">
            <word>believes</word>
            <lemma>believe</lemma>
            <CharacterOffsetBegin>307</CharacterOffsetBegin>
            <CharacterOffsetEnd>315</CharacterOffsetEnd>
            <POS>VBZ</POS>
            <NER>O</NER>
          </token>
          <token id="4">
            <word>LaRue</word>
            <lemma>LaRue</lemma>
            <CharacterOffsetBegin>316</CharacterOffsetBegin>
            <CharacterOffsetEnd>321</CharacterOffsetEnd>
            <POS>NNP</POS>
            <NER>PERSON</NER>
          </token>
          <token id="5">
            <word>died</word>
            <lemma>die</lemma>
            <CharacterOffsetBegin>322</CharacterOffsetBegin>
            <CharacterOffsetEnd>326</CharacterOffsetEnd>
            <POS>VBD</POS>
            <NER>O</NER>
          </token>
          <token id="6">
            <word>Saturday</word>
            <lemma>Saturday</lemma>
            <CharacterOffsetBegin>327</CharacterOffsetBegin>
            <CharacterOffsetEnd>335</CharacterOffsetEnd>
            <POS>NNP</POS>
            <NER>DATE</NER>
            <NormalizedNER>2004-07-24</NormalizedNER>
            <Timex tid="t3" type="DATE">2004-07-24</Timex>
          </token>
          <token id="7">
            <word>,</word>
            <lemma>,</lemma>
            <CharacterOffsetBegin>336</CharacterOffsetBegin>
            <CharacterOffsetEnd>337</CharacterOffsetEnd>
            <POS>,</POS>
            <NER>DATE</NER>
            <NormalizedNER>2004-07-24</NormalizedNER>
            <Timex tid="t3" type="DATE">2004-07-24</Timex>
          </token>
          <token id="8">
            <word>July</word>
            <lemma>July</lemma>
            <CharacterOffsetBegin>338</CharacterOffsetBegin>
            <CharacterOffsetEnd>342</CharacterOffsetEnd>
            <POS>NNP</POS>
            <NER>DATE</NER>
            <NormalizedNER>2004-07-24</NormalizedNER>
            <Timex tid="t3" type="DATE">2004-07-24</Timex>
          </token>
          <token id="9">
            <word>24</word>
            <lemma>24</lemma>
            <CharacterOffsetBegin>343</CharacterOffsetBegin>
            <CharacterOffsetEnd>345</CharacterOffsetEnd>
            <POS>CD</POS>
            <NER>DATE</NER>
            <NormalizedNER>2004-07-24</NormalizedNER>
            <Timex tid="t3" type="DATE">2004-07-24</Timex>
          </token>
          <token id="10">
            <word>,</word>
            <lemma>,</lemma>
            <CharacterOffsetBegin>346</CharacterOffsetBegin>
            <CharacterOffsetEnd>347</CharacterOffsetEnd>
            <POS>,</POS>
            <NER>DATE</NER>
            <NormalizedNER>2004-07-24</NormalizedNER>
            <Timex tid="t3" type="DATE">2004-07-24</Timex>
          </token>
          <token id="11">
            <word>2004</word>
            <lemma>2004</lemma>
            <CharacterOffsetBegin>348</CharacterOffsetBegin>
            <CharacterOffsetEnd>352</CharacterOffsetEnd>
            <POS>CD</POS>
            <NER>DATE</NER>
            <NormalizedNER>2004-07-24</NormalizedNER>
            <Timex tid="t3" type="DATE">2004-07-24</Timex>
          </token>
          <token id="12">
            <word>,</word>
            <lemma>,</lemma>
            <CharacterOffsetBegin>353</CharacterOffsetBegin>
            <CharacterOffsetEnd>354</CharacterOffsetEnd>
            <POS>,</POS>
            <NER>O</NER>
          </token>
          <token id="13">
            <word>of</word>
            <lemma>of</lemma>
            <CharacterOffsetBegin>355</CharacterOffsetBegin>
            <CharacterOffsetEnd>357</CharacterOffsetEnd>
            <POS>IN</POS>
            <NER>O</NER>
          </token>
          <token id="14">
            <word>natural</word>
            <lemma>natural</lemma>
            <CharacterOffsetBegin>358</CharacterOffsetBegin>
            <CharacterOffsetEnd>365</CharacterOffsetEnd>
            <POS>JJ</POS>
            <NER>O</NER>
          </token>
          <token id="15">
            <word>causes</word>
            <lemma>cause</lemma>
            <CharacterOffsetBegin>366</CharacterOffsetBegin>
            <CharacterOffsetEnd>372</CharacterOffsetEnd>
            <POS>NNS</POS>
            <NER>O</NER>
          </token>
          <token id="16">
            <word>.</word>
            <lemma>.</lemma>
            <CharacterOffsetBegin>373</CharacterOffsetBegin>
            <CharacterOffsetEnd>374</CharacterOffsetEnd>
            <POS>.</POS>
            <NER>O</NER>
          </token>
        </tokens>
        <parse>(ROOT (S (NP (DT The) (NN coroner)) (VP (VBZ believes) (SBAR (S (NP (NNP LaRue)) (VP (VBD died) (NP (NP (NNP Saturday) (, ,) (NNP July) (CD 24) (, ,) (CD 2004)) (, ,) (PP (IN of) (NP (JJ natural) (NNS causes)))))))) (. .))) </parse>
        <dependencies type="basic-dependencies">
          <dep type="root">
            <governor idx="0">ROOT</governor>
            <dependent idx="3">believes</dependent>
          </dep>
          <dep type="det">
            <governor idx="2">coroner</governor>
            <dependent idx="1">The</dependent>
          </dep>
          <dep type="nsubj">
            <governor idx="3">believes</governor>
            <dependent idx="2">coroner</dependent>
          </dep>
          <dep type="nsubj">
            <governor idx="5">died</governor>
            <dependent idx="4">LaRue</dependent>
          </dep>
          <dep type="ccomp">
            <governor idx="3">believes</governor>
            <dependent idx="5">died</dependent>
          </dep>
          <dep type="nmod:tmod">
            <governor idx="5">died</governor>
            <dependent idx="6">Saturday</dependent>
          </dep>
          <dep type="punct">
            <governor idx="5">died</governor>
            <dependent idx="7">,</dependent>
          </dep>
          <dep type="dep">
            <governor idx="5">died</governor>
            <dependent idx="8">July</dependent>
          </dep>
          <dep type="nummod">
            <governor idx="8">July</governor>
            <dependent idx="9">24</dependent>
          </dep>
          <dep type="punct">
            <governor idx="8">July</governor>
            <dependent idx="10">,</dependent>
          </dep>
          <dep type="nummod">
            <governor idx="8">July</governor>
            <dependent idx="11">2004</dependent>
          </dep>
          <dep type="punct">
            <governor idx="8">July</governor>
            <dependent idx="12">,</dependent>
          </dep>
          <dep type="case">
            <governor idx="15">causes</governor>
            <dependent idx="13">of</dependent>
          </dep>
          <dep type="amod">
            <governor idx="15">causes</governor>
            <dependent idx="14">natural</dependent>
          </dep>
          <dep type="nmod">
            <governor idx="8">July</governor>
            <dependent idx="15">causes</dependent>
          </dep>
          <dep type="punct">
            <governor idx="3">believes</governor>
            <dependent idx="16">.</dependent>
          </dep>
        </dependencies>
        <dependencies type="collapsed-dependencies">
          <dep type="root">
            <governor idx="0">ROOT</governor>
            <dependent idx="3">believes</dependent>
          </dep>
          <dep type="det">
            <governor idx="2">coroner</governor>
            <dependent idx="1">The</dependent>
          </dep>
          <dep type="nsubj">
            <governor idx="3">believes</governor>
            <dependent idx="2">coroner</dependent>
          </dep>
          <dep type="nsubj">
            <governor idx="5">died</governor>
            <dependent idx="4">LaRue</dependent>
          </dep>
          <dep type="ccomp">
            <governor idx="3">believes</governor>
            <dependent idx="5">died</dependent>
          </dep>
          <dep type="nmod:tmod">
            <governor idx="5">died</governor>
            <dependent idx="6">Saturday</dependent>
          </dep>
          <dep type="punct">
            <governor idx="5">died</governor>
            <dependent idx="7">,</dependent>
          </dep>
          <dep type="dep">
            <governor idx="5">died</governor>
            <dependent idx="8">July</dependent>
          </dep>
          <dep type="nummod">
            <governor idx="8">July</governor>
            <dependent idx="9">24</dependent>
          </dep>
          <dep type="punct">
            <governor idx="8">July</governor>
            <dependent idx="10">,</dependent>
          </dep>
          <dep type="nummod">
            <governor idx="8">July</governor>
            <dependent idx="11">2004</dependent>
          </dep>
          <dep type="punct">
            <governor idx="8">July</governor>
            <dependent idx="12">,</dependent>
          </dep>
          <dep type="case">
            <governor idx="15">causes</governor>
            <dependent idx="13">of</dependent>
          </dep>
          <dep type="amod">
            <governor idx="15">causes</governor>
            <dependent idx="14">natural</dependent>
          </dep>
          <dep type="nmod:of">
            <governor idx="8">July</governor>
            <dependent idx="15">causes</dependent>
          </dep>
          <dep type="punct">
            <governor idx="3">believes</governor>
            <dependent idx="16">.</dependent>
          </dep>
        </dependencies>
        <dependencies type="collapsed-ccprocessed-dependencies">
          <dep type="root">
            <governor idx="0">ROOT</governor>
            <dependent idx="3">believes</dependent>
          </dep>
          <dep type="det">
            <governor idx="2">coroner</governor>
            <dependent idx="1">The</dependent>
          </dep>
          <dep type="nsubj">
            <governor idx="3">believes</governor>
            <dependent idx="2">coroner</dependent>
          </dep>
          <dep type="nsubj">
            <governor idx="5">died</governor>
            <dependent idx="4">LaRue</dependent>
          </dep>
          <dep type="ccomp">
            <governor idx="3">believes</governor>
            <dependent idx="5">died</dependent>
          </dep>
          <dep type="nmod:tmod">
            <governor idx="5">died</governor>
            <dependent idx="6">Saturday</dependent>
          </dep>
          <dep type="punct">
            <governor idx="5">died</governor>
            <dependent idx="7">,</dependent>
          </dep>
          <dep type="dep">
            <governor idx="5">died</governor>
            <dependent idx="8">July</dependent>
          </dep>
          <dep type="nummod">
            <governor idx="8">July</governor>
            <dependent idx="9">24</dependent>
          </dep>
          <dep type="punct">
            <governor idx="8">July</governor>
            <dependent idx="10">,</dependent>
          </dep>
          <dep type="nummod">
            <governor idx="8">July</governor>
            <dependent idx="11">2004</dependent>
          </dep>
          <dep type="punct">
            <governor idx="8">July</governor>
            <dependent idx="12">,</dependent>
          </dep>
          <dep type="case">
            <governor idx="15">causes</governor>
            <dependent idx="13">of</dependent>
          </dep>
          <dep type="amod">
            <governor idx="15">causes</governor>
            <dependent idx="14">natural</dependent>
          </dep>
          <dep type="nmod:of">
            <governor idx="8">July</governor>
            <dependent idx="15">causes</dependent>
          </dep>
          <dep type="punct">
            <governor idx="3">believes</governor>
            <dependent idx="16">.</dependent>
          </dep>
        </dependencies>
      </sentence>
    </sentences>
  </document>
</root>
