<?xml version="1.0" encoding="UTF-8"?>
<?xml-stylesheet href="CoreNLP-to-HTML.xsl" type="text/xsl"?>
<root>
  <document>
    <sentences>
      <sentence id="1" line="1">
        <tokens>
          <token id="1">
            <word>The</word>
            <lemma>the</lemma>
            <CharacterOffsetBegin>0</CharacterOffsetBegin>
            <CharacterOffsetEnd>3</CharacterOffsetEnd>
            <POS>DT</POS>
            <NER>O</NER>
          </token>
          <token id="2">
            <word>cause</word>
            <lemma>cause</lemma>
            <CharacterOffsetBegin>4</CharacterOffsetBegin>
            <CharacterOffsetEnd>9</CharacterOffsetEnd>
            <POS>NN</POS>
            <NER>O</NER>
          </token>
          <token id="3">
            <word>-</word>
            <lemma>-</lemma>
            <CharacterOffsetBegin>10</CharacterOffsetBegin>
            <CharacterOffsetEnd>11</CharacterOffsetEnd>
            <POS>:</POS>
            <NER>O</NER>
          </token>
          <token id="4">
            <word>three</word>
            <lemma>three</lemma>
            <CharacterOffsetBegin>12</CharacterOffsetBegin>
            <CharacterOffsetEnd>17</CharacterOffsetEnd>
            <POS>CD</POS>
            <NER>NUMBER</NER>
            <NormalizedNER>3.0</NormalizedNER>
          </token>
          <token id="5">
            <word>international</word>
            <lemma>international</lemma>
            <CharacterOffsetBegin>18</CharacterOffsetBegin>
            <CharacterOffsetEnd>31</CharacterOffsetEnd>
            <POS>JJ</POS>
            <NER>O</NER>
          </token>
          <token id="6">
            <word>underwater</word>
            <lemma>underwater</lemma>
            <CharacterOffsetBegin>32</CharacterOffsetBegin>
            <CharacterOffsetEnd>42</CharacterOffsetEnd>
            <POS>JJ</POS>
            <NER>O</NER>
          </token>
          <token id="7">
            <word>cables</word>
            <lemma>cable</lemma>
            <CharacterOffsetBegin>43</CharacterOffsetBegin>
            <CharacterOffsetEnd>49</CharacterOffsetEnd>
            <POS>NNS</POS>
            <NER>O</NER>
          </token>
          <token id="8">
            <word>in</word>
            <lemma>in</lemma>
            <CharacterOffsetBegin>50</CharacterOffsetBegin>
            <CharacterOffsetEnd>52</CharacterOffsetEnd>
            <POS>IN</POS>
            <NER>O</NER>
          </token>
          <token id="9">
            <word>the</word>
            <lemma>the</lemma>
            <CharacterOffsetBegin>53</CharacterOffsetBegin>
            <CharacterOffsetEnd>56</CharacterOffsetEnd>
            <POS>DT</POS>
            <NER>O</NER>
          </token>
          <token id="10">
            <word>Mediterranean</word>
            <lemma>Mediterranean</lemma>
            <CharacterOffsetBegin>57</CharacterOffsetBegin>
            <CharacterOffsetEnd>70</CharacterOffsetEnd>
            <POS>NNP</POS>
            <NER>LOCATION</NER>
          </token>
          <token id="11">
            <word>Sea</word>
            <lemma>Sea</lemma>
            <CharacterOffsetBegin>71</CharacterOffsetBegin>
            <CharacterOffsetEnd>74</CharacterOffsetEnd>
            <POS>NNP</POS>
            <NER>LOCATION</NER>
          </token>
          <token id="12">
            <word>that</word>
            <lemma>that</lemma>
            <CharacterOffsetBegin>75</CharacterOffsetBegin>
            <CharacterOffsetEnd>79</CharacterOffsetEnd>
            <POS>WDT</POS>
            <NER>O</NER>
          </token>
          <token id="13">
            <word>were</word>
            <lemma>be</lemma>
            <CharacterOffsetBegin>80</CharacterOffsetBegin>
            <CharacterOffsetEnd>84</CharacterOffsetEnd>
            <POS>VBD</POS>
            <NER>O</NER>
          </token>
          <token id="14">
            <word>damaged</word>
            <lemma>damage</lemma>
            <CharacterOffsetBegin>85</CharacterOffsetBegin>
            <CharacterOffsetEnd>92</CharacterOffsetEnd>
            <POS>VBN</POS>
            <NER>O</NER>
          </token>
          <token id="15">
            <word>Friday</word>
            <lemma>Friday</lemma>
            <CharacterOffsetBegin>93</CharacterOffsetBegin>
            <CharacterOffsetEnd>99</CharacterOffsetEnd>
            <POS>NNP</POS>
            <NER>DATE</NER>
            <NormalizedNER>XXXX-WXX-5</NormalizedNER>
            <Timex tid="t1" type="DATE">XXXX-WXX-5</Timex>
          </token>
          <token id="16">
            <word>.</word>
            <lemma>.</lemma>
            <CharacterOffsetBegin>100</CharacterOffsetBegin>
            <CharacterOffsetEnd>101</CharacterOffsetEnd>
            <POS>.</POS>
            <NER>O</NER>
          </token>
        </tokens>
        <parse>(ROOT (NP (NP (DT The) (NN cause)) (: -) (NP (NP (CD three) (JJ international) (JJ underwater) (NNS cables)) (PP (IN in) (NP (DT the) (NNP Mediterranean) (NNP Sea))) (SBAR (WHNP (WDT that)) (S (VP (VBD were) (VP (VBN damaged) (NP-TMP (NNP Friday))))))) (. .))) </parse>
        <dependencies type="basic-dependencies">
          <dep type="root">
            <governor idx="0">ROOT</governor>
            <dependent idx="2">cause</dependent>
          </dep>
          <dep type="det">
            <governor idx="2">cause</governor>
            <dependent idx="1">The</dependent>
          </dep>
          <dep type="punct">
            <governor idx="2">cause</governor>
            <dependent idx="3">-</dependent>
          </dep>
          <dep type="nummod">
            <governor idx="7">cables</governor>
            <dependent idx="4">three</dependent>
          </dep>
          <dep type="amod">
            <governor idx="7">cables</governor>
            <dependent idx="5">international</dependent>
          </dep>
          <dep type="amod">
            <governor idx="7">cables</governor>
            <dependent idx="6">underwater</dependent>
          </dep>
          <dep type="dep">
            <governor idx="2">cause</governor>
            <dependent idx="7">cables</dependent>
          </dep>
          <dep type="case">
            <governor idx="11">Sea</governor>
            <dependent idx="8">in</dependent>
          </dep>
          <dep type="det">
            <governor idx="11">Sea</governor>
            <dependent idx="9">the</dependent>
          </dep>
          <dep type="compound">
            <governor idx="11">Sea</governor>
            <dependent idx="10">Mediterranean</dependent>
          </dep>
          <dep type="nmod">
            <governor idx="7">cables</governor>
            <dependent idx="11">Sea</dependent>
          </dep>
          <dep type="nsubjpass">
            <governor idx="14">damaged</governor>
            <dependent idx="12">that</dependent>
          </dep>
          <dep type="auxpass">
            <governor idx="14">damaged</governor>
            <dependent idx="13">were</dependent>
          </dep>
          <dep type="acl:relcl">
            <governor idx="7">cables</governor>
            <dependent idx="14">damaged</dependent>
          </dep>
          <dep type="nmod:tmod">
            <governor idx="14">damaged</governor>
            <dependent idx="15">Friday</dependent>
          </dep>
          <dep type="punct">
            <governor idx="2">cause</governor>
            <dependent idx="16">.</dependent>
          </dep>
        </dependencies>
        <dependencies type="collapsed-dependencies">
          <dep type="root">
            <governor idx="0">ROOT</governor>
            <dependent idx="2">cause</dependent>
          </dep>
          <dep type="det">
            <governor idx="2">cause</governor>
            <dependent idx="1">The</dependent>
          </dep>
          <dep type="punct">
            <governor idx="2">cause</governor>
            <dependent idx="3">-</dependent>
          </dep>
          <dep type="nummod">
            <governor idx="7">cables</governor>
            <dependent idx="4">three</dependent>
          </dep>
          <dep type="amod">
            <governor idx="7">cables</governor>
            <dependent idx="5">international</dependent>
          </dep>
          <dep type="amod">
            <governor idx="7">cables</governor>
            <dependent idx="6">underwater</dependent>
          </dep>
          <dep type="dep">
            <governor idx="2">cause</governor>
            <dependent idx="7">cables</dependent>
          </dep>
          <dep type="case">
            <governor idx="11">Sea</governor>
            <dependent idx="8">in</dependent>
          </dep>
          <dep type="det">
            <governor idx="11">Sea</governor>
            <dependent idx="9">the</dependent>
          </dep>
          <dep type="compound">
            <governor idx="11">Sea</governor>
            <dependent idx="10">Mediterranean</dependent>
          </dep>
          <dep type="nmod:in">
            <governor idx="7">cables</governor>
            <dependent idx="11">Sea</dependent>
          </dep>
          <dep type="nsubjpass">
            <governor idx="14">damaged</governor>
            <dependent idx="12">that</dependent>
          </dep>
          <dep type="auxpass">
            <governor idx="14">damaged</governor>
            <dependent idx="13">were</dependent>
          </dep>
          <dep type="acl:relcl">
            <governor idx="7">cables</governor>
            <dependent idx="14">damaged</dependent>
          </dep>
          <dep type="nmod:tmod">
            <governor idx="14">damaged</governor>
            <dependent idx="15">Friday</dependent>
          </dep>
          <dep type="punct">
            <governor idx="2">cause</governor>
            <dependent idx="16">.</dependent>
          </dep>
        </dependencies>
        <dependencies type="collapsed-ccprocessed-dependencies">
          <dep type="root">
            <governor idx="0">ROOT</governor>
            <dependent idx="2">cause</dependent>
          </dep>
          <dep type="det">
            <governor idx="2">cause</governor>
            <dependent idx="1">The</dependent>
          </dep>
          <dep type="punct">
            <governor idx="2">cause</governor>
            <dependent idx="3">-</dependent>
          </dep>
          <dep type="nummod">
            <governor idx="7">cables</governor>
            <dependent idx="4">three</dependent>
          </dep>
          <dep type="amod">
            <governor idx="7">cables</governor>
            <dependent idx="5">international</dependent>
          </dep>
          <dep type="amod">
            <governor idx="7">cables</governor>
            <dependent idx="6">underwater</dependent>
          </dep>
          <dep type="dep">
            <governor idx="2">cause</governor>
            <dependent idx="7">cables</dependent>
          </dep>
          <dep type="case">
            <governor idx="11">Sea</governor>
            <dependent idx="8">in</dependent>
          </dep>
          <dep type="det">
            <governor idx="11">Sea</governor>
            <dependent idx="9">the</dependent>
          </dep>
          <dep type="compound">
            <governor idx="11">Sea</governor>
            <dependent idx="10">Mediterranean</dependent>
          </dep>
          <dep type="nmod:in">
            <governor idx="7">cables</governor>
            <dependent idx="11">Sea</dependent>
          </dep>
          <dep type="nsubjpass">
            <governor idx="14">damaged</governor>
            <dependent idx="12">that</dependent>
          </dep>
          <dep type="auxpass">
            <governor idx="14">damaged</governor>
            <dependent idx="13">were</dependent>
          </dep>
          <dep type="acl:relcl">
            <governor idx="7">cables</governor>
            <dependent idx="14">damaged</dependent>
          </dep>
          <dep type="nmod:tmod">
            <governor idx="14">damaged</governor>
            <dependent idx="15">Friday</dependent>
          </dep>
          <dep type="punct">
            <governor idx="2">cause</governor>
            <dependent idx="16">.</dependent>
          </dep>
        </dependencies>
      </sentence>
    </sentences>
  </document>
</root>
