<?xml version="1.0" encoding="UTF-8"?>
<?xml-stylesheet href="CoreNLP-to-HTML.xsl" type="text/xsl"?>
<root>
  <document>
    <sentences>
      <sentence id="1" line="1">
        <tokens>
          <token id="1">
            <word>Parts</word>
            <lemma>part</lemma>
            <CharacterOffsetBegin>0</CharacterOffsetBegin>
            <CharacterOffsetEnd>5</CharacterOffsetEnd>
            <POS>NNS</POS>
            <NER>O</NER>
          </token>
          <token id="2">
            <word>of</word>
            <lemma>of</lemma>
            <CharacterOffsetBegin>6</CharacterOffsetBegin>
            <CharacterOffsetEnd>8</CharacterOffsetEnd>
            <POS>IN</POS>
            <NER>O</NER>
          </token>
          <token id="3">
            <word>Asia</word>
            <lemma>Asia</lemma>
            <CharacterOffsetBegin>9</CharacterOffsetBegin>
            <CharacterOffsetEnd>13</CharacterOffsetEnd>
            <POS>NNP</POS>
            <NER>LOCATION</NER>
          </token>
          <token id="4">
            <word>,</word>
            <lemma>,</lemma>
            <CharacterOffsetBegin>14</CharacterOffsetBegin>
            <CharacterOffsetEnd>15</CharacterOffsetEnd>
            <POS>,</POS>
            <NER>O</NER>
          </token>
          <token id="5">
            <word>the</word>
            <lemma>the</lemma>
            <CharacterOffsetBegin>16</CharacterOffsetBegin>
            <CharacterOffsetEnd>19</CharacterOffsetEnd>
            <POS>DT</POS>
            <NER>O</NER>
          </token>
          <token id="6">
            <word>Middle</word>
            <lemma>Middle</lemma>
            <CharacterOffsetBegin>20</CharacterOffsetBegin>
            <CharacterOffsetEnd>26</CharacterOffsetEnd>
            <POS>NNP</POS>
            <NER>LOCATION</NER>
          </token>
          <token id="7">
            <word>East</word>
            <lemma>East</lemma>
            <CharacterOffsetBegin>27</CharacterOffsetBegin>
            <CharacterOffsetEnd>31</CharacterOffsetEnd>
            <POS>NNP</POS>
            <NER>LOCATION</NER>
          </token>
          <token id="8">
            <word>,</word>
            <lemma>,</lemma>
            <CharacterOffsetBegin>32</CharacterOffsetBegin>
            <CharacterOffsetEnd>33</CharacterOffsetEnd>
            <POS>,</POS>
            <NER>O</NER>
          </token>
          <token id="9">
            <word>and</word>
            <lemma>and</lemma>
            <CharacterOffsetBegin>34</CharacterOffsetBegin>
            <CharacterOffsetEnd>37</CharacterOffsetEnd>
            <POS>CC</POS>
            <NER>O</NER>
          </token>
          <token id="10">
            <word>Europe</word>
            <lemma>Europe</lemma>
            <CharacterOffsetBegin>38</CharacterOffsetBegin>
            <CharacterOffsetEnd>44</CharacterOffsetEnd>
            <POS>NNP</POS>
            <NER>LOCATION</NER>
          </token>
          <token id="11">
            <word>experienced</word>
            <lemma>experience</lemma>
            <CharacterOffsetBegin>45</CharacterOffsetBegin>
            <CharacterOffsetEnd>56</CharacterOffsetEnd>
            <POS>VBD</POS>
            <NER>O</NER>
          </token>
          <token id="12">
            <word>Internet</word>
            <lemma>internet</lemma>
            <CharacterOffsetBegin>57</CharacterOffsetBegin>
            <CharacterOffsetEnd>65</CharacterOffsetEnd>
            <POS>NN</POS>
            <NER>MISC</NER>
          </token>
          <token id="13">
            <word>and</word>
            <lemma>and</lemma>
            <CharacterOffsetBegin>66</CharacterOffsetBegin>
            <CharacterOffsetEnd>69</CharacterOffsetEnd>
            <POS>CC</POS>
            <NER>O</NER>
          </token>
          <token id="14">
            <word>telephone</word>
            <lemma>telephone</lemma>
            <CharacterOffsetBegin>70</CharacterOffsetBegin>
            <CharacterOffsetEnd>79</CharacterOffsetEnd>
            <POS>NN</POS>
            <NER>O</NER>
          </token>
          <token id="15">
            <word>outages</word>
            <lemma>outage</lemma>
            <CharacterOffsetBegin>80</CharacterOffsetBegin>
            <CharacterOffsetEnd>87</CharacterOffsetEnd>
            <POS>NNS</POS>
            <NER>O</NER>
          </token>
          <token id="16">
            <word>Friday</word>
            <lemma>Friday</lemma>
            <CharacterOffsetBegin>88</CharacterOffsetBegin>
            <CharacterOffsetEnd>94</CharacterOffsetEnd>
            <POS>NNP</POS>
            <NER>DATE</NER>
            <NormalizedNER>XXXX-WXX-5</NormalizedNER>
            <Timex tid="t1" type="DATE">XXXX-WXX-5</Timex>
          </token>
          <token id="17">
            <word>when</word>
            <lemma>when</lemma>
            <CharacterOffsetBegin>95</CharacterOffsetBegin>
            <CharacterOffsetEnd>99</CharacterOffsetEnd>
            <POS>WRB</POS>
            <NER>O</NER>
          </token>
          <token id="18">
            <word>three</word>
            <lemma>three</lemma>
            <CharacterOffsetBegin>100</CharacterOffsetBegin>
            <CharacterOffsetEnd>105</CharacterOffsetEnd>
            <POS>CD</POS>
            <NER>NUMBER</NER>
            <NormalizedNER>3.0</NormalizedNER>
          </token>
          <token id="19">
            <word>undersea</word>
            <lemma>undersea</lemma>
            <CharacterOffsetBegin>106</CharacterOffsetBegin>
            <CharacterOffsetEnd>114</CharacterOffsetEnd>
            <POS>NN</POS>
            <NER>O</NER>
          </token>
          <token id="20">
            <word>cables</word>
            <lemma>cable</lemma>
            <CharacterOffsetBegin>115</CharacterOffsetBegin>
            <CharacterOffsetEnd>121</CharacterOffsetEnd>
            <POS>NNS</POS>
            <NER>O</NER>
          </token>
          <token id="21">
            <word>between</word>
            <lemma>between</lemma>
            <CharacterOffsetBegin>122</CharacterOffsetBegin>
            <CharacterOffsetEnd>129</CharacterOffsetEnd>
            <POS>IN</POS>
            <NER>O</NER>
          </token>
          <token id="22">
            <word>Italy</word>
            <lemma>Italy</lemma>
            <CharacterOffsetBegin>130</CharacterOffsetBegin>
            <CharacterOffsetEnd>135</CharacterOffsetEnd>
            <POS>NNP</POS>
            <NER>LOCATION</NER>
          </token>
          <token id="23">
            <word>and</word>
            <lemma>and</lemma>
            <CharacterOffsetBegin>136</CharacterOffsetBegin>
            <CharacterOffsetEnd>139</CharacterOffsetEnd>
            <POS>CC</POS>
            <NER>O</NER>
          </token>
          <token id="24">
            <word>Egypt</word>
            <lemma>Egypt</lemma>
            <CharacterOffsetBegin>140</CharacterOffsetBegin>
            <CharacterOffsetEnd>145</CharacterOffsetEnd>
            <POS>NNP</POS>
            <NER>LOCATION</NER>
          </token>
          <token id="25">
            <word>in</word>
            <lemma>in</lemma>
            <CharacterOffsetBegin>146</CharacterOffsetBegin>
            <CharacterOffsetEnd>148</CharacterOffsetEnd>
            <POS>IN</POS>
            <NER>O</NER>
          </token>
          <token id="26">
            <word>the</word>
            <lemma>the</lemma>
            <CharacterOffsetBegin>149</CharacterOffsetBegin>
            <CharacterOffsetEnd>152</CharacterOffsetEnd>
            <POS>DT</POS>
            <NER>O</NER>
          </token>
          <token id="27">
            <word>Mediterranean</word>
            <lemma>Mediterranean</lemma>
            <CharacterOffsetBegin>153</CharacterOffsetBegin>
            <CharacterOffsetEnd>166</CharacterOffsetEnd>
            <POS>NNP</POS>
            <NER>LOCATION</NER>
          </token>
          <token id="28">
            <word>Sea</word>
            <lemma>Sea</lemma>
            <CharacterOffsetBegin>167</CharacterOffsetBegin>
            <CharacterOffsetEnd>170</CharacterOffsetEnd>
            <POS>NNP</POS>
            <NER>LOCATION</NER>
          </token>
          <token id="29">
            <word>were</word>
            <lemma>be</lemma>
            <CharacterOffsetBegin>171</CharacterOffsetBegin>
            <CharacterOffsetEnd>175</CharacterOffsetEnd>
            <POS>VBD</POS>
            <NER>O</NER>
          </token>
          <token id="30">
            <word>damaged</word>
            <lemma>damage</lemma>
            <CharacterOffsetBegin>176</CharacterOffsetBegin>
            <CharacterOffsetEnd>183</CharacterOffsetEnd>
            <POS>VBN</POS>
            <NER>O</NER>
          </token>
          <token id="31">
            <word>.</word>
            <lemma>.</lemma>
            <CharacterOffsetBegin>184</CharacterOffsetBegin>
            <CharacterOffsetEnd>185</CharacterOffsetEnd>
            <POS>.</POS>
            <NER>O</NER>
          </token>
        </tokens>
        <parse>(ROOT (S (NP (NP (NNS Parts)) (PP (IN of) (NP (NP (NNP Asia)) (, ,) (NP (DT the) (NNP Middle) (NNP East)) (, ,) (CC and) (NP (NNP Europe))))) (VP (VBD experienced) (NP (NN Internet) (CC and) (NN telephone) (NNS outages)) (NP-TMP (NNP Friday)) (SBAR (WHADVP (WRB when)) (S (NP (NP (CD three) (NN undersea) (NNS cables)) (PP (IN between) (NP (NNP Italy) (CC and) (NNP Egypt))) (PP (IN in) (NP (DT the) (NNP Mediterranean) (NNP Sea)))) (VP (VBD were) (VP (VBN damaged)))))) (. .))) </parse>
        <dependencies type="basic-dependencies">
          <dep type="root">
            <governor idx="0">ROOT</governor>
            <dependent idx="11">experienced</dependent>
          </dep>
          <dep type="nsubj">
            <governor idx="11">experienced</governor>
            <dependent idx="1">Parts</dependent>
          </dep>
          <dep type="case">
            <governor idx="3">Asia</governor>
            <dependent idx="2">of</dependent>
          </dep>
          <dep type="nmod">
            <governor idx="1">Parts</governor>
            <dependent idx="3">Asia</dependent>
          </dep>
          <dep type="punct">
            <governor idx="1">Parts</governor>
            <dependent idx="4">,</dependent>
          </dep>
          <dep type="det">
            <governor idx="7">East</governor>
            <dependent idx="5">the</dependent>
          </dep>
          <dep type="compound">
            <governor idx="7">East</governor>
            <dependent idx="6">Middle</dependent>
          </dep>
          <dep type="conj">
            <governor idx="1">Parts</governor>
            <dependent idx="7">East</dependent>
          </dep>
          <dep type="punct">
            <governor idx="1">Parts</governor>
            <dependent idx="8">,</dependent>
          </dep>
          <dep type="cc">
            <governor idx="1">Parts</governor>
            <dependent idx="9">and</dependent>
          </dep>
          <dep type="conj">
            <governor idx="1">Parts</governor>
            <dependent idx="10">Europe</dependent>
          </dep>
          <dep type="compound">
            <governor idx="15">outages</governor>
            <dependent idx="12">Internet</dependent>
          </dep>
          <dep type="cc">
            <governor idx="12">Internet</governor>
            <dependent idx="13">and</dependent>
          </dep>
          <dep type="conj">
            <governor idx="12">Internet</governor>
            <dependent idx="14">telephone</dependent>
          </dep>
          <dep type="dobj">
            <governor idx="11">experienced</governor>
            <dependent idx="15">outages</dependent>
          </dep>
          <dep type="nmod:tmod">
            <governor idx="11">experienced</governor>
            <dependent idx="16">Friday</dependent>
          </dep>
          <dep type="advmod">
            <governor idx="30">damaged</governor>
            <dependent idx="17">when</dependent>
          </dep>
          <dep type="nummod">
            <governor idx="20">cables</governor>
            <dependent idx="18">three</dependent>
          </dep>
          <dep type="compound">
            <governor idx="20">cables</governor>
            <dependent idx="19">undersea</dependent>
          </dep>
          <dep type="nsubjpass">
            <governor idx="30">damaged</governor>
            <dependent idx="20">cables</dependent>
          </dep>
          <dep type="case">
            <governor idx="22">Italy</governor>
            <dependent idx="21">between</dependent>
          </dep>
          <dep type="nmod">
            <governor idx="20">cables</governor>
            <dependent idx="22">Italy</dependent>
          </dep>
          <dep type="cc">
            <governor idx="22">Italy</governor>
            <dependent idx="23">and</dependent>
          </dep>
          <dep type="conj">
            <governor idx="22">Italy</governor>
            <dependent idx="24">Egypt</dependent>
          </dep>
          <dep type="case">
            <governor idx="28">Sea</governor>
            <dependent idx="25">in</dependent>
          </dep>
          <dep type="det">
            <governor idx="28">Sea</governor>
            <dependent idx="26">the</dependent>
          </dep>
          <dep type="compound">
            <governor idx="28">Sea</governor>
            <dependent idx="27">Mediterranean</dependent>
          </dep>
          <dep type="nmod">
            <governor idx="20">cables</governor>
            <dependent idx="28">Sea</dependent>
          </dep>
          <dep type="auxpass">
            <governor idx="30">damaged</governor>
            <dependent idx="29">were</dependent>
          </dep>
          <dep type="advcl">
            <governor idx="11">experienced</governor>
            <dependent idx="30">damaged</dependent>
          </dep>
          <dep type="punct">
            <governor idx="11">experienced</governor>
            <dependent idx="31">.</dependent>
          </dep>
        </dependencies>
        <dependencies type="collapsed-dependencies">
          <dep type="root">
            <governor idx="0">ROOT</governor>
            <dependent idx="11">experienced</dependent>
          </dep>
          <dep type="nsubj">
            <governor idx="11">experienced</governor>
            <dependent idx="1">Parts</dependent>
          </dep>
          <dep type="case">
            <governor idx="3">Asia</governor>
            <dependent idx="2">of</dependent>
          </dep>
          <dep type="nmod:of">
            <governor idx="1">Parts</governor>
            <dependent idx="3">Asia</dependent>
          </dep>
          <dep type="punct">
            <governor idx="1">Parts</governor>
            <dependent idx="4">,</dependent>
          </dep>
          <dep type="det">
            <governor idx="7">East</governor>
            <dependent idx="5">the</dependent>
          </dep>
          <dep type="compound">
            <governor idx="7">East</governor>
            <dependent idx="6">Middle</dependent>
          </dep>
          <dep type="conj:and">
            <governor idx="1">Parts</governor>
            <dependent idx="7">East</dependent>
          </dep>
          <dep type="punct">
            <governor idx="1">Parts</governor>
            <dependent idx="8">,</dependent>
          </dep>
          <dep type="cc">
            <governor idx="1">Parts</governor>
            <dependent idx="9">and</dependent>
          </dep>
          <dep type="conj:and">
            <governor idx="1">Parts</governor>
            <dependent idx="10">Europe</dependent>
          </dep>
          <dep type="compound">
            <governor idx="15">outages</governor>
            <dependent idx="12">Internet</dependent>
          </dep>
          <dep type="cc">
            <governor idx="12">Internet</governor>
            <dependent idx="13">and</dependent>
          </dep>
          <dep type="conj:and">
            <governor idx="12">Internet</governor>
            <dependent idx="14">telephone</dependent>
          </dep>
          <dep type="dobj">
            <governor idx="11">experienced</governor>
            <dependent idx="15">outages</dependent>
          </dep>
          <dep type="nmod:tmod">
            <governor idx="11">experienced</governor>
            <dependent idx="16">Friday</dependent>
          </dep>
          <dep type="advmod">
            <governor idx="30">damaged</governor>
            <dependent idx="17">when</dependent>
          </dep>
          <dep type="nummod">
            <governor idx="20">cables</governor>
            <dependent idx="18">three</dependent>
          </dep>
          <dep type="compound">
            <governor idx="20">cables</governor>
            <dependent idx="19">undersea</dependent>
          </dep>
          <dep type="nsubjpass">
            <governor idx="30">damaged</governor>
            <dependent idx="20">cables</dependent>
          </dep>
          <dep type="case">
            <governor idx="22">Italy</governor>
            <dependent idx="21">between</dependent>
          </dep>
          <dep type="nmod:between">
            <governor idx="20">cables</governor>
            <dependent idx="22">Italy</dependent>
          </dep>
          <dep type="cc">
            <governor idx="22">Italy</governor>
            <dependent idx="23">and</dependent>
          </dep>
          <dep type="conj:and">
            <governor idx="22">Italy</governor>
            <dependent idx="24">Egypt</dependent>
          </dep>
          <dep type="case">
            <governor idx="28">Sea</governor>
            <dependent idx="25">in</dependent>
          </dep>
          <dep type="det">
            <governor idx="28">Sea</governor>
            <dependent idx="26">the</dependent>
          </dep>
          <dep type="compound">
            <governor idx="28">Sea</governor>
            <dependent idx="27">Mediterranean</dependent>
          </dep>
          <dep type="nmod:in">
            <governor idx="20">cables</governor>
            <dependent idx="28">Sea</dependent>
          </dep>
          <dep type="auxpass">
            <governor idx="30">damaged</governor>
            <dependent idx="29">were</dependent>
          </dep>
          <dep type="advcl">
            <governor idx="11">experienced</governor>
            <dependent idx="30">damaged</dependent>
          </dep>
          <dep type="punct">
            <governor idx="11">experienced</governor>
            <dependent idx="31">.</dependent>
          </dep>
        </dependencies>
        <dependencies type="collapsed-ccprocessed-dependencies">
          <dep type="root">
            <governor idx="0">ROOT</governor>
            <dependent idx="11">experienced</dependent>
          </dep>
          <dep type="nsubj">
            <governor idx="11">experienced</governor>
            <dependent idx="1">Parts</dependent>
          </dep>
          <dep type="case">
            <governor idx="3">Asia</governor>
            <dependent idx="2">of</dependent>
          </dep>
          <dep type="nmod:of">
            <governor idx="1">Parts</governor>
            <dependent idx="3">Asia</dependent>
          </dep>
          <dep type="punct">
            <governor idx="1">Parts</governor>
            <dependent idx="4">,</dependent>
          </dep>
          <dep type="det">
            <governor idx="7">East</governor>
            <dependent idx="5">the</dependent>
          </dep>
          <dep type="compound">
            <governor idx="7">East</governor>
            <dependent idx="6">Middle</dependent>
          </dep>
          <dep type="conj:and">
            <governor idx="1">Parts</governor>
            <dependent idx="7">East</dependent>
          </dep>
          <dep type="nsubj" extra="true">
            <governor idx="11">experienced</governor>
            <dependent idx="7">East</dependent>
          </dep>
          <dep type="punct">
            <governor idx="1">Parts</governor>
            <dependent idx="8">,</dependent>
          </dep>
          <dep type="cc">
            <governor idx="1">Parts</governor>
            <dependent idx="9">and</dependent>
          </dep>
          <dep type="conj:and">
            <governor idx="1">Parts</governor>
            <dependent idx="10">Europe</dependent>
          </dep>
          <dep type="nsubj" extra="true">
            <governor idx="11">experienced</governor>
            <dependent idx="10">Europe</dependent>
          </dep>
          <dep type="compound">
            <governor idx="15">outages</governor>
            <dependent idx="12">Internet</dependent>
          </dep>
          <dep type="cc">
            <governor idx="12">Internet</governor>
            <dependent idx="13">and</dependent>
          </dep>
          <dep type="conj:and">
            <governor idx="12">Internet</governor>
            <dependent idx="14">telephone</dependent>
          </dep>
          <dep type="compound" extra="true">
            <governor idx="15">outages</governor>
            <dependent idx="14">telephone</dependent>
          </dep>
          <dep type="dobj">
            <governor idx="11">experienced</governor>
            <dependent idx="15">outages</dependent>
          </dep>
          <dep type="nmod:tmod">
            <governor idx="11">experienced</governor>
            <dependent idx="16">Friday</dependent>
          </dep>
          <dep type="advmod">
            <governor idx="30">damaged</governor>
            <dependent idx="17">when</dependent>
          </dep>
          <dep type="nummod">
            <governor idx="20">cables</governor>
            <dependent idx="18">three</dependent>
          </dep>
          <dep type="compound">
            <governor idx="20">cables</governor>
            <dependent idx="19">undersea</dependent>
          </dep>
          <dep type="nsubjpass">
            <governor idx="30">damaged</governor>
            <dependent idx="20">cables</dependent>
          </dep>
          <dep type="case">
            <governor idx="22">Italy</governor>
            <dependent idx="21">between</dependent>
          </dep>
          <dep type="nmod:between">
            <governor idx="20">cables</governor>
            <dependent idx="22">Italy</dependent>
          </dep>
          <dep type="cc">
            <governor idx="22">Italy</governor>
            <dependent idx="23">and</dependent>
          </dep>
          <dep type="nmod:between" extra="true">
            <governor idx="20">cables</governor>
            <dependent idx="24">Egypt</dependent>
          </dep>
          <dep type="conj:and">
            <governor idx="22">Italy</governor>
            <dependent idx="24">Egypt</dependent>
          </dep>
          <dep type="case">
            <governor idx="28">Sea</governor>
            <dependent idx="25">in</dependent>
          </dep>
          <dep type="det">
            <governor idx="28">Sea</governor>
            <dependent idx="26">the</dependent>
          </dep>
          <dep type="compound">
            <governor idx="28">Sea</governor>
            <dependent idx="27">Mediterranean</dependent>
          </dep>
          <dep type="nmod:in">
            <governor idx="20">cables</governor>
            <dependent idx="28">Sea</dependent>
          </dep>
          <dep type="auxpass">
            <governor idx="30">damaged</governor>
            <dependent idx="29">were</dependent>
          </dep>
          <dep type="advcl">
            <governor idx="11">experienced</governor>
            <dependent idx="30">damaged</dependent>
          </dep>
          <dep type="punct">
            <governor idx="11">experienced</governor>
            <dependent idx="31">.</dependent>
          </dep>
        </dependencies>
      </sentence>
      <sentence id="2" line="2">
        <tokens>
          <token id="1">
            <word>The</word>
            <lemma>the</lemma>
            <CharacterOffsetBegin>186</CharacterOffsetBegin>
            <CharacterOffsetEnd>189</CharacterOffsetEnd>
            <POS>DT</POS>
            <NER>O</NER>
          </token>
          <token id="2">
            <word>cable</word>
            <lemma>cable</lemma>
            <CharacterOffsetBegin>190</CharacterOffsetBegin>
            <CharacterOffsetEnd>195</CharacterOffsetEnd>
            <POS>NN</POS>
            <NER>O</NER>
          </token>
          <token id="3">
            <word>system</word>
            <lemma>system</lemma>
            <CharacterOffsetBegin>196</CharacterOffsetBegin>
            <CharacterOffsetEnd>202</CharacterOffsetEnd>
            <POS>NN</POS>
            <NER>O</NER>
          </token>
          <token id="4">
            <word>that</word>
            <lemma>that</lemma>
            <CharacterOffsetBegin>203</CharacterOffsetBegin>
            <CharacterOffsetEnd>207</CharacterOffsetEnd>
            <POS>WDT</POS>
            <NER>O</NER>
          </token>
          <token id="5">
            <word>was</word>
            <lemma>be</lemma>
            <CharacterOffsetBegin>208</CharacterOffsetBegin>
            <CharacterOffsetEnd>211</CharacterOffsetEnd>
            <POS>VBD</POS>
            <NER>O</NER>
          </token>
          <token id="6">
            <word>cut</word>
            <lemma>cut</lemma>
            <CharacterOffsetBegin>212</CharacterOffsetBegin>
            <CharacterOffsetEnd>215</CharacterOffsetEnd>
            <POS>VBN</POS>
            <NER>O</NER>
          </token>
          <token id="7">
            <word>is</word>
            <lemma>be</lemma>
            <CharacterOffsetBegin>216</CharacterOffsetBegin>
            <CharacterOffsetEnd>218</CharacterOffsetEnd>
            <POS>VBZ</POS>
            <NER>O</NER>
          </token>
          <token id="8">
            <word>known</word>
            <lemma>know</lemma>
            <CharacterOffsetBegin>219</CharacterOffsetBegin>
            <CharacterOffsetEnd>224</CharacterOffsetEnd>
            <POS>VBN</POS>
            <NER>O</NER>
          </token>
          <token id="9">
            <word>as</word>
            <lemma>as</lemma>
            <CharacterOffsetBegin>225</CharacterOffsetBegin>
            <CharacterOffsetEnd>227</CharacterOffsetEnd>
            <POS>IN</POS>
            <NER>O</NER>
          </token>
          <token id="10">
            <word>SMW4</word>
            <lemma>smw4</lemma>
            <CharacterOffsetBegin>228</CharacterOffsetBegin>
            <CharacterOffsetEnd>232</CharacterOffsetEnd>
            <POS>NN</POS>
            <NER>O</NER>
          </token>
          <token id="11">
            <word>cable</word>
            <lemma>cable</lemma>
            <CharacterOffsetBegin>233</CharacterOffsetBegin>
            <CharacterOffsetEnd>238</CharacterOffsetEnd>
            <POS>NN</POS>
            <NER>O</NER>
          </token>
          <token id="12">
            <word>or</word>
            <lemma>or</lemma>
            <CharacterOffsetBegin>239</CharacterOffsetBegin>
            <CharacterOffsetEnd>241</CharacterOffsetEnd>
            <POS>CC</POS>
            <NER>O</NER>
          </token>
          <token id="13">
            <word>South</word>
            <lemma>South</lemma>
            <CharacterOffsetBegin>242</CharacterOffsetBegin>
            <CharacterOffsetEnd>247</CharacterOffsetEnd>
            <POS>NNP</POS>
            <NER>MISC</NER>
          </token>
          <token id="14">
            <word>East</word>
            <lemma>East</lemma>
            <CharacterOffsetBegin>248</CharacterOffsetBegin>
            <CharacterOffsetEnd>252</CharacterOffsetEnd>
            <POS>NNP</POS>
            <NER>MISC</NER>
          </token>
          <token id="15">
            <word>Asia-</word>
            <lemma>Asia-</lemma>
            <CharacterOffsetBegin>253</CharacterOffsetBegin>
            <CharacterOffsetEnd>258</CharacterOffsetEnd>
            <POS>NNP</POS>
            <NER>MISC</NER>
          </token>
          <token id="16">
            <word>Middle</word>
            <lemma>Middle</lemma>
            <CharacterOffsetBegin>259</CharacterOffsetBegin>
            <CharacterOffsetEnd>265</CharacterOffsetEnd>
            <POS>NNP</POS>
            <NER>MISC</NER>
          </token>
          <token id="17">
            <word>East-Western</word>
            <lemma>East-Western</lemma>
            <CharacterOffsetBegin>266</CharacterOffsetBegin>
            <CharacterOffsetEnd>278</CharacterOffsetEnd>
            <POS>NNP</POS>
            <NER>MISC</NER>
          </token>
          <token id="18">
            <word>Europe</word>
            <lemma>Europe</lemma>
            <CharacterOffsetBegin>279</CharacterOffsetBegin>
            <CharacterOffsetEnd>285</CharacterOffsetEnd>
            <POS>NNP</POS>
            <NER>MISC</NER>
          </token>
          <token id="19">
            <word>4</word>
            <lemma>4</lemma>
            <CharacterOffsetBegin>286</CharacterOffsetBegin>
            <CharacterOffsetEnd>287</CharacterOffsetEnd>
            <POS>CD</POS>
            <NER>NUMBER</NER>
            <NormalizedNER>4.0</NormalizedNER>
          </token>
          <token id="20">
            <word>.</word>
            <lemma>.</lemma>
            <CharacterOffsetBegin>288</CharacterOffsetBegin>
            <CharacterOffsetEnd>289</CharacterOffsetEnd>
            <POS>.</POS>
            <NER>O</NER>
          </token>
        </tokens>
        <parse>(ROOT (S (NP (NP (DT The) (NN cable) (NN system)) (SBAR (WHNP (WDT that)) (S (VP (VBD was) (VP (VBN cut)))))) (VP (VBZ is) (VP (VBN known) (PP (IN as) (NP (NP (NN SMW4) (NN cable)) (CC or) (NP (NNP South) (NNP East) (NNP Asia-) (NNP Middle) (NNP East-Western) (NNP Europe) (CD 4)))))) (. .))) </parse>
        <dependencies type="basic-dependencies">
          <dep type="root">
            <governor idx="0">ROOT</governor>
            <dependent idx="8">known</dependent>
          </dep>
          <dep type="det">
            <governor idx="3">system</governor>
            <dependent idx="1">The</dependent>
          </dep>
          <dep type="compound">
            <governor idx="3">system</governor>
            <dependent idx="2">cable</dependent>
          </dep>
          <dep type="nsubjpass">
            <governor idx="8">known</governor>
            <dependent idx="3">system</dependent>
          </dep>
          <dep type="nsubjpass">
            <governor idx="6">cut</governor>
            <dependent idx="4">that</dependent>
          </dep>
          <dep type="auxpass">
            <governor idx="6">cut</governor>
            <dependent idx="5">was</dependent>
          </dep>
          <dep type="acl:relcl">
            <governor idx="3">system</governor>
            <dependent idx="6">cut</dependent>
          </dep>
          <dep type="auxpass">
            <governor idx="8">known</governor>
            <dependent idx="7">is</dependent>
          </dep>
          <dep type="case">
            <governor idx="11">cable</governor>
            <dependent idx="9">as</dependent>
          </dep>
          <dep type="compound">
            <governor idx="11">cable</governor>
            <dependent idx="10">SMW4</dependent>
          </dep>
          <dep type="nmod">
            <governor idx="8">known</governor>
            <dependent idx="11">cable</dependent>
          </dep>
          <dep type="cc">
            <governor idx="11">cable</governor>
            <dependent idx="12">or</dependent>
          </dep>
          <dep type="compound">
            <governor idx="18">Europe</governor>
            <dependent idx="13">South</dependent>
          </dep>
          <dep type="compound">
            <governor idx="18">Europe</governor>
            <dependent idx="14">East</dependent>
          </dep>
          <dep type="compound">
            <governor idx="18">Europe</governor>
            <dependent idx="15">Asia-</dependent>
          </dep>
          <dep type="compound">
            <governor idx="18">Europe</governor>
            <dependent idx="16">Middle</dependent>
          </dep>
          <dep type="compound">
            <governor idx="18">Europe</governor>
            <dependent idx="17">East-Western</dependent>
          </dep>
          <dep type="conj">
            <governor idx="11">cable</governor>
            <dependent idx="18">Europe</dependent>
          </dep>
          <dep type="nummod">
            <governor idx="18">Europe</governor>
            <dependent idx="19">4</dependent>
          </dep>
          <dep type="punct">
            <governor idx="8">known</governor>
            <dependent idx="20">.</dependent>
          </dep>
        </dependencies>
        <dependencies type="collapsed-dependencies">
          <dep type="root">
            <governor idx="0">ROOT</governor>
            <dependent idx="8">known</dependent>
          </dep>
          <dep type="det">
            <governor idx="3">system</governor>
            <dependent idx="1">The</dependent>
          </dep>
          <dep type="compound">
            <governor idx="3">system</governor>
            <dependent idx="2">cable</dependent>
          </dep>
          <dep type="nsubjpass">
            <governor idx="8">known</governor>
            <dependent idx="3">system</dependent>
          </dep>
          <dep type="nsubjpass">
            <governor idx="6">cut</governor>
            <dependent idx="4">that</dependent>
          </dep>
          <dep type="auxpass">
            <governor idx="6">cut</governor>
            <dependent idx="5">was</dependent>
          </dep>
          <dep type="acl:relcl">
            <governor idx="3">system</governor>
            <dependent idx="6">cut</dependent>
          </dep>
          <dep type="auxpass">
            <governor idx="8">known</governor>
            <dependent idx="7">is</dependent>
          </dep>
          <dep type="case">
            <governor idx="11">cable</governor>
            <dependent idx="9">as</dependent>
          </dep>
          <dep type="compound">
            <governor idx="11">cable</governor>
            <dependent idx="10">SMW4</dependent>
          </dep>
          <dep type="nmod:as">
            <governor idx="8">known</governor>
            <dependent idx="11">cable</dependent>
          </dep>
          <dep type="cc">
            <governor idx="11">cable</governor>
            <dependent idx="12">or</dependent>
          </dep>
          <dep type="compound">
            <governor idx="18">Europe</governor>
            <dependent idx="13">South</dependent>
          </dep>
          <dep type="compound">
            <governor idx="18">Europe</governor>
            <dependent idx="14">East</dependent>
          </dep>
          <dep type="compound">
            <governor idx="18">Europe</governor>
            <dependent idx="15">Asia-</dependent>
          </dep>
          <dep type="compound">
            <governor idx="18">Europe</governor>
            <dependent idx="16">Middle</dependent>
          </dep>
          <dep type="compound">
            <governor idx="18">Europe</governor>
            <dependent idx="17">East-Western</dependent>
          </dep>
          <dep type="conj:or">
            <governor idx="11">cable</governor>
            <dependent idx="18">Europe</dependent>
          </dep>
          <dep type="nummod">
            <governor idx="18">Europe</governor>
            <dependent idx="19">4</dependent>
          </dep>
          <dep type="punct">
            <governor idx="8">known</governor>
            <dependent idx="20">.</dependent>
          </dep>
        </dependencies>
        <dependencies type="collapsed-ccprocessed-dependencies">
          <dep type="root">
            <governor idx="0">ROOT</governor>
            <dependent idx="8">known</dependent>
          </dep>
          <dep type="det">
            <governor idx="3">system</governor>
            <dependent idx="1">The</dependent>
          </dep>
          <dep type="compound">
            <governor idx="3">system</governor>
            <dependent idx="2">cable</dependent>
          </dep>
          <dep type="nsubjpass">
            <governor idx="8">known</governor>
            <dependent idx="3">system</dependent>
          </dep>
          <dep type="nsubjpass">
            <governor idx="6">cut</governor>
            <dependent idx="4">that</dependent>
          </dep>
          <dep type="auxpass">
            <governor idx="6">cut</governor>
            <dependent idx="5">was</dependent>
          </dep>
          <dep type="acl:relcl">
            <governor idx="3">system</governor>
            <dependent idx="6">cut</dependent>
          </dep>
          <dep type="auxpass">
            <governor idx="8">known</governor>
            <dependent idx="7">is</dependent>
          </dep>
          <dep type="case">
            <governor idx="11">cable</governor>
            <dependent idx="9">as</dependent>
          </dep>
          <dep type="compound">
            <governor idx="11">cable</governor>
            <dependent idx="10">SMW4</dependent>
          </dep>
          <dep type="nmod:as">
            <governor idx="8">known</governor>
            <dependent idx="11">cable</dependent>
          </dep>
          <dep type="cc">
            <governor idx="11">cable</governor>
            <dependent idx="12">or</dependent>
          </dep>
          <dep type="compound">
            <governor idx="18">Europe</governor>
            <dependent idx="13">South</dependent>
          </dep>
          <dep type="compound">
            <governor idx="18">Europe</governor>
            <dependent idx="14">East</dependent>
          </dep>
          <dep type="compound">
            <governor idx="18">Europe</governor>
            <dependent idx="15">Asia-</dependent>
          </dep>
          <dep type="compound">
            <governor idx="18">Europe</governor>
            <dependent idx="16">Middle</dependent>
          </dep>
          <dep type="compound">
            <governor idx="18">Europe</governor>
            <dependent idx="17">East-Western</dependent>
          </dep>
          <dep type="nmod:as" extra="true">
            <governor idx="8">known</governor>
            <dependent idx="18">Europe</dependent>
          </dep>
          <dep type="conj:or">
            <governor idx="11">cable</governor>
            <dependent idx="18">Europe</dependent>
          </dep>
          <dep type="nummod">
            <governor idx="18">Europe</governor>
            <dependent idx="19">4</dependent>
          </dep>
          <dep type="punct">
            <governor idx="8">known</governor>
            <dependent idx="20">.</dependent>
          </dep>
        </dependencies>
      </sentence>
    </sentences>
  </document>
</root>
