<?xml version="1.0" encoding="UTF-8"?>
<?xml-stylesheet href="CoreNLP-to-HTML.xsl" type="text/xsl"?>
<root>
  <document>
    <sentences>
      <sentence id="1" line="1">
        <tokens>
          <token id="1">
            <word>Undersea</word>
            <lemma>undersea</lemma>
            <CharacterOffsetBegin>0</CharacterOffsetBegin>
            <CharacterOffsetEnd>8</CharacterOffsetEnd>
            <POS>JJ</POS>
            <NER>O</NER>
          </token>
          <token id="2">
            <word>internet</word>
            <lemma>internet</lemma>
            <CharacterOffsetBegin>9</CharacterOffsetBegin>
            <CharacterOffsetEnd>17</CharacterOffsetEnd>
            <POS>NN</POS>
            <NER>O</NER>
          </token>
          <token id="3">
            <word>cables</word>
            <lemma>cable</lemma>
            <CharacterOffsetBegin>18</CharacterOffsetBegin>
            <CharacterOffsetEnd>24</CharacterOffsetEnd>
            <POS>NNS</POS>
            <NER>O</NER>
          </token>
          <token id="4">
            <word>severed</word>
            <lemma>sever</lemma>
            <CharacterOffsetBegin>25</CharacterOffsetBegin>
            <CharacterOffsetEnd>32</CharacterOffsetEnd>
            <POS>VBN</POS>
            <NER>O</NER>
          </token>
          <token id="5">
            <word>near</word>
            <lemma>near</lemma>
            <CharacterOffsetBegin>33</CharacterOffsetBegin>
            <CharacterOffsetEnd>37</CharacterOffsetEnd>
            <POS>IN</POS>
            <NER>O</NER>
          </token>
          <token id="6">
            <word>Egyptian</word>
            <lemma>egyptian</lemma>
            <CharacterOffsetBegin>38</CharacterOffsetBegin>
            <CharacterOffsetEnd>46</CharacterOffsetEnd>
            <POS>JJ</POS>
            <NER>MISC</NER>
          </token>
          <token id="7">
            <word>coast</word>
            <lemma>coast</lemma>
            <CharacterOffsetBegin>47</CharacterOffsetBegin>
            <CharacterOffsetEnd>52</CharacterOffsetEnd>
            <POS>NN</POS>
            <NER>O</NER>
          </token>
          <token id="8">
            <word>line</word>
            <lemma>line</lemma>
            <CharacterOffsetBegin>53</CharacterOffsetBegin>
            <CharacterOffsetEnd>57</CharacterOffsetEnd>
            <POS>NN</POS>
            <NER>O</NER>
          </token>
        </tokens>
        <parse>(ROOT (S (NP (JJ Undersea) (NN internet) (NNS cables)) (VP (VBN severed) (PP (IN near) (NP (JJ Egyptian) (NN coast) (NN line)))))) </parse>
        <dependencies type="basic-dependencies">
          <dep type="root">
            <governor idx="0">ROOT</governor>
            <dependent idx="3">cables</dependent>
          </dep>
          <dep type="amod">
            <governor idx="3">cables</governor>
            <dependent idx="1">Undersea</dependent>
          </dep>
          <dep type="compound">
            <governor idx="3">cables</governor>
            <dependent idx="2">internet</dependent>
          </dep>
          <dep type="acl">
            <governor idx="3">cables</governor>
            <dependent idx="4">severed</dependent>
          </dep>
          <dep type="case">
            <governor idx="8">line</governor>
            <dependent idx="5">near</dependent>
          </dep>
          <dep type="amod">
            <governor idx="8">line</governor>
            <dependent idx="6">Egyptian</dependent>
          </dep>
          <dep type="compound">
            <governor idx="8">line</governor>
            <dependent idx="7">coast</dependent>
          </dep>
          <dep type="nmod">
            <governor idx="4">severed</governor>
            <dependent idx="8">line</dependent>
          </dep>
        </dependencies>
        <dependencies type="collapsed-dependencies">
          <dep type="root">
            <governor idx="0">ROOT</governor>
            <dependent idx="3">cables</dependent>
          </dep>
          <dep type="amod">
            <governor idx="3">cables</governor>
            <dependent idx="1">Undersea</dependent>
          </dep>
          <dep type="compound">
            <governor idx="3">cables</governor>
            <dependent idx="2">internet</dependent>
          </dep>
          <dep type="acl">
            <governor idx="3">cables</governor>
            <dependent idx="4">severed</dependent>
          </dep>
          <dep type="case">
            <governor idx="8">line</governor>
            <dependent idx="5">near</dependent>
          </dep>
          <dep type="amod">
            <governor idx="8">line</governor>
            <dependent idx="6">Egyptian</dependent>
          </dep>
          <dep type="compound">
            <governor idx="8">line</governor>
            <dependent idx="7">coast</dependent>
          </dep>
          <dep type="nmod:near">
            <governor idx="4">severed</governor>
            <dependent idx="8">line</dependent>
          </dep>
        </dependencies>
        <dependencies type="collapsed-ccprocessed-dependencies">
          <dep type="root">
            <governor idx="0">ROOT</governor>
            <dependent idx="3">cables</dependent>
          </dep>
          <dep type="amod">
            <governor idx="3">cables</governor>
            <dependent idx="1">Undersea</dependent>
          </dep>
          <dep type="compound">
            <governor idx="3">cables</governor>
            <dependent idx="2">internet</dependent>
          </dep>
          <dep type="acl">
            <governor idx="3">cables</governor>
            <dependent idx="4">severed</dependent>
          </dep>
          <dep type="case">
            <governor idx="8">line</governor>
            <dependent idx="5">near</dependent>
          </dep>
          <dep type="amod">
            <governor idx="8">line</governor>
            <dependent idx="6">Egyptian</dependent>
          </dep>
          <dep type="compound">
            <governor idx="8">line</governor>
            <dependent idx="7">coast</dependent>
          </dep>
          <dep type="nmod:near">
            <governor idx="4">severed</governor>
            <dependent idx="8">line</dependent>
          </dep>
        </dependencies>
      </sentence>
      <sentence id="2" line="2">
        <tokens>
          <token id="1">
            <word>It</word>
            <lemma>it</lemma>
            <CharacterOffsetBegin>58</CharacterOffsetBegin>
            <CharacterOffsetEnd>60</CharacterOffsetEnd>
            <POS>PRP</POS>
            <NER>O</NER>
          </token>
          <token id="2">
            <word>seems</word>
            <lemma>seem</lemma>
            <CharacterOffsetBegin>61</CharacterOffsetBegin>
            <CharacterOffsetEnd>66</CharacterOffsetEnd>
            <POS>VBZ</POS>
            <NER>O</NER>
          </token>
          <token id="3">
            <word>that</word>
            <lemma>that</lemma>
            <CharacterOffsetBegin>67</CharacterOffsetBegin>
            <CharacterOffsetEnd>71</CharacterOffsetEnd>
            <POS>IN</POS>
            <NER>O</NER>
          </token>
          <token id="4">
            <word>another</word>
            <lemma>another</lemma>
            <CharacterOffsetBegin>72</CharacterOffsetBegin>
            <CharacterOffsetEnd>79</CharacterOffsetEnd>
            <POS>DT</POS>
            <NER>O</NER>
          </token>
          <token id="5">
            <word>incident</word>
            <lemma>incident</lemma>
            <CharacterOffsetBegin>80</CharacterOffsetBegin>
            <CharacterOffsetEnd>88</CharacterOffsetEnd>
            <POS>NN</POS>
            <NER>O</NER>
          </token>
          <token id="6">
            <word>of</word>
            <lemma>of</lemma>
            <CharacterOffsetBegin>89</CharacterOffsetBegin>
            <CharacterOffsetEnd>91</CharacterOffsetEnd>
            <POS>IN</POS>
            <NER>O</NER>
          </token>
          <token id="7">
            <word>an</word>
            <lemma>a</lemma>
            <CharacterOffsetBegin>92</CharacterOffsetBegin>
            <CharacterOffsetEnd>94</CharacterOffsetEnd>
            <POS>DT</POS>
            <NER>O</NER>
          </token>
          <token id="8">
            <word>undersea</word>
            <lemma>undersea</lemma>
            <CharacterOffsetBegin>95</CharacterOffsetBegin>
            <CharacterOffsetEnd>103</CharacterOffsetEnd>
            <POS>NN</POS>
            <NER>O</NER>
          </token>
          <token id="9">
            <word>telecommunications</word>
            <lemma>telecommunications</lemma>
            <CharacterOffsetBegin>104</CharacterOffsetBegin>
            <CharacterOffsetEnd>122</CharacterOffsetEnd>
            <POS>NN</POS>
            <NER>O</NER>
          </token>
          <token id="10">
            <word>cable</word>
            <lemma>cable</lemma>
            <CharacterOffsetBegin>123</CharacterOffsetBegin>
            <CharacterOffsetEnd>128</CharacterOffsetEnd>
            <POS>NN</POS>
            <NER>O</NER>
          </token>
          <token id="11">
            <word>being</word>
            <lemma>be</lemma>
            <CharacterOffsetBegin>129</CharacterOffsetBegin>
            <CharacterOffsetEnd>134</CharacterOffsetEnd>
            <POS>VBG</POS>
            <NER>O</NER>
          </token>
          <token id="12">
            <word>severed</word>
            <lemma>sever</lemma>
            <CharacterOffsetBegin>135</CharacterOffsetBegin>
            <CharacterOffsetEnd>142</CharacterOffsetEnd>
            <POS>VBN</POS>
            <NER>O</NER>
          </token>
          <token id="13">
            <word>on</word>
            <lemma>on</lemma>
            <CharacterOffsetBegin>143</CharacterOffsetBegin>
            <CharacterOffsetEnd>145</CharacterOffsetEnd>
            <POS>IN</POS>
            <NER>O</NER>
          </token>
          <token id="14">
            <word>Tuesday</word>
            <lemma>Tuesday</lemma>
            <CharacterOffsetBegin>146</CharacterOffsetBegin>
            <CharacterOffsetEnd>153</CharacterOffsetEnd>
            <POS>NNP</POS>
            <NER>DATE</NER>
            <NormalizedNER>XXXX-WXX-2</NormalizedNER>
            <Timex tid="t1" type="DATE">XXXX-WXX-2</Timex>
          </token>
          <token id="15">
            <word>has</word>
            <lemma>have</lemma>
            <CharacterOffsetBegin>154</CharacterOffsetBegin>
            <CharacterOffsetEnd>157</CharacterOffsetEnd>
            <POS>VBZ</POS>
            <NER>O</NER>
          </token>
          <token id="16">
            <word>resulted</word>
            <lemma>result</lemma>
            <CharacterOffsetBegin>158</CharacterOffsetBegin>
            <CharacterOffsetEnd>166</CharacterOffsetEnd>
            <POS>VBN</POS>
            <NER>O</NER>
          </token>
          <token id="17">
            <word>in</word>
            <lemma>in</lemma>
            <CharacterOffsetBegin>167</CharacterOffsetBegin>
            <CharacterOffsetEnd>169</CharacterOffsetEnd>
            <POS>IN</POS>
            <NER>O</NER>
          </token>
          <token id="18">
            <word>partially</word>
            <lemma>partially</lemma>
            <CharacterOffsetBegin>170</CharacterOffsetBegin>
            <CharacterOffsetEnd>179</CharacterOffsetEnd>
            <POS>RB</POS>
            <NER>O</NER>
          </token>
          <token id="19">
            <word>blocking</word>
            <lemma>block</lemma>
            <CharacterOffsetBegin>180</CharacterOffsetBegin>
            <CharacterOffsetEnd>188</CharacterOffsetEnd>
            <POS>VBG</POS>
            <NER>O</NER>
          </token>
          <token id="20">
            <word>internet</word>
            <lemma>internet</lemma>
            <CharacterOffsetBegin>189</CharacterOffsetBegin>
            <CharacterOffsetEnd>197</CharacterOffsetEnd>
            <POS>NN</POS>
            <NER>O</NER>
          </token>
          <token id="21">
            <word>and</word>
            <lemma>and</lemma>
            <CharacterOffsetBegin>198</CharacterOffsetBegin>
            <CharacterOffsetEnd>201</CharacterOffsetEnd>
            <POS>CC</POS>
            <NER>O</NER>
          </token>
          <token id="22">
            <word>mobile</word>
            <lemma>mobile</lemma>
            <CharacterOffsetBegin>202</CharacterOffsetBegin>
            <CharacterOffsetEnd>208</CharacterOffsetEnd>
            <POS>JJ</POS>
            <NER>O</NER>
          </token>
          <token id="23">
            <word>services</word>
            <lemma>service</lemma>
            <CharacterOffsetBegin>209</CharacterOffsetBegin>
            <CharacterOffsetEnd>217</CharacterOffsetEnd>
            <POS>NNS</POS>
            <NER>O</NER>
          </token>
          <token id="24">
            <word>in</word>
            <lemma>in</lemma>
            <CharacterOffsetBegin>218</CharacterOffsetBegin>
            <CharacterOffsetEnd>220</CharacterOffsetEnd>
            <POS>IN</POS>
            <NER>O</NER>
          </token>
          <token id="25">
            <word>Alexandria</word>
            <lemma>Alexandria</lemma>
            <CharacterOffsetBegin>221</CharacterOffsetBegin>
            <CharacterOffsetEnd>231</CharacterOffsetEnd>
            <POS>NNP</POS>
            <NER>LOCATION</NER>
          </token>
          <token id="26">
            <word>and</word>
            <lemma>and</lemma>
            <CharacterOffsetBegin>232</CharacterOffsetBegin>
            <CharacterOffsetEnd>235</CharacterOffsetEnd>
            <POS>CC</POS>
            <NER>O</NER>
          </token>
          <token id="27">
            <word>some</word>
            <lemma>some</lemma>
            <CharacterOffsetBegin>236</CharacterOffsetBegin>
            <CharacterOffsetEnd>240</CharacterOffsetEnd>
            <POS>DT</POS>
            <NER>O</NER>
          </token>
          <token id="28">
            <word>other</word>
            <lemma>other</lemma>
            <CharacterOffsetBegin>241</CharacterOffsetBegin>
            <CharacterOffsetEnd>246</CharacterOffsetEnd>
            <POS>JJ</POS>
            <NER>O</NER>
          </token>
          <token id="29">
            <word>governorates</word>
            <lemma>governorate</lemma>
            <CharacterOffsetBegin>247</CharacterOffsetBegin>
            <CharacterOffsetEnd>259</CharacterOffsetEnd>
            <POS>NNS</POS>
            <NER>O</NER>
          </token>
          <token id="30">
            <word>.</word>
            <lemma>.</lemma>
            <CharacterOffsetBegin>260</CharacterOffsetBegin>
            <CharacterOffsetEnd>261</CharacterOffsetEnd>
            <POS>.</POS>
            <NER>O</NER>
          </token>
        </tokens>
        <parse>(ROOT (S (NP (PRP It)) (VP (VBZ seems) (SBAR (IN that) (S (NP (NP (DT another) (NN incident)) (PP (IN of) (NP (NP (DT an) (NN undersea) (NN telecommunications) (NN cable)) (VP (VBG being) (VP (VBN severed) (PP (IN on) (NP (NNP Tuesday)))))))) (VP (VBZ has) (VP (VBN resulted) (PP (IN in) (S (ADVP (RB partially)) (VP (VBG blocking) (NP (NN internet) (CC and) (JJ mobile) (NNS services)) (PP (IN in) (NP (NP (NNP Alexandria)) (CC and) (NP (DT some) (JJ other) (NNS governorates)))))))))))) (. .))) </parse>
        <dependencies type="basic-dependencies">
          <dep type="root">
            <governor idx="0">ROOT</governor>
            <dependent idx="2">seems</dependent>
          </dep>
          <dep type="nsubj">
            <governor idx="2">seems</governor>
            <dependent idx="1">It</dependent>
          </dep>
          <dep type="mark">
            <governor idx="16">resulted</governor>
            <dependent idx="3">that</dependent>
          </dep>
          <dep type="det">
            <governor idx="5">incident</governor>
            <dependent idx="4">another</dependent>
          </dep>
          <dep type="nsubj">
            <governor idx="16">resulted</governor>
            <dependent idx="5">incident</dependent>
          </dep>
          <dep type="case">
            <governor idx="10">cable</governor>
            <dependent idx="6">of</dependent>
          </dep>
          <dep type="det">
            <governor idx="10">cable</governor>
            <dependent idx="7">an</dependent>
          </dep>
          <dep type="compound">
            <governor idx="10">cable</governor>
            <dependent idx="8">undersea</dependent>
          </dep>
          <dep type="compound">
            <governor idx="10">cable</governor>
            <dependent idx="9">telecommunications</dependent>
          </dep>
          <dep type="nmod">
            <governor idx="5">incident</governor>
            <dependent idx="10">cable</dependent>
          </dep>
          <dep type="auxpass">
            <governor idx="12">severed</governor>
            <dependent idx="11">being</dependent>
          </dep>
          <dep type="acl">
            <governor idx="5">incident</governor>
            <dependent idx="12">severed</dependent>
          </dep>
          <dep type="case">
            <governor idx="14">Tuesday</governor>
            <dependent idx="13">on</dependent>
          </dep>
          <dep type="nmod">
            <governor idx="12">severed</governor>
            <dependent idx="14">Tuesday</dependent>
          </dep>
          <dep type="aux">
            <governor idx="16">resulted</governor>
            <dependent idx="15">has</dependent>
          </dep>
          <dep type="ccomp">
            <governor idx="2">seems</governor>
            <dependent idx="16">resulted</dependent>
          </dep>
          <dep type="mark">
            <governor idx="19">blocking</governor>
            <dependent idx="17">in</dependent>
          </dep>
          <dep type="advmod">
            <governor idx="19">blocking</governor>
            <dependent idx="18">partially</dependent>
          </dep>
          <dep type="advcl">
            <governor idx="16">resulted</governor>
            <dependent idx="19">blocking</dependent>
          </dep>
          <dep type="compound">
            <governor idx="23">services</governor>
            <dependent idx="20">internet</dependent>
          </dep>
          <dep type="cc">
            <governor idx="20">internet</governor>
            <dependent idx="21">and</dependent>
          </dep>
          <dep type="conj">
            <governor idx="20">internet</governor>
            <dependent idx="22">mobile</dependent>
          </dep>
          <dep type="dobj">
            <governor idx="19">blocking</governor>
            <dependent idx="23">services</dependent>
          </dep>
          <dep type="case">
            <governor idx="25">Alexandria</governor>
            <dependent idx="24">in</dependent>
          </dep>
          <dep type="nmod">
            <governor idx="19">blocking</governor>
            <dependent idx="25">Alexandria</dependent>
          </dep>
          <dep type="cc">
            <governor idx="19">blocking</governor>
            <dependent idx="26">and</dependent>
          </dep>
          <dep type="det">
            <governor idx="29">governorates</governor>
            <dependent idx="27">some</dependent>
          </dep>
          <dep type="amod">
            <governor idx="29">governorates</governor>
            <dependent idx="28">other</dependent>
          </dep>
          <dep type="conj">
            <governor idx="19">blocking</governor>
            <dependent idx="29">governorates</dependent>
          </dep>
          <dep type="punct">
            <governor idx="2">seems</governor>
            <dependent idx="30">.</dependent>
          </dep>
        </dependencies>
        <dependencies type="collapsed-dependencies">
          <dep type="root">
            <governor idx="0">ROOT</governor>
            <dependent idx="2">seems</dependent>
          </dep>
          <dep type="nsubj">
            <governor idx="2">seems</governor>
            <dependent idx="1">It</dependent>
          </dep>
          <dep type="mark">
            <governor idx="16">resulted</governor>
            <dependent idx="3">that</dependent>
          </dep>
          <dep type="det">
            <governor idx="5">incident</governor>
            <dependent idx="4">another</dependent>
          </dep>
          <dep type="nsubj">
            <governor idx="16">resulted</governor>
            <dependent idx="5">incident</dependent>
          </dep>
          <dep type="case">
            <governor idx="10">cable</governor>
            <dependent idx="6">of</dependent>
          </dep>
          <dep type="det">
            <governor idx="10">cable</governor>
            <dependent idx="7">an</dependent>
          </dep>
          <dep type="compound">
            <governor idx="10">cable</governor>
            <dependent idx="8">undersea</dependent>
          </dep>
          <dep type="compound">
            <governor idx="10">cable</governor>
            <dependent idx="9">telecommunications</dependent>
          </dep>
          <dep type="nmod:of">
            <governor idx="5">incident</governor>
            <dependent idx="10">cable</dependent>
          </dep>
          <dep type="auxpass">
            <governor idx="12">severed</governor>
            <dependent idx="11">being</dependent>
          </dep>
          <dep type="acl">
            <governor idx="5">incident</governor>
            <dependent idx="12">severed</dependent>
          </dep>
          <dep type="case">
            <governor idx="14">Tuesday</governor>
            <dependent idx="13">on</dependent>
          </dep>
          <dep type="nmod:on">
            <governor idx="12">severed</governor>
            <dependent idx="14">Tuesday</dependent>
          </dep>
          <dep type="aux">
            <governor idx="16">resulted</governor>
            <dependent idx="15">has</dependent>
          </dep>
          <dep type="ccomp">
            <governor idx="2">seems</governor>
            <dependent idx="16">resulted</dependent>
          </dep>
          <dep type="mark">
            <governor idx="19">blocking</governor>
            <dependent idx="17">in</dependent>
          </dep>
          <dep type="advmod">
            <governor idx="19">blocking</governor>
            <dependent idx="18">partially</dependent>
          </dep>
          <dep type="advcl">
            <governor idx="16">resulted</governor>
            <dependent idx="19">blocking</dependent>
          </dep>
          <dep type="compound">
            <governor idx="23">services</governor>
            <dependent idx="20">internet</dependent>
          </dep>
          <dep type="cc">
            <governor idx="20">internet</governor>
            <dependent idx="21">and</dependent>
          </dep>
          <dep type="conj:and">
            <governor idx="20">internet</governor>
            <dependent idx="22">mobile</dependent>
          </dep>
          <dep type="dobj">
            <governor idx="19">blocking</governor>
            <dependent idx="23">services</dependent>
          </dep>
          <dep type="case">
            <governor idx="25">Alexandria</governor>
            <dependent idx="24">in</dependent>
          </dep>
          <dep type="nmod:in">
            <governor idx="19">blocking</governor>
            <dependent idx="25">Alexandria</dependent>
          </dep>
          <dep type="cc">
            <governor idx="19">blocking</governor>
            <dependent idx="26">and</dependent>
          </dep>
          <dep type="det">
            <governor idx="29">governorates</governor>
            <dependent idx="27">some</dependent>
          </dep>
          <dep type="amod">
            <governor idx="29">governorates</governor>
            <dependent idx="28">other</dependent>
          </dep>
          <dep type="conj:and">
            <governor idx="19">blocking</governor>
            <dependent idx="29">governorates</dependent>
          </dep>
          <dep type="punct">
            <governor idx="2">seems</governor>
            <dependent idx="30">.</dependent>
          </dep>
        </dependencies>
        <dependencies type="collapsed-ccprocessed-dependencies">
          <dep type="root">
            <governor idx="0">ROOT</governor>
            <dependent idx="2">seems</dependent>
          </dep>
          <dep type="nsubj">
            <governor idx="2">seems</governor>
            <dependent idx="1">It</dependent>
          </dep>
          <dep type="mark">
            <governor idx="16">resulted</governor>
            <dependent idx="3">that</dependent>
          </dep>
          <dep type="det">
            <governor idx="5">incident</governor>
            <dependent idx="4">another</dependent>
          </dep>
          <dep type="nsubj">
            <governor idx="16">resulted</governor>
            <dependent idx="5">incident</dependent>
          </dep>
          <dep type="case">
            <governor idx="10">cable</governor>
            <dependent idx="6">of</dependent>
          </dep>
          <dep type="det">
            <governor idx="10">cable</governor>
            <dependent idx="7">an</dependent>
          </dep>
          <dep type="compound">
            <governor idx="10">cable</governor>
            <dependent idx="8">undersea</dependent>
          </dep>
          <dep type="compound">
            <governor idx="10">cable</governor>
            <dependent idx="9">telecommunications</dependent>
          </dep>
          <dep type="nmod:of">
            <governor idx="5">incident</governor>
            <dependent idx="10">cable</dependent>
          </dep>
          <dep type="auxpass">
            <governor idx="12">severed</governor>
            <dependent idx="11">being</dependent>
          </dep>
          <dep type="acl">
            <governor idx="5">incident</governor>
            <dependent idx="12">severed</dependent>
          </dep>
          <dep type="case">
            <governor idx="14">Tuesday</governor>
            <dependent idx="13">on</dependent>
          </dep>
          <dep type="nmod:on">
            <governor idx="12">severed</governor>
            <dependent idx="14">Tuesday</dependent>
          </dep>
          <dep type="aux">
            <governor idx="16">resulted</governor>
            <dependent idx="15">has</dependent>
          </dep>
          <dep type="ccomp">
            <governor idx="2">seems</governor>
            <dependent idx="16">resulted</dependent>
          </dep>
          <dep type="mark">
            <governor idx="19">blocking</governor>
            <dependent idx="17">in</dependent>
          </dep>
          <dep type="advmod">
            <governor idx="19">blocking</governor>
            <dependent idx="18">partially</dependent>
          </dep>
          <dep type="advcl">
            <governor idx="16">resulted</governor>
            <dependent idx="19">blocking</dependent>
          </dep>
          <dep type="compound">
            <governor idx="23">services</governor>
            <dependent idx="20">internet</dependent>
          </dep>
          <dep type="cc">
            <governor idx="20">internet</governor>
            <dependent idx="21">and</dependent>
          </dep>
          <dep type="conj:and">
            <governor idx="20">internet</governor>
            <dependent idx="22">mobile</dependent>
          </dep>
          <dep type="compound" extra="true">
            <governor idx="23">services</governor>
            <dependent idx="22">mobile</dependent>
          </dep>
          <dep type="dobj">
            <governor idx="19">blocking</governor>
            <dependent idx="23">services</dependent>
          </dep>
          <dep type="case">
            <governor idx="25">Alexandria</governor>
            <dependent idx="24">in</dependent>
          </dep>
          <dep type="nmod:in">
            <governor idx="19">blocking</governor>
            <dependent idx="25">Alexandria</dependent>
          </dep>
          <dep type="cc">
            <governor idx="19">blocking</governor>
            <dependent idx="26">and</dependent>
          </dep>
          <dep type="det">
            <governor idx="29">governorates</governor>
            <dependent idx="27">some</dependent>
          </dep>
          <dep type="amod">
            <governor idx="29">governorates</governor>
            <dependent idx="28">other</dependent>
          </dep>
          <dep type="advcl" extra="true">
            <governor idx="16">resulted</governor>
            <dependent idx="29">governorates</dependent>
          </dep>
          <dep type="conj:and">
            <governor idx="19">blocking</governor>
            <dependent idx="29">governorates</dependent>
          </dep>
          <dep type="punct">
            <governor idx="2">seems</governor>
            <dependent idx="30">.</dependent>
          </dep>
        </dependencies>
      </sentence>
    </sentences>
  </document>
</root>
