<?xml version="1.0" encoding="UTF-8"?>
<?xml-stylesheet href="CoreNLP-to-HTML.xsl" type="text/xsl"?>
<root>
  <document>
    <sentences>
      <sentence id="1" line="1">
        <tokens>
          <token id="1">
            <word>Creighton</word>
            <lemma>Creighton</lemma>
            <CharacterOffsetBegin>0</CharacterOffsetBegin>
            <CharacterOffsetEnd>9</CharacterOffsetEnd>
            <POS>NNP</POS>
            <NER>PERSON</NER>
          </token>
          <token id="2">
            <word>defeats</word>
            <lemma>defeat</lemma>
            <CharacterOffsetBegin>10</CharacterOffsetBegin>
            <CharacterOffsetEnd>17</CharacterOffsetEnd>
            <POS>VBZ</POS>
            <NER>O</NER>
          </token>
          <token id="3">
            <word>Drake</word>
            <lemma>Drake</lemma>
            <CharacterOffsetBegin>18</CharacterOffsetBegin>
            <CharacterOffsetEnd>23</CharacterOffsetEnd>
            <POS>NNP</POS>
            <NER>PERSON</NER>
          </token>
          <token id="4">
            <word>65</word>
            <lemma>65</lemma>
            <CharacterOffsetBegin>24</CharacterOffsetBegin>
            <CharacterOffsetEnd>26</CharacterOffsetEnd>
            <POS>CD</POS>
            <NER>NUMBER</NER>
            <NormalizedNER>65.0</NormalizedNER>
          </token>
          <token id="5">
            <word>-</word>
            <lemma>-</lemma>
            <CharacterOffsetBegin>27</CharacterOffsetBegin>
            <CharacterOffsetEnd>28</CharacterOffsetEnd>
            <POS>:</POS>
            <NER>O</NER>
          </token>
          <token id="6">
            <word>53</word>
            <lemma>53</lemma>
            <CharacterOffsetBegin>29</CharacterOffsetBegin>
            <CharacterOffsetEnd>31</CharacterOffsetEnd>
            <POS>CD</POS>
            <NER>DATE</NER>
            <NormalizedNER>53 </NormalizedNER>
          </token>
          <token id="7">
            <word>in</word>
            <lemma>in</lemma>
            <CharacterOffsetBegin>32</CharacterOffsetBegin>
            <CharacterOffsetEnd>34</CharacterOffsetEnd>
            <POS>IN</POS>
            <NER>O</NER>
          </token>
          <token id="8">
            <word>MVC</word>
            <lemma>MVC</lemma>
            <CharacterOffsetBegin>35</CharacterOffsetBegin>
            <CharacterOffsetEnd>38</CharacterOffsetEnd>
            <POS>NNP</POS>
            <NER>O</NER>
          </token>
          <token id="9">
            <word>tournament</word>
            <lemma>tournament</lemma>
            <CharacterOffsetBegin>39</CharacterOffsetBegin>
            <CharacterOffsetEnd>49</CharacterOffsetEnd>
            <POS>NN</POS>
            <NER>O</NER>
          </token>
        </tokens>
        <parse>(ROOT (NP (NP-TMP (NP (NNP Creighton)) (VP (VBZ defeats) (NP (NNP Drake) (CD 65)))) (: -) (NP (NP (CD 53)) (PP (IN in) (NP (NNP MVC) (NN tournament)))))) </parse>
        <dependencies type="basic-dependencies">
          <dep type="root">
            <governor idx="0">ROOT</governor>
            <dependent idx="2">defeats</dependent>
          </dep>
          <dep type="nsubj">
            <governor idx="2">defeats</governor>
            <dependent idx="1">Creighton</dependent>
          </dep>
          <dep type="dobj">
            <governor idx="2">defeats</governor>
            <dependent idx="3">Drake</dependent>
          </dep>
          <dep type="nummod">
            <governor idx="3">Drake</governor>
            <dependent idx="4">65</dependent>
          </dep>
          <dep type="punct">
            <governor idx="3">Drake</governor>
            <dependent idx="5">-</dependent>
          </dep>
          <dep type="nummod">
            <governor idx="3">Drake</governor>
            <dependent idx="6">53</dependent>
          </dep>
          <dep type="case">
            <governor idx="9">tournament</governor>
            <dependent idx="7">in</dependent>
          </dep>
          <dep type="compound">
            <governor idx="9">tournament</governor>
            <dependent idx="8">MVC</dependent>
          </dep>
          <dep type="nmod">
            <governor idx="6">53</governor>
            <dependent idx="9">tournament</dependent>
          </dep>
        </dependencies>
        <dependencies type="collapsed-dependencies">
          <dep type="root">
            <governor idx="0">ROOT</governor>
            <dependent idx="2">defeats</dependent>
          </dep>
          <dep type="nsubj">
            <governor idx="2">defeats</governor>
            <dependent idx="1">Creighton</dependent>
          </dep>
          <dep type="dobj">
            <governor idx="2">defeats</governor>
            <dependent idx="3">Drake</dependent>
          </dep>
          <dep type="nummod">
            <governor idx="3">Drake</governor>
            <dependent idx="4">65</dependent>
          </dep>
          <dep type="punct">
            <governor idx="3">Drake</governor>
            <dependent idx="5">-</dependent>
          </dep>
          <dep type="nummod">
            <governor idx="3">Drake</governor>
            <dependent idx="6">53</dependent>
          </dep>
          <dep type="case">
            <governor idx="9">tournament</governor>
            <dependent idx="7">in</dependent>
          </dep>
          <dep type="compound">
            <governor idx="9">tournament</governor>
            <dependent idx="8">MVC</dependent>
          </dep>
          <dep type="nmod:in">
            <governor idx="6">53</governor>
            <dependent idx="9">tournament</dependent>
          </dep>
        </dependencies>
        <dependencies type="collapsed-ccprocessed-dependencies">
          <dep type="root">
            <governor idx="0">ROOT</governor>
            <dependent idx="2">defeats</dependent>
          </dep>
          <dep type="nsubj">
            <governor idx="2">defeats</governor>
            <dependent idx="1">Creighton</dependent>
          </dep>
          <dep type="dobj">
            <governor idx="2">defeats</governor>
            <dependent idx="3">Drake</dependent>
          </dep>
          <dep type="nummod">
            <governor idx="3">Drake</governor>
            <dependent idx="4">65</dependent>
          </dep>
          <dep type="punct">
            <governor idx="3">Drake</governor>
            <dependent idx="5">-</dependent>
          </dep>
          <dep type="nummod">
            <governor idx="3">Drake</governor>
            <dependent idx="6">53</dependent>
          </dep>
          <dep type="case">
            <governor idx="9">tournament</governor>
            <dependent idx="7">in</dependent>
          </dep>
          <dep type="compound">
            <governor idx="9">tournament</governor>
            <dependent idx="8">MVC</dependent>
          </dep>
          <dep type="nmod:in">
            <governor idx="6">53</governor>
            <dependent idx="9">tournament</dependent>
          </dep>
        </dependencies>
      </sentence>
      <sentence id="2" line="2">
        <tokens>
          <token id="1">
            <word>Doug</word>
            <lemma>Doug</lemma>
            <CharacterOffsetBegin>50</CharacterOffsetBegin>
            <CharacterOffsetEnd>54</CharacterOffsetEnd>
            <POS>NNP</POS>
            <NER>PERSON</NER>
          </token>
          <token id="2">
            <word>McDermott</word>
            <lemma>McDermott</lemma>
            <CharacterOffsetBegin>55</CharacterOffsetBegin>
            <CharacterOffsetEnd>64</CharacterOffsetEnd>
            <POS>NNP</POS>
            <NER>PERSON</NER>
          </token>
          <token id="3">
            <word>scored</word>
            <lemma>score</lemma>
            <CharacterOffsetBegin>65</CharacterOffsetBegin>
            <CharacterOffsetEnd>71</CharacterOffsetEnd>
            <POS>VBD</POS>
            <NER>O</NER>
          </token>
          <token id="4">
            <word>23</word>
            <lemma>23</lemma>
            <CharacterOffsetBegin>72</CharacterOffsetBegin>
            <CharacterOffsetEnd>74</CharacterOffsetEnd>
            <POS>CD</POS>
            <NER>NUMBER</NER>
            <NormalizedNER>23.0</NormalizedNER>
          </token>
          <token id="5">
            <word>points</word>
            <lemma>point</lemma>
            <CharacterOffsetBegin>75</CharacterOffsetBegin>
            <CharacterOffsetEnd>81</CharacterOffsetEnd>
            <POS>NNS</POS>
            <NER>O</NER>
          </token>
          <token id="6">
            <word>to</word>
            <lemma>to</lemma>
            <CharacterOffsetBegin>82</CharacterOffsetBegin>
            <CharacterOffsetEnd>84</CharacterOffsetEnd>
            <POS>TO</POS>
            <NER>O</NER>
          </token>
          <token id="7">
            <word>become</word>
            <lemma>become</lemma>
            <CharacterOffsetBegin>85</CharacterOffsetBegin>
            <CharacterOffsetEnd>91</CharacterOffsetEnd>
            <POS>VB</POS>
            <NER>O</NER>
          </token>
          <token id="8">
            <word>Creighton's</word>
            <lemma>creighton'</lemma>
            <CharacterOffsetBegin>92</CharacterOffsetBegin>
            <CharacterOffsetEnd>103</CharacterOffsetEnd>
            <POS>NNS</POS>
            <NER>O</NER>
          </token>
          <token id="9">
            <word>all</word>
            <lemma>all</lemma>
            <CharacterOffsetBegin>104</CharacterOffsetBegin>
            <CharacterOffsetEnd>107</CharacterOffsetEnd>
            <POS>DT</POS>
            <NER>O</NER>
          </token>
          <token id="10">
            <word>-</word>
            <lemma>-</lemma>
            <CharacterOffsetBegin>108</CharacterOffsetBegin>
            <CharacterOffsetEnd>109</CharacterOffsetEnd>
            <POS>:</POS>
            <NER>O</NER>
          </token>
          <token id="11">
            <word>time</word>
            <lemma>time</lemma>
            <CharacterOffsetBegin>110</CharacterOffsetBegin>
            <CharacterOffsetEnd>114</CharacterOffsetEnd>
            <POS>NN</POS>
            <NER>O</NER>
          </token>
          <token id="12">
            <word>scoring</word>
            <lemma>score</lemma>
            <CharacterOffsetBegin>115</CharacterOffsetBegin>
            <CharacterOffsetEnd>122</CharacterOffsetEnd>
            <POS>VBG</POS>
            <NER>O</NER>
          </token>
          <token id="13">
            <word>leader</word>
            <lemma>leader</lemma>
            <CharacterOffsetBegin>123</CharacterOffsetBegin>
            <CharacterOffsetEnd>129</CharacterOffsetEnd>
            <POS>NN</POS>
            <NER>O</NER>
          </token>
          <token id="14">
            <word>and</word>
            <lemma>and</lemma>
            <CharacterOffsetBegin>130</CharacterOffsetBegin>
            <CharacterOffsetEnd>133</CharacterOffsetEnd>
            <POS>CC</POS>
            <NER>O</NER>
          </token>
          <token id="15">
            <word>the</word>
            <lemma>the</lemma>
            <CharacterOffsetBegin>134</CharacterOffsetBegin>
            <CharacterOffsetEnd>137</CharacterOffsetEnd>
            <POS>DT</POS>
            <NER>O</NER>
          </token>
          <token id="16">
            <word>top</word>
            <lemma>top</lemma>
            <CharacterOffsetBegin>138</CharacterOffsetBegin>
            <CharacterOffsetEnd>141</CharacterOffsetEnd>
            <POS>NN</POS>
            <NER>O</NER>
          </token>
          <token id="17">
            <word>-</word>
            <lemma>-</lemma>
            <CharacterOffsetBegin>142</CharacterOffsetBegin>
            <CharacterOffsetEnd>143</CharacterOffsetEnd>
            <POS>:</POS>
            <NER>O</NER>
          </token>
          <token id="18">
            <word>seeded</word>
            <lemma>seed</lemma>
            <CharacterOffsetBegin>144</CharacterOffsetBegin>
            <CharacterOffsetEnd>150</CharacterOffsetEnd>
            <POS>VBN</POS>
            <NER>O</NER>
          </token>
          <token id="19">
            <word>Bluejays</word>
            <lemma>Bluejays</lemma>
            <CharacterOffsetBegin>151</CharacterOffsetBegin>
            <CharacterOffsetEnd>159</CharacterOffsetEnd>
            <POS>NNPS</POS>
            <NER>ORGANIZATION</NER>
          </token>
          <token id="20">
            <word>defeated</word>
            <lemma>defeat</lemma>
            <CharacterOffsetBegin>160</CharacterOffsetBegin>
            <CharacterOffsetEnd>168</CharacterOffsetEnd>
            <POS>VBD</POS>
            <NER>O</NER>
          </token>
          <token id="21">
            <word>Drake</word>
            <lemma>Drake</lemma>
            <CharacterOffsetBegin>169</CharacterOffsetBegin>
            <CharacterOffsetEnd>174</CharacterOffsetEnd>
            <POS>NNP</POS>
            <NER>PERSON</NER>
          </token>
          <token id="22">
            <word>65</word>
            <lemma>65</lemma>
            <CharacterOffsetBegin>175</CharacterOffsetBegin>
            <CharacterOffsetEnd>177</CharacterOffsetEnd>
            <POS>CD</POS>
            <NER>NUMBER</NER>
            <NormalizedNER>65.0</NormalizedNER>
          </token>
          <token id="23">
            <word>-</word>
            <lemma>-</lemma>
            <CharacterOffsetBegin>178</CharacterOffsetBegin>
            <CharacterOffsetEnd>179</CharacterOffsetEnd>
            <POS>:</POS>
            <NER>O</NER>
          </token>
          <token id="24">
            <word>53</word>
            <lemma>53</lemma>
            <CharacterOffsetBegin>180</CharacterOffsetBegin>
            <CharacterOffsetEnd>182</CharacterOffsetEnd>
            <POS>CD</POS>
            <NER>DATE</NER>
            <NormalizedNER>53 </NormalizedNER>
          </token>
          <token id="25">
            <word>on</word>
            <lemma>on</lemma>
            <CharacterOffsetBegin>183</CharacterOffsetBegin>
            <CharacterOffsetEnd>185</CharacterOffsetEnd>
            <POS>IN</POS>
            <NER>O</NER>
          </token>
          <token id="26">
            <word>Friday</word>
            <lemma>Friday</lemma>
            <CharacterOffsetBegin>186</CharacterOffsetBegin>
            <CharacterOffsetEnd>192</CharacterOffsetEnd>
            <POS>NNP</POS>
            <NER>DATE</NER>
            <NormalizedNER>XXXX-WXX-5</NormalizedNER>
            <Timex tid="t1" type="DATE">XXXX-WXX-5</Timex>
          </token>
          <token id="27">
            <word>in</word>
            <lemma>in</lemma>
            <CharacterOffsetBegin>193</CharacterOffsetBegin>
            <CharacterOffsetEnd>195</CharacterOffsetEnd>
            <POS>IN</POS>
            <NER>O</NER>
          </token>
          <token id="28">
            <word>the</word>
            <lemma>the</lemma>
            <CharacterOffsetBegin>196</CharacterOffsetBegin>
            <CharacterOffsetEnd>199</CharacterOffsetEnd>
            <POS>DT</POS>
            <NER>O</NER>
          </token>
          <token id="29">
            <word>quarterfinals</word>
            <lemma>quarterfinal</lemma>
            <CharacterOffsetBegin>200</CharacterOffsetBegin>
            <CharacterOffsetEnd>213</CharacterOffsetEnd>
            <POS>NNS</POS>
            <NER>O</NER>
          </token>
          <token id="30">
            <word>of</word>
            <lemma>of</lemma>
            <CharacterOffsetBegin>214</CharacterOffsetBegin>
            <CharacterOffsetEnd>216</CharacterOffsetEnd>
            <POS>IN</POS>
            <NER>O</NER>
          </token>
          <token id="31">
            <word>the</word>
            <lemma>the</lemma>
            <CharacterOffsetBegin>217</CharacterOffsetBegin>
            <CharacterOffsetEnd>220</CharacterOffsetEnd>
            <POS>DT</POS>
            <NER>O</NER>
          </token>
          <token id="32">
            <word>Missouri</word>
            <lemma>Missouri</lemma>
            <CharacterOffsetBegin>221</CharacterOffsetBegin>
            <CharacterOffsetEnd>229</CharacterOffsetEnd>
            <POS>NNP</POS>
            <NER>O</NER>
          </token>
          <token id="33">
            <word>Valley</word>
            <lemma>Valley</lemma>
            <CharacterOffsetBegin>230</CharacterOffsetBegin>
            <CharacterOffsetEnd>236</CharacterOffsetEnd>
            <POS>NNP</POS>
            <NER>O</NER>
          </token>
          <token id="34">
            <word>Conference</word>
            <lemma>Conference</lemma>
            <CharacterOffsetBegin>237</CharacterOffsetBegin>
            <CharacterOffsetEnd>247</CharacterOffsetEnd>
            <POS>NNP</POS>
            <NER>O</NER>
          </token>
          <token id="35">
            <word>tournament</word>
            <lemma>tournament</lemma>
            <CharacterOffsetBegin>248</CharacterOffsetBegin>
            <CharacterOffsetEnd>258</CharacterOffsetEnd>
            <POS>NN</POS>
            <NER>O</NER>
          </token>
          <token id="36">
            <word>.</word>
            <lemma>.</lemma>
            <CharacterOffsetBegin>259</CharacterOffsetBegin>
            <CharacterOffsetEnd>260</CharacterOffsetEnd>
            <POS>.</POS>
            <NER>O</NER>
          </token>
        </tokens>
        <parse>(ROOT (S (S (NP (NNP Doug) (NNP McDermott)) (VP (VBD scored) (NP (CD 23) (NNS points)) (S (VP (TO to) (VP (VB become) (NP (NP (NP (NNS Creighton's)) (NP (DT all))) (: -) (NP (NP (NN time) (VBG scoring) (NN leader)) (CC and) (NP (DT the) (NN top))))))))) (: -) (S (S (VP (VBN seeded))) (NP (NNPS Bluejays)) (VP (VBD defeated) (NP (NP (NNP Drake) (CD 65)) (: -) (NP (NP (CD 53)) (PP (IN on) (NP (NNP Friday))))) (PP (IN in) (NP (NP (DT the) (NNS quarterfinals)) (PP (IN of) (NP (DT the) (NNP Missouri) (NNP Valley) (NNP Conference) (NN tournament))))))) (. .))) </parse>
        <dependencies type="basic-dependencies">
          <dep type="root">
            <governor idx="0">ROOT</governor>
            <dependent idx="3">scored</dependent>
          </dep>
          <dep type="compound">
            <governor idx="2">McDermott</governor>
            <dependent idx="1">Doug</dependent>
          </dep>
          <dep type="nsubj">
            <governor idx="3">scored</governor>
            <dependent idx="2">McDermott</dependent>
          </dep>
          <dep type="nummod">
            <governor idx="5">points</governor>
            <dependent idx="4">23</dependent>
          </dep>
          <dep type="dobj">
            <governor idx="3">scored</governor>
            <dependent idx="5">points</dependent>
          </dep>
          <dep type="mark">
            <governor idx="7">become</governor>
            <dependent idx="6">to</dependent>
          </dep>
          <dep type="xcomp">
            <governor idx="3">scored</governor>
            <dependent idx="7">become</dependent>
          </dep>
          <dep type="xcomp">
            <governor idx="7">become</governor>
            <dependent idx="8">Creighton's</dependent>
          </dep>
          <dep type="det">
            <governor idx="11">time</governor>
            <dependent idx="9">all</dependent>
          </dep>
          <dep type="punct">
            <governor idx="11">time</governor>
            <dependent idx="10">-</dependent>
          </dep>
          <dep type="dobj">
            <governor idx="8">Creighton's</governor>
            <dependent idx="11">time</dependent>
          </dep>
          <dep type="acl">
            <governor idx="11">time</governor>
            <dependent idx="12">scoring</dependent>
          </dep>
          <dep type="dobj">
            <governor idx="12">scoring</governor>
            <dependent idx="13">leader</dependent>
          </dep>
          <dep type="cc">
            <governor idx="13">leader</governor>
            <dependent idx="14">and</dependent>
          </dep>
          <dep type="det">
            <governor idx="16">top</governor>
            <dependent idx="15">the</dependent>
          </dep>
          <dep type="conj">
            <governor idx="13">leader</governor>
            <dependent idx="16">top</dependent>
          </dep>
          <dep type="punct">
            <governor idx="13">leader</governor>
            <dependent idx="17">-</dependent>
          </dep>
          <dep type="amod">
            <governor idx="19">Bluejays</governor>
            <dependent idx="18">seeded</dependent>
          </dep>
          <dep type="nsubj">
            <governor idx="20">defeated</governor>
            <dependent idx="19">Bluejays</dependent>
          </dep>
          <dep type="dep">
            <governor idx="13">leader</governor>
            <dependent idx="20">defeated</dependent>
          </dep>
          <dep type="dobj">
            <governor idx="20">defeated</governor>
            <dependent idx="21">Drake</dependent>
          </dep>
          <dep type="nummod">
            <governor idx="21">Drake</governor>
            <dependent idx="22">65</dependent>
          </dep>
          <dep type="punct">
            <governor idx="21">Drake</governor>
            <dependent idx="23">-</dependent>
          </dep>
          <dep type="nummod">
            <governor idx="21">Drake</governor>
            <dependent idx="24">53</dependent>
          </dep>
          <dep type="case">
            <governor idx="26">Friday</governor>
            <dependent idx="25">on</dependent>
          </dep>
          <dep type="nmod">
            <governor idx="20">defeated</governor>
            <dependent idx="26">Friday</dependent>
          </dep>
          <dep type="case">
            <governor idx="29">quarterfinals</governor>
            <dependent idx="27">in</dependent>
          </dep>
          <dep type="det">
            <governor idx="29">quarterfinals</governor>
            <dependent idx="28">the</dependent>
          </dep>
          <dep type="nmod">
            <governor idx="20">defeated</governor>
            <dependent idx="29">quarterfinals</dependent>
          </dep>
          <dep type="case">
            <governor idx="35">tournament</governor>
            <dependent idx="30">of</dependent>
          </dep>
          <dep type="det">
            <governor idx="35">tournament</governor>
            <dependent idx="31">the</dependent>
          </dep>
          <dep type="compound">
            <governor idx="35">tournament</governor>
            <dependent idx="32">Missouri</dependent>
          </dep>
          <dep type="compound">
            <governor idx="35">tournament</governor>
            <dependent idx="33">Valley</dependent>
          </dep>
          <dep type="compound">
            <governor idx="35">tournament</governor>
            <dependent idx="34">Conference</dependent>
          </dep>
          <dep type="nmod">
            <governor idx="29">quarterfinals</governor>
            <dependent idx="35">tournament</dependent>
          </dep>
          <dep type="punct">
            <governor idx="3">scored</governor>
            <dependent idx="36">.</dependent>
          </dep>
        </dependencies>
        <dependencies type="collapsed-dependencies">
          <dep type="root">
            <governor idx="0">ROOT</governor>
            <dependent idx="3">scored</dependent>
          </dep>
          <dep type="compound">
            <governor idx="2">McDermott</governor>
            <dependent idx="1">Doug</dependent>
          </dep>
          <dep type="nsubj">
            <governor idx="3">scored</governor>
            <dependent idx="2">McDermott</dependent>
          </dep>
          <dep type="nummod">
            <governor idx="5">points</governor>
            <dependent idx="4">23</dependent>
          </dep>
          <dep type="dobj">
            <governor idx="3">scored</governor>
            <dependent idx="5">points</dependent>
          </dep>
          <dep type="mark">
            <governor idx="7">become</governor>
            <dependent idx="6">to</dependent>
          </dep>
          <dep type="xcomp">
            <governor idx="3">scored</governor>
            <dependent idx="7">become</dependent>
          </dep>
          <dep type="xcomp">
            <governor idx="7">become</governor>
            <dependent idx="8">Creighton's</dependent>
          </dep>
          <dep type="det">
            <governor idx="11">time</governor>
            <dependent idx="9">all</dependent>
          </dep>
          <dep type="punct">
            <governor idx="11">time</governor>
            <dependent idx="10">-</dependent>
          </dep>
          <dep type="dobj">
            <governor idx="8">Creighton's</governor>
            <dependent idx="11">time</dependent>
          </dep>
          <dep type="acl">
            <governor idx="11">time</governor>
            <dependent idx="12">scoring</dependent>
          </dep>
          <dep type="dobj">
            <governor idx="12">scoring</governor>
            <dependent idx="13">leader</dependent>
          </dep>
          <dep type="cc">
            <governor idx="13">leader</governor>
            <dependent idx="14">and</dependent>
          </dep>
          <dep type="det">
            <governor idx="16">top</governor>
            <dependent idx="15">the</dependent>
          </dep>
          <dep type="conj:and">
            <governor idx="13">leader</governor>
            <dependent idx="16">top</dependent>
          </dep>
          <dep type="punct">
            <governor idx="13">leader</governor>
            <dependent idx="17">-</dependent>
          </dep>
          <dep type="amod">
            <governor idx="19">Bluejays</governor>
            <dependent idx="18">seeded</dependent>
          </dep>
          <dep type="nsubj">
            <governor idx="20">defeated</governor>
            <dependent idx="19">Bluejays</dependent>
          </dep>
          <dep type="dep">
            <governor idx="13">leader</governor>
            <dependent idx="20">defeated</dependent>
          </dep>
          <dep type="dobj">
            <governor idx="20">defeated</governor>
            <dependent idx="21">Drake</dependent>
          </dep>
          <dep type="nummod">
            <governor idx="21">Drake</governor>
            <dependent idx="22">65</dependent>
          </dep>
          <dep type="punct">
            <governor idx="21">Drake</governor>
            <dependent idx="23">-</dependent>
          </dep>
          <dep type="nummod">
            <governor idx="21">Drake</governor>
            <dependent idx="24">53</dependent>
          </dep>
          <dep type="case">
            <governor idx="26">Friday</governor>
            <dependent idx="25">on</dependent>
          </dep>
          <dep type="nmod:on">
            <governor idx="20">defeated</governor>
            <dependent idx="26">Friday</dependent>
          </dep>
          <dep type="case">
            <governor idx="29">quarterfinals</governor>
            <dependent idx="27">in</dependent>
          </dep>
          <dep type="det">
            <governor idx="29">quarterfinals</governor>
            <dependent idx="28">the</dependent>
          </dep>
          <dep type="nmod:in">
            <governor idx="20">defeated</governor>
            <dependent idx="29">quarterfinals</dependent>
          </dep>
          <dep type="case">
            <governor idx="35">tournament</governor>
            <dependent idx="30">of</dependent>
          </dep>
          <dep type="det">
            <governor idx="35">tournament</governor>
            <dependent idx="31">the</dependent>
          </dep>
          <dep type="compound">
            <governor idx="35">tournament</governor>
            <dependent idx="32">Missouri</dependent>
          </dep>
          <dep type="compound">
            <governor idx="35">tournament</governor>
            <dependent idx="33">Valley</dependent>
          </dep>
          <dep type="compound">
            <governor idx="35">tournament</governor>
            <dependent idx="34">Conference</dependent>
          </dep>
          <dep type="nmod:of">
            <governor idx="29">quarterfinals</governor>
            <dependent idx="35">tournament</dependent>
          </dep>
          <dep type="punct">
            <governor idx="3">scored</governor>
            <dependent idx="36">.</dependent>
          </dep>
        </dependencies>
        <dependencies type="collapsed-ccprocessed-dependencies">
          <dep type="root">
            <governor idx="0">ROOT</governor>
            <dependent idx="3">scored</dependent>
          </dep>
          <dep type="compound">
            <governor idx="2">McDermott</governor>
            <dependent idx="1">Doug</dependent>
          </dep>
          <dep type="nsubj">
            <governor idx="3">scored</governor>
            <dependent idx="2">McDermott</dependent>
          </dep>
          <dep type="nummod">
            <governor idx="5">points</governor>
            <dependent idx="4">23</dependent>
          </dep>
          <dep type="dobj">
            <governor idx="3">scored</governor>
            <dependent idx="5">points</dependent>
          </dep>
          <dep type="mark">
            <governor idx="7">become</governor>
            <dependent idx="6">to</dependent>
          </dep>
          <dep type="xcomp">
            <governor idx="3">scored</governor>
            <dependent idx="7">become</dependent>
          </dep>
          <dep type="xcomp">
            <governor idx="7">become</governor>
            <dependent idx="8">Creighton's</dependent>
          </dep>
          <dep type="det">
            <governor idx="11">time</governor>
            <dependent idx="9">all</dependent>
          </dep>
          <dep type="punct">
            <governor idx="11">time</governor>
            <dependent idx="10">-</dependent>
          </dep>
          <dep type="dobj">
            <governor idx="8">Creighton's</governor>
            <dependent idx="11">time</dependent>
          </dep>
          <dep type="acl">
            <governor idx="11">time</governor>
            <dependent idx="12">scoring</dependent>
          </dep>
          <dep type="dobj">
            <governor idx="12">scoring</governor>
            <dependent idx="13">leader</dependent>
          </dep>
          <dep type="cc">
            <governor idx="13">leader</governor>
            <dependent idx="14">and</dependent>
          </dep>
          <dep type="det">
            <governor idx="16">top</governor>
            <dependent idx="15">the</dependent>
          </dep>
          <dep type="dobj" extra="true">
            <governor idx="12">scoring</governor>
            <dependent idx="16">top</dependent>
          </dep>
          <dep type="conj:and">
            <governor idx="13">leader</governor>
            <dependent idx="16">top</dependent>
          </dep>
          <dep type="punct">
            <governor idx="13">leader</governor>
            <dependent idx="17">-</dependent>
          </dep>
          <dep type="amod">
            <governor idx="19">Bluejays</governor>
            <dependent idx="18">seeded</dependent>
          </dep>
          <dep type="nsubj">
            <governor idx="20">defeated</governor>
            <dependent idx="19">Bluejays</dependent>
          </dep>
          <dep type="dep">
            <governor idx="13">leader</governor>
            <dependent idx="20">defeated</dependent>
          </dep>
          <dep type="dobj">
            <governor idx="20">defeated</governor>
            <dependent idx="21">Drake</dependent>
          </dep>
          <dep type="nummod">
            <governor idx="21">Drake</governor>
            <dependent idx="22">65</dependent>
          </dep>
          <dep type="punct">
            <governor idx="21">Drake</governor>
            <dependent idx="23">-</dependent>
          </dep>
          <dep type="nummod">
            <governor idx="21">Drake</governor>
            <dependent idx="24">53</dependent>
          </dep>
          <dep type="case">
            <governor idx="26">Friday</governor>
            <dependent idx="25">on</dependent>
          </dep>
          <dep type="nmod:on">
            <governor idx="20">defeated</governor>
            <dependent idx="26">Friday</dependent>
          </dep>
          <dep type="case">
            <governor idx="29">quarterfinals</governor>
            <dependent idx="27">in</dependent>
          </dep>
          <dep type="det">
            <governor idx="29">quarterfinals</governor>
            <dependent idx="28">the</dependent>
          </dep>
          <dep type="nmod:in">
            <governor idx="20">defeated</governor>
            <dependent idx="29">quarterfinals</dependent>
          </dep>
          <dep type="case">
            <governor idx="35">tournament</governor>
            <dependent idx="30">of</dependent>
          </dep>
          <dep type="det">
            <governor idx="35">tournament</governor>
            <dependent idx="31">the</dependent>
          </dep>
          <dep type="compound">
            <governor idx="35">tournament</governor>
            <dependent idx="32">Missouri</dependent>
          </dep>
          <dep type="compound">
            <governor idx="35">tournament</governor>
            <dependent idx="33">Valley</dependent>
          </dep>
          <dep type="compound">
            <governor idx="35">tournament</governor>
            <dependent idx="34">Conference</dependent>
          </dep>
          <dep type="nmod:of">
            <governor idx="29">quarterfinals</governor>
            <dependent idx="35">tournament</dependent>
          </dep>
          <dep type="punct">
            <governor idx="3">scored</governor>
            <dependent idx="36">.</dependent>
          </dep>
        </dependencies>
      </sentence>
    </sentences>
  </document>
</root>
