<?xml version="1.0" encoding="UTF-8"?>
<?xml-stylesheet href="CoreNLP-to-HTML.xsl" type="text/xsl"?>
<root>
  <document>
    <sentences>
      <sentence id="1" line="1">
        <tokens>
          <token id="1">
            <word>Authorities</word>
            <lemma>authority</lemma>
            <CharacterOffsetBegin>0</CharacterOffsetBegin>
            <CharacterOffsetEnd>11</CharacterOffsetEnd>
            <POS>NNS</POS>
            <NER>O</NER>
          </token>
          <token id="2">
            <word>say</word>
            <lemma>say</lemma>
            <CharacterOffsetBegin>12</CharacterOffsetBegin>
            <CharacterOffsetEnd>15</CharacterOffsetEnd>
            <POS>VBP</POS>
            <NER>O</NER>
          </token>
          <token id="3">
            <word>a</word>
            <lemma>a</lemma>
            <CharacterOffsetBegin>16</CharacterOffsetBegin>
            <CharacterOffsetEnd>17</CharacterOffsetEnd>
            <POS>DT</POS>
            <NER>O</NER>
          </token>
          <token id="4">
            <word>35-year-old</word>
            <lemma>35-year-old</lemma>
            <CharacterOffsetBegin>18</CharacterOffsetBegin>
            <CharacterOffsetEnd>29</CharacterOffsetEnd>
            <POS>JJ</POS>
            <NER>DURATION</NER>
            <NormalizedNER>P35Y</NormalizedNER>
            <Timex tid="t1" type="DURATION">P35Y</Timex>
          </token>
          <token id="5">
            <word>New</word>
            <lemma>New</lemma>
            <CharacterOffsetBegin>30</CharacterOffsetBegin>
            <CharacterOffsetEnd>33</CharacterOffsetEnd>
            <POS>NNP</POS>
            <NER>ORGANIZATION</NER>
          </token>
          <token id="6">
            <word>Bedford</word>
            <lemma>Bedford</lemma>
            <CharacterOffsetBegin>34</CharacterOffsetBegin>
            <CharacterOffsetEnd>41</CharacterOffsetEnd>
            <POS>NNP</POS>
            <NER>ORGANIZATION</NER>
          </token>
          <token id="7">
            <word>man</word>
            <lemma>man</lemma>
            <CharacterOffsetBegin>42</CharacterOffsetBegin>
            <CharacterOffsetEnd>45</CharacterOffsetEnd>
            <POS>NN</POS>
            <NER>O</NER>
          </token>
          <token id="8">
            <word>stabbed</word>
            <lemma>stab</lemma>
            <CharacterOffsetBegin>46</CharacterOffsetBegin>
            <CharacterOffsetEnd>53</CharacterOffsetEnd>
            <POS>VBD</POS>
            <NER>O</NER>
          </token>
          <token id="9">
            <word>his</word>
            <lemma>he</lemma>
            <CharacterOffsetBegin>54</CharacterOffsetBegin>
            <CharacterOffsetEnd>57</CharacterOffsetEnd>
            <POS>PRP$</POS>
            <NER>O</NER>
          </token>
          <token id="10">
            <word>ex-girlfriend</word>
            <lemma>ex-girlfriend</lemma>
            <CharacterOffsetBegin>58</CharacterOffsetBegin>
            <CharacterOffsetEnd>71</CharacterOffsetEnd>
            <POS>NN</POS>
            <NER>O</NER>
          </token>
          <token id="11">
            <word>and</word>
            <lemma>and</lemma>
            <CharacterOffsetBegin>72</CharacterOffsetBegin>
            <CharacterOffsetEnd>75</CharacterOffsetEnd>
            <POS>CC</POS>
            <NER>O</NER>
          </token>
          <token id="12">
            <word>his</word>
            <lemma>he</lemma>
            <CharacterOffsetBegin>76</CharacterOffsetBegin>
            <CharacterOffsetEnd>79</CharacterOffsetEnd>
            <POS>PRP$</POS>
            <NER>O</NER>
          </token>
          <token id="13">
            <word>own</word>
            <lemma>own</lemma>
            <CharacterOffsetBegin>80</CharacterOffsetBegin>
            <CharacterOffsetEnd>83</CharacterOffsetEnd>
            <POS>JJ</POS>
            <NER>O</NER>
          </token>
          <token id="14">
            <word>mother</word>
            <lemma>mother</lemma>
            <CharacterOffsetBegin>84</CharacterOffsetBegin>
            <CharacterOffsetEnd>90</CharacterOffsetEnd>
            <POS>NN</POS>
            <NER>O</NER>
          </token>
          <token id="15">
            <word>to</word>
            <lemma>to</lemma>
            <CharacterOffsetBegin>91</CharacterOffsetBegin>
            <CharacterOffsetEnd>93</CharacterOffsetEnd>
            <POS>TO</POS>
            <NER>O</NER>
          </token>
          <token id="16">
            <word>death</word>
            <lemma>death</lemma>
            <CharacterOffsetBegin>94</CharacterOffsetBegin>
            <CharacterOffsetEnd>99</CharacterOffsetEnd>
            <POS>NN</POS>
            <NER>O</NER>
          </token>
          <token id="17">
            <word>during</word>
            <lemma>during</lemma>
            <CharacterOffsetBegin>100</CharacterOffsetBegin>
            <CharacterOffsetEnd>106</CharacterOffsetEnd>
            <POS>IN</POS>
            <NER>O</NER>
          </token>
          <token id="18">
            <word>a</word>
            <lemma>a</lemma>
            <CharacterOffsetBegin>107</CharacterOffsetBegin>
            <CharacterOffsetEnd>108</CharacterOffsetEnd>
            <POS>DT</POS>
            <NER>O</NER>
          </token>
          <token id="19">
            <word>bloodbath</word>
            <lemma>bloodbath</lemma>
            <CharacterOffsetBegin>109</CharacterOffsetBegin>
            <CharacterOffsetEnd>118</CharacterOffsetEnd>
            <POS>NN</POS>
            <NER>O</NER>
          </token>
          <token id="20">
            <word>inside</word>
            <lemma>inside</lemma>
            <CharacterOffsetBegin>119</CharacterOffsetBegin>
            <CharacterOffsetEnd>125</CharacterOffsetEnd>
            <POS>IN</POS>
            <NER>O</NER>
          </token>
          <token id="21">
            <word>his</word>
            <lemma>he</lemma>
            <CharacterOffsetBegin>126</CharacterOffsetBegin>
            <CharacterOffsetEnd>129</CharacterOffsetEnd>
            <POS>PRP$</POS>
            <NER>O</NER>
          </token>
          <token id="22">
            <word>mom</word>
            <lemma>mom</lemma>
            <CharacterOffsetBegin>130</CharacterOffsetBegin>
            <CharacterOffsetEnd>133</CharacterOffsetEnd>
            <POS>NN</POS>
            <NER>O</NER>
          </token>
          <token id="23">
            <word>'s</word>
            <lemma>'s</lemma>
            <CharacterOffsetBegin>134</CharacterOffsetBegin>
            <CharacterOffsetEnd>136</CharacterOffsetEnd>
            <POS>POS</POS>
            <NER>O</NER>
          </token>
          <token id="24">
            <word>apartment</word>
            <lemma>apartment</lemma>
            <CharacterOffsetBegin>137</CharacterOffsetBegin>
            <CharacterOffsetEnd>146</CharacterOffsetEnd>
            <POS>NN</POS>
            <NER>O</NER>
          </token>
          <token id="25">
            <word>and</word>
            <lemma>and</lemma>
            <CharacterOffsetBegin>147</CharacterOffsetBegin>
            <CharacterOffsetEnd>150</CharacterOffsetEnd>
            <POS>CC</POS>
            <NER>O</NER>
          </token>
          <token id="26">
            <word>left</word>
            <lemma>leave</lemma>
            <CharacterOffsetBegin>151</CharacterOffsetBegin>
            <CharacterOffsetEnd>155</CharacterOffsetEnd>
            <POS>VBD</POS>
            <NER>O</NER>
          </token>
          <token id="27">
            <word>the</word>
            <lemma>the</lemma>
            <CharacterOffsetBegin>156</CharacterOffsetBegin>
            <CharacterOffsetEnd>159</CharacterOffsetEnd>
            <POS>DT</POS>
            <NER>O</NER>
          </token>
          <token id="28">
            <word>bodies</word>
            <lemma>body</lemma>
            <CharacterOffsetBegin>160</CharacterOffsetBegin>
            <CharacterOffsetEnd>166</CharacterOffsetEnd>
            <POS>NNS</POS>
            <NER>O</NER>
          </token>
          <token id="29">
            <word>to</word>
            <lemma>to</lemma>
            <CharacterOffsetBegin>167</CharacterOffsetBegin>
            <CharacterOffsetEnd>169</CharacterOffsetEnd>
            <POS>TO</POS>
            <NER>O</NER>
          </token>
          <token id="30">
            <word>rot</word>
            <lemma>rot</lemma>
            <CharacterOffsetBegin>170</CharacterOffsetBegin>
            <CharacterOffsetEnd>173</CharacterOffsetEnd>
            <POS>NN</POS>
            <NER>O</NER>
          </token>
          <token id="31">
            <word>for</word>
            <lemma>for</lemma>
            <CharacterOffsetBegin>174</CharacterOffsetBegin>
            <CharacterOffsetEnd>177</CharacterOffsetEnd>
            <POS>IN</POS>
            <NER>O</NER>
          </token>
          <token id="32">
            <word>days</word>
            <lemma>day</lemma>
            <CharacterOffsetBegin>178</CharacterOffsetBegin>
            <CharacterOffsetEnd>182</CharacterOffsetEnd>
            <POS>NNS</POS>
            <NER>DURATION</NER>
            <NormalizedNER>PXD</NormalizedNER>
            <Timex tid="t2" type="DURATION">PXD</Timex>
          </token>
          <token id="33">
            <word>.</word>
            <lemma>.</lemma>
            <CharacterOffsetBegin>183</CharacterOffsetBegin>
            <CharacterOffsetEnd>184</CharacterOffsetEnd>
            <POS>.</POS>
            <NER>O</NER>
          </token>
        </tokens>
        <parse>(ROOT (S (NP (NNS Authorities)) (VP (VBP say) (SBAR (S (NP (DT a) (JJ 35-year-old) (NNP New) (NNP Bedford) (NN man)) (VP (VP (VBD stabbed) (NP (PRP$ his) (NN ex-girlfriend) (CC and) (PRP$ his) (JJ own) (NN mother)) (PP (TO to) (NP (NN death))) (PP (IN during) (NP (NP (DT a) (NN bloodbath)) (PP (IN inside) (NP (NP (PRP$ his) (NN mom) (POS 's)) (NN apartment)))))) (CC and) (VP (VBD left) (NP (DT the) (NNS bodies)) (PP (TO to) (NP (NN rot))) (PP (IN for) (NP (NNS days)))))))) (. .))) </parse>
        <dependencies type="basic-dependencies">
          <dep type="root">
            <governor idx="0">ROOT</governor>
            <dependent idx="2">say</dependent>
          </dep>
          <dep type="nsubj">
            <governor idx="2">say</governor>
            <dependent idx="1">Authorities</dependent>
          </dep>
          <dep type="det">
            <governor idx="7">man</governor>
            <dependent idx="3">a</dependent>
          </dep>
          <dep type="amod">
            <governor idx="7">man</governor>
            <dependent idx="4">35-year-old</dependent>
          </dep>
          <dep type="compound">
            <governor idx="7">man</governor>
            <dependent idx="5">New</dependent>
          </dep>
          <dep type="compound">
            <governor idx="7">man</governor>
            <dependent idx="6">Bedford</dependent>
          </dep>
          <dep type="nsubj">
            <governor idx="8">stabbed</governor>
            <dependent idx="7">man</dependent>
          </dep>
          <dep type="ccomp">
            <governor idx="2">say</governor>
            <dependent idx="8">stabbed</dependent>
          </dep>
          <dep type="nmod:poss">
            <governor idx="10">ex-girlfriend</governor>
            <dependent idx="9">his</dependent>
          </dep>
          <dep type="dobj">
            <governor idx="8">stabbed</governor>
            <dependent idx="10">ex-girlfriend</dependent>
          </dep>
          <dep type="cc">
            <governor idx="10">ex-girlfriend</governor>
            <dependent idx="11">and</dependent>
          </dep>
          <dep type="nmod:poss">
            <governor idx="14">mother</governor>
            <dependent idx="12">his</dependent>
          </dep>
          <dep type="amod">
            <governor idx="14">mother</governor>
            <dependent idx="13">own</dependent>
          </dep>
          <dep type="conj">
            <governor idx="10">ex-girlfriend</governor>
            <dependent idx="14">mother</dependent>
          </dep>
          <dep type="case">
            <governor idx="16">death</governor>
            <dependent idx="15">to</dependent>
          </dep>
          <dep type="nmod">
            <governor idx="14">mother</governor>
            <dependent idx="16">death</dependent>
          </dep>
          <dep type="case">
            <governor idx="19">bloodbath</governor>
            <dependent idx="17">during</dependent>
          </dep>
          <dep type="det">
            <governor idx="19">bloodbath</governor>
            <dependent idx="18">a</dependent>
          </dep>
          <dep type="nmod">
            <governor idx="8">stabbed</governor>
            <dependent idx="19">bloodbath</dependent>
          </dep>
          <dep type="case">
            <governor idx="24">apartment</governor>
            <dependent idx="20">inside</dependent>
          </dep>
          <dep type="nmod:poss">
            <governor idx="22">mom</governor>
            <dependent idx="21">his</dependent>
          </dep>
          <dep type="nmod:poss">
            <governor idx="24">apartment</governor>
            <dependent idx="22">mom</dependent>
          </dep>
          <dep type="case">
            <governor idx="22">mom</governor>
            <dependent idx="23">'s</dependent>
          </dep>
          <dep type="nmod">
            <governor idx="19">bloodbath</governor>
            <dependent idx="24">apartment</dependent>
          </dep>
          <dep type="cc">
            <governor idx="8">stabbed</governor>
            <dependent idx="25">and</dependent>
          </dep>
          <dep type="conj">
            <governor idx="8">stabbed</governor>
            <dependent idx="26">left</dependent>
          </dep>
          <dep type="det">
            <governor idx="28">bodies</governor>
            <dependent idx="27">the</dependent>
          </dep>
          <dep type="dobj">
            <governor idx="26">left</governor>
            <dependent idx="28">bodies</dependent>
          </dep>
          <dep type="case">
            <governor idx="30">rot</governor>
            <dependent idx="29">to</dependent>
          </dep>
          <dep type="nmod">
            <governor idx="26">left</governor>
            <dependent idx="30">rot</dependent>
          </dep>
          <dep type="case">
            <governor idx="32">days</governor>
            <dependent idx="31">for</dependent>
          </dep>
          <dep type="nmod">
            <governor idx="26">left</governor>
            <dependent idx="32">days</dependent>
          </dep>
          <dep type="punct">
            <governor idx="2">say</governor>
            <dependent idx="33">.</dependent>
          </dep>
        </dependencies>
        <dependencies type="collapsed-dependencies">
          <dep type="root">
            <governor idx="0">ROOT</governor>
            <dependent idx="2">say</dependent>
          </dep>
          <dep type="nsubj">
            <governor idx="2">say</governor>
            <dependent idx="1">Authorities</dependent>
          </dep>
          <dep type="det">
            <governor idx="7">man</governor>
            <dependent idx="3">a</dependent>
          </dep>
          <dep type="amod">
            <governor idx="7">man</governor>
            <dependent idx="4">35-year-old</dependent>
          </dep>
          <dep type="compound">
            <governor idx="7">man</governor>
            <dependent idx="5">New</dependent>
          </dep>
          <dep type="compound">
            <governor idx="7">man</governor>
            <dependent idx="6">Bedford</dependent>
          </dep>
          <dep type="nsubj">
            <governor idx="8">stabbed</governor>
            <dependent idx="7">man</dependent>
          </dep>
          <dep type="ccomp">
            <governor idx="2">say</governor>
            <dependent idx="8">stabbed</dependent>
          </dep>
          <dep type="nmod:poss">
            <governor idx="10">ex-girlfriend</governor>
            <dependent idx="9">his</dependent>
          </dep>
          <dep type="dobj">
            <governor idx="8">stabbed</governor>
            <dependent idx="10">ex-girlfriend</dependent>
          </dep>
          <dep type="cc">
            <governor idx="10">ex-girlfriend</governor>
            <dependent idx="11">and</dependent>
          </dep>
          <dep type="nmod:poss">
            <governor idx="14">mother</governor>
            <dependent idx="12">his</dependent>
          </dep>
          <dep type="amod">
            <governor idx="14">mother</governor>
            <dependent idx="13">own</dependent>
          </dep>
          <dep type="conj:and">
            <governor idx="10">ex-girlfriend</governor>
            <dependent idx="14">mother</dependent>
          </dep>
          <dep type="case">
            <governor idx="16">death</governor>
            <dependent idx="15">to</dependent>
          </dep>
          <dep type="nmod:to">
            <governor idx="14">mother</governor>
            <dependent idx="16">death</dependent>
          </dep>
          <dep type="case">
            <governor idx="19">bloodbath</governor>
            <dependent idx="17">during</dependent>
          </dep>
          <dep type="det">
            <governor idx="19">bloodbath</governor>
            <dependent idx="18">a</dependent>
          </dep>
          <dep type="nmod:during">
            <governor idx="8">stabbed</governor>
            <dependent idx="19">bloodbath</dependent>
          </dep>
          <dep type="case">
            <governor idx="24">apartment</governor>
            <dependent idx="20">inside</dependent>
          </dep>
          <dep type="nmod:poss">
            <governor idx="22">mom</governor>
            <dependent idx="21">his</dependent>
          </dep>
          <dep type="nmod:poss">
            <governor idx="24">apartment</governor>
            <dependent idx="22">mom</dependent>
          </dep>
          <dep type="case">
            <governor idx="22">mom</governor>
            <dependent idx="23">'s</dependent>
          </dep>
          <dep type="nmod:inside">
            <governor idx="19">bloodbath</governor>
            <dependent idx="24">apartment</dependent>
          </dep>
          <dep type="cc">
            <governor idx="8">stabbed</governor>
            <dependent idx="25">and</dependent>
          </dep>
          <dep type="conj:and">
            <governor idx="8">stabbed</governor>
            <dependent idx="26">left</dependent>
          </dep>
          <dep type="det">
            <governor idx="28">bodies</governor>
            <dependent idx="27">the</dependent>
          </dep>
          <dep type="dobj">
            <governor idx="26">left</governor>
            <dependent idx="28">bodies</dependent>
          </dep>
          <dep type="case">
            <governor idx="30">rot</governor>
            <dependent idx="29">to</dependent>
          </dep>
          <dep type="nmod:to">
            <governor idx="26">left</governor>
            <dependent idx="30">rot</dependent>
          </dep>
          <dep type="case">
            <governor idx="32">days</governor>
            <dependent idx="31">for</dependent>
          </dep>
          <dep type="nmod:for">
            <governor idx="26">left</governor>
            <dependent idx="32">days</dependent>
          </dep>
          <dep type="punct">
            <governor idx="2">say</governor>
            <dependent idx="33">.</dependent>
          </dep>
        </dependencies>
        <dependencies type="collapsed-ccprocessed-dependencies">
          <dep type="root">
            <governor idx="0">ROOT</governor>
            <dependent idx="2">say</dependent>
          </dep>
          <dep type="nsubj">
            <governor idx="2">say</governor>
            <dependent idx="1">Authorities</dependent>
          </dep>
          <dep type="det">
            <governor idx="7">man</governor>
            <dependent idx="3">a</dependent>
          </dep>
          <dep type="amod">
            <governor idx="7">man</governor>
            <dependent idx="4">35-year-old</dependent>
          </dep>
          <dep type="compound">
            <governor idx="7">man</governor>
            <dependent idx="5">New</dependent>
          </dep>
          <dep type="compound">
            <governor idx="7">man</governor>
            <dependent idx="6">Bedford</dependent>
          </dep>
          <dep type="nsubj">
            <governor idx="8">stabbed</governor>
            <dependent idx="7">man</dependent>
          </dep>
          <dep type="nsubj" extra="true">
            <governor idx="26">left</governor>
            <dependent idx="7">man</dependent>
          </dep>
          <dep type="ccomp">
            <governor idx="2">say</governor>
            <dependent idx="8">stabbed</dependent>
          </dep>
          <dep type="nmod:poss">
            <governor idx="10">ex-girlfriend</governor>
            <dependent idx="9">his</dependent>
          </dep>
          <dep type="dobj">
            <governor idx="8">stabbed</governor>
            <dependent idx="10">ex-girlfriend</dependent>
          </dep>
          <dep type="cc">
            <governor idx="10">ex-girlfriend</governor>
            <dependent idx="11">and</dependent>
          </dep>
          <dep type="nmod:poss">
            <governor idx="14">mother</governor>
            <dependent idx="12">his</dependent>
          </dep>
          <dep type="amod">
            <governor idx="14">mother</governor>
            <dependent idx="13">own</dependent>
          </dep>
          <dep type="dobj" extra="true">
            <governor idx="8">stabbed</governor>
            <dependent idx="14">mother</dependent>
          </dep>
          <dep type="conj:and">
            <governor idx="10">ex-girlfriend</governor>
            <dependent idx="14">mother</dependent>
          </dep>
          <dep type="case">
            <governor idx="16">death</governor>
            <dependent idx="15">to</dependent>
          </dep>
          <dep type="nmod:to">
            <governor idx="14">mother</governor>
            <dependent idx="16">death</dependent>
          </dep>
          <dep type="case">
            <governor idx="19">bloodbath</governor>
            <dependent idx="17">during</dependent>
          </dep>
          <dep type="det">
            <governor idx="19">bloodbath</governor>
            <dependent idx="18">a</dependent>
          </dep>
          <dep type="nmod:during">
            <governor idx="8">stabbed</governor>
            <dependent idx="19">bloodbath</dependent>
          </dep>
          <dep type="case">
            <governor idx="24">apartment</governor>
            <dependent idx="20">inside</dependent>
          </dep>
          <dep type="nmod:poss">
            <governor idx="22">mom</governor>
            <dependent idx="21">his</dependent>
          </dep>
          <dep type="nmod:poss">
            <governor idx="24">apartment</governor>
            <dependent idx="22">mom</dependent>
          </dep>
          <dep type="case">
            <governor idx="22">mom</governor>
            <dependent idx="23">'s</dependent>
          </dep>
          <dep type="nmod:inside">
            <governor idx="19">bloodbath</governor>
            <dependent idx="24">apartment</dependent>
          </dep>
          <dep type="cc">
            <governor idx="8">stabbed</governor>
            <dependent idx="25">and</dependent>
          </dep>
          <dep type="ccomp" extra="true">
            <governor idx="2">say</governor>
            <dependent idx="26">left</dependent>
          </dep>
          <dep type="conj:and">
            <governor idx="8">stabbed</governor>
            <dependent idx="26">left</dependent>
          </dep>
          <dep type="det">
            <governor idx="28">bodies</governor>
            <dependent idx="27">the</dependent>
          </dep>
          <dep type="dobj">
            <governor idx="26">left</governor>
            <dependent idx="28">bodies</dependent>
          </dep>
          <dep type="case">
            <governor idx="30">rot</governor>
            <dependent idx="29">to</dependent>
          </dep>
          <dep type="nmod:to">
            <governor idx="26">left</governor>
            <dependent idx="30">rot</dependent>
          </dep>
          <dep type="case">
            <governor idx="32">days</governor>
            <dependent idx="31">for</dependent>
          </dep>
          <dep type="nmod:for">
            <governor idx="26">left</governor>
            <dependent idx="32">days</dependent>
          </dep>
          <dep type="punct">
            <governor idx="2">say</governor>
            <dependent idx="33">.</dependent>
          </dep>
        </dependencies>
      </sentence>
      <sentence id="2" line="2">
        <tokens>
          <token id="1">
            <word>Both</word>
            <lemma>both</lemma>
            <CharacterOffsetBegin>185</CharacterOffsetBegin>
            <CharacterOffsetEnd>189</CharacterOffsetEnd>
            <POS>DT</POS>
            <NER>O</NER>
          </token>
          <token id="2">
            <word>women</word>
            <lemma>woman</lemma>
            <CharacterOffsetBegin>190</CharacterOffsetBegin>
            <CharacterOffsetEnd>195</CharacterOffsetEnd>
            <POS>NNS</POS>
            <NER>O</NER>
          </token>
          <token id="3">
            <word>had</word>
            <lemma>have</lemma>
            <CharacterOffsetBegin>196</CharacterOffsetBegin>
            <CharacterOffsetEnd>199</CharacterOffsetEnd>
            <POS>VBD</POS>
            <NER>O</NER>
          </token>
          <token id="4">
            <word>been</word>
            <lemma>be</lemma>
            <CharacterOffsetBegin>200</CharacterOffsetBegin>
            <CharacterOffsetEnd>204</CharacterOffsetEnd>
            <POS>VBN</POS>
            <NER>O</NER>
          </token>
          <token id="5">
            <word>stabbed</word>
            <lemma>stab</lemma>
            <CharacterOffsetBegin>205</CharacterOffsetBegin>
            <CharacterOffsetEnd>212</CharacterOffsetEnd>
            <POS>VBN</POS>
            <NER>O</NER>
          </token>
          <token id="6">
            <word>to</word>
            <lemma>to</lemma>
            <CharacterOffsetBegin>213</CharacterOffsetBegin>
            <CharacterOffsetEnd>215</CharacterOffsetEnd>
            <POS>TO</POS>
            <NER>O</NER>
          </token>
          <token id="7">
            <word>death</word>
            <lemma>death</lemma>
            <CharacterOffsetBegin>216</CharacterOffsetBegin>
            <CharacterOffsetEnd>221</CharacterOffsetEnd>
            <POS>NN</POS>
            <NER>O</NER>
          </token>
          <token id="8">
            <word>and</word>
            <lemma>and</lemma>
            <CharacterOffsetBegin>222</CharacterOffsetBegin>
            <CharacterOffsetEnd>225</CharacterOffsetEnd>
            <POS>CC</POS>
            <NER>O</NER>
          </token>
          <token id="9">
            <word>their</word>
            <lemma>they</lemma>
            <CharacterOffsetBegin>226</CharacterOffsetBegin>
            <CharacterOffsetEnd>231</CharacterOffsetEnd>
            <POS>PRP$</POS>
            <NER>O</NER>
          </token>
          <token id="10">
            <word>bodies</word>
            <lemma>body</lemma>
            <CharacterOffsetBegin>232</CharacterOffsetBegin>
            <CharacterOffsetEnd>238</CharacterOffsetEnd>
            <POS>NNS</POS>
            <NER>O</NER>
          </token>
          <token id="11">
            <word>had</word>
            <lemma>have</lemma>
            <CharacterOffsetBegin>239</CharacterOffsetBegin>
            <CharacterOffsetEnd>242</CharacterOffsetEnd>
            <POS>VBD</POS>
            <NER>O</NER>
          </token>
          <token id="12">
            <word>been</word>
            <lemma>be</lemma>
            <CharacterOffsetBegin>243</CharacterOffsetBegin>
            <CharacterOffsetEnd>247</CharacterOffsetEnd>
            <POS>VBN</POS>
            <NER>O</NER>
          </token>
          <token id="13">
            <word>there</word>
            <lemma>there</lemma>
            <CharacterOffsetBegin>248</CharacterOffsetBegin>
            <CharacterOffsetEnd>253</CharacterOffsetEnd>
            <POS>RB</POS>
            <NER>O</NER>
          </token>
          <token id="14">
            <word>for</word>
            <lemma>for</lemma>
            <CharacterOffsetBegin>254</CharacterOffsetBegin>
            <CharacterOffsetEnd>257</CharacterOffsetEnd>
            <POS>IN</POS>
            <NER>O</NER>
          </token>
          <token id="15">
            <word>``</word>
            <lemma>``</lemma>
            <CharacterOffsetBegin>258</CharacterOffsetBegin>
            <CharacterOffsetEnd>260</CharacterOffsetEnd>
            <POS>``</POS>
            <NER>O</NER>
          </token>
          <token id="16">
            <word>days</word>
            <lemma>day</lemma>
            <CharacterOffsetBegin>261</CharacterOffsetBegin>
            <CharacterOffsetEnd>265</CharacterOffsetEnd>
            <POS>NNS</POS>
            <NER>DURATION</NER>
            <NormalizedNER>PXD</NormalizedNER>
            <Timex tid="t3" type="DURATION">PXD</Timex>
          </token>
          <token id="17">
            <word>,</word>
            <lemma>,</lemma>
            <CharacterOffsetBegin>266</CharacterOffsetBegin>
            <CharacterOffsetEnd>267</CharacterOffsetEnd>
            <POS>,</POS>
            <NER>O</NER>
          </token>
          <token id="18">
            <word>''</word>
            <lemma>''</lemma>
            <CharacterOffsetBegin>268</CharacterOffsetBegin>
            <CharacterOffsetEnd>270</CharacterOffsetEnd>
            <POS>''</POS>
            <NER>O</NER>
          </token>
          <token id="19">
            <word>Miliote</word>
            <lemma>Miliote</lemma>
            <CharacterOffsetBegin>271</CharacterOffsetBegin>
            <CharacterOffsetEnd>278</CharacterOffsetEnd>
            <POS>NNP</POS>
            <NER>PERSON</NER>
          </token>
          <token id="20">
            <word>said</word>
            <lemma>say</lemma>
            <CharacterOffsetBegin>279</CharacterOffsetBegin>
            <CharacterOffsetEnd>283</CharacterOffsetEnd>
            <POS>VBD</POS>
            <NER>O</NER>
          </token>
          <token id="21">
            <word>.</word>
            <lemma>.</lemma>
            <CharacterOffsetBegin>284</CharacterOffsetBegin>
            <CharacterOffsetEnd>285</CharacterOffsetEnd>
            <POS>.</POS>
            <NER>O</NER>
          </token>
        </tokens>
        <parse>(ROOT (S (S (S (NP (DT Both) (NNS women)) (VP (VBD had) (VP (VBN been) (VP (VBN stabbed) (PP (TO to) (NP (NN death))))))) (CC and) (S (NP (PRP$ their) (NNS bodies)) (VP (VBD had) (VP (VBN been) (ADVP (RB there)) (PP (IN for) (`` ``) (NP (NNS days))))))) (, ,) ('' '') (NP (NNP Miliote)) (VP (VBD said)) (. .))) </parse>
        <dependencies type="basic-dependencies">
          <dep type="root">
            <governor idx="0">ROOT</governor>
            <dependent idx="20">said</dependent>
          </dep>
          <dep type="det">
            <governor idx="2">women</governor>
            <dependent idx="1">Both</dependent>
          </dep>
          <dep type="nsubjpass">
            <governor idx="5">stabbed</governor>
            <dependent idx="2">women</dependent>
          </dep>
          <dep type="aux">
            <governor idx="5">stabbed</governor>
            <dependent idx="3">had</dependent>
          </dep>
          <dep type="auxpass">
            <governor idx="5">stabbed</governor>
            <dependent idx="4">been</dependent>
          </dep>
          <dep type="csubj">
            <governor idx="13">there</governor>
            <dependent idx="5">stabbed</dependent>
          </dep>
          <dep type="case">
            <governor idx="7">death</governor>
            <dependent idx="6">to</dependent>
          </dep>
          <dep type="nmod">
            <governor idx="5">stabbed</governor>
            <dependent idx="7">death</dependent>
          </dep>
          <dep type="cc">
            <governor idx="7">death</governor>
            <dependent idx="8">and</dependent>
          </dep>
          <dep type="nmod:poss">
            <governor idx="10">bodies</governor>
            <dependent idx="9">their</dependent>
          </dep>
          <dep type="conj">
            <governor idx="7">death</governor>
            <dependent idx="10">bodies</dependent>
          </dep>
          <dep type="aux">
            <governor idx="13">there</governor>
            <dependent idx="11">had</dependent>
          </dep>
          <dep type="cop">
            <governor idx="13">there</governor>
            <dependent idx="12">been</dependent>
          </dep>
          <dep type="ccomp">
            <governor idx="20">said</governor>
            <dependent idx="13">there</dependent>
          </dep>
          <dep type="case">
            <governor idx="16">days</governor>
            <dependent idx="14">for</dependent>
          </dep>
          <dep type="punct">
            <governor idx="16">days</governor>
            <dependent idx="15">``</dependent>
          </dep>
          <dep type="nmod">
            <governor idx="13">there</governor>
            <dependent idx="16">days</dependent>
          </dep>
          <dep type="punct">
            <governor idx="20">said</governor>
            <dependent idx="17">,</dependent>
          </dep>
          <dep type="punct">
            <governor idx="20">said</governor>
            <dependent idx="18">''</dependent>
          </dep>
          <dep type="nsubj">
            <governor idx="20">said</governor>
            <dependent idx="19">Miliote</dependent>
          </dep>
          <dep type="punct">
            <governor idx="20">said</governor>
            <dependent idx="21">.</dependent>
          </dep>
        </dependencies>
        <dependencies type="collapsed-dependencies">
          <dep type="root">
            <governor idx="0">ROOT</governor>
            <dependent idx="20">said</dependent>
          </dep>
          <dep type="det">
            <governor idx="2">women</governor>
            <dependent idx="1">Both</dependent>
          </dep>
          <dep type="nsubjpass">
            <governor idx="5">stabbed</governor>
            <dependent idx="2">women</dependent>
          </dep>
          <dep type="aux">
            <governor idx="5">stabbed</governor>
            <dependent idx="3">had</dependent>
          </dep>
          <dep type="auxpass">
            <governor idx="5">stabbed</governor>
            <dependent idx="4">been</dependent>
          </dep>
          <dep type="csubj">
            <governor idx="13">there</governor>
            <dependent idx="5">stabbed</dependent>
          </dep>
          <dep type="case">
            <governor idx="7">death</governor>
            <dependent idx="6">to</dependent>
          </dep>
          <dep type="nmod:to">
            <governor idx="5">stabbed</governor>
            <dependent idx="7">death</dependent>
          </dep>
          <dep type="cc">
            <governor idx="7">death</governor>
            <dependent idx="8">and</dependent>
          </dep>
          <dep type="nmod:poss">
            <governor idx="10">bodies</governor>
            <dependent idx="9">their</dependent>
          </dep>
          <dep type="conj:and">
            <governor idx="7">death</governor>
            <dependent idx="10">bodies</dependent>
          </dep>
          <dep type="aux">
            <governor idx="13">there</governor>
            <dependent idx="11">had</dependent>
          </dep>
          <dep type="cop">
            <governor idx="13">there</governor>
            <dependent idx="12">been</dependent>
          </dep>
          <dep type="ccomp">
            <governor idx="20">said</governor>
            <dependent idx="13">there</dependent>
          </dep>
          <dep type="case">
            <governor idx="16">days</governor>
            <dependent idx="14">for</dependent>
          </dep>
          <dep type="punct">
            <governor idx="16">days</governor>
            <dependent idx="15">``</dependent>
          </dep>
          <dep type="nmod:for">
            <governor idx="13">there</governor>
            <dependent idx="16">days</dependent>
          </dep>
          <dep type="punct">
            <governor idx="20">said</governor>
            <dependent idx="17">,</dependent>
          </dep>
          <dep type="punct">
            <governor idx="20">said</governor>
            <dependent idx="18">''</dependent>
          </dep>
          <dep type="nsubj">
            <governor idx="20">said</governor>
            <dependent idx="19">Miliote</dependent>
          </dep>
          <dep type="punct">
            <governor idx="20">said</governor>
            <dependent idx="21">.</dependent>
          </dep>
        </dependencies>
        <dependencies type="collapsed-ccprocessed-dependencies">
          <dep type="root">
            <governor idx="0">ROOT</governor>
            <dependent idx="20">said</dependent>
          </dep>
          <dep type="det">
            <governor idx="2">women</governor>
            <dependent idx="1">Both</dependent>
          </dep>
          <dep type="nsubjpass">
            <governor idx="5">stabbed</governor>
            <dependent idx="2">women</dependent>
          </dep>
          <dep type="aux">
            <governor idx="5">stabbed</governor>
            <dependent idx="3">had</dependent>
          </dep>
          <dep type="auxpass">
            <governor idx="5">stabbed</governor>
            <dependent idx="4">been</dependent>
          </dep>
          <dep type="csubj">
            <governor idx="13">there</governor>
            <dependent idx="5">stabbed</dependent>
          </dep>
          <dep type="case">
            <governor idx="7">death</governor>
            <dependent idx="6">to</dependent>
          </dep>
          <dep type="nmod:to">
            <governor idx="5">stabbed</governor>
            <dependent idx="7">death</dependent>
          </dep>
          <dep type="cc">
            <governor idx="7">death</governor>
            <dependent idx="8">and</dependent>
          </dep>
          <dep type="nmod:poss">
            <governor idx="10">bodies</governor>
            <dependent idx="9">their</dependent>
          </dep>
          <dep type="nmod:to" extra="true">
            <governor idx="5">stabbed</governor>
            <dependent idx="10">bodies</dependent>
          </dep>
          <dep type="conj:and">
            <governor idx="7">death</governor>
            <dependent idx="10">bodies</dependent>
          </dep>
          <dep type="aux">
            <governor idx="13">there</governor>
            <dependent idx="11">had</dependent>
          </dep>
          <dep type="cop">
            <governor idx="13">there</governor>
            <dependent idx="12">been</dependent>
          </dep>
          <dep type="ccomp">
            <governor idx="20">said</governor>
            <dependent idx="13">there</dependent>
          </dep>
          <dep type="case">
            <governor idx="16">days</governor>
            <dependent idx="14">for</dependent>
          </dep>
          <dep type="punct">
            <governor idx="16">days</governor>
            <dependent idx="15">``</dependent>
          </dep>
          <dep type="nmod:for">
            <governor idx="13">there</governor>
            <dependent idx="16">days</dependent>
          </dep>
          <dep type="punct">
            <governor idx="20">said</governor>
            <dependent idx="17">,</dependent>
          </dep>
          <dep type="punct">
            <governor idx="20">said</governor>
            <dependent idx="18">''</dependent>
          </dep>
          <dep type="nsubj">
            <governor idx="20">said</governor>
            <dependent idx="19">Miliote</dependent>
          </dep>
          <dep type="punct">
            <governor idx="20">said</governor>
            <dependent idx="21">.</dependent>
          </dep>
        </dependencies>
      </sentence>
    </sentences>
  </document>
</root>
