<?xml version="1.0" encoding="UTF-8"?>
<?xml-stylesheet href="CoreNLP-to-HTML.xsl" type="text/xsl"?>
<root>
  <document>
    <sentences>
      <sentence id="1" line="1">
        <tokens>
          <token id="1">
            <word>The</word>
            <lemma>the</lemma>
            <CharacterOffsetBegin>0</CharacterOffsetBegin>
            <CharacterOffsetEnd>3</CharacterOffsetEnd>
            <POS>DT</POS>
            <NER>O</NER>
          </token>
          <token id="2">
            <word>New</word>
            <lemma>New</lemma>
            <CharacterOffsetBegin>4</CharacterOffsetBegin>
            <CharacterOffsetEnd>7</CharacterOffsetEnd>
            <POS>NNP</POS>
            <NER>ORGANIZATION</NER>
          </token>
          <token id="3">
            <word>Bedford</word>
            <lemma>Bedford</lemma>
            <CharacterOffsetBegin>8</CharacterOffsetBegin>
            <CharacterOffsetEnd>15</CharacterOffsetEnd>
            <POS>NNP</POS>
            <NER>ORGANIZATION</NER>
          </token>
          <token id="4">
            <word>man</word>
            <lemma>man</lemma>
            <CharacterOffsetBegin>16</CharacterOffsetBegin>
            <CharacterOffsetEnd>19</CharacterOffsetEnd>
            <POS>NN</POS>
            <NER>O</NER>
          </token>
          <token id="5">
            <word>arrested</word>
            <lemma>arrest</lemma>
            <CharacterOffsetBegin>20</CharacterOffsetBegin>
            <CharacterOffsetEnd>28</CharacterOffsetEnd>
            <POS>VBN</POS>
            <NER>O</NER>
          </token>
          <token id="6">
            <word>last</word>
            <lemma>last</lemma>
            <CharacterOffsetBegin>29</CharacterOffsetBegin>
            <CharacterOffsetEnd>33</CharacterOffsetEnd>
            <POS>JJ</POS>
            <NER>TIME</NER>
            <NormalizedNER>TNI OFFSET P-1D</NormalizedNER>
            <Timex tid="t1" type="DATE"/>
          </token>
          <token id="7">
            <word>night</word>
            <lemma>night</lemma>
            <CharacterOffsetBegin>34</CharacterOffsetBegin>
            <CharacterOffsetEnd>39</CharacterOffsetEnd>
            <POS>NN</POS>
            <NER>TIME</NER>
            <NormalizedNER>TNI OFFSET P-1D</NormalizedNER>
            <Timex tid="t1" type="DATE"/>
          </token>
          <token id="8">
            <word>on</word>
            <lemma>on</lemma>
            <CharacterOffsetBegin>40</CharacterOffsetBegin>
            <CharacterOffsetEnd>42</CharacterOffsetEnd>
            <POS>IN</POS>
            <NER>O</NER>
          </token>
          <token id="9">
            <word>charges</word>
            <lemma>charge</lemma>
            <CharacterOffsetBegin>43</CharacterOffsetBegin>
            <CharacterOffsetEnd>50</CharacterOffsetEnd>
            <POS>NNS</POS>
            <NER>O</NER>
          </token>
          <token id="10">
            <word>of</word>
            <lemma>of</lemma>
            <CharacterOffsetBegin>51</CharacterOffsetBegin>
            <CharacterOffsetEnd>53</CharacterOffsetEnd>
            <POS>IN</POS>
            <NER>O</NER>
          </token>
          <token id="11">
            <word>double</word>
            <lemma>double</lemma>
            <CharacterOffsetBegin>54</CharacterOffsetBegin>
            <CharacterOffsetEnd>60</CharacterOffsetEnd>
            <POS>JJ</POS>
            <NER>O</NER>
          </token>
          <token id="12">
            <word>homicide</word>
            <lemma>homicide</lemma>
            <CharacterOffsetBegin>61</CharacterOffsetBegin>
            <CharacterOffsetEnd>69</CharacterOffsetEnd>
            <POS>NN</POS>
            <NER>O</NER>
          </token>
          <token id="13">
            <word>killed</word>
            <lemma>kill</lemma>
            <CharacterOffsetBegin>70</CharacterOffsetBegin>
            <CharacterOffsetEnd>76</CharacterOffsetEnd>
            <POS>VBD</POS>
            <NER>O</NER>
          </token>
          <token id="14">
            <word>his</word>
            <lemma>he</lemma>
            <CharacterOffsetBegin>77</CharacterOffsetBegin>
            <CharacterOffsetEnd>80</CharacterOffsetEnd>
            <POS>PRP$</POS>
            <NER>O</NER>
          </token>
          <token id="15">
            <word>mother</word>
            <lemma>mother</lemma>
            <CharacterOffsetBegin>81</CharacterOffsetBegin>
            <CharacterOffsetEnd>87</CharacterOffsetEnd>
            <POS>NN</POS>
            <NER>O</NER>
          </token>
          <token id="16">
            <word>and</word>
            <lemma>and</lemma>
            <CharacterOffsetBegin>88</CharacterOffsetBegin>
            <CharacterOffsetEnd>91</CharacterOffsetEnd>
            <POS>CC</POS>
            <NER>O</NER>
          </token>
          <token id="17">
            <word>ex-girlfriend</word>
            <lemma>ex-girlfriend</lemma>
            <CharacterOffsetBegin>92</CharacterOffsetBegin>
            <CharacterOffsetEnd>105</CharacterOffsetEnd>
            <POS>NN</POS>
            <NER>O</NER>
          </token>
          <token id="18">
            <word>,</word>
            <lemma>,</lemma>
            <CharacterOffsetBegin>106</CharacterOffsetBegin>
            <CharacterOffsetEnd>107</CharacterOffsetEnd>
            <POS>,</POS>
            <NER>O</NER>
          </token>
          <token id="19">
            <word>according</word>
            <lemma>accord</lemma>
            <CharacterOffsetBegin>108</CharacterOffsetBegin>
            <CharacterOffsetEnd>117</CharacterOffsetEnd>
            <POS>VBG</POS>
            <NER>O</NER>
          </token>
          <token id="20">
            <word>to</word>
            <lemma>to</lemma>
            <CharacterOffsetBegin>118</CharacterOffsetBegin>
            <CharacterOffsetEnd>120</CharacterOffsetEnd>
            <POS>TO</POS>
            <NER>O</NER>
          </token>
          <token id="21">
            <word>police</word>
            <lemma>police</lemma>
            <CharacterOffsetBegin>121</CharacterOffsetBegin>
            <CharacterOffsetEnd>127</CharacterOffsetEnd>
            <POS>NNS</POS>
            <NER>O</NER>
          </token>
          <token id="22">
            <word>and</word>
            <lemma>and</lemma>
            <CharacterOffsetBegin>128</CharacterOffsetBegin>
            <CharacterOffsetEnd>131</CharacterOffsetEnd>
            <POS>CC</POS>
            <NER>O</NER>
          </token>
          <token id="23">
            <word>prosecutors</word>
            <lemma>prosecutor</lemma>
            <CharacterOffsetBegin>132</CharacterOffsetBegin>
            <CharacterOffsetEnd>143</CharacterOffsetEnd>
            <POS>NNS</POS>
            <NER>O</NER>
          </token>
          <token id="24">
            <word>.</word>
            <lemma>.</lemma>
            <CharacterOffsetBegin>144</CharacterOffsetBegin>
            <CharacterOffsetEnd>145</CharacterOffsetEnd>
            <POS>.</POS>
            <NER>O</NER>
          </token>
        </tokens>
        <parse>(ROOT (S (NP (NP (DT The) (NNP New) (NNP Bedford) (NN man)) (VP (VBN arrested) (NP-TMP (JJ last) (NN night)) (PP (IN on) (NP (NP (NNS charges)) (PP (IN of) (NP (JJ double) (NN homicide))))))) (VP (VBD killed) (NP (PRP$ his) (NN mother) (CC and) (NN ex-girlfriend)) (, ,) (PP (VBG according) (PP (TO to) (NP (NNS police) (CC and) (NNS prosecutors))))) (. .))) </parse>
        <dependencies type="basic-dependencies">
          <dep type="root">
            <governor idx="0">ROOT</governor>
            <dependent idx="13">killed</dependent>
          </dep>
          <dep type="det">
            <governor idx="4">man</governor>
            <dependent idx="1">The</dependent>
          </dep>
          <dep type="compound">
            <governor idx="4">man</governor>
            <dependent idx="2">New</dependent>
          </dep>
          <dep type="compound">
            <governor idx="4">man</governor>
            <dependent idx="3">Bedford</dependent>
          </dep>
          <dep type="nsubj">
            <governor idx="13">killed</governor>
            <dependent idx="4">man</dependent>
          </dep>
          <dep type="acl">
            <governor idx="4">man</governor>
            <dependent idx="5">arrested</dependent>
          </dep>
          <dep type="amod">
            <governor idx="7">night</governor>
            <dependent idx="6">last</dependent>
          </dep>
          <dep type="nmod:tmod">
            <governor idx="5">arrested</governor>
            <dependent idx="7">night</dependent>
          </dep>
          <dep type="case">
            <governor idx="9">charges</governor>
            <dependent idx="8">on</dependent>
          </dep>
          <dep type="nmod">
            <governor idx="5">arrested</governor>
            <dependent idx="9">charges</dependent>
          </dep>
          <dep type="case">
            <governor idx="12">homicide</governor>
            <dependent idx="10">of</dependent>
          </dep>
          <dep type="amod">
            <governor idx="12">homicide</governor>
            <dependent idx="11">double</dependent>
          </dep>
          <dep type="nmod">
            <governor idx="9">charges</governor>
            <dependent idx="12">homicide</dependent>
          </dep>
          <dep type="nmod:poss">
            <governor idx="15">mother</governor>
            <dependent idx="14">his</dependent>
          </dep>
          <dep type="dobj">
            <governor idx="13">killed</governor>
            <dependent idx="15">mother</dependent>
          </dep>
          <dep type="cc">
            <governor idx="15">mother</governor>
            <dependent idx="16">and</dependent>
          </dep>
          <dep type="conj">
            <governor idx="15">mother</governor>
            <dependent idx="17">ex-girlfriend</dependent>
          </dep>
          <dep type="punct">
            <governor idx="13">killed</governor>
            <dependent idx="18">,</dependent>
          </dep>
          <dep type="case">
            <governor idx="21">police</governor>
            <dependent idx="19">according</dependent>
          </dep>
          <dep type="mwe">
            <governor idx="19">according</governor>
            <dependent idx="20">to</dependent>
          </dep>
          <dep type="nmod">
            <governor idx="13">killed</governor>
            <dependent idx="21">police</dependent>
          </dep>
          <dep type="cc">
            <governor idx="21">police</governor>
            <dependent idx="22">and</dependent>
          </dep>
          <dep type="conj">
            <governor idx="21">police</governor>
            <dependent idx="23">prosecutors</dependent>
          </dep>
          <dep type="punct">
            <governor idx="13">killed</governor>
            <dependent idx="24">.</dependent>
          </dep>
        </dependencies>
        <dependencies type="collapsed-dependencies">
          <dep type="root">
            <governor idx="0">ROOT</governor>
            <dependent idx="13">killed</dependent>
          </dep>
          <dep type="det">
            <governor idx="4">man</governor>
            <dependent idx="1">The</dependent>
          </dep>
          <dep type="compound">
            <governor idx="4">man</governor>
            <dependent idx="2">New</dependent>
          </dep>
          <dep type="compound">
            <governor idx="4">man</governor>
            <dependent idx="3">Bedford</dependent>
          </dep>
          <dep type="nsubj">
            <governor idx="13">killed</governor>
            <dependent idx="4">man</dependent>
          </dep>
          <dep type="acl">
            <governor idx="4">man</governor>
            <dependent idx="5">arrested</dependent>
          </dep>
          <dep type="amod">
            <governor idx="7">night</governor>
            <dependent idx="6">last</dependent>
          </dep>
          <dep type="nmod:tmod">
            <governor idx="5">arrested</governor>
            <dependent idx="7">night</dependent>
          </dep>
          <dep type="case">
            <governor idx="9">charges</governor>
            <dependent idx="8">on</dependent>
          </dep>
          <dep type="nmod:on">
            <governor idx="5">arrested</governor>
            <dependent idx="9">charges</dependent>
          </dep>
          <dep type="case">
            <governor idx="12">homicide</governor>
            <dependent idx="10">of</dependent>
          </dep>
          <dep type="amod">
            <governor idx="12">homicide</governor>
            <dependent idx="11">double</dependent>
          </dep>
          <dep type="nmod:of">
            <governor idx="9">charges</governor>
            <dependent idx="12">homicide</dependent>
          </dep>
          <dep type="nmod:poss">
            <governor idx="15">mother</governor>
            <dependent idx="14">his</dependent>
          </dep>
          <dep type="dobj">
            <governor idx="13">killed</governor>
            <dependent idx="15">mother</dependent>
          </dep>
          <dep type="cc">
            <governor idx="15">mother</governor>
            <dependent idx="16">and</dependent>
          </dep>
          <dep type="conj:and">
            <governor idx="15">mother</governor>
            <dependent idx="17">ex-girlfriend</dependent>
          </dep>
          <dep type="punct">
            <governor idx="13">killed</governor>
            <dependent idx="18">,</dependent>
          </dep>
          <dep type="case">
            <governor idx="21">police</governor>
            <dependent idx="19">according</dependent>
          </dep>
          <dep type="mwe">
            <governor idx="19">according</governor>
            <dependent idx="20">to</dependent>
          </dep>
          <dep type="nmod:according_to">
            <governor idx="13">killed</governor>
            <dependent idx="21">police</dependent>
          </dep>
          <dep type="cc">
            <governor idx="21">police</governor>
            <dependent idx="22">and</dependent>
          </dep>
          <dep type="conj:and">
            <governor idx="21">police</governor>
            <dependent idx="23">prosecutors</dependent>
          </dep>
          <dep type="punct">
            <governor idx="13">killed</governor>
            <dependent idx="24">.</dependent>
          </dep>
        </dependencies>
        <dependencies type="collapsed-ccprocessed-dependencies">
          <dep type="root">
            <governor idx="0">ROOT</governor>
            <dependent idx="13">killed</dependent>
          </dep>
          <dep type="det">
            <governor idx="4">man</governor>
            <dependent idx="1">The</dependent>
          </dep>
          <dep type="compound">
            <governor idx="4">man</governor>
            <dependent idx="2">New</dependent>
          </dep>
          <dep type="compound">
            <governor idx="4">man</governor>
            <dependent idx="3">Bedford</dependent>
          </dep>
          <dep type="nsubj">
            <governor idx="13">killed</governor>
            <dependent idx="4">man</dependent>
          </dep>
          <dep type="acl">
            <governor idx="4">man</governor>
            <dependent idx="5">arrested</dependent>
          </dep>
          <dep type="amod">
            <governor idx="7">night</governor>
            <dependent idx="6">last</dependent>
          </dep>
          <dep type="nmod:tmod">
            <governor idx="5">arrested</governor>
            <dependent idx="7">night</dependent>
          </dep>
          <dep type="case">
            <governor idx="9">charges</governor>
            <dependent idx="8">on</dependent>
          </dep>
          <dep type="nmod:on">
            <governor idx="5">arrested</governor>
            <dependent idx="9">charges</dependent>
          </dep>
          <dep type="case">
            <governor idx="12">homicide</governor>
            <dependent idx="10">of</dependent>
          </dep>
          <dep type="amod">
            <governor idx="12">homicide</governor>
            <dependent idx="11">double</dependent>
          </dep>
          <dep type="nmod:of">
            <governor idx="9">charges</governor>
            <dependent idx="12">homicide</dependent>
          </dep>
          <dep type="nmod:poss">
            <governor idx="15">mother</governor>
            <dependent idx="14">his</dependent>
          </dep>
          <dep type="dobj">
            <governor idx="13">killed</governor>
            <dependent idx="15">mother</dependent>
          </dep>
          <dep type="cc">
            <governor idx="15">mother</governor>
            <dependent idx="16">and</dependent>
          </dep>
          <dep type="dobj" extra="true">
            <governor idx="13">killed</governor>
            <dependent idx="17">ex-girlfriend</dependent>
          </dep>
          <dep type="conj:and">
            <governor idx="15">mother</governor>
            <dependent idx="17">ex-girlfriend</dependent>
          </dep>
          <dep type="punct">
            <governor idx="13">killed</governor>
            <dependent idx="18">,</dependent>
          </dep>
          <dep type="case">
            <governor idx="21">police</governor>
            <dependent idx="19">according</dependent>
          </dep>
          <dep type="mwe">
            <governor idx="19">according</governor>
            <dependent idx="20">to</dependent>
          </dep>
          <dep type="nmod:according_to">
            <governor idx="13">killed</governor>
            <dependent idx="21">police</dependent>
          </dep>
          <dep type="cc">
            <governor idx="21">police</governor>
            <dependent idx="22">and</dependent>
          </dep>
          <dep type="nmod:according_to" extra="true">
            <governor idx="13">killed</governor>
            <dependent idx="23">prosecutors</dependent>
          </dep>
          <dep type="conj:and">
            <governor idx="21">police</governor>
            <dependent idx="23">prosecutors</dependent>
          </dep>
          <dep type="punct">
            <governor idx="13">killed</governor>
            <dependent idx="24">.</dependent>
          </dep>
        </dependencies>
      </sentence>
      <sentence id="2" line="2">
        <tokens>
          <token id="1">
            <word>Gregg</word>
            <lemma>Gregg</lemma>
            <CharacterOffsetBegin>146</CharacterOffsetBegin>
            <CharacterOffsetEnd>151</CharacterOffsetEnd>
            <POS>NNP</POS>
            <NER>PERSON</NER>
          </token>
          <token id="2">
            <word>Milliote</word>
            <lemma>Milliote</lemma>
            <CharacterOffsetBegin>152</CharacterOffsetBegin>
            <CharacterOffsetEnd>160</CharacterOffsetEnd>
            <POS>NNP</POS>
            <NER>PERSON</NER>
          </token>
          <token id="3">
            <word>,</word>
            <lemma>,</lemma>
            <CharacterOffsetBegin>161</CharacterOffsetBegin>
            <CharacterOffsetEnd>162</CharacterOffsetEnd>
            <POS>,</POS>
            <NER>O</NER>
          </token>
          <token id="4">
            <word>spokesman</word>
            <lemma>spokesman</lemma>
            <CharacterOffsetBegin>163</CharacterOffsetBegin>
            <CharacterOffsetEnd>172</CharacterOffsetEnd>
            <POS>NN</POS>
            <NER>O</NER>
          </token>
          <token id="5">
            <word>for</word>
            <lemma>for</lemma>
            <CharacterOffsetBegin>173</CharacterOffsetBegin>
            <CharacterOffsetEnd>176</CharacterOffsetEnd>
            <POS>IN</POS>
            <NER>O</NER>
          </token>
          <token id="6">
            <word>the</word>
            <lemma>the</lemma>
            <CharacterOffsetBegin>177</CharacterOffsetBegin>
            <CharacterOffsetEnd>180</CharacterOffsetEnd>
            <POS>DT</POS>
            <NER>O</NER>
          </token>
          <token id="7">
            <word>Bristol</word>
            <lemma>Bristol</lemma>
            <CharacterOffsetBegin>181</CharacterOffsetBegin>
            <CharacterOffsetEnd>188</CharacterOffsetEnd>
            <POS>NNP</POS>
            <NER>ORGANIZATION</NER>
          </token>
          <token id="8">
            <word>County</word>
            <lemma>County</lemma>
            <CharacterOffsetBegin>189</CharacterOffsetBegin>
            <CharacterOffsetEnd>195</CharacterOffsetEnd>
            <POS>NNP</POS>
            <NER>ORGANIZATION</NER>
          </token>
          <token id="9">
            <word>District</word>
            <lemma>District</lemma>
            <CharacterOffsetBegin>196</CharacterOffsetBegin>
            <CharacterOffsetEnd>204</CharacterOffsetEnd>
            <POS>NNP</POS>
            <NER>ORGANIZATION</NER>
          </token>
          <token id="10">
            <word>Attorney</word>
            <lemma>Attorney</lemma>
            <CharacterOffsetBegin>205</CharacterOffsetBegin>
            <CharacterOffsetEnd>213</CharacterOffsetEnd>
            <POS>NNP</POS>
            <NER>ORGANIZATION</NER>
          </token>
          <token id="11">
            <word>'s</word>
            <lemma>'s</lemma>
            <CharacterOffsetBegin>214</CharacterOffsetBegin>
            <CharacterOffsetEnd>216</CharacterOffsetEnd>
            <POS>POS</POS>
            <NER>ORGANIZATION</NER>
          </token>
          <token id="12">
            <word>Office</word>
            <lemma>Office</lemma>
            <CharacterOffsetBegin>217</CharacterOffsetBegin>
            <CharacterOffsetEnd>223</CharacterOffsetEnd>
            <POS>NNP</POS>
            <NER>ORGANIZATION</NER>
          </token>
          <token id="13">
            <word>,</word>
            <lemma>,</lemma>
            <CharacterOffsetBegin>224</CharacterOffsetBegin>
            <CharacterOffsetEnd>225</CharacterOffsetEnd>
            <POS>,</POS>
            <NER>O</NER>
          </token>
          <token id="14">
            <word>said</word>
            <lemma>say</lemma>
            <CharacterOffsetBegin>226</CharacterOffsetBegin>
            <CharacterOffsetEnd>230</CharacterOffsetEnd>
            <POS>VBD</POS>
            <NER>O</NER>
          </token>
          <token id="15">
            <word>both</word>
            <lemma>both</lemma>
            <CharacterOffsetBegin>231</CharacterOffsetBegin>
            <CharacterOffsetEnd>235</CharacterOffsetEnd>
            <POS>DT</POS>
            <NER>O</NER>
          </token>
          <token id="16">
            <word>women</word>
            <lemma>woman</lemma>
            <CharacterOffsetBegin>236</CharacterOffsetBegin>
            <CharacterOffsetEnd>241</CharacterOffsetEnd>
            <POS>NNS</POS>
            <NER>O</NER>
          </token>
          <token id="17">
            <word>were</word>
            <lemma>be</lemma>
            <CharacterOffsetBegin>242</CharacterOffsetBegin>
            <CharacterOffsetEnd>246</CharacterOffsetEnd>
            <POS>VBD</POS>
            <NER>O</NER>
          </token>
          <token id="18">
            <word>stabbed</word>
            <lemma>stab</lemma>
            <CharacterOffsetBegin>247</CharacterOffsetBegin>
            <CharacterOffsetEnd>254</CharacterOffsetEnd>
            <POS>VBN</POS>
            <NER>O</NER>
          </token>
          <token id="19">
            <word>multiple</word>
            <lemma>multiple</lemma>
            <CharacterOffsetBegin>255</CharacterOffsetBegin>
            <CharacterOffsetEnd>263</CharacterOffsetEnd>
            <POS>JJ</POS>
            <NER>O</NER>
          </token>
          <token id="20">
            <word>times</word>
            <lemma>time</lemma>
            <CharacterOffsetBegin>264</CharacterOffsetBegin>
            <CharacterOffsetEnd>269</CharacterOffsetEnd>
            <POS>NNS</POS>
            <NER>O</NER>
          </token>
          <token id="21">
            <word>at</word>
            <lemma>at</lemma>
            <CharacterOffsetBegin>270</CharacterOffsetBegin>
            <CharacterOffsetEnd>272</CharacterOffsetEnd>
            <POS>IN</POS>
            <NER>O</NER>
          </token>
          <token id="22">
            <word>the</word>
            <lemma>the</lemma>
            <CharacterOffsetBegin>273</CharacterOffsetBegin>
            <CharacterOffsetEnd>276</CharacterOffsetEnd>
            <POS>DT</POS>
            <NER>O</NER>
          </token>
          <token id="23">
            <word>Independent</word>
            <lemma>Independent</lemma>
            <CharacterOffsetBegin>277</CharacterOffsetBegin>
            <CharacterOffsetEnd>288</CharacterOffsetEnd>
            <POS>NNP</POS>
            <NER>MISC</NER>
          </token>
          <token id="24">
            <word>Street</word>
            <lemma>Street</lemma>
            <CharacterOffsetBegin>289</CharacterOffsetBegin>
            <CharacterOffsetEnd>295</CharacterOffsetEnd>
            <POS>NNP</POS>
            <NER>MISC</NER>
          </token>
          <token id="25">
            <word>apartment</word>
            <lemma>apartment</lemma>
            <CharacterOffsetBegin>296</CharacterOffsetBegin>
            <CharacterOffsetEnd>305</CharacterOffsetEnd>
            <POS>NN</POS>
            <NER>O</NER>
          </token>
          <token id="26">
            <word>in</word>
            <lemma>in</lemma>
            <CharacterOffsetBegin>306</CharacterOffsetBegin>
            <CharacterOffsetEnd>308</CharacterOffsetEnd>
            <POS>IN</POS>
            <NER>O</NER>
          </token>
          <token id="27">
            <word>which</word>
            <lemma>which</lemma>
            <CharacterOffsetBegin>309</CharacterOffsetBegin>
            <CharacterOffsetEnd>314</CharacterOffsetEnd>
            <POS>WDT</POS>
            <NER>O</NER>
          </token>
          <token id="28">
            <word>they</word>
            <lemma>they</lemma>
            <CharacterOffsetBegin>315</CharacterOffsetBegin>
            <CharacterOffsetEnd>319</CharacterOffsetEnd>
            <POS>PRP</POS>
            <NER>O</NER>
          </token>
          <token id="29">
            <word>were</word>
            <lemma>be</lemma>
            <CharacterOffsetBegin>320</CharacterOffsetBegin>
            <CharacterOffsetEnd>324</CharacterOffsetEnd>
            <POS>VBD</POS>
            <NER>O</NER>
          </token>
          <token id="30">
            <word>found</word>
            <lemma>find</lemma>
            <CharacterOffsetBegin>325</CharacterOffsetBegin>
            <CharacterOffsetEnd>330</CharacterOffsetEnd>
            <POS>VBN</POS>
            <NER>O</NER>
          </token>
          <token id="31">
            <word>.</word>
            <lemma>.</lemma>
            <CharacterOffsetBegin>331</CharacterOffsetBegin>
            <CharacterOffsetEnd>332</CharacterOffsetEnd>
            <POS>.</POS>
            <NER>O</NER>
          </token>
        </tokens>
        <parse>(ROOT (S (NP (NP (NNP Gregg) (NNP Milliote)) (, ,) (NP (NP (NN spokesman)) (PP (IN for) (NP (NP (DT the) (NNP Bristol) (NNP County) (NNP District) (NNP Attorney) (POS 's)) (NNP Office)))) (, ,)) (VP (VBD said) (SBAR (S (NP (DT both) (NNS women)) (VP (VBD were) (VP (VBN stabbed) (NP (JJ multiple) (NNS times)) (PP (IN at) (NP (NP (DT the) (NNP Independent) (NNP Street) (NN apartment)) (SBAR (WHPP (IN in) (WHNP (WDT which))) (S (NP (PRP they)) (VP (VBD were) (VP (VBN found)))))))))))) (. .))) </parse>
        <dependencies type="basic-dependencies">
          <dep type="root">
            <governor idx="0">ROOT</governor>
            <dependent idx="14">said</dependent>
          </dep>
          <dep type="compound">
            <governor idx="2">Milliote</governor>
            <dependent idx="1">Gregg</dependent>
          </dep>
          <dep type="nsubj">
            <governor idx="14">said</governor>
            <dependent idx="2">Milliote</dependent>
          </dep>
          <dep type="punct">
            <governor idx="2">Milliote</governor>
            <dependent idx="3">,</dependent>
          </dep>
          <dep type="appos">
            <governor idx="2">Milliote</governor>
            <dependent idx="4">spokesman</dependent>
          </dep>
          <dep type="case">
            <governor idx="12">Office</governor>
            <dependent idx="5">for</dependent>
          </dep>
          <dep type="det">
            <governor idx="10">Attorney</governor>
            <dependent idx="6">the</dependent>
          </dep>
          <dep type="compound">
            <governor idx="10">Attorney</governor>
            <dependent idx="7">Bristol</dependent>
          </dep>
          <dep type="compound">
            <governor idx="10">Attorney</governor>
            <dependent idx="8">County</dependent>
          </dep>
          <dep type="compound">
            <governor idx="10">Attorney</governor>
            <dependent idx="9">District</dependent>
          </dep>
          <dep type="nmod:poss">
            <governor idx="12">Office</governor>
            <dependent idx="10">Attorney</dependent>
          </dep>
          <dep type="case">
            <governor idx="10">Attorney</governor>
            <dependent idx="11">'s</dependent>
          </dep>
          <dep type="nmod">
            <governor idx="4">spokesman</governor>
            <dependent idx="12">Office</dependent>
          </dep>
          <dep type="punct">
            <governor idx="2">Milliote</governor>
            <dependent idx="13">,</dependent>
          </dep>
          <dep type="det">
            <governor idx="16">women</governor>
            <dependent idx="15">both</dependent>
          </dep>
          <dep type="nsubjpass">
            <governor idx="18">stabbed</governor>
            <dependent idx="16">women</dependent>
          </dep>
          <dep type="auxpass">
            <governor idx="18">stabbed</governor>
            <dependent idx="17">were</dependent>
          </dep>
          <dep type="ccomp">
            <governor idx="14">said</governor>
            <dependent idx="18">stabbed</dependent>
          </dep>
          <dep type="amod">
            <governor idx="20">times</governor>
            <dependent idx="19">multiple</dependent>
          </dep>
          <dep type="dobj">
            <governor idx="18">stabbed</governor>
            <dependent idx="20">times</dependent>
          </dep>
          <dep type="case">
            <governor idx="25">apartment</governor>
            <dependent idx="21">at</dependent>
          </dep>
          <dep type="det">
            <governor idx="25">apartment</governor>
            <dependent idx="22">the</dependent>
          </dep>
          <dep type="compound">
            <governor idx="25">apartment</governor>
            <dependent idx="23">Independent</dependent>
          </dep>
          <dep type="compound">
            <governor idx="25">apartment</governor>
            <dependent idx="24">Street</dependent>
          </dep>
          <dep type="nmod">
            <governor idx="18">stabbed</governor>
            <dependent idx="25">apartment</dependent>
          </dep>
          <dep type="case">
            <governor idx="27">which</governor>
            <dependent idx="26">in</dependent>
          </dep>
          <dep type="nmod">
            <governor idx="30">found</governor>
            <dependent idx="27">which</dependent>
          </dep>
          <dep type="nsubjpass">
            <governor idx="30">found</governor>
            <dependent idx="28">they</dependent>
          </dep>
          <dep type="auxpass">
            <governor idx="30">found</governor>
            <dependent idx="29">were</dependent>
          </dep>
          <dep type="acl:relcl">
            <governor idx="25">apartment</governor>
            <dependent idx="30">found</dependent>
          </dep>
          <dep type="punct">
            <governor idx="14">said</governor>
            <dependent idx="31">.</dependent>
          </dep>
        </dependencies>
        <dependencies type="collapsed-dependencies">
          <dep type="root">
            <governor idx="0">ROOT</governor>
            <dependent idx="14">said</dependent>
          </dep>
          <dep type="compound">
            <governor idx="2">Milliote</governor>
            <dependent idx="1">Gregg</dependent>
          </dep>
          <dep type="nsubj">
            <governor idx="14">said</governor>
            <dependent idx="2">Milliote</dependent>
          </dep>
          <dep type="punct">
            <governor idx="2">Milliote</governor>
            <dependent idx="3">,</dependent>
          </dep>
          <dep type="appos">
            <governor idx="2">Milliote</governor>
            <dependent idx="4">spokesman</dependent>
          </dep>
          <dep type="case">
            <governor idx="12">Office</governor>
            <dependent idx="5">for</dependent>
          </dep>
          <dep type="det">
            <governor idx="10">Attorney</governor>
            <dependent idx="6">the</dependent>
          </dep>
          <dep type="compound">
            <governor idx="10">Attorney</governor>
            <dependent idx="7">Bristol</dependent>
          </dep>
          <dep type="compound">
            <governor idx="10">Attorney</governor>
            <dependent idx="8">County</dependent>
          </dep>
          <dep type="compound">
            <governor idx="10">Attorney</governor>
            <dependent idx="9">District</dependent>
          </dep>
          <dep type="nmod:poss">
            <governor idx="12">Office</governor>
            <dependent idx="10">Attorney</dependent>
          </dep>
          <dep type="case">
            <governor idx="10">Attorney</governor>
            <dependent idx="11">'s</dependent>
          </dep>
          <dep type="nmod:for">
            <governor idx="4">spokesman</governor>
            <dependent idx="12">Office</dependent>
          </dep>
          <dep type="punct">
            <governor idx="2">Milliote</governor>
            <dependent idx="13">,</dependent>
          </dep>
          <dep type="det">
            <governor idx="16">women</governor>
            <dependent idx="15">both</dependent>
          </dep>
          <dep type="nsubjpass">
            <governor idx="18">stabbed</governor>
            <dependent idx="16">women</dependent>
          </dep>
          <dep type="auxpass">
            <governor idx="18">stabbed</governor>
            <dependent idx="17">were</dependent>
          </dep>
          <dep type="ccomp">
            <governor idx="14">said</governor>
            <dependent idx="18">stabbed</dependent>
          </dep>
          <dep type="amod">
            <governor idx="20">times</governor>
            <dependent idx="19">multiple</dependent>
          </dep>
          <dep type="dobj">
            <governor idx="18">stabbed</governor>
            <dependent idx="20">times</dependent>
          </dep>
          <dep type="case">
            <governor idx="25">apartment</governor>
            <dependent idx="21">at</dependent>
          </dep>
          <dep type="det">
            <governor idx="25">apartment</governor>
            <dependent idx="22">the</dependent>
          </dep>
          <dep type="compound">
            <governor idx="25">apartment</governor>
            <dependent idx="23">Independent</dependent>
          </dep>
          <dep type="compound">
            <governor idx="25">apartment</governor>
            <dependent idx="24">Street</dependent>
          </dep>
          <dep type="nmod:at">
            <governor idx="18">stabbed</governor>
            <dependent idx="25">apartment</dependent>
          </dep>
          <dep type="case">
            <governor idx="27">which</governor>
            <dependent idx="26">in</dependent>
          </dep>
          <dep type="nmod:in">
            <governor idx="30">found</governor>
            <dependent idx="27">which</dependent>
          </dep>
          <dep type="nsubjpass">
            <governor idx="30">found</governor>
            <dependent idx="28">they</dependent>
          </dep>
          <dep type="auxpass">
            <governor idx="30">found</governor>
            <dependent idx="29">were</dependent>
          </dep>
          <dep type="acl:relcl">
            <governor idx="25">apartment</governor>
            <dependent idx="30">found</dependent>
          </dep>
          <dep type="punct">
            <governor idx="14">said</governor>
            <dependent idx="31">.</dependent>
          </dep>
        </dependencies>
        <dependencies type="collapsed-ccprocessed-dependencies">
          <dep type="root">
            <governor idx="0">ROOT</governor>
            <dependent idx="14">said</dependent>
          </dep>
          <dep type="compound">
            <governor idx="2">Milliote</governor>
            <dependent idx="1">Gregg</dependent>
          </dep>
          <dep type="nsubj">
            <governor idx="14">said</governor>
            <dependent idx="2">Milliote</dependent>
          </dep>
          <dep type="punct">
            <governor idx="2">Milliote</governor>
            <dependent idx="3">,</dependent>
          </dep>
          <dep type="appos">
            <governor idx="2">Milliote</governor>
            <dependent idx="4">spokesman</dependent>
          </dep>
          <dep type="case">
            <governor idx="12">Office</governor>
            <dependent idx="5">for</dependent>
          </dep>
          <dep type="det">
            <governor idx="10">Attorney</governor>
            <dependent idx="6">the</dependent>
          </dep>
          <dep type="compound">
            <governor idx="10">Attorney</governor>
            <dependent idx="7">Bristol</dependent>
          </dep>
          <dep type="compound">
            <governor idx="10">Attorney</governor>
            <dependent idx="8">County</dependent>
          </dep>
          <dep type="compound">
            <governor idx="10">Attorney</governor>
            <dependent idx="9">District</dependent>
          </dep>
          <dep type="nmod:poss">
            <governor idx="12">Office</governor>
            <dependent idx="10">Attorney</dependent>
          </dep>
          <dep type="case">
            <governor idx="10">Attorney</governor>
            <dependent idx="11">'s</dependent>
          </dep>
          <dep type="nmod:for">
            <governor idx="4">spokesman</governor>
            <dependent idx="12">Office</dependent>
          </dep>
          <dep type="punct">
            <governor idx="2">Milliote</governor>
            <dependent idx="13">,</dependent>
          </dep>
          <dep type="det">
            <governor idx="16">women</governor>
            <dependent idx="15">both</dependent>
          </dep>
          <dep type="nsubjpass">
            <governor idx="18">stabbed</governor>
            <dependent idx="16">women</dependent>
          </dep>
          <dep type="auxpass">
            <governor idx="18">stabbed</governor>
            <dependent idx="17">were</dependent>
          </dep>
          <dep type="ccomp">
            <governor idx="14">said</governor>
            <dependent idx="18">stabbed</dependent>
          </dep>
          <dep type="amod">
            <governor idx="20">times</governor>
            <dependent idx="19">multiple</dependent>
          </dep>
          <dep type="dobj">
            <governor idx="18">stabbed</governor>
            <dependent idx="20">times</dependent>
          </dep>
          <dep type="case">
            <governor idx="25">apartment</governor>
            <dependent idx="21">at</dependent>
          </dep>
          <dep type="det">
            <governor idx="25">apartment</governor>
            <dependent idx="22">the</dependent>
          </dep>
          <dep type="compound">
            <governor idx="25">apartment</governor>
            <dependent idx="23">Independent</dependent>
          </dep>
          <dep type="compound">
            <governor idx="25">apartment</governor>
            <dependent idx="24">Street</dependent>
          </dep>
          <dep type="nmod:at">
            <governor idx="18">stabbed</governor>
            <dependent idx="25">apartment</dependent>
          </dep>
          <dep type="case">
            <governor idx="27">which</governor>
            <dependent idx="26">in</dependent>
          </dep>
          <dep type="nmod:in">
            <governor idx="30">found</governor>
            <dependent idx="27">which</dependent>
          </dep>
          <dep type="nsubjpass">
            <governor idx="30">found</governor>
            <dependent idx="28">they</dependent>
          </dep>
          <dep type="auxpass">
            <governor idx="30">found</governor>
            <dependent idx="29">were</dependent>
          </dep>
          <dep type="acl:relcl">
            <governor idx="25">apartment</governor>
            <dependent idx="30">found</dependent>
          </dep>
          <dep type="punct">
            <governor idx="14">said</governor>
            <dependent idx="31">.</dependent>
          </dep>
        </dependencies>
      </sentence>
      <sentence id="3" line="3">
        <tokens>
          <token id="1">
            <word>At</word>
            <lemma>at</lemma>
            <CharacterOffsetBegin>333</CharacterOffsetBegin>
            <CharacterOffsetEnd>335</CharacterOffsetEnd>
            <POS>IN</POS>
            <NER>O</NER>
          </token>
          <token id="2">
            <word>the</word>
            <lemma>the</lemma>
            <CharacterOffsetBegin>336</CharacterOffsetBegin>
            <CharacterOffsetEnd>339</CharacterOffsetEnd>
            <POS>DT</POS>
            <NER>O</NER>
          </token>
          <token id="3">
            <word>arraignment</word>
            <lemma>arraignment</lemma>
            <CharacterOffsetBegin>340</CharacterOffsetBegin>
            <CharacterOffsetEnd>351</CharacterOffsetEnd>
            <POS>NN</POS>
            <NER>O</NER>
          </token>
          <token id="4">
            <word>,</word>
            <lemma>,</lemma>
            <CharacterOffsetBegin>352</CharacterOffsetBegin>
            <CharacterOffsetEnd>353</CharacterOffsetEnd>
            <POS>,</POS>
            <NER>O</NER>
          </token>
          <token id="5">
            <word>prosecutor</word>
            <lemma>prosecutor</lemma>
            <CharacterOffsetBegin>354</CharacterOffsetBegin>
            <CharacterOffsetEnd>364</CharacterOffsetEnd>
            <POS>NN</POS>
            <NER>O</NER>
          </token>
          <token id="6">
            <word>Aaron</word>
            <lemma>Aaron</lemma>
            <CharacterOffsetBegin>365</CharacterOffsetBegin>
            <CharacterOffsetEnd>370</CharacterOffsetEnd>
            <POS>NNP</POS>
            <NER>PERSON</NER>
          </token>
          <token id="7">
            <word>Strojny</word>
            <lemma>Strojny</lemma>
            <CharacterOffsetBegin>371</CharacterOffsetBegin>
            <CharacterOffsetEnd>378</CharacterOffsetEnd>
            <POS>NNP</POS>
            <NER>PERSON</NER>
          </token>
          <token id="8">
            <word>said</word>
            <lemma>say</lemma>
            <CharacterOffsetBegin>379</CharacterOffsetBegin>
            <CharacterOffsetEnd>383</CharacterOffsetEnd>
            <POS>VBD</POS>
            <NER>O</NER>
          </token>
          <token id="9">
            <word>Ms.</word>
            <lemma>Ms.</lemma>
            <CharacterOffsetBegin>384</CharacterOffsetBegin>
            <CharacterOffsetEnd>387</CharacterOffsetEnd>
            <POS>NNP</POS>
            <NER>O</NER>
          </token>
          <token id="10">
            <word>Mendes</word>
            <lemma>Mendes</lemma>
            <CharacterOffsetBegin>388</CharacterOffsetBegin>
            <CharacterOffsetEnd>394</CharacterOffsetEnd>
            <POS>NNP</POS>
            <NER>PERSON</NER>
          </token>
          <token id="11">
            <word>was</word>
            <lemma>be</lemma>
            <CharacterOffsetBegin>395</CharacterOffsetBegin>
            <CharacterOffsetEnd>398</CharacterOffsetEnd>
            <POS>VBD</POS>
            <NER>O</NER>
          </token>
          <token id="12">
            <word>stabbed</word>
            <lemma>stab</lemma>
            <CharacterOffsetBegin>399</CharacterOffsetBegin>
            <CharacterOffsetEnd>406</CharacterOffsetEnd>
            <POS>VBN</POS>
            <NER>O</NER>
          </token>
          <token id="13">
            <word>multiple</word>
            <lemma>multiple</lemma>
            <CharacterOffsetBegin>407</CharacterOffsetBegin>
            <CharacterOffsetEnd>415</CharacterOffsetEnd>
            <POS>JJ</POS>
            <NER>O</NER>
          </token>
          <token id="14">
            <word>times</word>
            <lemma>time</lemma>
            <CharacterOffsetBegin>416</CharacterOffsetBegin>
            <CharacterOffsetEnd>421</CharacterOffsetEnd>
            <POS>NNS</POS>
            <NER>O</NER>
          </token>
          <token id="15">
            <word>while</word>
            <lemma>while</lemma>
            <CharacterOffsetBegin>422</CharacterOffsetBegin>
            <CharacterOffsetEnd>427</CharacterOffsetEnd>
            <POS>IN</POS>
            <NER>O</NER>
          </token>
          <token id="16">
            <word>in</word>
            <lemma>in</lemma>
            <CharacterOffsetBegin>428</CharacterOffsetBegin>
            <CharacterOffsetEnd>430</CharacterOffsetEnd>
            <POS>IN</POS>
            <NER>O</NER>
          </token>
          <token id="17">
            <word>bed</word>
            <lemma>bed</lemma>
            <CharacterOffsetBegin>431</CharacterOffsetBegin>
            <CharacterOffsetEnd>434</CharacterOffsetEnd>
            <POS>NN</POS>
            <NER>O</NER>
          </token>
          <token id="18">
            <word>.</word>
            <lemma>.</lemma>
            <CharacterOffsetBegin>435</CharacterOffsetBegin>
            <CharacterOffsetEnd>436</CharacterOffsetEnd>
            <POS>.</POS>
            <NER>O</NER>
          </token>
        </tokens>
        <parse>(ROOT (S (PP (IN At) (NP (DT the) (NN arraignment))) (, ,) (NP (NN prosecutor) (NNP Aaron) (NNP Strojny)) (VP (VBD said) (SBAR (S (NP (NNP Ms.) (NNP Mendes)) (VP (VBD was) (VP (VBN stabbed) (NP-TMP (JJ multiple) (NNS times)) (PP (IN while) (PP (IN in) (NP (NN bed))))))))) (. .))) </parse>
        <dependencies type="basic-dependencies">
          <dep type="root">
            <governor idx="0">ROOT</governor>
            <dependent idx="8">said</dependent>
          </dep>
          <dep type="case">
            <governor idx="3">arraignment</governor>
            <dependent idx="1">At</dependent>
          </dep>
          <dep type="det">
            <governor idx="3">arraignment</governor>
            <dependent idx="2">the</dependent>
          </dep>
          <dep type="nmod">
            <governor idx="8">said</governor>
            <dependent idx="3">arraignment</dependent>
          </dep>
          <dep type="punct">
            <governor idx="8">said</governor>
            <dependent idx="4">,</dependent>
          </dep>
          <dep type="compound">
            <governor idx="7">Strojny</governor>
            <dependent idx="5">prosecutor</dependent>
          </dep>
          <dep type="compound">
            <governor idx="7">Strojny</governor>
            <dependent idx="6">Aaron</dependent>
          </dep>
          <dep type="nsubj">
            <governor idx="8">said</governor>
            <dependent idx="7">Strojny</dependent>
          </dep>
          <dep type="compound">
            <governor idx="10">Mendes</governor>
            <dependent idx="9">Ms.</dependent>
          </dep>
          <dep type="nsubjpass">
            <governor idx="12">stabbed</governor>
            <dependent idx="10">Mendes</dependent>
          </dep>
          <dep type="auxpass">
            <governor idx="12">stabbed</governor>
            <dependent idx="11">was</dependent>
          </dep>
          <dep type="ccomp">
            <governor idx="8">said</governor>
            <dependent idx="12">stabbed</dependent>
          </dep>
          <dep type="amod">
            <governor idx="14">times</governor>
            <dependent idx="13">multiple</dependent>
          </dep>
          <dep type="dobj">
            <governor idx="12">stabbed</governor>
            <dependent idx="14">times</dependent>
          </dep>
          <dep type="advmod">
            <governor idx="12">stabbed</governor>
            <dependent idx="15">while</dependent>
          </dep>
          <dep type="case">
            <governor idx="17">bed</governor>
            <dependent idx="16">in</dependent>
          </dep>
          <dep type="nmod">
            <governor idx="15">while</governor>
            <dependent idx="17">bed</dependent>
          </dep>
          <dep type="punct">
            <governor idx="8">said</governor>
            <dependent idx="18">.</dependent>
          </dep>
        </dependencies>
        <dependencies type="collapsed-dependencies">
          <dep type="root">
            <governor idx="0">ROOT</governor>
            <dependent idx="8">said</dependent>
          </dep>
          <dep type="case">
            <governor idx="3">arraignment</governor>
            <dependent idx="1">At</dependent>
          </dep>
          <dep type="det">
            <governor idx="3">arraignment</governor>
            <dependent idx="2">the</dependent>
          </dep>
          <dep type="nmod:at">
            <governor idx="8">said</governor>
            <dependent idx="3">arraignment</dependent>
          </dep>
          <dep type="punct">
            <governor idx="8">said</governor>
            <dependent idx="4">,</dependent>
          </dep>
          <dep type="compound">
            <governor idx="7">Strojny</governor>
            <dependent idx="5">prosecutor</dependent>
          </dep>
          <dep type="compound">
            <governor idx="7">Strojny</governor>
            <dependent idx="6">Aaron</dependent>
          </dep>
          <dep type="nsubj">
            <governor idx="8">said</governor>
            <dependent idx="7">Strojny</dependent>
          </dep>
          <dep type="compound">
            <governor idx="10">Mendes</governor>
            <dependent idx="9">Ms.</dependent>
          </dep>
          <dep type="nsubjpass">
            <governor idx="12">stabbed</governor>
            <dependent idx="10">Mendes</dependent>
          </dep>
          <dep type="auxpass">
            <governor idx="12">stabbed</governor>
            <dependent idx="11">was</dependent>
          </dep>
          <dep type="ccomp">
            <governor idx="8">said</governor>
            <dependent idx="12">stabbed</dependent>
          </dep>
          <dep type="amod">
            <governor idx="14">times</governor>
            <dependent idx="13">multiple</dependent>
          </dep>
          <dep type="dobj">
            <governor idx="12">stabbed</governor>
            <dependent idx="14">times</dependent>
          </dep>
          <dep type="advmod">
            <governor idx="12">stabbed</governor>
            <dependent idx="15">while</dependent>
          </dep>
          <dep type="case">
            <governor idx="17">bed</governor>
            <dependent idx="16">in</dependent>
          </dep>
          <dep type="nmod:in">
            <governor idx="15">while</governor>
            <dependent idx="17">bed</dependent>
          </dep>
          <dep type="punct">
            <governor idx="8">said</governor>
            <dependent idx="18">.</dependent>
          </dep>
        </dependencies>
        <dependencies type="collapsed-ccprocessed-dependencies">
          <dep type="root">
            <governor idx="0">ROOT</governor>
            <dependent idx="8">said</dependent>
          </dep>
          <dep type="case">
            <governor idx="3">arraignment</governor>
            <dependent idx="1">At</dependent>
          </dep>
          <dep type="det">
            <governor idx="3">arraignment</governor>
            <dependent idx="2">the</dependent>
          </dep>
          <dep type="nmod:at">
            <governor idx="8">said</governor>
            <dependent idx="3">arraignment</dependent>
          </dep>
          <dep type="punct">
            <governor idx="8">said</governor>
            <dependent idx="4">,</dependent>
          </dep>
          <dep type="compound">
            <governor idx="7">Strojny</governor>
            <dependent idx="5">prosecutor</dependent>
          </dep>
          <dep type="compound">
            <governor idx="7">Strojny</governor>
            <dependent idx="6">Aaron</dependent>
          </dep>
          <dep type="nsubj">
            <governor idx="8">said</governor>
            <dependent idx="7">Strojny</dependent>
          </dep>
          <dep type="compound">
            <governor idx="10">Mendes</governor>
            <dependent idx="9">Ms.</dependent>
          </dep>
          <dep type="nsubjpass">
            <governor idx="12">stabbed</governor>
            <dependent idx="10">Mendes</dependent>
          </dep>
          <dep type="auxpass">
            <governor idx="12">stabbed</governor>
            <dependent idx="11">was</dependent>
          </dep>
          <dep type="ccomp">
            <governor idx="8">said</governor>
            <dependent idx="12">stabbed</dependent>
          </dep>
          <dep type="amod">
            <governor idx="14">times</governor>
            <dependent idx="13">multiple</dependent>
          </dep>
          <dep type="dobj">
            <governor idx="12">stabbed</governor>
            <dependent idx="14">times</dependent>
          </dep>
          <dep type="advmod">
            <governor idx="12">stabbed</governor>
            <dependent idx="15">while</dependent>
          </dep>
          <dep type="case">
            <governor idx="17">bed</governor>
            <dependent idx="16">in</dependent>
          </dep>
          <dep type="nmod:in">
            <governor idx="15">while</governor>
            <dependent idx="17">bed</dependent>
          </dep>
          <dep type="punct">
            <governor idx="8">said</governor>
            <dependent idx="18">.</dependent>
          </dep>
        </dependencies>
      </sentence>
    </sentences>
  </document>
</root>
