<?xml version="1.0" encoding="UTF-8"?>
<?xml-stylesheet href="CoreNLP-to-HTML.xsl" type="text/xsl"?>
<root>
  <document>
    <sentences>
      <sentence id="1" line="1">
        <tokens>
          <token id="1">
            <word>The</word>
            <lemma>the</lemma>
            <CharacterOffsetBegin>0</CharacterOffsetBegin>
            <CharacterOffsetEnd>3</CharacterOffsetEnd>
            <POS>DT</POS>
            <NER>O</NER>
          </token>
          <token id="2">
            <word>deaths</word>
            <lemma>death</lemma>
            <CharacterOffsetBegin>4</CharacterOffsetBegin>
            <CharacterOffsetEnd>10</CharacterOffsetEnd>
            <POS>NNS</POS>
            <NER>O</NER>
          </token>
          <token id="3">
            <word>of</word>
            <lemma>of</lemma>
            <CharacterOffsetBegin>11</CharacterOffsetBegin>
            <CharacterOffsetEnd>13</CharacterOffsetEnd>
            <POS>IN</POS>
            <NER>O</NER>
          </token>
          <token id="4">
            <word>two</word>
            <lemma>two</lemma>
            <CharacterOffsetBegin>14</CharacterOffsetBegin>
            <CharacterOffsetEnd>17</CharacterOffsetEnd>
            <POS>CD</POS>
            <NER>NUMBER</NER>
            <NormalizedNER>2.0</NormalizedNER>
          </token>
          <token id="5">
            <word>women</word>
            <lemma>woman</lemma>
            <CharacterOffsetBegin>18</CharacterOffsetBegin>
            <CharacterOffsetEnd>23</CharacterOffsetEnd>
            <POS>NNS</POS>
            <NER>O</NER>
          </token>
          <token id="6">
            <word>found</word>
            <lemma>find</lemma>
            <CharacterOffsetBegin>24</CharacterOffsetBegin>
            <CharacterOffsetEnd>29</CharacterOffsetEnd>
            <POS>VBN</POS>
            <NER>O</NER>
          </token>
          <token id="7">
            <word>in</word>
            <lemma>in</lemma>
            <CharacterOffsetBegin>30</CharacterOffsetBegin>
            <CharacterOffsetEnd>32</CharacterOffsetEnd>
            <POS>IN</POS>
            <NER>O</NER>
          </token>
          <token id="8">
            <word>a</word>
            <lemma>a</lemma>
            <CharacterOffsetBegin>33</CharacterOffsetBegin>
            <CharacterOffsetEnd>34</CharacterOffsetEnd>
            <POS>DT</POS>
            <NER>O</NER>
          </token>
          <token id="9">
            <word>New</word>
            <lemma>New</lemma>
            <CharacterOffsetBegin>35</CharacterOffsetBegin>
            <CharacterOffsetEnd>38</CharacterOffsetEnd>
            <POS>NNP</POS>
            <NER>LOCATION</NER>
          </token>
          <token id="10">
            <word>Bedford</word>
            <lemma>Bedford</lemma>
            <CharacterOffsetBegin>39</CharacterOffsetBegin>
            <CharacterOffsetEnd>46</CharacterOffsetEnd>
            <POS>NNP</POS>
            <NER>LOCATION</NER>
          </token>
          <token id="11">
            <word>home</word>
            <lemma>home</lemma>
            <CharacterOffsetBegin>47</CharacterOffsetBegin>
            <CharacterOffsetEnd>51</CharacterOffsetEnd>
            <POS>NN</POS>
            <NER>O</NER>
          </token>
          <token id="12">
            <word>on</word>
            <lemma>on</lemma>
            <CharacterOffsetBegin>52</CharacterOffsetBegin>
            <CharacterOffsetEnd>54</CharacterOffsetEnd>
            <POS>IN</POS>
            <NER>O</NER>
          </token>
          <token id="13">
            <word>Tuesday</word>
            <lemma>Tuesday</lemma>
            <CharacterOffsetBegin>55</CharacterOffsetBegin>
            <CharacterOffsetEnd>62</CharacterOffsetEnd>
            <POS>NNP</POS>
            <NER>DATE</NER>
            <NormalizedNER>XXXX-WXX-2</NormalizedNER>
            <Timex tid="t1" type="DATE">XXXX-WXX-2</Timex>
          </token>
          <token id="14">
            <word>have</word>
            <lemma>have</lemma>
            <CharacterOffsetBegin>63</CharacterOffsetBegin>
            <CharacterOffsetEnd>67</CharacterOffsetEnd>
            <POS>VBP</POS>
            <NER>O</NER>
          </token>
          <token id="15">
            <word>been</word>
            <lemma>be</lemma>
            <CharacterOffsetBegin>68</CharacterOffsetBegin>
            <CharacterOffsetEnd>72</CharacterOffsetEnd>
            <POS>VBN</POS>
            <NER>O</NER>
          </token>
          <token id="16">
            <word>ruled</word>
            <lemma>rule</lemma>
            <CharacterOffsetBegin>73</CharacterOffsetBegin>
            <CharacterOffsetEnd>78</CharacterOffsetEnd>
            <POS>VBN</POS>
            <NER>O</NER>
          </token>
          <token id="17">
            <word>homicides</word>
            <lemma>homicide</lemma>
            <CharacterOffsetBegin>79</CharacterOffsetBegin>
            <CharacterOffsetEnd>88</CharacterOffsetEnd>
            <POS>NNS</POS>
            <NER>O</NER>
          </token>
          <token id="18">
            <word>.</word>
            <lemma>.</lemma>
            <CharacterOffsetBegin>89</CharacterOffsetBegin>
            <CharacterOffsetEnd>90</CharacterOffsetEnd>
            <POS>.</POS>
            <NER>O</NER>
          </token>
        </tokens>
        <parse>(ROOT (S (NP (NP (DT The) (NNS deaths)) (PP (IN of) (NP (NP (CD two) (NNS women)) (VP (VBN found) (PP (IN in) (NP (NP (DT a) (NNP New) (NNP Bedford) (NN home)) (PP (IN on) (NP (NNP Tuesday))))))))) (VP (VBP have) (VP (VBN been) (VP (VBN ruled) (NP (NNS homicides))))) (. .))) </parse>
        <dependencies type="basic-dependencies">
          <dep type="root">
            <governor idx="0">ROOT</governor>
            <dependent idx="16">ruled</dependent>
          </dep>
          <dep type="det">
            <governor idx="2">deaths</governor>
            <dependent idx="1">The</dependent>
          </dep>
          <dep type="nsubjpass">
            <governor idx="16">ruled</governor>
            <dependent idx="2">deaths</dependent>
          </dep>
          <dep type="case">
            <governor idx="5">women</governor>
            <dependent idx="3">of</dependent>
          </dep>
          <dep type="nummod">
            <governor idx="5">women</governor>
            <dependent idx="4">two</dependent>
          </dep>
          <dep type="nmod">
            <governor idx="2">deaths</governor>
            <dependent idx="5">women</dependent>
          </dep>
          <dep type="acl">
            <governor idx="5">women</governor>
            <dependent idx="6">found</dependent>
          </dep>
          <dep type="case">
            <governor idx="11">home</governor>
            <dependent idx="7">in</dependent>
          </dep>
          <dep type="det">
            <governor idx="11">home</governor>
            <dependent idx="8">a</dependent>
          </dep>
          <dep type="compound">
            <governor idx="11">home</governor>
            <dependent idx="9">New</dependent>
          </dep>
          <dep type="compound">
            <governor idx="11">home</governor>
            <dependent idx="10">Bedford</dependent>
          </dep>
          <dep type="nmod">
            <governor idx="6">found</governor>
            <dependent idx="11">home</dependent>
          </dep>
          <dep type="case">
            <governor idx="13">Tuesday</governor>
            <dependent idx="12">on</dependent>
          </dep>
          <dep type="nmod">
            <governor idx="11">home</governor>
            <dependent idx="13">Tuesday</dependent>
          </dep>
          <dep type="aux">
            <governor idx="16">ruled</governor>
            <dependent idx="14">have</dependent>
          </dep>
          <dep type="auxpass">
            <governor idx="16">ruled</governor>
            <dependent idx="15">been</dependent>
          </dep>
          <dep type="dobj">
            <governor idx="16">ruled</governor>
            <dependent idx="17">homicides</dependent>
          </dep>
          <dep type="punct">
            <governor idx="16">ruled</governor>
            <dependent idx="18">.</dependent>
          </dep>
        </dependencies>
        <dependencies type="collapsed-dependencies">
          <dep type="root">
            <governor idx="0">ROOT</governor>
            <dependent idx="16">ruled</dependent>
          </dep>
          <dep type="det">
            <governor idx="2">deaths</governor>
            <dependent idx="1">The</dependent>
          </dep>
          <dep type="nsubjpass">
            <governor idx="16">ruled</governor>
            <dependent idx="2">deaths</dependent>
          </dep>
          <dep type="case">
            <governor idx="5">women</governor>
            <dependent idx="3">of</dependent>
          </dep>
          <dep type="nummod">
            <governor idx="5">women</governor>
            <dependent idx="4">two</dependent>
          </dep>
          <dep type="nmod:of">
            <governor idx="2">deaths</governor>
            <dependent idx="5">women</dependent>
          </dep>
          <dep type="acl">
            <governor idx="5">women</governor>
            <dependent idx="6">found</dependent>
          </dep>
          <dep type="case">
            <governor idx="11">home</governor>
            <dependent idx="7">in</dependent>
          </dep>
          <dep type="det">
            <governor idx="11">home</governor>
            <dependent idx="8">a</dependent>
          </dep>
          <dep type="compound">
            <governor idx="11">home</governor>
            <dependent idx="9">New</dependent>
          </dep>
          <dep type="compound">
            <governor idx="11">home</governor>
            <dependent idx="10">Bedford</dependent>
          </dep>
          <dep type="nmod:in">
            <governor idx="6">found</governor>
            <dependent idx="11">home</dependent>
          </dep>
          <dep type="case">
            <governor idx="13">Tuesday</governor>
            <dependent idx="12">on</dependent>
          </dep>
          <dep type="nmod:on">
            <governor idx="11">home</governor>
            <dependent idx="13">Tuesday</dependent>
          </dep>
          <dep type="aux">
            <governor idx="16">ruled</governor>
            <dependent idx="14">have</dependent>
          </dep>
          <dep type="auxpass">
            <governor idx="16">ruled</governor>
            <dependent idx="15">been</dependent>
          </dep>
          <dep type="dobj">
            <governor idx="16">ruled</governor>
            <dependent idx="17">homicides</dependent>
          </dep>
          <dep type="punct">
            <governor idx="16">ruled</governor>
            <dependent idx="18">.</dependent>
          </dep>
        </dependencies>
        <dependencies type="collapsed-ccprocessed-dependencies">
          <dep type="root">
            <governor idx="0">ROOT</governor>
            <dependent idx="16">ruled</dependent>
          </dep>
          <dep type="det">
            <governor idx="2">deaths</governor>
            <dependent idx="1">The</dependent>
          </dep>
          <dep type="nsubjpass">
            <governor idx="16">ruled</governor>
            <dependent idx="2">deaths</dependent>
          </dep>
          <dep type="case">
            <governor idx="5">women</governor>
            <dependent idx="3">of</dependent>
          </dep>
          <dep type="nummod">
            <governor idx="5">women</governor>
            <dependent idx="4">two</dependent>
          </dep>
          <dep type="nmod:of">
            <governor idx="2">deaths</governor>
            <dependent idx="5">women</dependent>
          </dep>
          <dep type="acl">
            <governor idx="5">women</governor>
            <dependent idx="6">found</dependent>
          </dep>
          <dep type="case">
            <governor idx="11">home</governor>
            <dependent idx="7">in</dependent>
          </dep>
          <dep type="det">
            <governor idx="11">home</governor>
            <dependent idx="8">a</dependent>
          </dep>
          <dep type="compound">
            <governor idx="11">home</governor>
            <dependent idx="9">New</dependent>
          </dep>
          <dep type="compound">
            <governor idx="11">home</governor>
            <dependent idx="10">Bedford</dependent>
          </dep>
          <dep type="nmod:in">
            <governor idx="6">found</governor>
            <dependent idx="11">home</dependent>
          </dep>
          <dep type="case">
            <governor idx="13">Tuesday</governor>
            <dependent idx="12">on</dependent>
          </dep>
          <dep type="nmod:on">
            <governor idx="11">home</governor>
            <dependent idx="13">Tuesday</dependent>
          </dep>
          <dep type="aux">
            <governor idx="16">ruled</governor>
            <dependent idx="14">have</dependent>
          </dep>
          <dep type="auxpass">
            <governor idx="16">ruled</governor>
            <dependent idx="15">been</dependent>
          </dep>
          <dep type="dobj">
            <governor idx="16">ruled</governor>
            <dependent idx="17">homicides</dependent>
          </dep>
          <dep type="punct">
            <governor idx="16">ruled</governor>
            <dependent idx="18">.</dependent>
          </dep>
        </dependencies>
      </sentence>
    </sentences>
  </document>
</root>
