<?xml version="1.0" encoding="UTF-8"?>
<?xml-stylesheet href="CoreNLP-to-HTML.xsl" type="text/xsl"?>
<root>
  <document>
    <sentences>
      <sentence id="1" line="1">
        <tokens>
          <token id="1">
            <word>A</word>
            <lemma>a</lemma>
            <CharacterOffsetBegin>0</CharacterOffsetBegin>
            <CharacterOffsetEnd>1</CharacterOffsetEnd>
            <POS>DT</POS>
            <NER>O</NER>
          </token>
          <token id="2">
            <word>New</word>
            <lemma>New</lemma>
            <CharacterOffsetBegin>2</CharacterOffsetBegin>
            <CharacterOffsetEnd>5</CharacterOffsetEnd>
            <POS>NNP</POS>
            <NER>LOCATION</NER>
          </token>
          <token id="3">
            <word>Bedford</word>
            <lemma>Bedford</lemma>
            <CharacterOffsetBegin>6</CharacterOffsetBegin>
            <CharacterOffsetEnd>13</CharacterOffsetEnd>
            <POS>NNP</POS>
            <NER>LOCATION</NER>
          </token>
          <token id="4">
            <word>man</word>
            <lemma>man</lemma>
            <CharacterOffsetBegin>14</CharacterOffsetBegin>
            <CharacterOffsetEnd>17</CharacterOffsetEnd>
            <POS>NN</POS>
            <NER>O</NER>
          </token>
          <token id="5">
            <word>has</word>
            <lemma>have</lemma>
            <CharacterOffsetBegin>18</CharacterOffsetBegin>
            <CharacterOffsetEnd>21</CharacterOffsetEnd>
            <POS>VBZ</POS>
            <NER>O</NER>
          </token>
          <token id="6">
            <word>been</word>
            <lemma>be</lemma>
            <CharacterOffsetBegin>22</CharacterOffsetBegin>
            <CharacterOffsetEnd>26</CharacterOffsetEnd>
            <POS>VBN</POS>
            <NER>O</NER>
          </token>
          <token id="7">
            <word>arrested</word>
            <lemma>arrest</lemma>
            <CharacterOffsetBegin>27</CharacterOffsetBegin>
            <CharacterOffsetEnd>35</CharacterOffsetEnd>
            <POS>VBN</POS>
            <NER>O</NER>
          </token>
          <token id="8">
            <word>in</word>
            <lemma>in</lemma>
            <CharacterOffsetBegin>36</CharacterOffsetBegin>
            <CharacterOffsetEnd>38</CharacterOffsetEnd>
            <POS>IN</POS>
            <NER>O</NER>
          </token>
          <token id="9">
            <word>the</word>
            <lemma>the</lemma>
            <CharacterOffsetBegin>39</CharacterOffsetBegin>
            <CharacterOffsetEnd>42</CharacterOffsetEnd>
            <POS>DT</POS>
            <NER>O</NER>
          </token>
          <token id="10">
            <word>slayings</word>
            <lemma>slaying</lemma>
            <CharacterOffsetBegin>43</CharacterOffsetBegin>
            <CharacterOffsetEnd>51</CharacterOffsetEnd>
            <POS>NNS</POS>
            <NER>O</NER>
          </token>
          <token id="11">
            <word>of</word>
            <lemma>of</lemma>
            <CharacterOffsetBegin>52</CharacterOffsetBegin>
            <CharacterOffsetEnd>54</CharacterOffsetEnd>
            <POS>IN</POS>
            <NER>O</NER>
          </token>
          <token id="12">
            <word>two</word>
            <lemma>two</lemma>
            <CharacterOffsetBegin>55</CharacterOffsetBegin>
            <CharacterOffsetEnd>58</CharacterOffsetEnd>
            <POS>CD</POS>
            <NER>NUMBER</NER>
            <NormalizedNER>2.0</NormalizedNER>
          </token>
          <token id="13">
            <word>women</word>
            <lemma>woman</lemma>
            <CharacterOffsetBegin>59</CharacterOffsetBegin>
            <CharacterOffsetEnd>64</CharacterOffsetEnd>
            <POS>NNS</POS>
            <NER>O</NER>
          </token>
          <token id="14">
            <word>whose</word>
            <lemma>whose</lemma>
            <CharacterOffsetBegin>65</CharacterOffsetBegin>
            <CharacterOffsetEnd>70</CharacterOffsetEnd>
            <POS>WP$</POS>
            <NER>O</NER>
          </token>
          <token id="15">
            <word>bodies</word>
            <lemma>body</lemma>
            <CharacterOffsetBegin>71</CharacterOffsetBegin>
            <CharacterOffsetEnd>77</CharacterOffsetEnd>
            <POS>NNS</POS>
            <NER>O</NER>
          </token>
          <token id="16">
            <word>were</word>
            <lemma>be</lemma>
            <CharacterOffsetBegin>78</CharacterOffsetBegin>
            <CharacterOffsetEnd>82</CharacterOffsetEnd>
            <POS>VBD</POS>
            <NER>O</NER>
          </token>
          <token id="17">
            <word>found</word>
            <lemma>find</lemma>
            <CharacterOffsetBegin>83</CharacterOffsetBegin>
            <CharacterOffsetEnd>88</CharacterOffsetEnd>
            <POS>VBN</POS>
            <NER>O</NER>
          </token>
          <token id="18">
            <word>in</word>
            <lemma>in</lemma>
            <CharacterOffsetBegin>89</CharacterOffsetBegin>
            <CharacterOffsetEnd>91</CharacterOffsetEnd>
            <POS>IN</POS>
            <NER>O</NER>
          </token>
          <token id="19">
            <word>an</word>
            <lemma>a</lemma>
            <CharacterOffsetBegin>92</CharacterOffsetBegin>
            <CharacterOffsetEnd>94</CharacterOffsetEnd>
            <POS>DT</POS>
            <NER>O</NER>
          </token>
          <token id="20">
            <word>apartment</word>
            <lemma>apartment</lemma>
            <CharacterOffsetBegin>95</CharacterOffsetBegin>
            <CharacterOffsetEnd>104</CharacterOffsetEnd>
            <POS>NN</POS>
            <NER>O</NER>
          </token>
          <token id="21">
            <word>after</word>
            <lemma>after</lemma>
            <CharacterOffsetBegin>105</CharacterOffsetBegin>
            <CharacterOffsetEnd>110</CharacterOffsetEnd>
            <POS>IN</POS>
            <NER>O</NER>
          </token>
          <token id="22">
            <word>the</word>
            <lemma>the</lemma>
            <CharacterOffsetBegin>111</CharacterOffsetBegin>
            <CharacterOffsetEnd>114</CharacterOffsetEnd>
            <POS>DT</POS>
            <NER>O</NER>
          </token>
          <token id="23">
            <word>building</word>
            <lemma>building</lemma>
            <CharacterOffsetBegin>115</CharacterOffsetBegin>
            <CharacterOffsetEnd>123</CharacterOffsetEnd>
            <POS>NN</POS>
            <NER>O</NER>
          </token>
          <token id="24">
            <word>'s</word>
            <lemma>'s</lemma>
            <CharacterOffsetBegin>124</CharacterOffsetBegin>
            <CharacterOffsetEnd>126</CharacterOffsetEnd>
            <POS>POS</POS>
            <NER>O</NER>
          </token>
          <token id="25">
            <word>landlord</word>
            <lemma>landlord</lemma>
            <CharacterOffsetBegin>127</CharacterOffsetBegin>
            <CharacterOffsetEnd>135</CharacterOffsetEnd>
            <POS>NN</POS>
            <NER>O</NER>
          </token>
          <token id="26">
            <word>smelled</word>
            <lemma>smell</lemma>
            <CharacterOffsetBegin>136</CharacterOffsetBegin>
            <CharacterOffsetEnd>143</CharacterOffsetEnd>
            <POS>VBD</POS>
            <NER>O</NER>
          </token>
          <token id="27">
            <word>natural</word>
            <lemma>natural</lemma>
            <CharacterOffsetBegin>144</CharacterOffsetBegin>
            <CharacterOffsetEnd>151</CharacterOffsetEnd>
            <POS>JJ</POS>
            <NER>O</NER>
          </token>
          <token id="28">
            <word>gas</word>
            <lemma>gas</lemma>
            <CharacterOffsetBegin>152</CharacterOffsetBegin>
            <CharacterOffsetEnd>155</CharacterOffsetEnd>
            <POS>NN</POS>
            <NER>O</NER>
          </token>
          <token id="29">
            <word>.</word>
            <lemma>.</lemma>
            <CharacterOffsetBegin>156</CharacterOffsetBegin>
            <CharacterOffsetEnd>157</CharacterOffsetEnd>
            <POS>.</POS>
            <NER>O</NER>
          </token>
        </tokens>
        <parse>(ROOT (S (NP (DT A) (NNP New) (NNP Bedford) (NN man)) (VP (VBZ has) (VP (VBN been) (VP (VBN arrested) (PP (IN in) (NP (NP (DT the) (NNS slayings)) (PP (IN of) (NP (NP (CD two) (NNS women)) (SBAR (WHNP (WP$ whose) (NX (NNS bodies))) (S (VP (VBD were) (VP (VBN found) (PP (IN in) (NP (DT an) (NN apartment))) (SBAR (IN after) (S (NP (NP (DT the) (NN building) (POS 's)) (NN landlord)) (VP (VBD smelled) (NP (JJ natural) (NN gas)))))))))))))))) (. .))) </parse>
        <dependencies type="basic-dependencies">
          <dep type="root">
            <governor idx="0">ROOT</governor>
            <dependent idx="7">arrested</dependent>
          </dep>
          <dep type="det">
            <governor idx="4">man</governor>
            <dependent idx="1">A</dependent>
          </dep>
          <dep type="compound">
            <governor idx="4">man</governor>
            <dependent idx="2">New</dependent>
          </dep>
          <dep type="compound">
            <governor idx="4">man</governor>
            <dependent idx="3">Bedford</dependent>
          </dep>
          <dep type="nsubjpass">
            <governor idx="7">arrested</governor>
            <dependent idx="4">man</dependent>
          </dep>
          <dep type="aux">
            <governor idx="7">arrested</governor>
            <dependent idx="5">has</dependent>
          </dep>
          <dep type="auxpass">
            <governor idx="7">arrested</governor>
            <dependent idx="6">been</dependent>
          </dep>
          <dep type="case">
            <governor idx="10">slayings</governor>
            <dependent idx="8">in</dependent>
          </dep>
          <dep type="det">
            <governor idx="10">slayings</governor>
            <dependent idx="9">the</dependent>
          </dep>
          <dep type="nmod">
            <governor idx="7">arrested</governor>
            <dependent idx="10">slayings</dependent>
          </dep>
          <dep type="case">
            <governor idx="13">women</governor>
            <dependent idx="11">of</dependent>
          </dep>
          <dep type="nummod">
            <governor idx="13">women</governor>
            <dependent idx="12">two</dependent>
          </dep>
          <dep type="nmod">
            <governor idx="10">slayings</governor>
            <dependent idx="13">women</dependent>
          </dep>
          <dep type="nmod:poss">
            <governor idx="15">bodies</governor>
            <dependent idx="14">whose</dependent>
          </dep>
          <dep type="nsubjpass">
            <governor idx="17">found</governor>
            <dependent idx="15">bodies</dependent>
          </dep>
          <dep type="auxpass">
            <governor idx="17">found</governor>
            <dependent idx="16">were</dependent>
          </dep>
          <dep type="acl:relcl">
            <governor idx="13">women</governor>
            <dependent idx="17">found</dependent>
          </dep>
          <dep type="case">
            <governor idx="20">apartment</governor>
            <dependent idx="18">in</dependent>
          </dep>
          <dep type="det">
            <governor idx="20">apartment</governor>
            <dependent idx="19">an</dependent>
          </dep>
          <dep type="nmod">
            <governor idx="17">found</governor>
            <dependent idx="20">apartment</dependent>
          </dep>
          <dep type="mark">
            <governor idx="26">smelled</governor>
            <dependent idx="21">after</dependent>
          </dep>
          <dep type="det">
            <governor idx="23">building</governor>
            <dependent idx="22">the</dependent>
          </dep>
          <dep type="nmod:poss">
            <governor idx="25">landlord</governor>
            <dependent idx="23">building</dependent>
          </dep>
          <dep type="case">
            <governor idx="23">building</governor>
            <dependent idx="24">'s</dependent>
          </dep>
          <dep type="nsubj">
            <governor idx="26">smelled</governor>
            <dependent idx="25">landlord</dependent>
          </dep>
          <dep type="advcl">
            <governor idx="17">found</governor>
            <dependent idx="26">smelled</dependent>
          </dep>
          <dep type="amod">
            <governor idx="28">gas</governor>
            <dependent idx="27">natural</dependent>
          </dep>
          <dep type="dobj">
            <governor idx="26">smelled</governor>
            <dependent idx="28">gas</dependent>
          </dep>
          <dep type="punct">
            <governor idx="7">arrested</governor>
            <dependent idx="29">.</dependent>
          </dep>
        </dependencies>
        <dependencies type="collapsed-dependencies">
          <dep type="root">
            <governor idx="0">ROOT</governor>
            <dependent idx="7">arrested</dependent>
          </dep>
          <dep type="det">
            <governor idx="4">man</governor>
            <dependent idx="1">A</dependent>
          </dep>
          <dep type="compound">
            <governor idx="4">man</governor>
            <dependent idx="2">New</dependent>
          </dep>
          <dep type="compound">
            <governor idx="4">man</governor>
            <dependent idx="3">Bedford</dependent>
          </dep>
          <dep type="nsubjpass">
            <governor idx="7">arrested</governor>
            <dependent idx="4">man</dependent>
          </dep>
          <dep type="aux">
            <governor idx="7">arrested</governor>
            <dependent idx="5">has</dependent>
          </dep>
          <dep type="auxpass">
            <governor idx="7">arrested</governor>
            <dependent idx="6">been</dependent>
          </dep>
          <dep type="case">
            <governor idx="10">slayings</governor>
            <dependent idx="8">in</dependent>
          </dep>
          <dep type="det">
            <governor idx="10">slayings</governor>
            <dependent idx="9">the</dependent>
          </dep>
          <dep type="nmod:in">
            <governor idx="7">arrested</governor>
            <dependent idx="10">slayings</dependent>
          </dep>
          <dep type="case">
            <governor idx="13">women</governor>
            <dependent idx="11">of</dependent>
          </dep>
          <dep type="nummod">
            <governor idx="13">women</governor>
            <dependent idx="12">two</dependent>
          </dep>
          <dep type="nmod:of">
            <governor idx="10">slayings</governor>
            <dependent idx="13">women</dependent>
          </dep>
          <dep type="nmod:poss">
            <governor idx="15">bodies</governor>
            <dependent idx="14">whose</dependent>
          </dep>
          <dep type="nsubjpass">
            <governor idx="17">found</governor>
            <dependent idx="15">bodies</dependent>
          </dep>
          <dep type="auxpass">
            <governor idx="17">found</governor>
            <dependent idx="16">were</dependent>
          </dep>
          <dep type="acl:relcl">
            <governor idx="13">women</governor>
            <dependent idx="17">found</dependent>
          </dep>
          <dep type="case">
            <governor idx="20">apartment</governor>
            <dependent idx="18">in</dependent>
          </dep>
          <dep type="det">
            <governor idx="20">apartment</governor>
            <dependent idx="19">an</dependent>
          </dep>
          <dep type="nmod:in">
            <governor idx="17">found</governor>
            <dependent idx="20">apartment</dependent>
          </dep>
          <dep type="mark">
            <governor idx="26">smelled</governor>
            <dependent idx="21">after</dependent>
          </dep>
          <dep type="det">
            <governor idx="23">building</governor>
            <dependent idx="22">the</dependent>
          </dep>
          <dep type="nmod:poss">
            <governor idx="25">landlord</governor>
            <dependent idx="23">building</dependent>
          </dep>
          <dep type="case">
            <governor idx="23">building</governor>
            <dependent idx="24">'s</dependent>
          </dep>
          <dep type="nsubj">
            <governor idx="26">smelled</governor>
            <dependent idx="25">landlord</dependent>
          </dep>
          <dep type="advcl">
            <governor idx="17">found</governor>
            <dependent idx="26">smelled</dependent>
          </dep>
          <dep type="amod">
            <governor idx="28">gas</governor>
            <dependent idx="27">natural</dependent>
          </dep>
          <dep type="dobj">
            <governor idx="26">smelled</governor>
            <dependent idx="28">gas</dependent>
          </dep>
          <dep type="punct">
            <governor idx="7">arrested</governor>
            <dependent idx="29">.</dependent>
          </dep>
        </dependencies>
        <dependencies type="collapsed-ccprocessed-dependencies">
          <dep type="root">
            <governor idx="0">ROOT</governor>
            <dependent idx="7">arrested</dependent>
          </dep>
          <dep type="det">
            <governor idx="4">man</governor>
            <dependent idx="1">A</dependent>
          </dep>
          <dep type="compound">
            <governor idx="4">man</governor>
            <dependent idx="2">New</dependent>
          </dep>
          <dep type="compound">
            <governor idx="4">man</governor>
            <dependent idx="3">Bedford</dependent>
          </dep>
          <dep type="nsubjpass">
            <governor idx="7">arrested</governor>
            <dependent idx="4">man</dependent>
          </dep>
          <dep type="aux">
            <governor idx="7">arrested</governor>
            <dependent idx="5">has</dependent>
          </dep>
          <dep type="auxpass">
            <governor idx="7">arrested</governor>
            <dependent idx="6">been</dependent>
          </dep>
          <dep type="case">
            <governor idx="10">slayings</governor>
            <dependent idx="8">in</dependent>
          </dep>
          <dep type="det">
            <governor idx="10">slayings</governor>
            <dependent idx="9">the</dependent>
          </dep>
          <dep type="nmod:in">
            <governor idx="7">arrested</governor>
            <dependent idx="10">slayings</dependent>
          </dep>
          <dep type="case">
            <governor idx="13">women</governor>
            <dependent idx="11">of</dependent>
          </dep>
          <dep type="nummod">
            <governor idx="13">women</governor>
            <dependent idx="12">two</dependent>
          </dep>
          <dep type="nmod:of">
            <governor idx="10">slayings</governor>
            <dependent idx="13">women</dependent>
          </dep>
          <dep type="nmod:poss">
            <governor idx="15">bodies</governor>
            <dependent idx="14">whose</dependent>
          </dep>
          <dep type="nsubjpass">
            <governor idx="17">found</governor>
            <dependent idx="15">bodies</dependent>
          </dep>
          <dep type="auxpass">
            <governor idx="17">found</governor>
            <dependent idx="16">were</dependent>
          </dep>
          <dep type="acl:relcl">
            <governor idx="13">women</governor>
            <dependent idx="17">found</dependent>
          </dep>
          <dep type="case">
            <governor idx="20">apartment</governor>
            <dependent idx="18">in</dependent>
          </dep>
          <dep type="det">
            <governor idx="20">apartment</governor>
            <dependent idx="19">an</dependent>
          </dep>
          <dep type="nmod:in">
            <governor idx="17">found</governor>
            <dependent idx="20">apartment</dependent>
          </dep>
          <dep type="mark">
            <governor idx="26">smelled</governor>
            <dependent idx="21">after</dependent>
          </dep>
          <dep type="det">
            <governor idx="23">building</governor>
            <dependent idx="22">the</dependent>
          </dep>
          <dep type="nmod:poss">
            <governor idx="25">landlord</governor>
            <dependent idx="23">building</dependent>
          </dep>
          <dep type="case">
            <governor idx="23">building</governor>
            <dependent idx="24">'s</dependent>
          </dep>
          <dep type="nsubj">
            <governor idx="26">smelled</governor>
            <dependent idx="25">landlord</dependent>
          </dep>
          <dep type="advcl">
            <governor idx="17">found</governor>
            <dependent idx="26">smelled</dependent>
          </dep>
          <dep type="amod">
            <governor idx="28">gas</governor>
            <dependent idx="27">natural</dependent>
          </dep>
          <dep type="dobj">
            <governor idx="26">smelled</governor>
            <dependent idx="28">gas</dependent>
          </dep>
          <dep type="punct">
            <governor idx="7">arrested</governor>
            <dependent idx="29">.</dependent>
          </dep>
        </dependencies>
      </sentence>
    </sentences>
  </document>
</root>
