<?xml version="1.0" encoding="UTF-8"?>
<?xml-stylesheet href="CoreNLP-to-HTML.xsl" type="text/xsl"?>
<root>
  <document>
    <sentences>
      <sentence id="1" line="1">
        <tokens>
          <token id="1">
            <word>Zurana</word>
            <lemma>Zurana</lemma>
            <CharacterOffsetBegin>0</CharacterOffsetBegin>
            <CharacterOffsetEnd>6</CharacterOffsetEnd>
            <POS>NNP</POS>
            <NER>PERSON</NER>
          </token>
          <token id="2">
            <word>Horton</word>
            <lemma>Horton</lemma>
            <CharacterOffsetBegin>7</CharacterOffsetBegin>
            <CharacterOffsetEnd>13</CharacterOffsetEnd>
            <POS>NNP</POS>
            <NER>PERSON</NER>
          </token>
          <token id="3">
            <word>,</word>
            <lemma>,</lemma>
            <CharacterOffsetBegin>14</CharacterOffsetBegin>
            <CharacterOffsetEnd>15</CharacterOffsetEnd>
            <POS>,</POS>
            <NER>O</NER>
          </token>
          <token id="4">
            <word>34</word>
            <lemma>34</lemma>
            <CharacterOffsetBegin>16</CharacterOffsetBegin>
            <CharacterOffsetEnd>18</CharacterOffsetEnd>
            <POS>CD</POS>
            <NER>NUMBER</NER>
            <NormalizedNER>34.0</NormalizedNER>
          </token>
          <token id="5">
            <word>,</word>
            <lemma>,</lemma>
            <CharacterOffsetBegin>19</CharacterOffsetBegin>
            <CharacterOffsetEnd>20</CharacterOffsetEnd>
            <POS>,</POS>
            <NER>O</NER>
          </token>
          <token id="6">
            <word>was</word>
            <lemma>be</lemma>
            <CharacterOffsetBegin>21</CharacterOffsetBegin>
            <CharacterOffsetEnd>24</CharacterOffsetEnd>
            <POS>VBD</POS>
            <NER>O</NER>
          </token>
          <token id="7">
            <word>killed</word>
            <lemma>kill</lemma>
            <CharacterOffsetBegin>25</CharacterOffsetBegin>
            <CharacterOffsetEnd>31</CharacterOffsetEnd>
            <POS>VBN</POS>
            <NER>O</NER>
          </token>
          <token id="8">
            <word>on</word>
            <lemma>on</lemma>
            <CharacterOffsetBegin>32</CharacterOffsetBegin>
            <CharacterOffsetEnd>34</CharacterOffsetEnd>
            <POS>IN</POS>
            <NER>O</NER>
          </token>
          <token id="9">
            <word>Oct</word>
            <lemma>oct</lemma>
            <CharacterOffsetBegin>35</CharacterOffsetBegin>
            <CharacterOffsetEnd>38</CharacterOffsetEnd>
            <POS>NN</POS>
            <NER>DATE</NER>
            <NormalizedNER>XXXX-10</NormalizedNER>
            <Timex tid="t1" type="DATE">XXXX-10</Timex>
          </token>
          <token id="10">
            <word>.</word>
            <lemma>.</lemma>
            <CharacterOffsetBegin>39</CharacterOffsetBegin>
            <CharacterOffsetEnd>40</CharacterOffsetEnd>
            <POS>.</POS>
            <NER>O</NER>
          </token>
          <token id="11">
            <word>21</word>
            <lemma>21</lemma>
            <CharacterOffsetBegin>41</CharacterOffsetBegin>
            <CharacterOffsetEnd>43</CharacterOffsetEnd>
            <POS>CD</POS>
            <NER>NUMBER</NER>
            <NormalizedNER>21.0</NormalizedNER>
          </token>
          <token id="12">
            <word>,</word>
            <lemma>,</lemma>
            <CharacterOffsetBegin>44</CharacterOffsetBegin>
            <CharacterOffsetEnd>45</CharacterOffsetEnd>
            <POS>,</POS>
            <NER>O</NER>
          </token>
          <token id="13">
            <word>2011</word>
            <lemma>2011</lemma>
            <CharacterOffsetBegin>46</CharacterOffsetBegin>
            <CharacterOffsetEnd>50</CharacterOffsetEnd>
            <POS>CD</POS>
            <NER>DATE</NER>
            <NormalizedNER>2011</NormalizedNER>
            <Timex tid="t2" type="DATE">2011</Timex>
          </token>
          <token id="14">
            <word>while</word>
            <lemma>while</lemma>
            <CharacterOffsetBegin>51</CharacterOffsetBegin>
            <CharacterOffsetEnd>56</CharacterOffsetEnd>
            <POS>IN</POS>
            <NER>O</NER>
          </token>
          <token id="15">
            <word>walking</word>
            <lemma>walk</lemma>
            <CharacterOffsetBegin>57</CharacterOffsetBegin>
            <CharacterOffsetEnd>64</CharacterOffsetEnd>
            <POS>VBG</POS>
            <NER>O</NER>
          </token>
          <token id="16">
            <word>near</word>
            <lemma>near</lemma>
            <CharacterOffsetBegin>65</CharacterOffsetBegin>
            <CharacterOffsetEnd>69</CharacterOffsetEnd>
            <POS>IN</POS>
            <NER>O</NER>
          </token>
          <token id="17">
            <word>an</word>
            <lemma>a</lemma>
            <CharacterOffsetBegin>70</CharacterOffsetBegin>
            <CharacterOffsetEnd>72</CharacterOffsetEnd>
            <POS>DT</POS>
            <NER>O</NER>
          </token>
          <token id="18">
            <word>intersection</word>
            <lemma>intersection</lemma>
            <CharacterOffsetBegin>73</CharacterOffsetBegin>
            <CharacterOffsetEnd>85</CharacterOffsetEnd>
            <POS>NN</POS>
            <NER>O</NER>
          </token>
          <token id="19">
            <word>in</word>
            <lemma>in</lemma>
            <CharacterOffsetBegin>86</CharacterOffsetBegin>
            <CharacterOffsetEnd>88</CharacterOffsetEnd>
            <POS>IN</POS>
            <NER>O</NER>
          </token>
          <token id="20">
            <word>Brownsville</word>
            <lemma>Brownsville</lemma>
            <CharacterOffsetBegin>89</CharacterOffsetBegin>
            <CharacterOffsetEnd>100</CharacterOffsetEnd>
            <POS>NNP</POS>
            <NER>LOCATION</NER>
          </token>
          <token id="21">
            <word>after</word>
            <lemma>after</lemma>
            <CharacterOffsetBegin>101</CharacterOffsetBegin>
            <CharacterOffsetEnd>106</CharacterOffsetEnd>
            <POS>IN</POS>
            <NER>O</NER>
          </token>
          <token id="22">
            <word>2</word>
            <lemma>2</lemma>
            <CharacterOffsetBegin>107</CharacterOffsetBegin>
            <CharacterOffsetEnd>108</CharacterOffsetEnd>
            <POS>CD</POS>
            <NER>NUMBER</NER>
            <NormalizedNER>2.0</NormalizedNER>
          </token>
          <token id="23">
            <word>p</word>
            <lemma>p</lemma>
            <CharacterOffsetBegin>109</CharacterOffsetBegin>
            <CharacterOffsetEnd>110</CharacterOffsetEnd>
            <POS>NN</POS>
            <NER>O</NER>
          </token>
          <token id="24">
            <word>.</word>
            <lemma>.</lemma>
            <CharacterOffsetBegin>111</CharacterOffsetBegin>
            <CharacterOffsetEnd>112</CharacterOffsetEnd>
            <POS>.</POS>
            <NER>O</NER>
          </token>
          <token id="25">
            <word>m</word>
            <lemma>m</lemma>
            <CharacterOffsetBegin>113</CharacterOffsetBegin>
            <CharacterOffsetEnd>114</CharacterOffsetEnd>
            <POS>NN</POS>
            <NER>O</NER>
          </token>
          <token id="26">
            <word>.</word>
            <lemma>.</lemma>
            <CharacterOffsetBegin>115</CharacterOffsetBegin>
            <CharacterOffsetEnd>116</CharacterOffsetEnd>
            <POS>.</POS>
            <NER>O</NER>
          </token>
        </tokens>
        <parse>(ROOT (S (NP (NP (NNP Zurana) (NNP Horton)) (, ,) (NP (CD 34)) (, ,)) (VP (VBD was) (VP (VBN killed) (PP (IN on) (NP (NP (NP (NN Oct)) (. .) (NP (CD 21)) (, ,)) (SBAR (WHNP (NP (CD 2011)) (PP (IN while) (S (VP (VBG walking) (PP (IN near) (NP (NP (DT an) (NN intersection)) (PP (IN in) (NP (NNP Brownsville))))) (PP (IN after) (NP (CD 2) (NN p))))) (. .))) (S (NP (NN m)))))))) (. .))) </parse>
        <dependencies type="basic-dependencies">
          <dep type="root">
            <governor idx="0">ROOT</governor>
            <dependent idx="7">killed</dependent>
          </dep>
          <dep type="compound">
            <governor idx="2">Horton</governor>
            <dependent idx="1">Zurana</dependent>
          </dep>
          <dep type="nsubjpass">
            <governor idx="7">killed</governor>
            <dependent idx="2">Horton</dependent>
          </dep>
          <dep type="punct">
            <governor idx="2">Horton</governor>
            <dependent idx="3">,</dependent>
          </dep>
          <dep type="appos">
            <governor idx="2">Horton</governor>
            <dependent idx="4">34</dependent>
          </dep>
          <dep type="punct">
            <governor idx="2">Horton</governor>
            <dependent idx="5">,</dependent>
          </dep>
          <dep type="auxpass">
            <governor idx="7">killed</governor>
            <dependent idx="6">was</dependent>
          </dep>
          <dep type="case">
            <governor idx="9">Oct</governor>
            <dependent idx="8">on</dependent>
          </dep>
          <dep type="nmod">
            <governor idx="7">killed</governor>
            <dependent idx="9">Oct</dependent>
          </dep>
          <dep type="punct">
            <governor idx="9">Oct</governor>
            <dependent idx="10">.</dependent>
          </dep>
          <dep type="nummod">
            <governor idx="9">Oct</governor>
            <dependent idx="11">21</dependent>
          </dep>
          <dep type="punct">
            <governor idx="9">Oct</governor>
            <dependent idx="12">,</dependent>
          </dep>
          <dep type="nummod">
            <governor idx="9">Oct</governor>
            <dependent idx="13">2011</dependent>
          </dep>
          <dep type="mark">
            <governor idx="15">walking</governor>
            <dependent idx="14">while</dependent>
          </dep>
          <dep type="advcl">
            <governor idx="7">killed</governor>
            <dependent idx="15">walking</dependent>
          </dep>
          <dep type="case">
            <governor idx="18">intersection</governor>
            <dependent idx="16">near</dependent>
          </dep>
          <dep type="det">
            <governor idx="18">intersection</governor>
            <dependent idx="17">an</dependent>
          </dep>
          <dep type="nmod">
            <governor idx="15">walking</governor>
            <dependent idx="18">intersection</dependent>
          </dep>
          <dep type="case">
            <governor idx="20">Brownsville</governor>
            <dependent idx="19">in</dependent>
          </dep>
          <dep type="nmod">
            <governor idx="18">intersection</governor>
            <dependent idx="20">Brownsville</dependent>
          </dep>
          <dep type="case">
            <governor idx="23">p</governor>
            <dependent idx="21">after</dependent>
          </dep>
          <dep type="nummod">
            <governor idx="23">p</governor>
            <dependent idx="22">2</dependent>
          </dep>
          <dep type="nmod">
            <governor idx="15">walking</governor>
            <dependent idx="23">p</dependent>
          </dep>
          <dep type="punct">
            <governor idx="7">killed</governor>
            <dependent idx="24">.</dependent>
          </dep>
          <dep type="dep">
            <governor idx="7">killed</governor>
            <dependent idx="25">m</dependent>
          </dep>
          <dep type="punct">
            <governor idx="7">killed</governor>
            <dependent idx="26">.</dependent>
          </dep>
        </dependencies>
        <dependencies type="collapsed-dependencies">
          <dep type="root">
            <governor idx="0">ROOT</governor>
            <dependent idx="7">killed</dependent>
          </dep>
          <dep type="compound">
            <governor idx="2">Horton</governor>
            <dependent idx="1">Zurana</dependent>
          </dep>
          <dep type="nsubjpass">
            <governor idx="7">killed</governor>
            <dependent idx="2">Horton</dependent>
          </dep>
          <dep type="punct">
            <governor idx="2">Horton</governor>
            <dependent idx="3">,</dependent>
          </dep>
          <dep type="appos">
            <governor idx="2">Horton</governor>
            <dependent idx="4">34</dependent>
          </dep>
          <dep type="punct">
            <governor idx="2">Horton</governor>
            <dependent idx="5">,</dependent>
          </dep>
          <dep type="auxpass">
            <governor idx="7">killed</governor>
            <dependent idx="6">was</dependent>
          </dep>
          <dep type="case">
            <governor idx="9">Oct</governor>
            <dependent idx="8">on</dependent>
          </dep>
          <dep type="nmod:on">
            <governor idx="7">killed</governor>
            <dependent idx="9">Oct</dependent>
          </dep>
          <dep type="punct">
            <governor idx="9">Oct</governor>
            <dependent idx="10">.</dependent>
          </dep>
          <dep type="nummod">
            <governor idx="9">Oct</governor>
            <dependent idx="11">21</dependent>
          </dep>
          <dep type="punct">
            <governor idx="9">Oct</governor>
            <dependent idx="12">,</dependent>
          </dep>
          <dep type="nummod">
            <governor idx="9">Oct</governor>
            <dependent idx="13">2011</dependent>
          </dep>
          <dep type="mark">
            <governor idx="15">walking</governor>
            <dependent idx="14">while</dependent>
          </dep>
          <dep type="advcl">
            <governor idx="7">killed</governor>
            <dependent idx="15">walking</dependent>
          </dep>
          <dep type="case">
            <governor idx="18">intersection</governor>
            <dependent idx="16">near</dependent>
          </dep>
          <dep type="det">
            <governor idx="18">intersection</governor>
            <dependent idx="17">an</dependent>
          </dep>
          <dep type="nmod:near">
            <governor idx="15">walking</governor>
            <dependent idx="18">intersection</dependent>
          </dep>
          <dep type="case">
            <governor idx="20">Brownsville</governor>
            <dependent idx="19">in</dependent>
          </dep>
          <dep type="nmod:in">
            <governor idx="18">intersection</governor>
            <dependent idx="20">Brownsville</dependent>
          </dep>
          <dep type="case">
            <governor idx="23">p</governor>
            <dependent idx="21">after</dependent>
          </dep>
          <dep type="nummod">
            <governor idx="23">p</governor>
            <dependent idx="22">2</dependent>
          </dep>
          <dep type="nmod:after">
            <governor idx="15">walking</governor>
            <dependent idx="23">p</dependent>
          </dep>
          <dep type="punct">
            <governor idx="7">killed</governor>
            <dependent idx="24">.</dependent>
          </dep>
          <dep type="dep">
            <governor idx="7">killed</governor>
            <dependent idx="25">m</dependent>
          </dep>
          <dep type="punct">
            <governor idx="7">killed</governor>
            <dependent idx="26">.</dependent>
          </dep>
        </dependencies>
        <dependencies type="collapsed-ccprocessed-dependencies">
          <dep type="root">
            <governor idx="0">ROOT</governor>
            <dependent idx="7">killed</dependent>
          </dep>
          <dep type="compound">
            <governor idx="2">Horton</governor>
            <dependent idx="1">Zurana</dependent>
          </dep>
          <dep type="nsubjpass">
            <governor idx="7">killed</governor>
            <dependent idx="2">Horton</dependent>
          </dep>
          <dep type="punct">
            <governor idx="2">Horton</governor>
            <dependent idx="3">,</dependent>
          </dep>
          <dep type="appos">
            <governor idx="2">Horton</governor>
            <dependent idx="4">34</dependent>
          </dep>
          <dep type="punct">
            <governor idx="2">Horton</governor>
            <dependent idx="5">,</dependent>
          </dep>
          <dep type="auxpass">
            <governor idx="7">killed</governor>
            <dependent idx="6">was</dependent>
          </dep>
          <dep type="case">
            <governor idx="9">Oct</governor>
            <dependent idx="8">on</dependent>
          </dep>
          <dep type="nmod:on">
            <governor idx="7">killed</governor>
            <dependent idx="9">Oct</dependent>
          </dep>
          <dep type="punct">
            <governor idx="9">Oct</governor>
            <dependent idx="10">.</dependent>
          </dep>
          <dep type="nummod">
            <governor idx="9">Oct</governor>
            <dependent idx="11">21</dependent>
          </dep>
          <dep type="punct">
            <governor idx="9">Oct</governor>
            <dependent idx="12">,</dependent>
          </dep>
          <dep type="nummod">
            <governor idx="9">Oct</governor>
            <dependent idx="13">2011</dependent>
          </dep>
          <dep type="mark">
            <governor idx="15">walking</governor>
            <dependent idx="14">while</dependent>
          </dep>
          <dep type="advcl">
            <governor idx="7">killed</governor>
            <dependent idx="15">walking</dependent>
          </dep>
          <dep type="case">
            <governor idx="18">intersection</governor>
            <dependent idx="16">near</dependent>
          </dep>
          <dep type="det">
            <governor idx="18">intersection</governor>
            <dependent idx="17">an</dependent>
          </dep>
          <dep type="nmod:near">
            <governor idx="15">walking</governor>
            <dependent idx="18">intersection</dependent>
          </dep>
          <dep type="case">
            <governor idx="20">Brownsville</governor>
            <dependent idx="19">in</dependent>
          </dep>
          <dep type="nmod:in">
            <governor idx="18">intersection</governor>
            <dependent idx="20">Brownsville</dependent>
          </dep>
          <dep type="case">
            <governor idx="23">p</governor>
            <dependent idx="21">after</dependent>
          </dep>
          <dep type="nummod">
            <governor idx="23">p</governor>
            <dependent idx="22">2</dependent>
          </dep>
          <dep type="nmod:after">
            <governor idx="15">walking</governor>
            <dependent idx="23">p</dependent>
          </dep>
          <dep type="punct">
            <governor idx="7">killed</governor>
            <dependent idx="24">.</dependent>
          </dep>
          <dep type="dep">
            <governor idx="7">killed</governor>
            <dependent idx="25">m</dependent>
          </dep>
          <dep type="punct">
            <governor idx="7">killed</governor>
            <dependent idx="26">.</dependent>
          </dep>
        </dependencies>
      </sentence>
      <sentence id="2" line="2">
        <tokens>
          <token id="1">
            <word>Andrew</word>
            <lemma>Andrew</lemma>
            <CharacterOffsetBegin>117</CharacterOffsetBegin>
            <CharacterOffsetEnd>123</CharacterOffsetEnd>
            <POS>NNP</POS>
            <NER>PERSON</NER>
          </token>
          <token id="2">
            <word>Lopez</word>
            <lemma>Lopez</lemma>
            <CharacterOffsetBegin>124</CharacterOffsetBegin>
            <CharacterOffsetEnd>129</CharacterOffsetEnd>
            <POS>NNP</POS>
            <NER>PERSON</NER>
          </token>
          <token id="3">
            <word>,</word>
            <lemma>,</lemma>
            <CharacterOffsetBegin>130</CharacterOffsetBegin>
            <CharacterOffsetEnd>131</CharacterOffsetEnd>
            <POS>,</POS>
            <NER>O</NER>
          </token>
          <token id="4">
            <word>20</word>
            <lemma>20</lemma>
            <CharacterOffsetBegin>132</CharacterOffsetBegin>
            <CharacterOffsetEnd>134</CharacterOffsetEnd>
            <POS>CD</POS>
            <NER>NUMBER</NER>
            <NormalizedNER>20.0</NormalizedNER>
          </token>
          <token id="5">
            <word>,</word>
            <lemma>,</lemma>
            <CharacterOffsetBegin>135</CharacterOffsetBegin>
            <CharacterOffsetEnd>136</CharacterOffsetEnd>
            <POS>,</POS>
            <NER>O</NER>
          </token>
          <token id="6">
            <word>is</word>
            <lemma>be</lemma>
            <CharacterOffsetBegin>137</CharacterOffsetBegin>
            <CharacterOffsetEnd>139</CharacterOffsetEnd>
            <POS>VBZ</POS>
            <NER>O</NER>
          </token>
          <token id="7">
            <word>the</word>
            <lemma>the</lemma>
            <CharacterOffsetBegin>140</CharacterOffsetBegin>
            <CharacterOffsetEnd>143</CharacterOffsetEnd>
            <POS>DT</POS>
            <NER>O</NER>
          </token>
          <token id="8">
            <word>accused</word>
            <lemma>accuse</lemma>
            <CharacterOffsetBegin>144</CharacterOffsetBegin>
            <CharacterOffsetEnd>151</CharacterOffsetEnd>
            <POS>VBN</POS>
            <NER>O</NER>
          </token>
          <token id="9">
            <word>gunman</word>
            <lemma>gunman</lemma>
            <CharacterOffsetBegin>152</CharacterOffsetBegin>
            <CharacterOffsetEnd>158</CharacterOffsetEnd>
            <POS>NN</POS>
            <NER>O</NER>
          </token>
          <token id="10">
            <word>who</word>
            <lemma>who</lemma>
            <CharacterOffsetBegin>159</CharacterOffsetBegin>
            <CharacterOffsetEnd>162</CharacterOffsetEnd>
            <POS>WP</POS>
            <NER>O</NER>
          </token>
          <token id="11">
            <word>sprayed</word>
            <lemma>spray</lemma>
            <CharacterOffsetBegin>163</CharacterOffsetBegin>
            <CharacterOffsetEnd>170</CharacterOffsetEnd>
            <POS>VBD</POS>
            <NER>O</NER>
          </token>
          <token id="12">
            <word>gunfire</word>
            <lemma>gunfire</lemma>
            <CharacterOffsetBegin>171</CharacterOffsetBegin>
            <CharacterOffsetEnd>178</CharacterOffsetEnd>
            <POS>NN</POS>
            <NER>O</NER>
          </token>
          <token id="13">
            <word>from</word>
            <lemma>from</lemma>
            <CharacterOffsetBegin>179</CharacterOffsetBegin>
            <CharacterOffsetEnd>183</CharacterOffsetEnd>
            <POS>IN</POS>
            <NER>O</NER>
          </token>
          <token id="14">
            <word>a</word>
            <lemma>a</lemma>
            <CharacterOffsetBegin>184</CharacterOffsetBegin>
            <CharacterOffsetEnd>185</CharacterOffsetEnd>
            <POS>DT</POS>
            <NER>O</NER>
          </token>
          <token id="15">
            <word>rooftop</word>
            <lemma>rooftop</lemma>
            <CharacterOffsetBegin>186</CharacterOffsetBegin>
            <CharacterOffsetEnd>193</CharacterOffsetEnd>
            <POS>NN</POS>
            <NER>O</NER>
          </token>
          <token id="16">
            <word>.</word>
            <lemma>.</lemma>
            <CharacterOffsetBegin>194</CharacterOffsetBegin>
            <CharacterOffsetEnd>195</CharacterOffsetEnd>
            <POS>.</POS>
            <NER>O</NER>
          </token>
        </tokens>
        <parse>(ROOT (S (NP (NP (NNP Andrew) (NNP Lopez)) (, ,) (NP (CD 20)) (, ,)) (VP (VBZ is) (NP (NP (DT the) (VBN accused) (NN gunman)) (SBAR (WHNP (WP who)) (S (VP (VBD sprayed) (NP (NN gunfire)) (PP (IN from) (NP (DT a) (NN rooftop)))))))) (. .))) </parse>
        <dependencies type="basic-dependencies">
          <dep type="root">
            <governor idx="0">ROOT</governor>
            <dependent idx="9">gunman</dependent>
          </dep>
          <dep type="compound">
            <governor idx="2">Lopez</governor>
            <dependent idx="1">Andrew</dependent>
          </dep>
          <dep type="nsubj">
            <governor idx="9">gunman</governor>
            <dependent idx="2">Lopez</dependent>
          </dep>
          <dep type="punct">
            <governor idx="2">Lopez</governor>
            <dependent idx="3">,</dependent>
          </dep>
          <dep type="appos">
            <governor idx="2">Lopez</governor>
            <dependent idx="4">20</dependent>
          </dep>
          <dep type="punct">
            <governor idx="2">Lopez</governor>
            <dependent idx="5">,</dependent>
          </dep>
          <dep type="cop">
            <governor idx="9">gunman</governor>
            <dependent idx="6">is</dependent>
          </dep>
          <dep type="det">
            <governor idx="9">gunman</governor>
            <dependent idx="7">the</dependent>
          </dep>
          <dep type="amod">
            <governor idx="9">gunman</governor>
            <dependent idx="8">accused</dependent>
          </dep>
          <dep type="nsubj">
            <governor idx="11">sprayed</governor>
            <dependent idx="10">who</dependent>
          </dep>
          <dep type="acl:relcl">
            <governor idx="9">gunman</governor>
            <dependent idx="11">sprayed</dependent>
          </dep>
          <dep type="dobj">
            <governor idx="11">sprayed</governor>
            <dependent idx="12">gunfire</dependent>
          </dep>
          <dep type="case">
            <governor idx="15">rooftop</governor>
            <dependent idx="13">from</dependent>
          </dep>
          <dep type="det">
            <governor idx="15">rooftop</governor>
            <dependent idx="14">a</dependent>
          </dep>
          <dep type="nmod">
            <governor idx="11">sprayed</governor>
            <dependent idx="15">rooftop</dependent>
          </dep>
          <dep type="punct">
            <governor idx="9">gunman</governor>
            <dependent idx="16">.</dependent>
          </dep>
        </dependencies>
        <dependencies type="collapsed-dependencies">
          <dep type="root">
            <governor idx="0">ROOT</governor>
            <dependent idx="9">gunman</dependent>
          </dep>
          <dep type="compound">
            <governor idx="2">Lopez</governor>
            <dependent idx="1">Andrew</dependent>
          </dep>
          <dep type="nsubj">
            <governor idx="9">gunman</governor>
            <dependent idx="2">Lopez</dependent>
          </dep>
          <dep type="punct">
            <governor idx="2">Lopez</governor>
            <dependent idx="3">,</dependent>
          </dep>
          <dep type="appos">
            <governor idx="2">Lopez</governor>
            <dependent idx="4">20</dependent>
          </dep>
          <dep type="punct">
            <governor idx="2">Lopez</governor>
            <dependent idx="5">,</dependent>
          </dep>
          <dep type="cop">
            <governor idx="9">gunman</governor>
            <dependent idx="6">is</dependent>
          </dep>
          <dep type="det">
            <governor idx="9">gunman</governor>
            <dependent idx="7">the</dependent>
          </dep>
          <dep type="amod">
            <governor idx="9">gunman</governor>
            <dependent idx="8">accused</dependent>
          </dep>
          <dep type="nsubj">
            <governor idx="11">sprayed</governor>
            <dependent idx="10">who</dependent>
          </dep>
          <dep type="acl:relcl">
            <governor idx="9">gunman</governor>
            <dependent idx="11">sprayed</dependent>
          </dep>
          <dep type="dobj">
            <governor idx="11">sprayed</governor>
            <dependent idx="12">gunfire</dependent>
          </dep>
          <dep type="case">
            <governor idx="15">rooftop</governor>
            <dependent idx="13">from</dependent>
          </dep>
          <dep type="det">
            <governor idx="15">rooftop</governor>
            <dependent idx="14">a</dependent>
          </dep>
          <dep type="nmod:from">
            <governor idx="11">sprayed</governor>
            <dependent idx="15">rooftop</dependent>
          </dep>
          <dep type="punct">
            <governor idx="9">gunman</governor>
            <dependent idx="16">.</dependent>
          </dep>
        </dependencies>
        <dependencies type="collapsed-ccprocessed-dependencies">
          <dep type="root">
            <governor idx="0">ROOT</governor>
            <dependent idx="9">gunman</dependent>
          </dep>
          <dep type="compound">
            <governor idx="2">Lopez</governor>
            <dependent idx="1">Andrew</dependent>
          </dep>
          <dep type="nsubj">
            <governor idx="9">gunman</governor>
            <dependent idx="2">Lopez</dependent>
          </dep>
          <dep type="punct">
            <governor idx="2">Lopez</governor>
            <dependent idx="3">,</dependent>
          </dep>
          <dep type="appos">
            <governor idx="2">Lopez</governor>
            <dependent idx="4">20</dependent>
          </dep>
          <dep type="punct">
            <governor idx="2">Lopez</governor>
            <dependent idx="5">,</dependent>
          </dep>
          <dep type="cop">
            <governor idx="9">gunman</governor>
            <dependent idx="6">is</dependent>
          </dep>
          <dep type="det">
            <governor idx="9">gunman</governor>
            <dependent idx="7">the</dependent>
          </dep>
          <dep type="amod">
            <governor idx="9">gunman</governor>
            <dependent idx="8">accused</dependent>
          </dep>
          <dep type="nsubj">
            <governor idx="11">sprayed</governor>
            <dependent idx="10">who</dependent>
          </dep>
          <dep type="acl:relcl">
            <governor idx="9">gunman</governor>
            <dependent idx="11">sprayed</dependent>
          </dep>
          <dep type="dobj">
            <governor idx="11">sprayed</governor>
            <dependent idx="12">gunfire</dependent>
          </dep>
          <dep type="case">
            <governor idx="15">rooftop</governor>
            <dependent idx="13">from</dependent>
          </dep>
          <dep type="det">
            <governor idx="15">rooftop</governor>
            <dependent idx="14">a</dependent>
          </dep>
          <dep type="nmod:from">
            <governor idx="11">sprayed</governor>
            <dependent idx="15">rooftop</dependent>
          </dep>
          <dep type="punct">
            <governor idx="9">gunman</governor>
            <dependent idx="16">.</dependent>
          </dep>
        </dependencies>
      </sentence>
      <sentence id="3" line="3">
        <tokens>
          <token id="1">
            <word>A</word>
            <lemma>a</lemma>
            <CharacterOffsetBegin>196</CharacterOffsetBegin>
            <CharacterOffsetEnd>197</CharacterOffsetEnd>
            <POS>DT</POS>
            <NER>O</NER>
          </token>
          <token id="2">
            <word>shocking</word>
            <lemma>shocking</lemma>
            <CharacterOffsetBegin>198</CharacterOffsetBegin>
            <CharacterOffsetEnd>206</CharacterOffsetEnd>
            <POS>JJ</POS>
            <NER>O</NER>
          </token>
          <token id="3">
            <word>video</word>
            <lemma>video</lemma>
            <CharacterOffsetBegin>207</CharacterOffsetBegin>
            <CharacterOffsetEnd>212</CharacterOffsetEnd>
            <POS>NN</POS>
            <NER>O</NER>
          </token>
          <token id="4">
            <word>released</word>
            <lemma>release</lemma>
            <CharacterOffsetBegin>213</CharacterOffsetBegin>
            <CharacterOffsetEnd>221</CharacterOffsetEnd>
            <POS>VBN</POS>
            <NER>O</NER>
          </token>
          <token id="5">
            <word>for</word>
            <lemma>for</lemma>
            <CharacterOffsetBegin>222</CharacterOffsetBegin>
            <CharacterOffsetEnd>225</CharacterOffsetEnd>
            <POS>IN</POS>
            <NER>O</NER>
          </token>
          <token id="6">
            <word>the</word>
            <lemma>the</lemma>
            <CharacterOffsetBegin>226</CharacterOffsetBegin>
            <CharacterOffsetEnd>229</CharacterOffsetEnd>
            <POS>DT</POS>
            <NER>O</NER>
          </token>
          <token id="7">
            <word>first</word>
            <lemma>first</lemma>
            <CharacterOffsetBegin>230</CharacterOffsetBegin>
            <CharacterOffsetEnd>235</CharacterOffsetEnd>
            <POS>JJ</POS>
            <NER>ORDINAL</NER>
            <NormalizedNER>1.0</NormalizedNER>
          </token>
          <token id="8">
            <word>time</word>
            <lemma>time</lemma>
            <CharacterOffsetBegin>236</CharacterOffsetBegin>
            <CharacterOffsetEnd>240</CharacterOffsetEnd>
            <POS>NN</POS>
            <NER>O</NER>
          </token>
          <token id="9">
            <word>Thursday</word>
            <lemma>Thursday</lemma>
            <CharacterOffsetBegin>241</CharacterOffsetBegin>
            <CharacterOffsetEnd>249</CharacterOffsetEnd>
            <POS>NNP</POS>
            <NER>DATE</NER>
            <NormalizedNER>XXXX-WXX-4</NormalizedNER>
            <Timex tid="t3" type="DATE">XXXX-WXX-4</Timex>
          </token>
          <token id="10">
            <word>captures</word>
            <lemma>capture</lemma>
            <CharacterOffsetBegin>250</CharacterOffsetBegin>
            <CharacterOffsetEnd>258</CharacterOffsetEnd>
            <POS>VBZ</POS>
            <NER>O</NER>
          </token>
          <token id="11">
            <word>the</word>
            <lemma>the</lemma>
            <CharacterOffsetBegin>259</CharacterOffsetBegin>
            <CharacterOffsetEnd>262</CharacterOffsetEnd>
            <POS>DT</POS>
            <NER>O</NER>
          </token>
          <token id="12">
            <word>moment</word>
            <lemma>moment</lemma>
            <CharacterOffsetBegin>263</CharacterOffsetBegin>
            <CharacterOffsetEnd>269</CharacterOffsetEnd>
            <POS>NN</POS>
            <NER>O</NER>
          </token>
          <token id="13">
            <word>a</word>
            <lemma>a</lemma>
            <CharacterOffsetBegin>270</CharacterOffsetBegin>
            <CharacterOffsetEnd>271</CharacterOffsetEnd>
            <POS>DT</POS>
            <NER>O</NER>
          </token>
          <token id="14">
            <word>Brooklyn</word>
            <lemma>Brooklyn</lemma>
            <CharacterOffsetBegin>272</CharacterOffsetBegin>
            <CharacterOffsetEnd>280</CharacterOffsetEnd>
            <POS>NNP</POS>
            <NER>LOCATION</NER>
          </token>
          <token id="15">
            <word>mother</word>
            <lemma>mother</lemma>
            <CharacterOffsetBegin>281</CharacterOffsetBegin>
            <CharacterOffsetEnd>287</CharacterOffsetEnd>
            <POS>NN</POS>
            <NER>O</NER>
          </token>
          <token id="16">
            <word>of</word>
            <lemma>of</lemma>
            <CharacterOffsetBegin>288</CharacterOffsetBegin>
            <CharacterOffsetEnd>290</CharacterOffsetEnd>
            <POS>IN</POS>
            <NER>O</NER>
          </token>
          <token id="17">
            <word>12</word>
            <lemma>12</lemma>
            <CharacterOffsetBegin>291</CharacterOffsetBegin>
            <CharacterOffsetEnd>293</CharacterOffsetEnd>
            <POS>CD</POS>
            <NER>NUMBER</NER>
            <NormalizedNER>12.0</NormalizedNER>
          </token>
          <token id="18">
            <word>was</word>
            <lemma>be</lemma>
            <CharacterOffsetBegin>294</CharacterOffsetBegin>
            <CharacterOffsetEnd>297</CharacterOffsetEnd>
            <POS>VBD</POS>
            <NER>O</NER>
          </token>
          <token id="19">
            <word>killed</word>
            <lemma>kill</lemma>
            <CharacterOffsetBegin>298</CharacterOffsetBegin>
            <CharacterOffsetEnd>304</CharacterOffsetEnd>
            <POS>VBN</POS>
            <NER>O</NER>
          </token>
          <token id="20">
            <word>in</word>
            <lemma>in</lemma>
            <CharacterOffsetBegin>305</CharacterOffsetBegin>
            <CharacterOffsetEnd>307</CharacterOffsetEnd>
            <POS>IN</POS>
            <NER>O</NER>
          </token>
          <token id="21">
            <word>a</word>
            <lemma>a</lemma>
            <CharacterOffsetBegin>308</CharacterOffsetBegin>
            <CharacterOffsetEnd>309</CharacterOffsetEnd>
            <POS>DT</POS>
            <NER>O</NER>
          </token>
          <token id="22">
            <word>gang</word>
            <lemma>gang</lemma>
            <CharacterOffsetBegin>310</CharacterOffsetBegin>
            <CharacterOffsetEnd>314</CharacterOffsetEnd>
            <POS>NN</POS>
            <NER>O</NER>
          </token>
          <token id="23">
            <word>shootout</word>
            <lemma>shootout</lemma>
            <CharacterOffsetBegin>315</CharacterOffsetBegin>
            <CharacterOffsetEnd>323</CharacterOffsetEnd>
            <POS>NN</POS>
            <NER>O</NER>
          </token>
          <token id="24">
            <word>as</word>
            <lemma>as</lemma>
            <CharacterOffsetBegin>324</CharacterOffsetBegin>
            <CharacterOffsetEnd>326</CharacterOffsetEnd>
            <POS>IN</POS>
            <NER>O</NER>
          </token>
          <token id="25">
            <word>she</word>
            <lemma>she</lemma>
            <CharacterOffsetBegin>327</CharacterOffsetBegin>
            <CharacterOffsetEnd>330</CharacterOffsetEnd>
            <POS>PRP</POS>
            <NER>O</NER>
          </token>
          <token id="26">
            <word>picked</word>
            <lemma>pick</lemma>
            <CharacterOffsetBegin>331</CharacterOffsetBegin>
            <CharacterOffsetEnd>337</CharacterOffsetEnd>
            <POS>VBD</POS>
            <NER>O</NER>
          </token>
          <token id="27">
            <word>her</word>
            <lemma>she</lemma>
            <CharacterOffsetBegin>338</CharacterOffsetBegin>
            <CharacterOffsetEnd>341</CharacterOffsetEnd>
            <POS>PRP</POS>
            <NER>O</NER>
          </token>
          <token id="28">
            <word>daughter</word>
            <lemma>daughter</lemma>
            <CharacterOffsetBegin>342</CharacterOffsetBegin>
            <CharacterOffsetEnd>350</CharacterOffsetEnd>
            <POS>NN</POS>
            <NER>O</NER>
          </token>
          <token id="29">
            <word>up</word>
            <lemma>up</lemma>
            <CharacterOffsetBegin>351</CharacterOffsetBegin>
            <CharacterOffsetEnd>353</CharacterOffsetEnd>
            <POS>RB</POS>
            <NER>O</NER>
          </token>
          <token id="30">
            <word>from</word>
            <lemma>from</lemma>
            <CharacterOffsetBegin>354</CharacterOffsetBegin>
            <CharacterOffsetEnd>358</CharacterOffsetEnd>
            <POS>IN</POS>
            <NER>O</NER>
          </token>
          <token id="31">
            <word>school</word>
            <lemma>school</lemma>
            <CharacterOffsetBegin>359</CharacterOffsetBegin>
            <CharacterOffsetEnd>365</CharacterOffsetEnd>
            <POS>NN</POS>
            <NER>O</NER>
          </token>
          <token id="32">
            <word>.</word>
            <lemma>.</lemma>
            <CharacterOffsetBegin>366</CharacterOffsetBegin>
            <CharacterOffsetEnd>367</CharacterOffsetEnd>
            <POS>.</POS>
            <NER>O</NER>
          </token>
        </tokens>
        <parse>(ROOT (S (NP (NP (DT A) (JJ shocking) (NN video)) (VP (VBN released) (PP (IN for) (NP (DT the) (JJ first) (NN time))) (NP-TMP (NNP Thursday)))) (VP (VBZ captures) (NP (NP (DT the) (NN moment)) (SBAR (S (NP (NP (DT a) (NNP Brooklyn) (NN mother)) (PP (IN of) (NP (CD 12)))) (VP (VBD was) (VP (VBN killed) (PP (IN in) (NP (DT a) (NN gang) (NN shootout))) (SBAR (IN as) (S (NP (PRP she)) (VP (VBD picked) (NP (PRP her)) (PP (ADVP (NP (NN daughter)) (RB up)) (IN from) (NP (NN school)))))))))))) (. .))) </parse>
        <dependencies type="basic-dependencies">
          <dep type="root">
            <governor idx="0">ROOT</governor>
            <dependent idx="3">video</dependent>
          </dep>
          <dep type="det">
            <governor idx="3">video</governor>
            <dependent idx="1">A</dependent>
          </dep>
          <dep type="amod">
            <governor idx="3">video</governor>
            <dependent idx="2">shocking</dependent>
          </dep>
          <dep type="acl">
            <governor idx="3">video</governor>
            <dependent idx="4">released</dependent>
          </dep>
          <dep type="case">
            <governor idx="8">time</governor>
            <dependent idx="5">for</dependent>
          </dep>
          <dep type="det">
            <governor idx="8">time</governor>
            <dependent idx="6">the</dependent>
          </dep>
          <dep type="amod">
            <governor idx="8">time</governor>
            <dependent idx="7">first</dependent>
          </dep>
          <dep type="nmod">
            <governor idx="4">released</governor>
            <dependent idx="8">time</dependent>
          </dep>
          <dep type="nsubj">
            <governor idx="10">captures</governor>
            <dependent idx="9">Thursday</dependent>
          </dep>
          <dep type="dep">
            <governor idx="4">released</governor>
            <dependent idx="10">captures</dependent>
          </dep>
          <dep type="det">
            <governor idx="12">moment</governor>
            <dependent idx="11">the</dependent>
          </dep>
          <dep type="dobj">
            <governor idx="10">captures</governor>
            <dependent idx="12">moment</dependent>
          </dep>
          <dep type="det">
            <governor idx="15">mother</governor>
            <dependent idx="13">a</dependent>
          </dep>
          <dep type="compound">
            <governor idx="15">mother</governor>
            <dependent idx="14">Brooklyn</dependent>
          </dep>
          <dep type="nsubjpass">
            <governor idx="19">killed</governor>
            <dependent idx="15">mother</dependent>
          </dep>
          <dep type="case">
            <governor idx="17">12</governor>
            <dependent idx="16">of</dependent>
          </dep>
          <dep type="nmod">
            <governor idx="15">mother</governor>
            <dependent idx="17">12</dependent>
          </dep>
          <dep type="auxpass">
            <governor idx="19">killed</governor>
            <dependent idx="18">was</dependent>
          </dep>
          <dep type="acl:relcl">
            <governor idx="12">moment</governor>
            <dependent idx="19">killed</dependent>
          </dep>
          <dep type="case">
            <governor idx="23">shootout</governor>
            <dependent idx="20">in</dependent>
          </dep>
          <dep type="det">
            <governor idx="23">shootout</governor>
            <dependent idx="21">a</dependent>
          </dep>
          <dep type="compound">
            <governor idx="23">shootout</governor>
            <dependent idx="22">gang</dependent>
          </dep>
          <dep type="nmod">
            <governor idx="19">killed</governor>
            <dependent idx="23">shootout</dependent>
          </dep>
          <dep type="mark">
            <governor idx="26">picked</governor>
            <dependent idx="24">as</dependent>
          </dep>
          <dep type="nsubj">
            <governor idx="26">picked</governor>
            <dependent idx="25">she</dependent>
          </dep>
          <dep type="advcl">
            <governor idx="10">captures</governor>
            <dependent idx="26">picked</dependent>
          </dep>
          <dep type="nsubj">
            <governor idx="28">daughter</governor>
            <dependent idx="27">her</dependent>
          </dep>
          <dep type="xcomp">
            <governor idx="26">picked</governor>
            <dependent idx="28">daughter</dependent>
          </dep>
          <dep type="advmod">
            <governor idx="28">daughter</governor>
            <dependent idx="29">up</dependent>
          </dep>
          <dep type="case">
            <governor idx="31">school</governor>
            <dependent idx="30">from</dependent>
          </dep>
          <dep type="nmod">
            <governor idx="28">daughter</governor>
            <dependent idx="31">school</dependent>
          </dep>
          <dep type="punct">
            <governor idx="3">video</governor>
            <dependent idx="32">.</dependent>
          </dep>
        </dependencies>
        <dependencies type="collapsed-dependencies">
          <dep type="root">
            <governor idx="0">ROOT</governor>
            <dependent idx="3">video</dependent>
          </dep>
          <dep type="det">
            <governor idx="3">video</governor>
            <dependent idx="1">A</dependent>
          </dep>
          <dep type="amod">
            <governor idx="3">video</governor>
            <dependent idx="2">shocking</dependent>
          </dep>
          <dep type="acl">
            <governor idx="3">video</governor>
            <dependent idx="4">released</dependent>
          </dep>
          <dep type="case">
            <governor idx="8">time</governor>
            <dependent idx="5">for</dependent>
          </dep>
          <dep type="det">
            <governor idx="8">time</governor>
            <dependent idx="6">the</dependent>
          </dep>
          <dep type="amod">
            <governor idx="8">time</governor>
            <dependent idx="7">first</dependent>
          </dep>
          <dep type="nmod:for">
            <governor idx="4">released</governor>
            <dependent idx="8">time</dependent>
          </dep>
          <dep type="nsubj">
            <governor idx="10">captures</governor>
            <dependent idx="9">Thursday</dependent>
          </dep>
          <dep type="dep">
            <governor idx="4">released</governor>
            <dependent idx="10">captures</dependent>
          </dep>
          <dep type="det">
            <governor idx="12">moment</governor>
            <dependent idx="11">the</dependent>
          </dep>
          <dep type="dobj">
            <governor idx="10">captures</governor>
            <dependent idx="12">moment</dependent>
          </dep>
          <dep type="det">
            <governor idx="15">mother</governor>
            <dependent idx="13">a</dependent>
          </dep>
          <dep type="compound">
            <governor idx="15">mother</governor>
            <dependent idx="14">Brooklyn</dependent>
          </dep>
          <dep type="nsubjpass">
            <governor idx="19">killed</governor>
            <dependent idx="15">mother</dependent>
          </dep>
          <dep type="case">
            <governor idx="17">12</governor>
            <dependent idx="16">of</dependent>
          </dep>
          <dep type="nmod:of">
            <governor idx="15">mother</governor>
            <dependent idx="17">12</dependent>
          </dep>
          <dep type="auxpass">
            <governor idx="19">killed</governor>
            <dependent idx="18">was</dependent>
          </dep>
          <dep type="acl:relcl">
            <governor idx="12">moment</governor>
            <dependent idx="19">killed</dependent>
          </dep>
          <dep type="case">
            <governor idx="23">shootout</governor>
            <dependent idx="20">in</dependent>
          </dep>
          <dep type="det">
            <governor idx="23">shootout</governor>
            <dependent idx="21">a</dependent>
          </dep>
          <dep type="compound">
            <governor idx="23">shootout</governor>
            <dependent idx="22">gang</dependent>
          </dep>
          <dep type="nmod:in">
            <governor idx="19">killed</governor>
            <dependent idx="23">shootout</dependent>
          </dep>
          <dep type="mark">
            <governor idx="26">picked</governor>
            <dependent idx="24">as</dependent>
          </dep>
          <dep type="nsubj">
            <governor idx="26">picked</governor>
            <dependent idx="25">she</dependent>
          </dep>
          <dep type="advcl">
            <governor idx="10">captures</governor>
            <dependent idx="26">picked</dependent>
          </dep>
          <dep type="nsubj">
            <governor idx="28">daughter</governor>
            <dependent idx="27">her</dependent>
          </dep>
          <dep type="xcomp">
            <governor idx="26">picked</governor>
            <dependent idx="28">daughter</dependent>
          </dep>
          <dep type="advmod">
            <governor idx="28">daughter</governor>
            <dependent idx="29">up</dependent>
          </dep>
          <dep type="case">
            <governor idx="31">school</governor>
            <dependent idx="30">from</dependent>
          </dep>
          <dep type="nmod:from">
            <governor idx="28">daughter</governor>
            <dependent idx="31">school</dependent>
          </dep>
          <dep type="punct">
            <governor idx="3">video</governor>
            <dependent idx="32">.</dependent>
          </dep>
        </dependencies>
        <dependencies type="collapsed-ccprocessed-dependencies">
          <dep type="root">
            <governor idx="0">ROOT</governor>
            <dependent idx="3">video</dependent>
          </dep>
          <dep type="det">
            <governor idx="3">video</governor>
            <dependent idx="1">A</dependent>
          </dep>
          <dep type="amod">
            <governor idx="3">video</governor>
            <dependent idx="2">shocking</dependent>
          </dep>
          <dep type="acl">
            <governor idx="3">video</governor>
            <dependent idx="4">released</dependent>
          </dep>
          <dep type="case">
            <governor idx="8">time</governor>
            <dependent idx="5">for</dependent>
          </dep>
          <dep type="det">
            <governor idx="8">time</governor>
            <dependent idx="6">the</dependent>
          </dep>
          <dep type="amod">
            <governor idx="8">time</governor>
            <dependent idx="7">first</dependent>
          </dep>
          <dep type="nmod:for">
            <governor idx="4">released</governor>
            <dependent idx="8">time</dependent>
          </dep>
          <dep type="nsubj">
            <governor idx="10">captures</governor>
            <dependent idx="9">Thursday</dependent>
          </dep>
          <dep type="dep">
            <governor idx="4">released</governor>
            <dependent idx="10">captures</dependent>
          </dep>
          <dep type="det">
            <governor idx="12">moment</governor>
            <dependent idx="11">the</dependent>
          </dep>
          <dep type="dobj">
            <governor idx="10">captures</governor>
            <dependent idx="12">moment</dependent>
          </dep>
          <dep type="det">
            <governor idx="15">mother</governor>
            <dependent idx="13">a</dependent>
          </dep>
          <dep type="compound">
            <governor idx="15">mother</governor>
            <dependent idx="14">Brooklyn</dependent>
          </dep>
          <dep type="nsubjpass">
            <governor idx="19">killed</governor>
            <dependent idx="15">mother</dependent>
          </dep>
          <dep type="case">
            <governor idx="17">12</governor>
            <dependent idx="16">of</dependent>
          </dep>
          <dep type="nmod:of">
            <governor idx="15">mother</governor>
            <dependent idx="17">12</dependent>
          </dep>
          <dep type="auxpass">
            <governor idx="19">killed</governor>
            <dependent idx="18">was</dependent>
          </dep>
          <dep type="acl:relcl">
            <governor idx="12">moment</governor>
            <dependent idx="19">killed</dependent>
          </dep>
          <dep type="case">
            <governor idx="23">shootout</governor>
            <dependent idx="20">in</dependent>
          </dep>
          <dep type="det">
            <governor idx="23">shootout</governor>
            <dependent idx="21">a</dependent>
          </dep>
          <dep type="compound">
            <governor idx="23">shootout</governor>
            <dependent idx="22">gang</dependent>
          </dep>
          <dep type="nmod:in">
            <governor idx="19">killed</governor>
            <dependent idx="23">shootout</dependent>
          </dep>
          <dep type="mark">
            <governor idx="26">picked</governor>
            <dependent idx="24">as</dependent>
          </dep>
          <dep type="nsubj">
            <governor idx="26">picked</governor>
            <dependent idx="25">she</dependent>
          </dep>
          <dep type="advcl">
            <governor idx="10">captures</governor>
            <dependent idx="26">picked</dependent>
          </dep>
          <dep type="nsubj">
            <governor idx="28">daughter</governor>
            <dependent idx="27">her</dependent>
          </dep>
          <dep type="xcomp">
            <governor idx="26">picked</governor>
            <dependent idx="28">daughter</dependent>
          </dep>
          <dep type="advmod">
            <governor idx="28">daughter</governor>
            <dependent idx="29">up</dependent>
          </dep>
          <dep type="case">
            <governor idx="31">school</governor>
            <dependent idx="30">from</dependent>
          </dep>
          <dep type="nmod:from">
            <governor idx="28">daughter</governor>
            <dependent idx="31">school</dependent>
          </dep>
          <dep type="punct">
            <governor idx="3">video</governor>
            <dependent idx="32">.</dependent>
          </dep>
        </dependencies>
      </sentence>
    </sentences>
  </document>
</root>
