<?xml version="1.0" encoding="UTF-8"?>
<?xml-stylesheet href="CoreNLP-to-HTML.xsl" type="text/xsl"?>
<root>
  <document>
    <sentences>
      <sentence id="1" line="1">
        <tokens>
          <token id="1">
            <word>A</word>
            <lemma>a</lemma>
            <CharacterOffsetBegin>0</CharacterOffsetBegin>
            <CharacterOffsetEnd>1</CharacterOffsetEnd>
            <POS>DT</POS>
            <NER>O</NER>
          </token>
          <token id="2">
            <word>series</word>
            <lemma>series</lemma>
            <CharacterOffsetBegin>2</CharacterOffsetBegin>
            <CharacterOffsetEnd>8</CharacterOffsetEnd>
            <POS>NN</POS>
            <NER>O</NER>
          </token>
          <token id="3">
            <word>of</word>
            <lemma>of</lemma>
            <CharacterOffsetBegin>9</CharacterOffsetBegin>
            <CharacterOffsetEnd>11</CharacterOffsetEnd>
            <POS>IN</POS>
            <NER>O</NER>
          </token>
          <token id="4">
            <word>powerful</word>
            <lemma>powerful</lemma>
            <CharacterOffsetBegin>12</CharacterOffsetBegin>
            <CharacterOffsetEnd>20</CharacterOffsetEnd>
            <POS>JJ</POS>
            <NER>O</NER>
          </token>
          <token id="5">
            <word>earthquakes</word>
            <lemma>earthquake</lemma>
            <CharacterOffsetBegin>21</CharacterOffsetBegin>
            <CharacterOffsetEnd>32</CharacterOffsetEnd>
            <POS>NNS</POS>
            <NER>O</NER>
          </token>
          <token id="6">
            <word>rocked</word>
            <lemma>rock</lemma>
            <CharacterOffsetBegin>33</CharacterOffsetBegin>
            <CharacterOffsetEnd>39</CharacterOffsetEnd>
            <POS>VBD</POS>
            <NER>O</NER>
          </token>
          <token id="7">
            <word>Manokwari</word>
            <lemma>Manokwari</lemma>
            <CharacterOffsetBegin>40</CharacterOffsetBegin>
            <CharacterOffsetEnd>49</CharacterOffsetEnd>
            <POS>NNP</POS>
            <NER>LOCATION</NER>
          </token>
          <token id="8">
            <word>,</word>
            <lemma>,</lemma>
            <CharacterOffsetBegin>50</CharacterOffsetBegin>
            <CharacterOffsetEnd>51</CharacterOffsetEnd>
            <POS>,</POS>
            <NER>O</NER>
          </token>
          <token id="9">
            <word>the</word>
            <lemma>the</lemma>
            <CharacterOffsetBegin>52</CharacterOffsetBegin>
            <CharacterOffsetEnd>55</CharacterOffsetEnd>
            <POS>DT</POS>
            <NER>O</NER>
          </token>
          <token id="10">
            <word>capital</word>
            <lemma>capital</lemma>
            <CharacterOffsetBegin>56</CharacterOffsetBegin>
            <CharacterOffsetEnd>63</CharacterOffsetEnd>
            <POS>NN</POS>
            <NER>O</NER>
          </token>
          <token id="11">
            <word>of</word>
            <lemma>of</lemma>
            <CharacterOffsetBegin>64</CharacterOffsetBegin>
            <CharacterOffsetEnd>66</CharacterOffsetEnd>
            <POS>IN</POS>
            <NER>O</NER>
          </token>
          <token id="12">
            <word>West</word>
            <lemma>West</lemma>
            <CharacterOffsetBegin>67</CharacterOffsetBegin>
            <CharacterOffsetEnd>71</CharacterOffsetEnd>
            <POS>NNP</POS>
            <NER>LOCATION</NER>
          </token>
          <token id="13">
            <word>Papua</word>
            <lemma>Papua</lemma>
            <CharacterOffsetBegin>72</CharacterOffsetBegin>
            <CharacterOffsetEnd>77</CharacterOffsetEnd>
            <POS>NNP</POS>
            <NER>LOCATION</NER>
          </token>
          <token id="14">
            <word>,</word>
            <lemma>,</lemma>
            <CharacterOffsetBegin>78</CharacterOffsetBegin>
            <CharacterOffsetEnd>79</CharacterOffsetEnd>
            <POS>,</POS>
            <NER>O</NER>
          </token>
          <token id="15">
            <word>on</word>
            <lemma>on</lemma>
            <CharacterOffsetBegin>80</CharacterOffsetBegin>
            <CharacterOffsetEnd>82</CharacterOffsetEnd>
            <POS>IN</POS>
            <NER>O</NER>
          </token>
          <token id="16">
            <word>Sunday</word>
            <lemma>Sunday</lemma>
            <CharacterOffsetBegin>83</CharacterOffsetBegin>
            <CharacterOffsetEnd>89</CharacterOffsetEnd>
            <POS>NNP</POS>
            <NER>DATE</NER>
            <NormalizedNER>XXXX-WXX-7</NormalizedNER>
            <Timex tid="t1" type="DATE">XXXX-WXX-7</Timex>
          </token>
          <token id="17">
            <word>,</word>
            <lemma>,</lemma>
            <CharacterOffsetBegin>90</CharacterOffsetBegin>
            <CharacterOffsetEnd>91</CharacterOffsetEnd>
            <POS>,</POS>
            <NER>O</NER>
          </token>
          <token id="18">
            <word>killing</word>
            <lemma>kill</lemma>
            <CharacterOffsetBegin>92</CharacterOffsetBegin>
            <CharacterOffsetEnd>99</CharacterOffsetEnd>
            <POS>VBG</POS>
            <NER>O</NER>
          </token>
          <token id="19">
            <word>four</word>
            <lemma>four</lemma>
            <CharacterOffsetBegin>100</CharacterOffsetBegin>
            <CharacterOffsetEnd>104</CharacterOffsetEnd>
            <POS>CD</POS>
            <NER>NUMBER</NER>
            <NormalizedNER>4.0</NormalizedNER>
          </token>
          <token id="20">
            <word>people</word>
            <lemma>people</lemma>
            <CharacterOffsetBegin>105</CharacterOffsetBegin>
            <CharacterOffsetEnd>111</CharacterOffsetEnd>
            <POS>NNS</POS>
            <NER>O</NER>
          </token>
          <token id="21">
            <word>,</word>
            <lemma>,</lemma>
            <CharacterOffsetBegin>112</CharacterOffsetBegin>
            <CharacterOffsetEnd>113</CharacterOffsetEnd>
            <POS>,</POS>
            <NER>O</NER>
          </token>
          <token id="22">
            <word>injuring</word>
            <lemma>injure</lemma>
            <CharacterOffsetBegin>114</CharacterOffsetBegin>
            <CharacterOffsetEnd>122</CharacterOffsetEnd>
            <POS>VBG</POS>
            <NER>O</NER>
          </token>
          <token id="23">
            <word>dozens</word>
            <lemma>dozen</lemma>
            <CharacterOffsetBegin>123</CharacterOffsetBegin>
            <CharacterOffsetEnd>129</CharacterOffsetEnd>
            <POS>NNS</POS>
            <NER>O</NER>
          </token>
          <token id="24">
            <word>and</word>
            <lemma>and</lemma>
            <CharacterOffsetBegin>130</CharacterOffsetBegin>
            <CharacterOffsetEnd>133</CharacterOffsetEnd>
            <POS>CC</POS>
            <NER>O</NER>
          </token>
          <token id="25">
            <word>destroying</word>
            <lemma>destroy</lemma>
            <CharacterOffsetBegin>134</CharacterOffsetBegin>
            <CharacterOffsetEnd>144</CharacterOffsetEnd>
            <POS>VBG</POS>
            <NER>O</NER>
          </token>
          <token id="26">
            <word>hundreds</word>
            <lemma>hundred</lemma>
            <CharacterOffsetBegin>145</CharacterOffsetBegin>
            <CharacterOffsetEnd>153</CharacterOffsetEnd>
            <POS>NNS</POS>
            <NER>O</NER>
          </token>
          <token id="27">
            <word>of</word>
            <lemma>of</lemma>
            <CharacterOffsetBegin>154</CharacterOffsetBegin>
            <CharacterOffsetEnd>156</CharacterOffsetEnd>
            <POS>IN</POS>
            <NER>O</NER>
          </token>
          <token id="28">
            <word>buildings</word>
            <lemma>building</lemma>
            <CharacterOffsetBegin>157</CharacterOffsetBegin>
            <CharacterOffsetEnd>166</CharacterOffsetEnd>
            <POS>NNS</POS>
            <NER>O</NER>
          </token>
          <token id="29">
            <word>.</word>
            <lemma>.</lemma>
            <CharacterOffsetBegin>167</CharacterOffsetBegin>
            <CharacterOffsetEnd>168</CharacterOffsetEnd>
            <POS>.</POS>
            <NER>O</NER>
          </token>
        </tokens>
        <parse>(ROOT (S (NP (NP (DT A) (NN series)) (PP (IN of) (NP (JJ powerful) (NNS earthquakes)))) (VP (VBD rocked) (NP (NP (NNP Manokwari)) (, ,) (NP (NP (DT the) (NN capital)) (PP (IN of) (NP (NNP West) (NNP Papua)))) (, ,)) (PP (IN on) (NP (NNP Sunday))) (, ,) (S (VP (VP (VBG killing) (NP (CD four) (NNS people))) (, ,) (VP (VBG injuring) (NP (NNS dozens))) (CC and) (VP (VBG destroying) (NP (NP (NNS hundreds)) (PP (IN of) (NP (NNS buildings)))))))) (. .))) </parse>
        <dependencies type="basic-dependencies">
          <dep type="root">
            <governor idx="0">ROOT</governor>
            <dependent idx="6">rocked</dependent>
          </dep>
          <dep type="det">
            <governor idx="2">series</governor>
            <dependent idx="1">A</dependent>
          </dep>
          <dep type="nsubj">
            <governor idx="6">rocked</governor>
            <dependent idx="2">series</dependent>
          </dep>
          <dep type="case">
            <governor idx="5">earthquakes</governor>
            <dependent idx="3">of</dependent>
          </dep>
          <dep type="amod">
            <governor idx="5">earthquakes</governor>
            <dependent idx="4">powerful</dependent>
          </dep>
          <dep type="nmod">
            <governor idx="2">series</governor>
            <dependent idx="5">earthquakes</dependent>
          </dep>
          <dep type="dobj">
            <governor idx="6">rocked</governor>
            <dependent idx="7">Manokwari</dependent>
          </dep>
          <dep type="punct">
            <governor idx="7">Manokwari</governor>
            <dependent idx="8">,</dependent>
          </dep>
          <dep type="det">
            <governor idx="10">capital</governor>
            <dependent idx="9">the</dependent>
          </dep>
          <dep type="appos">
            <governor idx="7">Manokwari</governor>
            <dependent idx="10">capital</dependent>
          </dep>
          <dep type="case">
            <governor idx="13">Papua</governor>
            <dependent idx="11">of</dependent>
          </dep>
          <dep type="compound">
            <governor idx="13">Papua</governor>
            <dependent idx="12">West</dependent>
          </dep>
          <dep type="nmod">
            <governor idx="10">capital</governor>
            <dependent idx="13">Papua</dependent>
          </dep>
          <dep type="punct">
            <governor idx="7">Manokwari</governor>
            <dependent idx="14">,</dependent>
          </dep>
          <dep type="case">
            <governor idx="16">Sunday</governor>
            <dependent idx="15">on</dependent>
          </dep>
          <dep type="nmod">
            <governor idx="6">rocked</governor>
            <dependent idx="16">Sunday</dependent>
          </dep>
          <dep type="punct">
            <governor idx="6">rocked</governor>
            <dependent idx="17">,</dependent>
          </dep>
          <dep type="xcomp">
            <governor idx="6">rocked</governor>
            <dependent idx="18">killing</dependent>
          </dep>
          <dep type="nummod">
            <governor idx="20">people</governor>
            <dependent idx="19">four</dependent>
          </dep>
          <dep type="dobj">
            <governor idx="18">killing</governor>
            <dependent idx="20">people</dependent>
          </dep>
          <dep type="punct">
            <governor idx="6">rocked</governor>
            <dependent idx="21">,</dependent>
          </dep>
          <dep type="dep">
            <governor idx="6">rocked</governor>
            <dependent idx="22">injuring</dependent>
          </dep>
          <dep type="dobj">
            <governor idx="22">injuring</governor>
            <dependent idx="23">dozens</dependent>
          </dep>
          <dep type="cc">
            <governor idx="22">injuring</governor>
            <dependent idx="24">and</dependent>
          </dep>
          <dep type="conj">
            <governor idx="22">injuring</governor>
            <dependent idx="25">destroying</dependent>
          </dep>
          <dep type="dobj">
            <governor idx="25">destroying</governor>
            <dependent idx="26">hundreds</dependent>
          </dep>
          <dep type="case">
            <governor idx="28">buildings</governor>
            <dependent idx="27">of</dependent>
          </dep>
          <dep type="nmod">
            <governor idx="26">hundreds</governor>
            <dependent idx="28">buildings</dependent>
          </dep>
          <dep type="punct">
            <governor idx="6">rocked</governor>
            <dependent idx="29">.</dependent>
          </dep>
        </dependencies>
        <dependencies type="collapsed-dependencies">
          <dep type="root">
            <governor idx="0">ROOT</governor>
            <dependent idx="6">rocked</dependent>
          </dep>
          <dep type="det">
            <governor idx="2">series</governor>
            <dependent idx="1">A</dependent>
          </dep>
          <dep type="nsubj">
            <governor idx="6">rocked</governor>
            <dependent idx="2">series</dependent>
          </dep>
          <dep type="case">
            <governor idx="5">earthquakes</governor>
            <dependent idx="3">of</dependent>
          </dep>
          <dep type="amod">
            <governor idx="5">earthquakes</governor>
            <dependent idx="4">powerful</dependent>
          </dep>
          <dep type="nmod:of">
            <governor idx="2">series</governor>
            <dependent idx="5">earthquakes</dependent>
          </dep>
          <dep type="dobj">
            <governor idx="6">rocked</governor>
            <dependent idx="7">Manokwari</dependent>
          </dep>
          <dep type="punct">
            <governor idx="7">Manokwari</governor>
            <dependent idx="8">,</dependent>
          </dep>
          <dep type="det">
            <governor idx="10">capital</governor>
            <dependent idx="9">the</dependent>
          </dep>
          <dep type="appos">
            <governor idx="7">Manokwari</governor>
            <dependent idx="10">capital</dependent>
          </dep>
          <dep type="case">
            <governor idx="13">Papua</governor>
            <dependent idx="11">of</dependent>
          </dep>
          <dep type="compound">
            <governor idx="13">Papua</governor>
            <dependent idx="12">West</dependent>
          </dep>
          <dep type="nmod:of">
            <governor idx="10">capital</governor>
            <dependent idx="13">Papua</dependent>
          </dep>
          <dep type="punct">
            <governor idx="7">Manokwari</governor>
            <dependent idx="14">,</dependent>
          </dep>
          <dep type="case">
            <governor idx="16">Sunday</governor>
            <dependent idx="15">on</dependent>
          </dep>
          <dep type="nmod:on">
            <governor idx="6">rocked</governor>
            <dependent idx="16">Sunday</dependent>
          </dep>
          <dep type="punct">
            <governor idx="6">rocked</governor>
            <dependent idx="17">,</dependent>
          </dep>
          <dep type="xcomp">
            <governor idx="6">rocked</governor>
            <dependent idx="18">killing</dependent>
          </dep>
          <dep type="nummod">
            <governor idx="20">people</governor>
            <dependent idx="19">four</dependent>
          </dep>
          <dep type="dobj">
            <governor idx="18">killing</governor>
            <dependent idx="20">people</dependent>
          </dep>
          <dep type="punct">
            <governor idx="6">rocked</governor>
            <dependent idx="21">,</dependent>
          </dep>
          <dep type="dep">
            <governor idx="6">rocked</governor>
            <dependent idx="22">injuring</dependent>
          </dep>
          <dep type="dobj">
            <governor idx="22">injuring</governor>
            <dependent idx="23">dozens</dependent>
          </dep>
          <dep type="cc">
            <governor idx="22">injuring</governor>
            <dependent idx="24">and</dependent>
          </dep>
          <dep type="conj:and">
            <governor idx="22">injuring</governor>
            <dependent idx="25">destroying</dependent>
          </dep>
          <dep type="dobj">
            <governor idx="25">destroying</governor>
            <dependent idx="26">hundreds</dependent>
          </dep>
          <dep type="case">
            <governor idx="28">buildings</governor>
            <dependent idx="27">of</dependent>
          </dep>
          <dep type="nmod:of">
            <governor idx="26">hundreds</governor>
            <dependent idx="28">buildings</dependent>
          </dep>
          <dep type="punct">
            <governor idx="6">rocked</governor>
            <dependent idx="29">.</dependent>
          </dep>
        </dependencies>
        <dependencies type="collapsed-ccprocessed-dependencies">
          <dep type="root">
            <governor idx="0">ROOT</governor>
            <dependent idx="6">rocked</dependent>
          </dep>
          <dep type="det">
            <governor idx="2">series</governor>
            <dependent idx="1">A</dependent>
          </dep>
          <dep type="nsubj">
            <governor idx="6">rocked</governor>
            <dependent idx="2">series</dependent>
          </dep>
          <dep type="case">
            <governor idx="5">earthquakes</governor>
            <dependent idx="3">of</dependent>
          </dep>
          <dep type="amod">
            <governor idx="5">earthquakes</governor>
            <dependent idx="4">powerful</dependent>
          </dep>
          <dep type="nmod:of">
            <governor idx="2">series</governor>
            <dependent idx="5">earthquakes</dependent>
          </dep>
          <dep type="dobj">
            <governor idx="6">rocked</governor>
            <dependent idx="7">Manokwari</dependent>
          </dep>
          <dep type="punct">
            <governor idx="7">Manokwari</governor>
            <dependent idx="8">,</dependent>
          </dep>
          <dep type="det">
            <governor idx="10">capital</governor>
            <dependent idx="9">the</dependent>
          </dep>
          <dep type="appos">
            <governor idx="7">Manokwari</governor>
            <dependent idx="10">capital</dependent>
          </dep>
          <dep type="case">
            <governor idx="13">Papua</governor>
            <dependent idx="11">of</dependent>
          </dep>
          <dep type="compound">
            <governor idx="13">Papua</governor>
            <dependent idx="12">West</dependent>
          </dep>
          <dep type="nmod:of">
            <governor idx="10">capital</governor>
            <dependent idx="13">Papua</dependent>
          </dep>
          <dep type="punct">
            <governor idx="7">Manokwari</governor>
            <dependent idx="14">,</dependent>
          </dep>
          <dep type="case">
            <governor idx="16">Sunday</governor>
            <dependent idx="15">on</dependent>
          </dep>
          <dep type="nmod:on">
            <governor idx="6">rocked</governor>
            <dependent idx="16">Sunday</dependent>
          </dep>
          <dep type="punct">
            <governor idx="6">rocked</governor>
            <dependent idx="17">,</dependent>
          </dep>
          <dep type="xcomp">
            <governor idx="6">rocked</governor>
            <dependent idx="18">killing</dependent>
          </dep>
          <dep type="nummod">
            <governor idx="20">people</governor>
            <dependent idx="19">four</dependent>
          </dep>
          <dep type="dobj">
            <governor idx="18">killing</governor>
            <dependent idx="20">people</dependent>
          </dep>
          <dep type="punct">
            <governor idx="6">rocked</governor>
            <dependent idx="21">,</dependent>
          </dep>
          <dep type="dep">
            <governor idx="6">rocked</governor>
            <dependent idx="22">injuring</dependent>
          </dep>
          <dep type="dobj">
            <governor idx="22">injuring</governor>
            <dependent idx="23">dozens</dependent>
          </dep>
          <dep type="cc">
            <governor idx="22">injuring</governor>
            <dependent idx="24">and</dependent>
          </dep>
          <dep type="dep" extra="true">
            <governor idx="6">rocked</governor>
            <dependent idx="25">destroying</dependent>
          </dep>
          <dep type="conj:and">
            <governor idx="22">injuring</governor>
            <dependent idx="25">destroying</dependent>
          </dep>
          <dep type="dobj">
            <governor idx="25">destroying</governor>
            <dependent idx="26">hundreds</dependent>
          </dep>
          <dep type="case">
            <governor idx="28">buildings</governor>
            <dependent idx="27">of</dependent>
          </dep>
          <dep type="nmod:of">
            <governor idx="26">hundreds</governor>
            <dependent idx="28">buildings</dependent>
          </dep>
          <dep type="punct">
            <governor idx="6">rocked</governor>
            <dependent idx="29">.</dependent>
          </dep>
        </dependencies>
      </sentence>
    </sentences>
  </document>
</root>
