<?xml version="1.0" encoding="UTF-8"?>
<?xml-stylesheet href="CoreNLP-to-HTML.xsl" type="text/xsl"?>
<root>
  <document>
    <sentences>
      <sentence id="1" line="1">
        <tokens>
          <token id="1">
            <word>Dozens</word>
            <lemma>dozen</lemma>
            <CharacterOffsetBegin>0</CharacterOffsetBegin>
            <CharacterOffsetEnd>6</CharacterOffsetEnd>
            <POS>NNS</POS>
            <NER>O</NER>
          </token>
          <token id="2">
            <word>injured</word>
            <lemma>injure</lemma>
            <CharacterOffsetBegin>7</CharacterOffsetBegin>
            <CharacterOffsetEnd>14</CharacterOffsetEnd>
            <POS>VBN</POS>
            <NER>O</NER>
          </token>
          <token id="3">
            <word>as</word>
            <lemma>as</lemma>
            <CharacterOffsetBegin>15</CharacterOffsetBegin>
            <CharacterOffsetEnd>17</CharacterOffsetEnd>
            <POS>IN</POS>
            <NER>O</NER>
          </token>
          <token id="4">
            <word>6</word>
            <lemma>6</lemma>
            <CharacterOffsetBegin>18</CharacterOffsetBegin>
            <CharacterOffsetEnd>19</CharacterOffsetEnd>
            <POS>CD</POS>
            <NER>NUMBER</NER>
            <NormalizedNER>6.0</NormalizedNER>
          </token>
          <token id="5">
            <word>.</word>
            <lemma>.</lemma>
            <CharacterOffsetBegin>20</CharacterOffsetBegin>
            <CharacterOffsetEnd>21</CharacterOffsetEnd>
            <POS>.</POS>
            <NER>O</NER>
          </token>
          <token id="6">
            <word>1</word>
            <lemma>1</lemma>
            <CharacterOffsetBegin>22</CharacterOffsetBegin>
            <CharacterOffsetEnd>23</CharacterOffsetEnd>
            <POS>LS</POS>
            <NER>NUMBER</NER>
            <NormalizedNER>1.0</NormalizedNER>
          </token>
          <token id="7">
            <word>-</word>
            <lemma>-</lemma>
            <CharacterOffsetBegin>24</CharacterOffsetBegin>
            <CharacterOffsetEnd>25</CharacterOffsetEnd>
            <POS>:</POS>
            <NER>O</NER>
          </token>
          <token id="8">
            <word>magnitude</word>
            <lemma>magnitude</lemma>
            <CharacterOffsetBegin>26</CharacterOffsetBegin>
            <CharacterOffsetEnd>35</CharacterOffsetEnd>
            <POS>NN</POS>
            <NER>O</NER>
          </token>
          <token id="9">
            <word>quake</word>
            <lemma>quake</lemma>
            <CharacterOffsetBegin>36</CharacterOffsetBegin>
            <CharacterOffsetEnd>41</CharacterOffsetEnd>
            <POS>NN</POS>
            <NER>O</NER>
          </token>
          <token id="10">
            <word>hits</word>
            <lemma>hit</lemma>
            <CharacterOffsetBegin>42</CharacterOffsetBegin>
            <CharacterOffsetEnd>46</CharacterOffsetEnd>
            <POS>VBZ</POS>
            <NER>O</NER>
          </token>
          <token id="11">
            <word>Indonesia's</word>
            <lemma>Indonesia's</lemma>
            <CharacterOffsetBegin>47</CharacterOffsetBegin>
            <CharacterOffsetEnd>58</CharacterOffsetEnd>
            <POS>NNPS</POS>
            <NER>O</NER>
          </token>
          <token id="12">
            <word>Aceh</word>
            <lemma>Aceh</lemma>
            <CharacterOffsetBegin>59</CharacterOffsetBegin>
            <CharacterOffsetEnd>63</CharacterOffsetEnd>
            <POS>NNP</POS>
            <NER>O</NER>
          </token>
        </tokens>
        <parse>(ROOT (S (S (NP (NNS Dozens)) (VP (VBN injured) (SBAR (IN as) (S (NP (CD 6) (. .)) (VP (LS 1)))))) (: -) (S (NP (NN magnitude) (NN quake)) (VP (VBZ hits) (NP (NNPS Indonesia's) (NNP Aceh)))))) </parse>
        <dependencies type="basic-dependencies">
          <dep type="root">
            <governor idx="0">ROOT</governor>
            <dependent idx="2">injured</dependent>
          </dep>
          <dep type="nsubj">
            <governor idx="2">injured</governor>
            <dependent idx="1">Dozens</dependent>
          </dep>
          <dep type="case">
            <governor idx="4">6</governor>
            <dependent idx="3">as</dependent>
          </dep>
          <dep type="nmod">
            <governor idx="2">injured</governor>
            <dependent idx="4">6</dependent>
          </dep>
          <dep type="punct">
            <governor idx="2">injured</governor>
            <dependent idx="5">.</dependent>
          </dep>
          <dep type="parataxis">
            <governor idx="2">injured</governor>
            <dependent idx="6">1</dependent>
          </dep>
          <dep type="punct">
            <governor idx="10">hits</governor>
            <dependent idx="7">-</dependent>
          </dep>
          <dep type="compound">
            <governor idx="9">quake</governor>
            <dependent idx="8">magnitude</dependent>
          </dep>
          <dep type="nsubj">
            <governor idx="10">hits</governor>
            <dependent idx="9">quake</dependent>
          </dep>
          <dep type="ccomp">
            <governor idx="6">1</governor>
            <dependent idx="10">hits</dependent>
          </dep>
          <dep type="compound">
            <governor idx="12">Aceh</governor>
            <dependent idx="11">Indonesia's</dependent>
          </dep>
          <dep type="dobj">
            <governor idx="10">hits</governor>
            <dependent idx="12">Aceh</dependent>
          </dep>
        </dependencies>
        <dependencies type="collapsed-dependencies">
          <dep type="root">
            <governor idx="0">ROOT</governor>
            <dependent idx="2">injured</dependent>
          </dep>
          <dep type="nsubj">
            <governor idx="2">injured</governor>
            <dependent idx="1">Dozens</dependent>
          </dep>
          <dep type="case">
            <governor idx="4">6</governor>
            <dependent idx="3">as</dependent>
          </dep>
          <dep type="nmod:as">
            <governor idx="2">injured</governor>
            <dependent idx="4">6</dependent>
          </dep>
          <dep type="punct">
            <governor idx="2">injured</governor>
            <dependent idx="5">.</dependent>
          </dep>
          <dep type="parataxis">
            <governor idx="2">injured</governor>
            <dependent idx="6">1</dependent>
          </dep>
          <dep type="punct">
            <governor idx="10">hits</governor>
            <dependent idx="7">-</dependent>
          </dep>
          <dep type="compound">
            <governor idx="9">quake</governor>
            <dependent idx="8">magnitude</dependent>
          </dep>
          <dep type="nsubj">
            <governor idx="10">hits</governor>
            <dependent idx="9">quake</dependent>
          </dep>
          <dep type="ccomp">
            <governor idx="6">1</governor>
            <dependent idx="10">hits</dependent>
          </dep>
          <dep type="compound">
            <governor idx="12">Aceh</governor>
            <dependent idx="11">Indonesia's</dependent>
          </dep>
          <dep type="dobj">
            <governor idx="10">hits</governor>
            <dependent idx="12">Aceh</dependent>
          </dep>
        </dependencies>
        <dependencies type="collapsed-ccprocessed-dependencies">
          <dep type="root">
            <governor idx="0">ROOT</governor>
            <dependent idx="2">injured</dependent>
          </dep>
          <dep type="nsubj">
            <governor idx="2">injured</governor>
            <dependent idx="1">Dozens</dependent>
          </dep>
          <dep type="case">
            <governor idx="4">6</governor>
            <dependent idx="3">as</dependent>
          </dep>
          <dep type="nmod:as">
            <governor idx="2">injured</governor>
            <dependent idx="4">6</dependent>
          </dep>
          <dep type="punct">
            <governor idx="2">injured</governor>
            <dependent idx="5">.</dependent>
          </dep>
          <dep type="parataxis">
            <governor idx="2">injured</governor>
            <dependent idx="6">1</dependent>
          </dep>
          <dep type="punct">
            <governor idx="10">hits</governor>
            <dependent idx="7">-</dependent>
          </dep>
          <dep type="compound">
            <governor idx="9">quake</governor>
            <dependent idx="8">magnitude</dependent>
          </dep>
          <dep type="nsubj">
            <governor idx="10">hits</governor>
            <dependent idx="9">quake</dependent>
          </dep>
          <dep type="ccomp">
            <governor idx="6">1</governor>
            <dependent idx="10">hits</dependent>
          </dep>
          <dep type="compound">
            <governor idx="12">Aceh</governor>
            <dependent idx="11">Indonesia's</dependent>
          </dep>
          <dep type="dobj">
            <governor idx="10">hits</governor>
            <dependent idx="12">Aceh</dependent>
          </dep>
        </dependencies>
      </sentence>
      <sentence id="2" line="2">
        <tokens>
          <token id="1">
            <word>A</word>
            <lemma>a</lemma>
            <CharacterOffsetBegin>64</CharacterOffsetBegin>
            <CharacterOffsetEnd>65</CharacterOffsetEnd>
            <POS>DT</POS>
            <NER>O</NER>
          </token>
          <token id="2">
            <word>6</word>
            <lemma>6</lemma>
            <CharacterOffsetBegin>66</CharacterOffsetBegin>
            <CharacterOffsetEnd>67</CharacterOffsetEnd>
            <POS>CD</POS>
            <NER>NUMBER</NER>
            <NormalizedNER>6.0</NormalizedNER>
          </token>
          <token id="3">
            <word>.</word>
            <lemma>.</lemma>
            <CharacterOffsetBegin>68</CharacterOffsetBegin>
            <CharacterOffsetEnd>69</CharacterOffsetEnd>
            <POS>.</POS>
            <NER>O</NER>
          </token>
          <token id="4">
            <word>1</word>
            <lemma>1</lemma>
            <CharacterOffsetBegin>70</CharacterOffsetBegin>
            <CharacterOffsetEnd>71</CharacterOffsetEnd>
            <POS>LS</POS>
            <NER>NUMBER</NER>
            <NormalizedNER>1.0</NormalizedNER>
          </token>
          <token id="5">
            <word>-</word>
            <lemma>-</lemma>
            <CharacterOffsetBegin>72</CharacterOffsetBegin>
            <CharacterOffsetEnd>73</CharacterOffsetEnd>
            <POS>:</POS>
            <NER>O</NER>
          </token>
          <token id="6">
            <word>magnitude</word>
            <lemma>magnitude</lemma>
            <CharacterOffsetBegin>74</CharacterOffsetBegin>
            <CharacterOffsetEnd>83</CharacterOffsetEnd>
            <POS>NN</POS>
            <NER>O</NER>
          </token>
          <token id="7">
            <word>earthquake</word>
            <lemma>earthquake</lemma>
            <CharacterOffsetBegin>84</CharacterOffsetBegin>
            <CharacterOffsetEnd>94</CharacterOffsetEnd>
            <POS>NN</POS>
            <NER>O</NER>
          </token>
          <token id="8">
            <word>which</word>
            <lemma>which</lemma>
            <CharacterOffsetBegin>95</CharacterOffsetBegin>
            <CharacterOffsetEnd>100</CharacterOffsetEnd>
            <POS>WDT</POS>
            <NER>O</NER>
          </token>
          <token id="9">
            <word>hit</word>
            <lemma>hit</lemma>
            <CharacterOffsetBegin>101</CharacterOffsetBegin>
            <CharacterOffsetEnd>104</CharacterOffsetEnd>
            <POS>VBD</POS>
            <NER>O</NER>
          </token>
          <token id="10">
            <word>the</word>
            <lemma>the</lemma>
            <CharacterOffsetBegin>105</CharacterOffsetBegin>
            <CharacterOffsetEnd>108</CharacterOffsetEnd>
            <POS>DT</POS>
            <NER>O</NER>
          </token>
          <token id="11">
            <word>Indonesian</word>
            <lemma>indonesian</lemma>
            <CharacterOffsetBegin>109</CharacterOffsetBegin>
            <CharacterOffsetEnd>119</CharacterOffsetEnd>
            <POS>JJ</POS>
            <NER>MISC</NER>
          </token>
          <token id="12">
            <word>province</word>
            <lemma>province</lemma>
            <CharacterOffsetBegin>120</CharacterOffsetBegin>
            <CharacterOffsetEnd>128</CharacterOffsetEnd>
            <POS>NN</POS>
            <NER>O</NER>
          </token>
          <token id="13">
            <word>of</word>
            <lemma>of</lemma>
            <CharacterOffsetBegin>129</CharacterOffsetBegin>
            <CharacterOffsetEnd>131</CharacterOffsetEnd>
            <POS>IN</POS>
            <NER>O</NER>
          </token>
          <token id="14">
            <word>Aceh</word>
            <lemma>Aceh</lemma>
            <CharacterOffsetBegin>132</CharacterOffsetBegin>
            <CharacterOffsetEnd>136</CharacterOffsetEnd>
            <POS>NNP</POS>
            <NER>LOCATION</NER>
          </token>
          <token id="15">
            <word>on</word>
            <lemma>on</lemma>
            <CharacterOffsetBegin>137</CharacterOffsetBegin>
            <CharacterOffsetEnd>139</CharacterOffsetEnd>
            <POS>IN</POS>
            <NER>O</NER>
          </token>
          <token id="16">
            <word>Tuesday</word>
            <lemma>Tuesday</lemma>
            <CharacterOffsetBegin>140</CharacterOffsetBegin>
            <CharacterOffsetEnd>147</CharacterOffsetEnd>
            <POS>NNP</POS>
            <NER>DATE</NER>
            <NormalizedNER>XXXX-WXX-2</NormalizedNER>
            <Timex tid="t1" type="DATE">XXXX-WXX-2</Timex>
          </token>
          <token id="17">
            <word>killed</word>
            <lemma>kill</lemma>
            <CharacterOffsetBegin>148</CharacterOffsetBegin>
            <CharacterOffsetEnd>154</CharacterOffsetEnd>
            <POS>VBD</POS>
            <NER>O</NER>
          </token>
          <token id="18">
            <word>at</word>
            <lemma>at</lemma>
            <CharacterOffsetBegin>155</CharacterOffsetBegin>
            <CharacterOffsetEnd>157</CharacterOffsetEnd>
            <POS>IN</POS>
            <NER>O</NER>
          </token>
          <token id="19">
            <word>least</word>
            <lemma>least</lemma>
            <CharacterOffsetBegin>158</CharacterOffsetBegin>
            <CharacterOffsetEnd>163</CharacterOffsetEnd>
            <POS>JJS</POS>
            <NER>O</NER>
          </token>
          <token id="20">
            <word>one</word>
            <lemma>one</lemma>
            <CharacterOffsetBegin>164</CharacterOffsetBegin>
            <CharacterOffsetEnd>167</CharacterOffsetEnd>
            <POS>CD</POS>
            <NER>NUMBER</NER>
            <NormalizedNER>&gt;=1.0</NormalizedNER>
          </token>
          <token id="21">
            <word>person</word>
            <lemma>person</lemma>
            <CharacterOffsetBegin>168</CharacterOffsetBegin>
            <CharacterOffsetEnd>174</CharacterOffsetEnd>
            <POS>NN</POS>
            <NER>O</NER>
          </token>
          <token id="22">
            <word>,</word>
            <lemma>,</lemma>
            <CharacterOffsetBegin>175</CharacterOffsetBegin>
            <CharacterOffsetEnd>176</CharacterOffsetEnd>
            <POS>,</POS>
            <NER>O</NER>
          </token>
          <token id="23">
            <word>injured</word>
            <lemma>injure</lemma>
            <CharacterOffsetBegin>177</CharacterOffsetBegin>
            <CharacterOffsetEnd>184</CharacterOffsetEnd>
            <POS>VBN</POS>
            <NER>O</NER>
          </token>
          <token id="24">
            <word>dozens</word>
            <lemma>dozen</lemma>
            <CharacterOffsetBegin>185</CharacterOffsetBegin>
            <CharacterOffsetEnd>191</CharacterOffsetEnd>
            <POS>NNS</POS>
            <NER>O</NER>
          </token>
          <token id="25">
            <word>and</word>
            <lemma>and</lemma>
            <CharacterOffsetBegin>192</CharacterOffsetBegin>
            <CharacterOffsetEnd>195</CharacterOffsetEnd>
            <POS>CC</POS>
            <NER>O</NER>
          </token>
          <token id="26">
            <word>destroyed</word>
            <lemma>destroy</lemma>
            <CharacterOffsetBegin>196</CharacterOffsetBegin>
            <CharacterOffsetEnd>205</CharacterOffsetEnd>
            <POS>VBD</POS>
            <NER>O</NER>
          </token>
          <token id="27">
            <word>buildings</word>
            <lemma>building</lemma>
            <CharacterOffsetBegin>206</CharacterOffsetBegin>
            <CharacterOffsetEnd>215</CharacterOffsetEnd>
            <POS>NNS</POS>
            <NER>O</NER>
          </token>
          <token id="28">
            <word>,</word>
            <lemma>,</lemma>
            <CharacterOffsetBegin>216</CharacterOffsetBegin>
            <CharacterOffsetEnd>217</CharacterOffsetEnd>
            <POS>,</POS>
            <NER>O</NER>
          </token>
          <token id="29">
            <word>sparking</word>
            <lemma>spark</lemma>
            <CharacterOffsetBegin>218</CharacterOffsetBegin>
            <CharacterOffsetEnd>226</CharacterOffsetEnd>
            <POS>VBG</POS>
            <NER>O</NER>
          </token>
          <token id="30">
            <word>panic</word>
            <lemma>panic</lemma>
            <CharacterOffsetBegin>227</CharacterOffsetBegin>
            <CharacterOffsetEnd>232</CharacterOffsetEnd>
            <POS>NN</POS>
            <NER>O</NER>
          </token>
          <token id="31">
            <word>in</word>
            <lemma>in</lemma>
            <CharacterOffsetBegin>233</CharacterOffsetBegin>
            <CharacterOffsetEnd>235</CharacterOffsetEnd>
            <POS>IN</POS>
            <NER>O</NER>
          </token>
          <token id="32">
            <word>a</word>
            <lemma>a</lemma>
            <CharacterOffsetBegin>236</CharacterOffsetBegin>
            <CharacterOffsetEnd>237</CharacterOffsetEnd>
            <POS>DT</POS>
            <NER>O</NER>
          </token>
          <token id="33">
            <word>region</word>
            <lemma>region</lemma>
            <CharacterOffsetBegin>238</CharacterOffsetBegin>
            <CharacterOffsetEnd>244</CharacterOffsetEnd>
            <POS>NN</POS>
            <NER>O</NER>
          </token>
          <token id="34">
            <word>devastated</word>
            <lemma>devastate</lemma>
            <CharacterOffsetBegin>245</CharacterOffsetBegin>
            <CharacterOffsetEnd>255</CharacterOffsetEnd>
            <POS>VBN</POS>
            <NER>O</NER>
          </token>
          <token id="35">
            <word>by</word>
            <lemma>by</lemma>
            <CharacterOffsetBegin>256</CharacterOffsetBegin>
            <CharacterOffsetEnd>258</CharacterOffsetEnd>
            <POS>IN</POS>
            <NER>O</NER>
          </token>
          <token id="36">
            <word>the</word>
            <lemma>the</lemma>
            <CharacterOffsetBegin>259</CharacterOffsetBegin>
            <CharacterOffsetEnd>262</CharacterOffsetEnd>
            <POS>DT</POS>
            <NER>O</NER>
          </token>
          <token id="37">
            <word>quake</word>
            <lemma>quake</lemma>
            <CharacterOffsetBegin>263</CharacterOffsetBegin>
            <CharacterOffsetEnd>268</CharacterOffsetEnd>
            <POS>NN</POS>
            <NER>O</NER>
          </token>
          <token id="38">
            <word>-</word>
            <lemma>-</lemma>
            <CharacterOffsetBegin>269</CharacterOffsetBegin>
            <CharacterOffsetEnd>270</CharacterOffsetEnd>
            <POS>:</POS>
            <NER>O</NER>
          </token>
          <token id="39">
            <word>triggered</word>
            <lemma>trigger</lemma>
            <CharacterOffsetBegin>271</CharacterOffsetBegin>
            <CharacterOffsetEnd>280</CharacterOffsetEnd>
            <POS>VBN</POS>
            <NER>O</NER>
          </token>
          <token id="40">
            <word>tsunami</word>
            <lemma>tsunami</lemma>
            <CharacterOffsetBegin>281</CharacterOffsetBegin>
            <CharacterOffsetEnd>288</CharacterOffsetEnd>
            <POS>NN</POS>
            <NER>O</NER>
          </token>
          <token id="41">
            <word>of</word>
            <lemma>of</lemma>
            <CharacterOffsetBegin>289</CharacterOffsetBegin>
            <CharacterOffsetEnd>291</CharacterOffsetEnd>
            <POS>IN</POS>
            <NER>O</NER>
          </token>
          <token id="42">
            <word>2004</word>
            <lemma>2004</lemma>
            <CharacterOffsetBegin>292</CharacterOffsetBegin>
            <CharacterOffsetEnd>296</CharacterOffsetEnd>
            <POS>CD</POS>
            <NER>DATE</NER>
            <NormalizedNER>2004</NormalizedNER>
            <Timex tid="t2" type="DATE">2004</Timex>
          </token>
          <token id="43">
            <word>.</word>
            <lemma>.</lemma>
            <CharacterOffsetBegin>297</CharacterOffsetBegin>
            <CharacterOffsetEnd>298</CharacterOffsetEnd>
            <POS>.</POS>
            <NER>O</NER>
          </token>
        </tokens>
        <parse>(ROOT (NP (NP (NP (DT A)) (SBAR (S (NP (CD 6) (. .))))) (SBAR (S (S (LST (LS 1)) (SBAR (PRN (: -) (NP (NP (NN magnitude)) (NP (NN earthquake)))) (S (NP (WDT which)) (VP (VBD hit) (SBAR (S (NP (NP (DT the) (JJ Indonesian) (NN province)) (PP (IN of) (NP (NP (NNP Aceh)) (PP (IN on) (NP (NNP Tuesday)))))) (VP (VBD killed) (NP (QP (IN at) (JJS least) (CD one)) (NN person)))))))) (, ,) (S (VP (VBN injured))) (NP (NNS dozens)) (VP (CC and) (VP (VBD destroyed) (NP (NNS buildings))))) (, ,) (S (NP (NP (VBG sparking) (NN panic)) (PP (IN in) (NP (DT a) (NN region)))) (VP (VBN devastated) (PP (IN by) (NP (NP (DT the) (NN quake)) (: -) (VP (VBN triggered) (NP (NP (NN tsunami)) (PP (IN of) (NP (CD 2004))))))))))) (. .))) </parse>
        <dependencies type="basic-dependencies">
          <dep type="root">
            <governor idx="0">ROOT</governor>
            <dependent idx="2">6</dependent>
          </dep>
          <dep type="det">
            <governor idx="2">6</governor>
            <dependent idx="1">A</dependent>
          </dep>
          <dep type="punct">
            <governor idx="2">6</governor>
            <dependent idx="3">.</dependent>
          </dep>
          <dep type="compound">
            <governor idx="7">earthquake</governor>
            <dependent idx="4">1</dependent>
          </dep>
          <dep type="punct">
            <governor idx="7">earthquake</governor>
            <dependent idx="5">-</dependent>
          </dep>
          <dep type="compound">
            <governor idx="7">earthquake</governor>
            <dependent idx="6">magnitude</dependent>
          </dep>
          <dep type="nsubj">
            <governor idx="17">killed</governor>
            <dependent idx="7">earthquake</dependent>
          </dep>
          <dep type="nsubj">
            <governor idx="9">hit</governor>
            <dependent idx="8">which</dependent>
          </dep>
          <dep type="acl:relcl">
            <governor idx="7">earthquake</governor>
            <dependent idx="9">hit</dependent>
          </dep>
          <dep type="det">
            <governor idx="12">province</governor>
            <dependent idx="10">the</dependent>
          </dep>
          <dep type="amod">
            <governor idx="12">province</governor>
            <dependent idx="11">Indonesian</dependent>
          </dep>
          <dep type="dobj">
            <governor idx="9">hit</governor>
            <dependent idx="12">province</dependent>
          </dep>
          <dep type="case">
            <governor idx="14">Aceh</governor>
            <dependent idx="13">of</dependent>
          </dep>
          <dep type="nmod">
            <governor idx="12">province</governor>
            <dependent idx="14">Aceh</dependent>
          </dep>
          <dep type="case">
            <governor idx="16">Tuesday</governor>
            <dependent idx="15">on</dependent>
          </dep>
          <dep type="nmod">
            <governor idx="9">hit</governor>
            <dependent idx="16">Tuesday</dependent>
          </dep>
          <dep type="parataxis">
            <governor idx="2">6</governor>
            <dependent idx="17">killed</dependent>
          </dep>
          <dep type="case">
            <governor idx="19">least</governor>
            <dependent idx="18">at</dependent>
          </dep>
          <dep type="nmod:npmod">
            <governor idx="20">one</governor>
            <dependent idx="19">least</dependent>
          </dep>
          <dep type="nummod">
            <governor idx="21">person</governor>
            <dependent idx="20">one</dependent>
          </dep>
          <dep type="dobj">
            <governor idx="17">killed</governor>
            <dependent idx="21">person</dependent>
          </dep>
          <dep type="punct">
            <governor idx="17">killed</governor>
            <dependent idx="22">,</dependent>
          </dep>
          <dep type="conj">
            <governor idx="17">killed</governor>
            <dependent idx="23">injured</dependent>
          </dep>
          <dep type="dobj">
            <governor idx="23">injured</governor>
            <dependent idx="24">dozens</dependent>
          </dep>
          <dep type="cc">
            <governor idx="17">killed</governor>
            <dependent idx="25">and</dependent>
          </dep>
          <dep type="conj">
            <governor idx="17">killed</governor>
            <dependent idx="26">destroyed</dependent>
          </dep>
          <dep type="dobj">
            <governor idx="26">destroyed</governor>
            <dependent idx="27">buildings</dependent>
          </dep>
          <dep type="punct">
            <governor idx="2">6</governor>
            <dependent idx="28">,</dependent>
          </dep>
          <dep type="amod">
            <governor idx="30">panic</governor>
            <dependent idx="29">sparking</dependent>
          </dep>
          <dep type="appos">
            <governor idx="2">6</governor>
            <dependent idx="30">panic</dependent>
          </dep>
          <dep type="case">
            <governor idx="33">region</governor>
            <dependent idx="31">in</dependent>
          </dep>
          <dep type="det">
            <governor idx="33">region</governor>
            <dependent idx="32">a</dependent>
          </dep>
          <dep type="nmod">
            <governor idx="30">panic</governor>
            <dependent idx="33">region</dependent>
          </dep>
          <dep type="acl">
            <governor idx="33">region</governor>
            <dependent idx="34">devastated</dependent>
          </dep>
          <dep type="case">
            <governor idx="37">quake</governor>
            <dependent idx="35">by</dependent>
          </dep>
          <dep type="det">
            <governor idx="37">quake</governor>
            <dependent idx="36">the</dependent>
          </dep>
          <dep type="nmod">
            <governor idx="34">devastated</governor>
            <dependent idx="37">quake</dependent>
          </dep>
          <dep type="punct">
            <governor idx="37">quake</governor>
            <dependent idx="38">-</dependent>
          </dep>
          <dep type="amod">
            <governor idx="40">tsunami</governor>
            <dependent idx="39">triggered</dependent>
          </dep>
          <dep type="dep">
            <governor idx="37">quake</governor>
            <dependent idx="40">tsunami</dependent>
          </dep>
          <dep type="case">
            <governor idx="42">2004</governor>
            <dependent idx="41">of</dependent>
          </dep>
          <dep type="nmod">
            <governor idx="40">tsunami</governor>
            <dependent idx="42">2004</dependent>
          </dep>
          <dep type="punct">
            <governor idx="2">6</governor>
            <dependent idx="43">.</dependent>
          </dep>
        </dependencies>
        <dependencies type="collapsed-dependencies">
          <dep type="root">
            <governor idx="0">ROOT</governor>
            <dependent idx="2">6</dependent>
          </dep>
          <dep type="det">
            <governor idx="2">6</governor>
            <dependent idx="1">A</dependent>
          </dep>
          <dep type="punct">
            <governor idx="2">6</governor>
            <dependent idx="3">.</dependent>
          </dep>
          <dep type="compound">
            <governor idx="7">earthquake</governor>
            <dependent idx="4">1</dependent>
          </dep>
          <dep type="punct">
            <governor idx="7">earthquake</governor>
            <dependent idx="5">-</dependent>
          </dep>
          <dep type="compound">
            <governor idx="7">earthquake</governor>
            <dependent idx="6">magnitude</dependent>
          </dep>
          <dep type="nsubj">
            <governor idx="17">killed</governor>
            <dependent idx="7">earthquake</dependent>
          </dep>
          <dep type="nsubj">
            <governor idx="9">hit</governor>
            <dependent idx="8">which</dependent>
          </dep>
          <dep type="acl:relcl">
            <governor idx="7">earthquake</governor>
            <dependent idx="9">hit</dependent>
          </dep>
          <dep type="det">
            <governor idx="12">province</governor>
            <dependent idx="10">the</dependent>
          </dep>
          <dep type="amod">
            <governor idx="12">province</governor>
            <dependent idx="11">Indonesian</dependent>
          </dep>
          <dep type="dobj">
            <governor idx="9">hit</governor>
            <dependent idx="12">province</dependent>
          </dep>
          <dep type="case">
            <governor idx="14">Aceh</governor>
            <dependent idx="13">of</dependent>
          </dep>
          <dep type="nmod:of">
            <governor idx="12">province</governor>
            <dependent idx="14">Aceh</dependent>
          </dep>
          <dep type="case">
            <governor idx="16">Tuesday</governor>
            <dependent idx="15">on</dependent>
          </dep>
          <dep type="nmod:on">
            <governor idx="9">hit</governor>
            <dependent idx="16">Tuesday</dependent>
          </dep>
          <dep type="parataxis">
            <governor idx="2">6</governor>
            <dependent idx="17">killed</dependent>
          </dep>
          <dep type="case">
            <governor idx="19">least</governor>
            <dependent idx="18">at</dependent>
          </dep>
          <dep type="nmod:npmod">
            <governor idx="20">one</governor>
            <dependent idx="19">least</dependent>
          </dep>
          <dep type="nummod">
            <governor idx="21">person</governor>
            <dependent idx="20">one</dependent>
          </dep>
          <dep type="dobj">
            <governor idx="17">killed</governor>
            <dependent idx="21">person</dependent>
          </dep>
          <dep type="punct">
            <governor idx="17">killed</governor>
            <dependent idx="22">,</dependent>
          </dep>
          <dep type="conj:and">
            <governor idx="17">killed</governor>
            <dependent idx="23">injured</dependent>
          </dep>
          <dep type="dobj">
            <governor idx="23">injured</governor>
            <dependent idx="24">dozens</dependent>
          </dep>
          <dep type="cc">
            <governor idx="17">killed</governor>
            <dependent idx="25">and</dependent>
          </dep>
          <dep type="conj:and">
            <governor idx="17">killed</governor>
            <dependent idx="26">destroyed</dependent>
          </dep>
          <dep type="dobj">
            <governor idx="26">destroyed</governor>
            <dependent idx="27">buildings</dependent>
          </dep>
          <dep type="punct">
            <governor idx="2">6</governor>
            <dependent idx="28">,</dependent>
          </dep>
          <dep type="amod">
            <governor idx="30">panic</governor>
            <dependent idx="29">sparking</dependent>
          </dep>
          <dep type="appos">
            <governor idx="2">6</governor>
            <dependent idx="30">panic</dependent>
          </dep>
          <dep type="case">
            <governor idx="33">region</governor>
            <dependent idx="31">in</dependent>
          </dep>
          <dep type="det">
            <governor idx="33">region</governor>
            <dependent idx="32">a</dependent>
          </dep>
          <dep type="nmod:in">
            <governor idx="30">panic</governor>
            <dependent idx="33">region</dependent>
          </dep>
          <dep type="acl">
            <governor idx="33">region</governor>
            <dependent idx="34">devastated</dependent>
          </dep>
          <dep type="case">
            <governor idx="37">quake</governor>
            <dependent idx="35">by</dependent>
          </dep>
          <dep type="det">
            <governor idx="37">quake</governor>
            <dependent idx="36">the</dependent>
          </dep>
          <dep type="nmod:by">
            <governor idx="34">devastated</governor>
            <dependent idx="37">quake</dependent>
          </dep>
          <dep type="punct">
            <governor idx="37">quake</governor>
            <dependent idx="38">-</dependent>
          </dep>
          <dep type="amod">
            <governor idx="40">tsunami</governor>
            <dependent idx="39">triggered</dependent>
          </dep>
          <dep type="dep">
            <governor idx="37">quake</governor>
            <dependent idx="40">tsunami</dependent>
          </dep>
          <dep type="case">
            <governor idx="42">2004</governor>
            <dependent idx="41">of</dependent>
          </dep>
          <dep type="nmod:of">
            <governor idx="40">tsunami</governor>
            <dependent idx="42">2004</dependent>
          </dep>
          <dep type="punct">
            <governor idx="2">6</governor>
            <dependent idx="43">.</dependent>
          </dep>
        </dependencies>
        <dependencies type="collapsed-ccprocessed-dependencies">
          <dep type="root">
            <governor idx="0">ROOT</governor>
            <dependent idx="2">6</dependent>
          </dep>
          <dep type="det">
            <governor idx="2">6</governor>
            <dependent idx="1">A</dependent>
          </dep>
          <dep type="punct">
            <governor idx="2">6</governor>
            <dependent idx="3">.</dependent>
          </dep>
          <dep type="compound">
            <governor idx="7">earthquake</governor>
            <dependent idx="4">1</dependent>
          </dep>
          <dep type="punct">
            <governor idx="7">earthquake</governor>
            <dependent idx="5">-</dependent>
          </dep>
          <dep type="compound">
            <governor idx="7">earthquake</governor>
            <dependent idx="6">magnitude</dependent>
          </dep>
          <dep type="nsubj">
            <governor idx="17">killed</governor>
            <dependent idx="7">earthquake</dependent>
          </dep>
          <dep type="nsubj" extra="true">
            <governor idx="23">injured</governor>
            <dependent idx="7">earthquake</dependent>
          </dep>
          <dep type="nsubj" extra="true">
            <governor idx="26">destroyed</governor>
            <dependent idx="7">earthquake</dependent>
          </dep>
          <dep type="nsubj">
            <governor idx="9">hit</governor>
            <dependent idx="8">which</dependent>
          </dep>
          <dep type="acl:relcl">
            <governor idx="7">earthquake</governor>
            <dependent idx="9">hit</dependent>
          </dep>
          <dep type="det">
            <governor idx="12">province</governor>
            <dependent idx="10">the</dependent>
          </dep>
          <dep type="amod">
            <governor idx="12">province</governor>
            <dependent idx="11">Indonesian</dependent>
          </dep>
          <dep type="dobj">
            <governor idx="9">hit</governor>
            <dependent idx="12">province</dependent>
          </dep>
          <dep type="case">
            <governor idx="14">Aceh</governor>
            <dependent idx="13">of</dependent>
          </dep>
          <dep type="nmod:of">
            <governor idx="12">province</governor>
            <dependent idx="14">Aceh</dependent>
          </dep>
          <dep type="case">
            <governor idx="16">Tuesday</governor>
            <dependent idx="15">on</dependent>
          </dep>
          <dep type="nmod:on">
            <governor idx="9">hit</governor>
            <dependent idx="16">Tuesday</dependent>
          </dep>
          <dep type="parataxis">
            <governor idx="2">6</governor>
            <dependent idx="17">killed</dependent>
          </dep>
          <dep type="case">
            <governor idx="19">least</governor>
            <dependent idx="18">at</dependent>
          </dep>
          <dep type="nmod:npmod">
            <governor idx="20">one</governor>
            <dependent idx="19">least</dependent>
          </dep>
          <dep type="nummod">
            <governor idx="21">person</governor>
            <dependent idx="20">one</dependent>
          </dep>
          <dep type="dobj">
            <governor idx="17">killed</governor>
            <dependent idx="21">person</dependent>
          </dep>
          <dep type="punct">
            <governor idx="17">killed</governor>
            <dependent idx="22">,</dependent>
          </dep>
          <dep type="parataxis" extra="true">
            <governor idx="2">6</governor>
            <dependent idx="23">injured</dependent>
          </dep>
          <dep type="conj:and">
            <governor idx="17">killed</governor>
            <dependent idx="23">injured</dependent>
          </dep>
          <dep type="dobj">
            <governor idx="23">injured</governor>
            <dependent idx="24">dozens</dependent>
          </dep>
          <dep type="cc">
            <governor idx="17">killed</governor>
            <dependent idx="25">and</dependent>
          </dep>
          <dep type="parataxis" extra="true">
            <governor idx="2">6</governor>
            <dependent idx="26">destroyed</dependent>
          </dep>
          <dep type="conj:and">
            <governor idx="17">killed</governor>
            <dependent idx="26">destroyed</dependent>
          </dep>
          <dep type="dobj">
            <governor idx="26">destroyed</governor>
            <dependent idx="27">buildings</dependent>
          </dep>
          <dep type="punct">
            <governor idx="2">6</governor>
            <dependent idx="28">,</dependent>
          </dep>
          <dep type="amod">
            <governor idx="30">panic</governor>
            <dependent idx="29">sparking</dependent>
          </dep>
          <dep type="appos">
            <governor idx="2">6</governor>
            <dependent idx="30">panic</dependent>
          </dep>
          <dep type="case">
            <governor idx="33">region</governor>
            <dependent idx="31">in</dependent>
          </dep>
          <dep type="det">
            <governor idx="33">region</governor>
            <dependent idx="32">a</dependent>
          </dep>
          <dep type="nmod:in">
            <governor idx="30">panic</governor>
            <dependent idx="33">region</dependent>
          </dep>
          <dep type="acl">
            <governor idx="33">region</governor>
            <dependent idx="34">devastated</dependent>
          </dep>
          <dep type="case">
            <governor idx="37">quake</governor>
            <dependent idx="35">by</dependent>
          </dep>
          <dep type="det">
            <governor idx="37">quake</governor>
            <dependent idx="36">the</dependent>
          </dep>
          <dep type="nmod:by">
            <governor idx="34">devastated</governor>
            <dependent idx="37">quake</dependent>
          </dep>
          <dep type="punct">
            <governor idx="37">quake</governor>
            <dependent idx="38">-</dependent>
          </dep>
          <dep type="amod">
            <governor idx="40">tsunami</governor>
            <dependent idx="39">triggered</dependent>
          </dep>
          <dep type="dep">
            <governor idx="37">quake</governor>
            <dependent idx="40">tsunami</dependent>
          </dep>
          <dep type="case">
            <governor idx="42">2004</governor>
            <dependent idx="41">of</dependent>
          </dep>
          <dep type="nmod:of">
            <governor idx="40">tsunami</governor>
            <dependent idx="42">2004</dependent>
          </dep>
          <dep type="punct">
            <governor idx="2">6</governor>
            <dependent idx="43">.</dependent>
          </dep>
        </dependencies>
      </sentence>
    </sentences>
  </document>
</root>
