<?xml version="1.0" encoding="UTF-8"?>
<?xml-stylesheet href="CoreNLP-to-HTML.xsl" type="text/xsl"?>
<root>
  <document>
    <sentences>
      <sentence id="1" line="1">
        <tokens>
          <token id="1">
            <word>An</word>
            <lemma>a</lemma>
            <CharacterOffsetBegin>0</CharacterOffsetBegin>
            <CharacterOffsetEnd>2</CharacterOffsetEnd>
            <POS>DT</POS>
            <NER>O</NER>
          </token>
          <token id="2">
            <word>earthquake</word>
            <lemma>earthquake</lemma>
            <CharacterOffsetBegin>3</CharacterOffsetBegin>
            <CharacterOffsetEnd>13</CharacterOffsetEnd>
            <POS>NN</POS>
            <NER>O</NER>
          </token>
          <token id="3">
            <word>with</word>
            <lemma>with</lemma>
            <CharacterOffsetBegin>14</CharacterOffsetBegin>
            <CharacterOffsetEnd>18</CharacterOffsetEnd>
            <POS>IN</POS>
            <NER>O</NER>
          </token>
          <token id="4">
            <word>a</word>
            <lemma>a</lemma>
            <CharacterOffsetBegin>19</CharacterOffsetBegin>
            <CharacterOffsetEnd>20</CharacterOffsetEnd>
            <POS>DT</POS>
            <NER>O</NER>
          </token>
          <token id="5">
            <word>preliminary</word>
            <lemma>preliminary</lemma>
            <CharacterOffsetBegin>21</CharacterOffsetBegin>
            <CharacterOffsetEnd>32</CharacterOffsetEnd>
            <POS>JJ</POS>
            <NER>O</NER>
          </token>
          <token id="6">
            <word>magnitude</word>
            <lemma>magnitude</lemma>
            <CharacterOffsetBegin>33</CharacterOffsetBegin>
            <CharacterOffsetEnd>42</CharacterOffsetEnd>
            <POS>NN</POS>
            <NER>O</NER>
          </token>
          <token id="7">
            <word>of</word>
            <lemma>of</lemma>
            <CharacterOffsetBegin>43</CharacterOffsetBegin>
            <CharacterOffsetEnd>45</CharacterOffsetEnd>
            <POS>IN</POS>
            <NER>O</NER>
          </token>
          <token id="8">
            <word>4.4</word>
            <lemma>4.4</lemma>
            <CharacterOffsetBegin>46</CharacterOffsetBegin>
            <CharacterOffsetEnd>49</CharacterOffsetEnd>
            <POS>CD</POS>
            <NER>NUMBER</NER>
            <NormalizedNER>4.4</NormalizedNER>
          </token>
          <token id="9">
            <word>struck</word>
            <lemma>strike</lemma>
            <CharacterOffsetBegin>50</CharacterOffsetBegin>
            <CharacterOffsetEnd>56</CharacterOffsetEnd>
            <POS>VBD</POS>
            <NER>O</NER>
          </token>
          <token id="10">
            <word>in</word>
            <lemma>in</lemma>
            <CharacterOffsetBegin>57</CharacterOffsetBegin>
            <CharacterOffsetEnd>59</CharacterOffsetEnd>
            <POS>IN</POS>
            <NER>O</NER>
          </token>
          <token id="11">
            <word>Sonoma</word>
            <lemma>Sonoma</lemma>
            <CharacterOffsetBegin>60</CharacterOffsetBegin>
            <CharacterOffsetEnd>66</CharacterOffsetEnd>
            <POS>NNP</POS>
            <NER>LOCATION</NER>
          </token>
          <token id="12">
            <word>County</word>
            <lemma>County</lemma>
            <CharacterOffsetBegin>67</CharacterOffsetBegin>
            <CharacterOffsetEnd>73</CharacterOffsetEnd>
            <POS>NNP</POS>
            <NER>LOCATION</NER>
          </token>
          <token id="13">
            <word>this</word>
            <lemma>this</lemma>
            <CharacterOffsetBegin>74</CharacterOffsetBegin>
            <CharacterOffsetEnd>78</CharacterOffsetEnd>
            <POS>DT</POS>
            <NER>TIME</NER>
            <NormalizedNER>THIS MO</NormalizedNER>
            <Timex tid="t1" type="DATE"/>
          </token>
          <token id="14">
            <word>morning</word>
            <lemma>morning</lemma>
            <CharacterOffsetBegin>79</CharacterOffsetBegin>
            <CharacterOffsetEnd>86</CharacterOffsetEnd>
            <POS>NN</POS>
            <NER>TIME</NER>
            <NormalizedNER>THIS MO</NormalizedNER>
            <Timex tid="t1" type="DATE"/>
          </token>
          <token id="15">
            <word>near</word>
            <lemma>near</lemma>
            <CharacterOffsetBegin>87</CharacterOffsetBegin>
            <CharacterOffsetEnd>91</CharacterOffsetEnd>
            <POS>IN</POS>
            <NER>O</NER>
          </token>
          <token id="16">
            <word>The</word>
            <lemma>the</lemma>
            <CharacterOffsetBegin>92</CharacterOffsetBegin>
            <CharacterOffsetEnd>95</CharacterOffsetEnd>
            <POS>DT</POS>
            <NER>O</NER>
          </token>
          <token id="17">
            <word>Geysers</word>
            <lemma>geyser</lemma>
            <CharacterOffsetBegin>96</CharacterOffsetBegin>
            <CharacterOffsetEnd>103</CharacterOffsetEnd>
            <POS>NNS</POS>
            <NER>O</NER>
          </token>
          <token id="18">
            <word>,</word>
            <lemma>,</lemma>
            <CharacterOffsetBegin>104</CharacterOffsetBegin>
            <CharacterOffsetEnd>105</CharacterOffsetEnd>
            <POS>,</POS>
            <NER>O</NER>
          </token>
          <token id="19">
            <word>according</word>
            <lemma>accord</lemma>
            <CharacterOffsetBegin>106</CharacterOffsetBegin>
            <CharacterOffsetEnd>115</CharacterOffsetEnd>
            <POS>VBG</POS>
            <NER>O</NER>
          </token>
          <token id="20">
            <word>to</word>
            <lemma>to</lemma>
            <CharacterOffsetBegin>116</CharacterOffsetBegin>
            <CharacterOffsetEnd>118</CharacterOffsetEnd>
            <POS>TO</POS>
            <NER>O</NER>
          </token>
          <token id="21">
            <word>the</word>
            <lemma>the</lemma>
            <CharacterOffsetBegin>119</CharacterOffsetBegin>
            <CharacterOffsetEnd>122</CharacterOffsetEnd>
            <POS>DT</POS>
            <NER>O</NER>
          </token>
          <token id="22">
            <word>U.S.</word>
            <lemma>U.S.</lemma>
            <CharacterOffsetBegin>123</CharacterOffsetBegin>
            <CharacterOffsetEnd>127</CharacterOffsetEnd>
            <POS>NNP</POS>
            <NER>ORGANIZATION</NER>
          </token>
          <token id="23">
            <word>Geological</word>
            <lemma>Geological</lemma>
            <CharacterOffsetBegin>128</CharacterOffsetBegin>
            <CharacterOffsetEnd>138</CharacterOffsetEnd>
            <POS>NNP</POS>
            <NER>ORGANIZATION</NER>
          </token>
          <token id="24">
            <word>Survey</word>
            <lemma>Survey</lemma>
            <CharacterOffsetBegin>139</CharacterOffsetBegin>
            <CharacterOffsetEnd>145</CharacterOffsetEnd>
            <POS>NNP</POS>
            <NER>ORGANIZATION</NER>
          </token>
          <token id="25">
            <word>.</word>
            <lemma>.</lemma>
            <CharacterOffsetBegin>146</CharacterOffsetBegin>
            <CharacterOffsetEnd>147</CharacterOffsetEnd>
            <POS>.</POS>
            <NER>O</NER>
          </token>
        </tokens>
        <parse>(ROOT (S (NP (NP (DT An) (NN earthquake)) (PP (IN with) (NP (NP (DT a) (JJ preliminary) (NN magnitude)) (PP (IN of) (NP (CD 4.4)))))) (VP (VBD struck) (PP (IN in) (NP (NP (NNP Sonoma) (NNP County)) (NP-TMP (DT this) (NN morning)) (PP (IN near) (NP (DT The) (NNS Geysers))))) (, ,) (PP (VBG according) (PP (TO to) (NP (DT the) (NNP U.S.) (NNP Geological) (NNP Survey))))) (. .))) </parse>
        <dependencies type="basic-dependencies">
          <dep type="root">
            <governor idx="0">ROOT</governor>
            <dependent idx="9">struck</dependent>
          </dep>
          <dep type="det">
            <governor idx="2">earthquake</governor>
            <dependent idx="1">An</dependent>
          </dep>
          <dep type="nsubj">
            <governor idx="9">struck</governor>
            <dependent idx="2">earthquake</dependent>
          </dep>
          <dep type="case">
            <governor idx="6">magnitude</governor>
            <dependent idx="3">with</dependent>
          </dep>
          <dep type="det">
            <governor idx="6">magnitude</governor>
            <dependent idx="4">a</dependent>
          </dep>
          <dep type="amod">
            <governor idx="6">magnitude</governor>
            <dependent idx="5">preliminary</dependent>
          </dep>
          <dep type="nmod">
            <governor idx="2">earthquake</governor>
            <dependent idx="6">magnitude</dependent>
          </dep>
          <dep type="case">
            <governor idx="8">4.4</governor>
            <dependent idx="7">of</dependent>
          </dep>
          <dep type="nmod">
            <governor idx="6">magnitude</governor>
            <dependent idx="8">4.4</dependent>
          </dep>
          <dep type="case">
            <governor idx="12">County</governor>
            <dependent idx="10">in</dependent>
          </dep>
          <dep type="compound">
            <governor idx="12">County</governor>
            <dependent idx="11">Sonoma</dependent>
          </dep>
          <dep type="nmod">
            <governor idx="9">struck</governor>
            <dependent idx="12">County</dependent>
          </dep>
          <dep type="det">
            <governor idx="14">morning</governor>
            <dependent idx="13">this</dependent>
          </dep>
          <dep type="nmod:tmod">
            <governor idx="9">struck</governor>
            <dependent idx="14">morning</dependent>
          </dep>
          <dep type="case">
            <governor idx="17">Geysers</governor>
            <dependent idx="15">near</dependent>
          </dep>
          <dep type="det">
            <governor idx="17">Geysers</governor>
            <dependent idx="16">The</dependent>
          </dep>
          <dep type="nmod">
            <governor idx="9">struck</governor>
            <dependent idx="17">Geysers</dependent>
          </dep>
          <dep type="punct">
            <governor idx="9">struck</governor>
            <dependent idx="18">,</dependent>
          </dep>
          <dep type="case">
            <governor idx="24">Survey</governor>
            <dependent idx="19">according</dependent>
          </dep>
          <dep type="mwe">
            <governor idx="19">according</governor>
            <dependent idx="20">to</dependent>
          </dep>
          <dep type="det">
            <governor idx="24">Survey</governor>
            <dependent idx="21">the</dependent>
          </dep>
          <dep type="compound">
            <governor idx="24">Survey</governor>
            <dependent idx="22">U.S.</dependent>
          </dep>
          <dep type="compound">
            <governor idx="24">Survey</governor>
            <dependent idx="23">Geological</dependent>
          </dep>
          <dep type="nmod">
            <governor idx="9">struck</governor>
            <dependent idx="24">Survey</dependent>
          </dep>
          <dep type="punct">
            <governor idx="9">struck</governor>
            <dependent idx="25">.</dependent>
          </dep>
        </dependencies>
        <dependencies type="collapsed-dependencies">
          <dep type="root">
            <governor idx="0">ROOT</governor>
            <dependent idx="9">struck</dependent>
          </dep>
          <dep type="det">
            <governor idx="2">earthquake</governor>
            <dependent idx="1">An</dependent>
          </dep>
          <dep type="nsubj">
            <governor idx="9">struck</governor>
            <dependent idx="2">earthquake</dependent>
          </dep>
          <dep type="case">
            <governor idx="6">magnitude</governor>
            <dependent idx="3">with</dependent>
          </dep>
          <dep type="det">
            <governor idx="6">magnitude</governor>
            <dependent idx="4">a</dependent>
          </dep>
          <dep type="amod">
            <governor idx="6">magnitude</governor>
            <dependent idx="5">preliminary</dependent>
          </dep>
          <dep type="nmod:with">
            <governor idx="2">earthquake</governor>
            <dependent idx="6">magnitude</dependent>
          </dep>
          <dep type="case">
            <governor idx="8">4.4</governor>
            <dependent idx="7">of</dependent>
          </dep>
          <dep type="nmod:of">
            <governor idx="6">magnitude</governor>
            <dependent idx="8">4.4</dependent>
          </dep>
          <dep type="case">
            <governor idx="12">County</governor>
            <dependent idx="10">in</dependent>
          </dep>
          <dep type="compound">
            <governor idx="12">County</governor>
            <dependent idx="11">Sonoma</dependent>
          </dep>
          <dep type="nmod:in">
            <governor idx="9">struck</governor>
            <dependent idx="12">County</dependent>
          </dep>
          <dep type="det">
            <governor idx="14">morning</governor>
            <dependent idx="13">this</dependent>
          </dep>
          <dep type="nmod:tmod">
            <governor idx="9">struck</governor>
            <dependent idx="14">morning</dependent>
          </dep>
          <dep type="case">
            <governor idx="17">Geysers</governor>
            <dependent idx="15">near</dependent>
          </dep>
          <dep type="det">
            <governor idx="17">Geysers</governor>
            <dependent idx="16">The</dependent>
          </dep>
          <dep type="nmod:near">
            <governor idx="9">struck</governor>
            <dependent idx="17">Geysers</dependent>
          </dep>
          <dep type="punct">
            <governor idx="9">struck</governor>
            <dependent idx="18">,</dependent>
          </dep>
          <dep type="case">
            <governor idx="24">Survey</governor>
            <dependent idx="19">according</dependent>
          </dep>
          <dep type="mwe">
            <governor idx="19">according</governor>
            <dependent idx="20">to</dependent>
          </dep>
          <dep type="det">
            <governor idx="24">Survey</governor>
            <dependent idx="21">the</dependent>
          </dep>
          <dep type="compound">
            <governor idx="24">Survey</governor>
            <dependent idx="22">U.S.</dependent>
          </dep>
          <dep type="compound">
            <governor idx="24">Survey</governor>
            <dependent idx="23">Geological</dependent>
          </dep>
          <dep type="nmod:according_to">
            <governor idx="9">struck</governor>
            <dependent idx="24">Survey</dependent>
          </dep>
          <dep type="punct">
            <governor idx="9">struck</governor>
            <dependent idx="25">.</dependent>
          </dep>
        </dependencies>
        <dependencies type="collapsed-ccprocessed-dependencies">
          <dep type="root">
            <governor idx="0">ROOT</governor>
            <dependent idx="9">struck</dependent>
          </dep>
          <dep type="det">
            <governor idx="2">earthquake</governor>
            <dependent idx="1">An</dependent>
          </dep>
          <dep type="nsubj">
            <governor idx="9">struck</governor>
            <dependent idx="2">earthquake</dependent>
          </dep>
          <dep type="case">
            <governor idx="6">magnitude</governor>
            <dependent idx="3">with</dependent>
          </dep>
          <dep type="det">
            <governor idx="6">magnitude</governor>
            <dependent idx="4">a</dependent>
          </dep>
          <dep type="amod">
            <governor idx="6">magnitude</governor>
            <dependent idx="5">preliminary</dependent>
          </dep>
          <dep type="nmod:with">
            <governor idx="2">earthquake</governor>
            <dependent idx="6">magnitude</dependent>
          </dep>
          <dep type="case">
            <governor idx="8">4.4</governor>
            <dependent idx="7">of</dependent>
          </dep>
          <dep type="nmod:of">
            <governor idx="6">magnitude</governor>
            <dependent idx="8">4.4</dependent>
          </dep>
          <dep type="case">
            <governor idx="12">County</governor>
            <dependent idx="10">in</dependent>
          </dep>
          <dep type="compound">
            <governor idx="12">County</governor>
            <dependent idx="11">Sonoma</dependent>
          </dep>
          <dep type="nmod:in">
            <governor idx="9">struck</governor>
            <dependent idx="12">County</dependent>
          </dep>
          <dep type="det">
            <governor idx="14">morning</governor>
            <dependent idx="13">this</dependent>
          </dep>
          <dep type="nmod:tmod">
            <governor idx="9">struck</governor>
            <dependent idx="14">morning</dependent>
          </dep>
          <dep type="case">
            <governor idx="17">Geysers</governor>
            <dependent idx="15">near</dependent>
          </dep>
          <dep type="det">
            <governor idx="17">Geysers</governor>
            <dependent idx="16">The</dependent>
          </dep>
          <dep type="nmod:near">
            <governor idx="9">struck</governor>
            <dependent idx="17">Geysers</dependent>
          </dep>
          <dep type="punct">
            <governor idx="9">struck</governor>
            <dependent idx="18">,</dependent>
          </dep>
          <dep type="case">
            <governor idx="24">Survey</governor>
            <dependent idx="19">according</dependent>
          </dep>
          <dep type="mwe">
            <governor idx="19">according</governor>
            <dependent idx="20">to</dependent>
          </dep>
          <dep type="det">
            <governor idx="24">Survey</governor>
            <dependent idx="21">the</dependent>
          </dep>
          <dep type="compound">
            <governor idx="24">Survey</governor>
            <dependent idx="22">U.S.</dependent>
          </dep>
          <dep type="compound">
            <governor idx="24">Survey</governor>
            <dependent idx="23">Geological</dependent>
          </dep>
          <dep type="nmod:according_to">
            <governor idx="9">struck</governor>
            <dependent idx="24">Survey</dependent>
          </dep>
          <dep type="punct">
            <governor idx="9">struck</governor>
            <dependent idx="25">.</dependent>
          </dep>
        </dependencies>
      </sentence>
      <sentence id="2" line="2">
        <tokens>
          <token id="1">
            <word>The</word>
            <lemma>the</lemma>
            <CharacterOffsetBegin>148</CharacterOffsetBegin>
            <CharacterOffsetEnd>151</CharacterOffsetEnd>
            <POS>DT</POS>
            <NER>O</NER>
          </token>
          <token id="2">
            <word>earthquake</word>
            <lemma>earthquake</lemma>
            <CharacterOffsetBegin>152</CharacterOffsetBegin>
            <CharacterOffsetEnd>162</CharacterOffsetEnd>
            <POS>NN</POS>
            <NER>O</NER>
          </token>
          <token id="3">
            <word>struck</word>
            <lemma>strike</lemma>
            <CharacterOffsetBegin>163</CharacterOffsetBegin>
            <CharacterOffsetEnd>169</CharacterOffsetEnd>
            <POS>VBD</POS>
            <NER>O</NER>
          </token>
          <token id="4">
            <word>at</word>
            <lemma>at</lemma>
            <CharacterOffsetBegin>170</CharacterOffsetBegin>
            <CharacterOffsetEnd>172</CharacterOffsetEnd>
            <POS>IN</POS>
            <NER>O</NER>
          </token>
          <token id="5">
            <word>about</word>
            <lemma>about</lemma>
            <CharacterOffsetBegin>173</CharacterOffsetBegin>
            <CharacterOffsetEnd>178</CharacterOffsetEnd>
            <POS>IN</POS>
            <NER>TIME</NER>
            <NormalizedNER>T09:30</NormalizedNER>
            <Timex tid="t2" type="TIME">T09:30</Timex>
          </token>
          <token id="6">
            <word>9:30</word>
            <lemma>9:30</lemma>
            <CharacterOffsetBegin>179</CharacterOffsetBegin>
            <CharacterOffsetEnd>183</CharacterOffsetEnd>
            <POS>CD</POS>
            <NER>TIME</NER>
            <NormalizedNER>T09:30</NormalizedNER>
            <Timex tid="t2" type="TIME">T09:30</Timex>
          </token>
          <token id="7">
            <word>a.m.</word>
            <lemma>a.m.</lemma>
            <CharacterOffsetBegin>184</CharacterOffsetBegin>
            <CharacterOffsetEnd>188</CharacterOffsetEnd>
            <POS>NN</POS>
            <NER>TIME</NER>
            <NormalizedNER>T09:30</NormalizedNER>
            <Timex tid="t2" type="TIME">T09:30</Timex>
          </token>
          <token id="8">
            <word>and</word>
            <lemma>and</lemma>
            <CharacterOffsetBegin>189</CharacterOffsetBegin>
            <CharacterOffsetEnd>192</CharacterOffsetEnd>
            <POS>CC</POS>
            <NER>O</NER>
          </token>
          <token id="9">
            <word>had</word>
            <lemma>have</lemma>
            <CharacterOffsetBegin>193</CharacterOffsetBegin>
            <CharacterOffsetEnd>196</CharacterOffsetEnd>
            <POS>VBD</POS>
            <NER>O</NER>
          </token>
          <token id="10">
            <word>a</word>
            <lemma>a</lemma>
            <CharacterOffsetBegin>197</CharacterOffsetBegin>
            <CharacterOffsetEnd>198</CharacterOffsetEnd>
            <POS>DT</POS>
            <NER>O</NER>
          </token>
          <token id="11">
            <word>depth</word>
            <lemma>depth</lemma>
            <CharacterOffsetBegin>199</CharacterOffsetBegin>
            <CharacterOffsetEnd>204</CharacterOffsetEnd>
            <POS>NN</POS>
            <NER>O</NER>
          </token>
          <token id="12">
            <word>of</word>
            <lemma>of</lemma>
            <CharacterOffsetBegin>205</CharacterOffsetBegin>
            <CharacterOffsetEnd>207</CharacterOffsetEnd>
            <POS>IN</POS>
            <NER>O</NER>
          </token>
          <token id="13">
            <word>2.7</word>
            <lemma>2.7</lemma>
            <CharacterOffsetBegin>208</CharacterOffsetBegin>
            <CharacterOffsetEnd>211</CharacterOffsetEnd>
            <POS>CD</POS>
            <NER>NUMBER</NER>
            <NormalizedNER>2.7</NormalizedNER>
          </token>
          <token id="14">
            <word>miles</word>
            <lemma>mile</lemma>
            <CharacterOffsetBegin>212</CharacterOffsetBegin>
            <CharacterOffsetEnd>217</CharacterOffsetEnd>
            <POS>NNS</POS>
            <NER>O</NER>
          </token>
          <token id="15">
            <word>,</word>
            <lemma>,</lemma>
            <CharacterOffsetBegin>218</CharacterOffsetBegin>
            <CharacterOffsetEnd>219</CharacterOffsetEnd>
            <POS>,</POS>
            <NER>O</NER>
          </token>
          <token id="16">
            <word>according</word>
            <lemma>accord</lemma>
            <CharacterOffsetBegin>220</CharacterOffsetBegin>
            <CharacterOffsetEnd>229</CharacterOffsetEnd>
            <POS>VBG</POS>
            <NER>O</NER>
          </token>
          <token id="17">
            <word>to</word>
            <lemma>to</lemma>
            <CharacterOffsetBegin>230</CharacterOffsetBegin>
            <CharacterOffsetEnd>232</CharacterOffsetEnd>
            <POS>TO</POS>
            <NER>O</NER>
          </token>
          <token id="18">
            <word>the</word>
            <lemma>the</lemma>
            <CharacterOffsetBegin>233</CharacterOffsetBegin>
            <CharacterOffsetEnd>236</CharacterOffsetEnd>
            <POS>DT</POS>
            <NER>O</NER>
          </token>
          <token id="19">
            <word>USGS</word>
            <lemma>USGS</lemma>
            <CharacterOffsetBegin>237</CharacterOffsetBegin>
            <CharacterOffsetEnd>241</CharacterOffsetEnd>
            <POS>NNP</POS>
            <NER>ORGANIZATION</NER>
          </token>
          <token id="20">
            <word>.</word>
            <lemma>.</lemma>
            <CharacterOffsetBegin>242</CharacterOffsetBegin>
            <CharacterOffsetEnd>243</CharacterOffsetEnd>
            <POS>.</POS>
            <NER>O</NER>
          </token>
        </tokens>
        <parse>(ROOT (S (NP (DT The) (NN earthquake)) (VP (VP (VBD struck) (ADVP (IN at)) (PP (IN about) (NP (CD 9:30) (NN a.m.)))) (CC and) (VP (VBD had) (NP (NP (DT a) (NN depth)) (PP (IN of) (NP (CD 2.7) (NNS miles)))) (, ,) (PP (VBG according) (PP (TO to) (NP (DT the) (NNP USGS)))))) (. .))) </parse>
        <dependencies type="basic-dependencies">
          <dep type="root">
            <governor idx="0">ROOT</governor>
            <dependent idx="3">struck</dependent>
          </dep>
          <dep type="det">
            <governor idx="2">earthquake</governor>
            <dependent idx="1">The</dependent>
          </dep>
          <dep type="nsubj">
            <governor idx="3">struck</governor>
            <dependent idx="2">earthquake</dependent>
          </dep>
          <dep type="case">
            <governor idx="7">a.m.</governor>
            <dependent idx="4">at</dependent>
          </dep>
          <dep type="advmod">
            <governor idx="6">9:30</governor>
            <dependent idx="5">about</dependent>
          </dep>
          <dep type="nummod">
            <governor idx="7">a.m.</governor>
            <dependent idx="6">9:30</dependent>
          </dep>
          <dep type="nmod">
            <governor idx="3">struck</governor>
            <dependent idx="7">a.m.</dependent>
          </dep>
          <dep type="cc">
            <governor idx="3">struck</governor>
            <dependent idx="8">and</dependent>
          </dep>
          <dep type="conj">
            <governor idx="3">struck</governor>
            <dependent idx="9">had</dependent>
          </dep>
          <dep type="det">
            <governor idx="11">depth</governor>
            <dependent idx="10">a</dependent>
          </dep>
          <dep type="dobj">
            <governor idx="9">had</governor>
            <dependent idx="11">depth</dependent>
          </dep>
          <dep type="case">
            <governor idx="14">miles</governor>
            <dependent idx="12">of</dependent>
          </dep>
          <dep type="nummod">
            <governor idx="14">miles</governor>
            <dependent idx="13">2.7</dependent>
          </dep>
          <dep type="nmod">
            <governor idx="11">depth</governor>
            <dependent idx="14">miles</dependent>
          </dep>
          <dep type="punct">
            <governor idx="3">struck</governor>
            <dependent idx="15">,</dependent>
          </dep>
          <dep type="case">
            <governor idx="19">USGS</governor>
            <dependent idx="16">according</dependent>
          </dep>
          <dep type="mwe">
            <governor idx="16">according</governor>
            <dependent idx="17">to</dependent>
          </dep>
          <dep type="det">
            <governor idx="19">USGS</governor>
            <dependent idx="18">the</dependent>
          </dep>
          <dep type="nmod">
            <governor idx="3">struck</governor>
            <dependent idx="19">USGS</dependent>
          </dep>
          <dep type="punct">
            <governor idx="3">struck</governor>
            <dependent idx="20">.</dependent>
          </dep>
        </dependencies>
        <dependencies type="collapsed-dependencies">
          <dep type="root">
            <governor idx="0">ROOT</governor>
            <dependent idx="3">struck</dependent>
          </dep>
          <dep type="det">
            <governor idx="2">earthquake</governor>
            <dependent idx="1">The</dependent>
          </dep>
          <dep type="nsubj">
            <governor idx="3">struck</governor>
            <dependent idx="2">earthquake</dependent>
          </dep>
          <dep type="case">
            <governor idx="7">a.m.</governor>
            <dependent idx="4">at</dependent>
          </dep>
          <dep type="advmod">
            <governor idx="6">9:30</governor>
            <dependent idx="5">about</dependent>
          </dep>
          <dep type="nummod">
            <governor idx="7">a.m.</governor>
            <dependent idx="6">9:30</dependent>
          </dep>
          <dep type="nmod:at">
            <governor idx="3">struck</governor>
            <dependent idx="7">a.m.</dependent>
          </dep>
          <dep type="cc">
            <governor idx="3">struck</governor>
            <dependent idx="8">and</dependent>
          </dep>
          <dep type="conj:and">
            <governor idx="3">struck</governor>
            <dependent idx="9">had</dependent>
          </dep>
          <dep type="det">
            <governor idx="11">depth</governor>
            <dependent idx="10">a</dependent>
          </dep>
          <dep type="dobj">
            <governor idx="9">had</governor>
            <dependent idx="11">depth</dependent>
          </dep>
          <dep type="case">
            <governor idx="14">miles</governor>
            <dependent idx="12">of</dependent>
          </dep>
          <dep type="nummod">
            <governor idx="14">miles</governor>
            <dependent idx="13">2.7</dependent>
          </dep>
          <dep type="nmod:of">
            <governor idx="11">depth</governor>
            <dependent idx="14">miles</dependent>
          </dep>
          <dep type="punct">
            <governor idx="3">struck</governor>
            <dependent idx="15">,</dependent>
          </dep>
          <dep type="case">
            <governor idx="19">USGS</governor>
            <dependent idx="16">according</dependent>
          </dep>
          <dep type="mwe">
            <governor idx="16">according</governor>
            <dependent idx="17">to</dependent>
          </dep>
          <dep type="det">
            <governor idx="19">USGS</governor>
            <dependent idx="18">the</dependent>
          </dep>
          <dep type="nmod:according_to">
            <governor idx="3">struck</governor>
            <dependent idx="19">USGS</dependent>
          </dep>
          <dep type="punct">
            <governor idx="3">struck</governor>
            <dependent idx="20">.</dependent>
          </dep>
        </dependencies>
        <dependencies type="collapsed-ccprocessed-dependencies">
          <dep type="root">
            <governor idx="0">ROOT</governor>
            <dependent idx="3">struck</dependent>
          </dep>
          <dep type="det">
            <governor idx="2">earthquake</governor>
            <dependent idx="1">The</dependent>
          </dep>
          <dep type="nsubj">
            <governor idx="3">struck</governor>
            <dependent idx="2">earthquake</dependent>
          </dep>
          <dep type="nsubj" extra="true">
            <governor idx="9">had</governor>
            <dependent idx="2">earthquake</dependent>
          </dep>
          <dep type="case">
            <governor idx="7">a.m.</governor>
            <dependent idx="4">at</dependent>
          </dep>
          <dep type="advmod">
            <governor idx="6">9:30</governor>
            <dependent idx="5">about</dependent>
          </dep>
          <dep type="nummod">
            <governor idx="7">a.m.</governor>
            <dependent idx="6">9:30</dependent>
          </dep>
          <dep type="nmod:at">
            <governor idx="3">struck</governor>
            <dependent idx="7">a.m.</dependent>
          </dep>
          <dep type="cc">
            <governor idx="3">struck</governor>
            <dependent idx="8">and</dependent>
          </dep>
          <dep type="conj:and">
            <governor idx="3">struck</governor>
            <dependent idx="9">had</dependent>
          </dep>
          <dep type="det">
            <governor idx="11">depth</governor>
            <dependent idx="10">a</dependent>
          </dep>
          <dep type="dobj">
            <governor idx="9">had</governor>
            <dependent idx="11">depth</dependent>
          </dep>
          <dep type="case">
            <governor idx="14">miles</governor>
            <dependent idx="12">of</dependent>
          </dep>
          <dep type="nummod">
            <governor idx="14">miles</governor>
            <dependent idx="13">2.7</dependent>
          </dep>
          <dep type="nmod:of">
            <governor idx="11">depth</governor>
            <dependent idx="14">miles</dependent>
          </dep>
          <dep type="punct">
            <governor idx="3">struck</governor>
            <dependent idx="15">,</dependent>
          </dep>
          <dep type="case">
            <governor idx="19">USGS</governor>
            <dependent idx="16">according</dependent>
          </dep>
          <dep type="mwe">
            <governor idx="16">according</governor>
            <dependent idx="17">to</dependent>
          </dep>
          <dep type="det">
            <governor idx="19">USGS</governor>
            <dependent idx="18">the</dependent>
          </dep>
          <dep type="nmod:according_to">
            <governor idx="3">struck</governor>
            <dependent idx="19">USGS</dependent>
          </dep>
          <dep type="punct">
            <governor idx="3">struck</governor>
            <dependent idx="20">.</dependent>
          </dep>
        </dependencies>
      </sentence>
      <sentence id="3" line="3">
        <tokens>
          <token id="1">
            <word>Earlier</word>
            <lemma>earlier</lemma>
            <CharacterOffsetBegin>244</CharacterOffsetBegin>
            <CharacterOffsetEnd>251</CharacterOffsetEnd>
            <POS>RBR</POS>
            <NER>DATE</NER>
            <NormalizedNER>THIS MO</NormalizedNER>
            <Timex tid="t1" type="DATE"/>
          </token>
          <token id="2">
            <word>this</word>
            <lemma>this</lemma>
            <CharacterOffsetBegin>252</CharacterOffsetBegin>
            <CharacterOffsetEnd>256</CharacterOffsetEnd>
            <POS>DT</POS>
            <NER>TIME</NER>
            <NormalizedNER>THIS MO</NormalizedNER>
            <Timex tid="t1" type="DATE"/>
          </token>
          <token id="3">
            <word>morning</word>
            <lemma>morning</lemma>
            <CharacterOffsetBegin>257</CharacterOffsetBegin>
            <CharacterOffsetEnd>264</CharacterOffsetEnd>
            <POS>NN</POS>
            <NER>TIME</NER>
            <NormalizedNER>THIS MO</NormalizedNER>
            <Timex tid="t1" type="DATE"/>
          </token>
          <token id="4">
            <word>,</word>
            <lemma>,</lemma>
            <CharacterOffsetBegin>265</CharacterOffsetBegin>
            <CharacterOffsetEnd>266</CharacterOffsetEnd>
            <POS>,</POS>
            <NER>O</NER>
          </token>
          <token id="5">
            <word>an</word>
            <lemma>a</lemma>
            <CharacterOffsetBegin>267</CharacterOffsetBegin>
            <CharacterOffsetEnd>269</CharacterOffsetEnd>
            <POS>DT</POS>
            <NER>O</NER>
          </token>
          <token id="6">
            <word>earthquake</word>
            <lemma>earthquake</lemma>
            <CharacterOffsetBegin>270</CharacterOffsetBegin>
            <CharacterOffsetEnd>280</CharacterOffsetEnd>
            <POS>NN</POS>
            <NER>O</NER>
          </token>
          <token id="7">
            <word>with</word>
            <lemma>with</lemma>
            <CharacterOffsetBegin>281</CharacterOffsetBegin>
            <CharacterOffsetEnd>285</CharacterOffsetEnd>
            <POS>IN</POS>
            <NER>O</NER>
          </token>
          <token id="8">
            <word>a</word>
            <lemma>a</lemma>
            <CharacterOffsetBegin>286</CharacterOffsetBegin>
            <CharacterOffsetEnd>287</CharacterOffsetEnd>
            <POS>DT</POS>
            <NER>O</NER>
          </token>
          <token id="9">
            <word>preliminary</word>
            <lemma>preliminary</lemma>
            <CharacterOffsetBegin>288</CharacterOffsetBegin>
            <CharacterOffsetEnd>299</CharacterOffsetEnd>
            <POS>JJ</POS>
            <NER>O</NER>
          </token>
          <token id="10">
            <word>magnitude</word>
            <lemma>magnitude</lemma>
            <CharacterOffsetBegin>300</CharacterOffsetBegin>
            <CharacterOffsetEnd>309</CharacterOffsetEnd>
            <POS>NN</POS>
            <NER>O</NER>
          </token>
          <token id="11">
            <word>of</word>
            <lemma>of</lemma>
            <CharacterOffsetBegin>310</CharacterOffsetBegin>
            <CharacterOffsetEnd>312</CharacterOffsetEnd>
            <POS>IN</POS>
            <NER>O</NER>
          </token>
          <token id="12">
            <word>2.0</word>
            <lemma>2.0</lemma>
            <CharacterOffsetBegin>313</CharacterOffsetBegin>
            <CharacterOffsetEnd>316</CharacterOffsetEnd>
            <POS>CD</POS>
            <NER>NUMBER</NER>
            <NormalizedNER>2.0</NormalizedNER>
          </token>
          <token id="13">
            <word>struck</word>
            <lemma>strike</lemma>
            <CharacterOffsetBegin>317</CharacterOffsetBegin>
            <CharacterOffsetEnd>323</CharacterOffsetEnd>
            <POS>VBD</POS>
            <NER>O</NER>
          </token>
          <token id="14">
            <word>near</word>
            <lemma>near</lemma>
            <CharacterOffsetBegin>324</CharacterOffsetBegin>
            <CharacterOffsetEnd>328</CharacterOffsetEnd>
            <POS>IN</POS>
            <NER>O</NER>
          </token>
          <token id="15">
            <word>The</word>
            <lemma>the</lemma>
            <CharacterOffsetBegin>329</CharacterOffsetBegin>
            <CharacterOffsetEnd>332</CharacterOffsetEnd>
            <POS>DT</POS>
            <NER>O</NER>
          </token>
          <token id="16">
            <word>Geysers</word>
            <lemma>geyser</lemma>
            <CharacterOffsetBegin>333</CharacterOffsetBegin>
            <CharacterOffsetEnd>340</CharacterOffsetEnd>
            <POS>NNS</POS>
            <NER>O</NER>
          </token>
          <token id="17">
            <word>,</word>
            <lemma>,</lemma>
            <CharacterOffsetBegin>341</CharacterOffsetBegin>
            <CharacterOffsetEnd>342</CharacterOffsetEnd>
            <POS>,</POS>
            <NER>O</NER>
          </token>
          <token id="18">
            <word>according</word>
            <lemma>accord</lemma>
            <CharacterOffsetBegin>343</CharacterOffsetBegin>
            <CharacterOffsetEnd>352</CharacterOffsetEnd>
            <POS>VBG</POS>
            <NER>O</NER>
          </token>
          <token id="19">
            <word>to</word>
            <lemma>to</lemma>
            <CharacterOffsetBegin>353</CharacterOffsetBegin>
            <CharacterOffsetEnd>355</CharacterOffsetEnd>
            <POS>TO</POS>
            <NER>O</NER>
          </token>
          <token id="20">
            <word>the</word>
            <lemma>the</lemma>
            <CharacterOffsetBegin>356</CharacterOffsetBegin>
            <CharacterOffsetEnd>359</CharacterOffsetEnd>
            <POS>DT</POS>
            <NER>O</NER>
          </token>
          <token id="21">
            <word>USGS</word>
            <lemma>USGS</lemma>
            <CharacterOffsetBegin>360</CharacterOffsetBegin>
            <CharacterOffsetEnd>364</CharacterOffsetEnd>
            <POS>NNP</POS>
            <NER>ORGANIZATION</NER>
          </token>
          <token id="22">
            <word>.</word>
            <lemma>.</lemma>
            <CharacterOffsetBegin>365</CharacterOffsetBegin>
            <CharacterOffsetEnd>366</CharacterOffsetEnd>
            <POS>.</POS>
            <NER>O</NER>
          </token>
        </tokens>
        <parse>(ROOT (S (NP-TMP (RBR Earlier) (DT this) (NN morning)) (, ,) (NP (NP (DT an) (NN earthquake)) (PP (IN with) (NP (NP (DT a) (JJ preliminary) (NN magnitude)) (PP (IN of) (NP (CD 2.0)))))) (VP (VBD struck) (PP (IN near) (NP (DT The) (NNS Geysers))) (, ,) (PP (VBG according) (PP (TO to) (NP (DT the) (NNP USGS))))) (. .))) </parse>
        <dependencies type="basic-dependencies">
          <dep type="root">
            <governor idx="0">ROOT</governor>
            <dependent idx="13">struck</dependent>
          </dep>
          <dep type="advmod">
            <governor idx="3">morning</governor>
            <dependent idx="1">Earlier</dependent>
          </dep>
          <dep type="det">
            <governor idx="3">morning</governor>
            <dependent idx="2">this</dependent>
          </dep>
          <dep type="nmod:tmod">
            <governor idx="13">struck</governor>
            <dependent idx="3">morning</dependent>
          </dep>
          <dep type="punct">
            <governor idx="13">struck</governor>
            <dependent idx="4">,</dependent>
          </dep>
          <dep type="det">
            <governor idx="6">earthquake</governor>
            <dependent idx="5">an</dependent>
          </dep>
          <dep type="nsubj">
            <governor idx="13">struck</governor>
            <dependent idx="6">earthquake</dependent>
          </dep>
          <dep type="case">
            <governor idx="10">magnitude</governor>
            <dependent idx="7">with</dependent>
          </dep>
          <dep type="det">
            <governor idx="10">magnitude</governor>
            <dependent idx="8">a</dependent>
          </dep>
          <dep type="amod">
            <governor idx="10">magnitude</governor>
            <dependent idx="9">preliminary</dependent>
          </dep>
          <dep type="nmod">
            <governor idx="6">earthquake</governor>
            <dependent idx="10">magnitude</dependent>
          </dep>
          <dep type="case">
            <governor idx="12">2.0</governor>
            <dependent idx="11">of</dependent>
          </dep>
          <dep type="nmod">
            <governor idx="10">magnitude</governor>
            <dependent idx="12">2.0</dependent>
          </dep>
          <dep type="case">
            <governor idx="16">Geysers</governor>
            <dependent idx="14">near</dependent>
          </dep>
          <dep type="det">
            <governor idx="16">Geysers</governor>
            <dependent idx="15">The</dependent>
          </dep>
          <dep type="nmod">
            <governor idx="13">struck</governor>
            <dependent idx="16">Geysers</dependent>
          </dep>
          <dep type="punct">
            <governor idx="13">struck</governor>
            <dependent idx="17">,</dependent>
          </dep>
          <dep type="case">
            <governor idx="21">USGS</governor>
            <dependent idx="18">according</dependent>
          </dep>
          <dep type="mwe">
            <governor idx="18">according</governor>
            <dependent idx="19">to</dependent>
          </dep>
          <dep type="det">
            <governor idx="21">USGS</governor>
            <dependent idx="20">the</dependent>
          </dep>
          <dep type="nmod">
            <governor idx="13">struck</governor>
            <dependent idx="21">USGS</dependent>
          </dep>
          <dep type="punct">
            <governor idx="13">struck</governor>
            <dependent idx="22">.</dependent>
          </dep>
        </dependencies>
        <dependencies type="collapsed-dependencies">
          <dep type="root">
            <governor idx="0">ROOT</governor>
            <dependent idx="13">struck</dependent>
          </dep>
          <dep type="advmod">
            <governor idx="3">morning</governor>
            <dependent idx="1">Earlier</dependent>
          </dep>
          <dep type="det">
            <governor idx="3">morning</governor>
            <dependent idx="2">this</dependent>
          </dep>
          <dep type="nmod:tmod">
            <governor idx="13">struck</governor>
            <dependent idx="3">morning</dependent>
          </dep>
          <dep type="punct">
            <governor idx="13">struck</governor>
            <dependent idx="4">,</dependent>
          </dep>
          <dep type="det">
            <governor idx="6">earthquake</governor>
            <dependent idx="5">an</dependent>
          </dep>
          <dep type="nsubj">
            <governor idx="13">struck</governor>
            <dependent idx="6">earthquake</dependent>
          </dep>
          <dep type="case">
            <governor idx="10">magnitude</governor>
            <dependent idx="7">with</dependent>
          </dep>
          <dep type="det">
            <governor idx="10">magnitude</governor>
            <dependent idx="8">a</dependent>
          </dep>
          <dep type="amod">
            <governor idx="10">magnitude</governor>
            <dependent idx="9">preliminary</dependent>
          </dep>
          <dep type="nmod:with">
            <governor idx="6">earthquake</governor>
            <dependent idx="10">magnitude</dependent>
          </dep>
          <dep type="case">
            <governor idx="12">2.0</governor>
            <dependent idx="11">of</dependent>
          </dep>
          <dep type="nmod:of">
            <governor idx="10">magnitude</governor>
            <dependent idx="12">2.0</dependent>
          </dep>
          <dep type="case">
            <governor idx="16">Geysers</governor>
            <dependent idx="14">near</dependent>
          </dep>
          <dep type="det">
            <governor idx="16">Geysers</governor>
            <dependent idx="15">The</dependent>
          </dep>
          <dep type="nmod:near">
            <governor idx="13">struck</governor>
            <dependent idx="16">Geysers</dependent>
          </dep>
          <dep type="punct">
            <governor idx="13">struck</governor>
            <dependent idx="17">,</dependent>
          </dep>
          <dep type="case">
            <governor idx="21">USGS</governor>
            <dependent idx="18">according</dependent>
          </dep>
          <dep type="mwe">
            <governor idx="18">according</governor>
            <dependent idx="19">to</dependent>
          </dep>
          <dep type="det">
            <governor idx="21">USGS</governor>
            <dependent idx="20">the</dependent>
          </dep>
          <dep type="nmod:according_to">
            <governor idx="13">struck</governor>
            <dependent idx="21">USGS</dependent>
          </dep>
          <dep type="punct">
            <governor idx="13">struck</governor>
            <dependent idx="22">.</dependent>
          </dep>
        </dependencies>
        <dependencies type="collapsed-ccprocessed-dependencies">
          <dep type="root">
            <governor idx="0">ROOT</governor>
            <dependent idx="13">struck</dependent>
          </dep>
          <dep type="advmod">
            <governor idx="3">morning</governor>
            <dependent idx="1">Earlier</dependent>
          </dep>
          <dep type="det">
            <governor idx="3">morning</governor>
            <dependent idx="2">this</dependent>
          </dep>
          <dep type="nmod:tmod">
            <governor idx="13">struck</governor>
            <dependent idx="3">morning</dependent>
          </dep>
          <dep type="punct">
            <governor idx="13">struck</governor>
            <dependent idx="4">,</dependent>
          </dep>
          <dep type="det">
            <governor idx="6">earthquake</governor>
            <dependent idx="5">an</dependent>
          </dep>
          <dep type="nsubj">
            <governor idx="13">struck</governor>
            <dependent idx="6">earthquake</dependent>
          </dep>
          <dep type="case">
            <governor idx="10">magnitude</governor>
            <dependent idx="7">with</dependent>
          </dep>
          <dep type="det">
            <governor idx="10">magnitude</governor>
            <dependent idx="8">a</dependent>
          </dep>
          <dep type="amod">
            <governor idx="10">magnitude</governor>
            <dependent idx="9">preliminary</dependent>
          </dep>
          <dep type="nmod:with">
            <governor idx="6">earthquake</governor>
            <dependent idx="10">magnitude</dependent>
          </dep>
          <dep type="case">
            <governor idx="12">2.0</governor>
            <dependent idx="11">of</dependent>
          </dep>
          <dep type="nmod:of">
            <governor idx="10">magnitude</governor>
            <dependent idx="12">2.0</dependent>
          </dep>
          <dep type="case">
            <governor idx="16">Geysers</governor>
            <dependent idx="14">near</dependent>
          </dep>
          <dep type="det">
            <governor idx="16">Geysers</governor>
            <dependent idx="15">The</dependent>
          </dep>
          <dep type="nmod:near">
            <governor idx="13">struck</governor>
            <dependent idx="16">Geysers</dependent>
          </dep>
          <dep type="punct">
            <governor idx="13">struck</governor>
            <dependent idx="17">,</dependent>
          </dep>
          <dep type="case">
            <governor idx="21">USGS</governor>
            <dependent idx="18">according</dependent>
          </dep>
          <dep type="mwe">
            <governor idx="18">according</governor>
            <dependent idx="19">to</dependent>
          </dep>
          <dep type="det">
            <governor idx="21">USGS</governor>
            <dependent idx="20">the</dependent>
          </dep>
          <dep type="nmod:according_to">
            <governor idx="13">struck</governor>
            <dependent idx="21">USGS</dependent>
          </dep>
          <dep type="punct">
            <governor idx="13">struck</governor>
            <dependent idx="22">.</dependent>
          </dep>
        </dependencies>
      </sentence>
      <sentence id="4" line="4">
        <tokens>
          <token id="1">
            <word>The</word>
            <lemma>the</lemma>
            <CharacterOffsetBegin>367</CharacterOffsetBegin>
            <CharacterOffsetEnd>370</CharacterOffsetEnd>
            <POS>DT</POS>
            <NER>O</NER>
          </token>
          <token id="2">
            <word>earthquake</word>
            <lemma>earthquake</lemma>
            <CharacterOffsetBegin>371</CharacterOffsetBegin>
            <CharacterOffsetEnd>381</CharacterOffsetEnd>
            <POS>NN</POS>
            <NER>O</NER>
          </token>
          <token id="3">
            <word>struck</word>
            <lemma>strike</lemma>
            <CharacterOffsetBegin>382</CharacterOffsetBegin>
            <CharacterOffsetEnd>388</CharacterOffsetEnd>
            <POS>VBD</POS>
            <NER>O</NER>
          </token>
          <token id="4">
            <word>at</word>
            <lemma>at</lemma>
            <CharacterOffsetBegin>389</CharacterOffsetBegin>
            <CharacterOffsetEnd>391</CharacterOffsetEnd>
            <POS>IN</POS>
            <NER>O</NER>
          </token>
          <token id="5">
            <word>about</word>
            <lemma>about</lemma>
            <CharacterOffsetBegin>392</CharacterOffsetBegin>
            <CharacterOffsetEnd>397</CharacterOffsetEnd>
            <POS>IN</POS>
            <NER>TIME</NER>
            <NormalizedNER>T07:30</NormalizedNER>
            <Timex tid="t3" type="TIME">T07:30</Timex>
          </token>
          <token id="6">
            <word>7:30</word>
            <lemma>7:30</lemma>
            <CharacterOffsetBegin>398</CharacterOffsetBegin>
            <CharacterOffsetEnd>402</CharacterOffsetEnd>
            <POS>CD</POS>
            <NER>TIME</NER>
            <NormalizedNER>T07:30</NormalizedNER>
            <Timex tid="t3" type="TIME">T07:30</Timex>
          </token>
          <token id="7">
            <word>a.m.</word>
            <lemma>a.m.</lemma>
            <CharacterOffsetBegin>403</CharacterOffsetBegin>
            <CharacterOffsetEnd>407</CharacterOffsetEnd>
            <POS>NN</POS>
            <NER>TIME</NER>
            <NormalizedNER>T07:30</NormalizedNER>
            <Timex tid="t3" type="TIME">T07:30</Timex>
          </token>
          <token id="8">
            <word>and</word>
            <lemma>and</lemma>
            <CharacterOffsetBegin>408</CharacterOffsetBegin>
            <CharacterOffsetEnd>411</CharacterOffsetEnd>
            <POS>CC</POS>
            <NER>O</NER>
          </token>
          <token id="9">
            <word>had</word>
            <lemma>have</lemma>
            <CharacterOffsetBegin>412</CharacterOffsetBegin>
            <CharacterOffsetEnd>415</CharacterOffsetEnd>
            <POS>VBD</POS>
            <NER>O</NER>
          </token>
          <token id="10">
            <word>a</word>
            <lemma>a</lemma>
            <CharacterOffsetBegin>416</CharacterOffsetBegin>
            <CharacterOffsetEnd>417</CharacterOffsetEnd>
            <POS>DT</POS>
            <NER>O</NER>
          </token>
          <token id="11">
            <word>depth</word>
            <lemma>depth</lemma>
            <CharacterOffsetBegin>418</CharacterOffsetBegin>
            <CharacterOffsetEnd>423</CharacterOffsetEnd>
            <POS>NN</POS>
            <NER>O</NER>
          </token>
          <token id="12">
            <word>of</word>
            <lemma>of</lemma>
            <CharacterOffsetBegin>424</CharacterOffsetBegin>
            <CharacterOffsetEnd>426</CharacterOffsetEnd>
            <POS>IN</POS>
            <NER>O</NER>
          </token>
          <token id="13">
            <word>1.4</word>
            <lemma>1.4</lemma>
            <CharacterOffsetBegin>427</CharacterOffsetBegin>
            <CharacterOffsetEnd>430</CharacterOffsetEnd>
            <POS>CD</POS>
            <NER>NUMBER</NER>
            <NormalizedNER>1.4</NormalizedNER>
          </token>
          <token id="14">
            <word>miles</word>
            <lemma>mile</lemma>
            <CharacterOffsetBegin>431</CharacterOffsetBegin>
            <CharacterOffsetEnd>436</CharacterOffsetEnd>
            <POS>NNS</POS>
            <NER>O</NER>
          </token>
          <token id="15">
            <word>,</word>
            <lemma>,</lemma>
            <CharacterOffsetBegin>437</CharacterOffsetBegin>
            <CharacterOffsetEnd>438</CharacterOffsetEnd>
            <POS>,</POS>
            <NER>O</NER>
          </token>
          <token id="16">
            <word>according</word>
            <lemma>accord</lemma>
            <CharacterOffsetBegin>439</CharacterOffsetBegin>
            <CharacterOffsetEnd>448</CharacterOffsetEnd>
            <POS>VBG</POS>
            <NER>O</NER>
          </token>
          <token id="17">
            <word>to</word>
            <lemma>to</lemma>
            <CharacterOffsetBegin>449</CharacterOffsetBegin>
            <CharacterOffsetEnd>451</CharacterOffsetEnd>
            <POS>TO</POS>
            <NER>O</NER>
          </token>
          <token id="18">
            <word>the</word>
            <lemma>the</lemma>
            <CharacterOffsetBegin>452</CharacterOffsetBegin>
            <CharacterOffsetEnd>455</CharacterOffsetEnd>
            <POS>DT</POS>
            <NER>O</NER>
          </token>
          <token id="19">
            <word>USGS</word>
            <lemma>USGS</lemma>
            <CharacterOffsetBegin>456</CharacterOffsetBegin>
            <CharacterOffsetEnd>460</CharacterOffsetEnd>
            <POS>NNP</POS>
            <NER>ORGANIZATION</NER>
          </token>
          <token id="20">
            <word>.</word>
            <lemma>.</lemma>
            <CharacterOffsetBegin>461</CharacterOffsetBegin>
            <CharacterOffsetEnd>462</CharacterOffsetEnd>
            <POS>.</POS>
            <NER>O</NER>
          </token>
        </tokens>
        <parse>(ROOT (S (NP (DT The) (NN earthquake)) (VP (VP (VBD struck) (ADVP (IN at)) (PP (IN about) (NP (CD 7:30) (NN a.m.)))) (CC and) (VP (VBD had) (NP (NP (DT a) (NN depth)) (PP (IN of) (NP (CD 1.4) (NNS miles)))) (, ,) (PP (VBG according) (PP (TO to) (NP (DT the) (NNP USGS)))))) (. .))) </parse>
        <dependencies type="basic-dependencies">
          <dep type="root">
            <governor idx="0">ROOT</governor>
            <dependent idx="3">struck</dependent>
          </dep>
          <dep type="det">
            <governor idx="2">earthquake</governor>
            <dependent idx="1">The</dependent>
          </dep>
          <dep type="nsubj">
            <governor idx="3">struck</governor>
            <dependent idx="2">earthquake</dependent>
          </dep>
          <dep type="case">
            <governor idx="6">7:30</governor>
            <dependent idx="4">at</dependent>
          </dep>
          <dep type="advmod">
            <governor idx="6">7:30</governor>
            <dependent idx="5">about</dependent>
          </dep>
          <dep type="nmod">
            <governor idx="3">struck</governor>
            <dependent idx="6">7:30</dependent>
          </dep>
          <dep type="advmod">
            <governor idx="6">7:30</governor>
            <dependent idx="7">a.m.</dependent>
          </dep>
          <dep type="cc">
            <governor idx="3">struck</governor>
            <dependent idx="8">and</dependent>
          </dep>
          <dep type="conj">
            <governor idx="3">struck</governor>
            <dependent idx="9">had</dependent>
          </dep>
          <dep type="det">
            <governor idx="11">depth</governor>
            <dependent idx="10">a</dependent>
          </dep>
          <dep type="dobj">
            <governor idx="9">had</governor>
            <dependent idx="11">depth</dependent>
          </dep>
          <dep type="case">
            <governor idx="14">miles</governor>
            <dependent idx="12">of</dependent>
          </dep>
          <dep type="nummod">
            <governor idx="14">miles</governor>
            <dependent idx="13">1.4</dependent>
          </dep>
          <dep type="nmod">
            <governor idx="11">depth</governor>
            <dependent idx="14">miles</dependent>
          </dep>
          <dep type="punct">
            <governor idx="3">struck</governor>
            <dependent idx="15">,</dependent>
          </dep>
          <dep type="case">
            <governor idx="19">USGS</governor>
            <dependent idx="16">according</dependent>
          </dep>
          <dep type="mwe">
            <governor idx="16">according</governor>
            <dependent idx="17">to</dependent>
          </dep>
          <dep type="det">
            <governor idx="19">USGS</governor>
            <dependent idx="18">the</dependent>
          </dep>
          <dep type="nmod">
            <governor idx="3">struck</governor>
            <dependent idx="19">USGS</dependent>
          </dep>
          <dep type="punct">
            <governor idx="3">struck</governor>
            <dependent idx="20">.</dependent>
          </dep>
        </dependencies>
        <dependencies type="collapsed-dependencies">
          <dep type="root">
            <governor idx="0">ROOT</governor>
            <dependent idx="3">struck</dependent>
          </dep>
          <dep type="det">
            <governor idx="2">earthquake</governor>
            <dependent idx="1">The</dependent>
          </dep>
          <dep type="nsubj">
            <governor idx="3">struck</governor>
            <dependent idx="2">earthquake</dependent>
          </dep>
          <dep type="case">
            <governor idx="6">7:30</governor>
            <dependent idx="4">at</dependent>
          </dep>
          <dep type="advmod">
            <governor idx="6">7:30</governor>
            <dependent idx="5">about</dependent>
          </dep>
          <dep type="nmod:at">
            <governor idx="3">struck</governor>
            <dependent idx="6">7:30</dependent>
          </dep>
          <dep type="advmod">
            <governor idx="6">7:30</governor>
            <dependent idx="7">a.m.</dependent>
          </dep>
          <dep type="cc">
            <governor idx="3">struck</governor>
            <dependent idx="8">and</dependent>
          </dep>
          <dep type="conj:and">
            <governor idx="3">struck</governor>
            <dependent idx="9">had</dependent>
          </dep>
          <dep type="det">
            <governor idx="11">depth</governor>
            <dependent idx="10">a</dependent>
          </dep>
          <dep type="dobj">
            <governor idx="9">had</governor>
            <dependent idx="11">depth</dependent>
          </dep>
          <dep type="case">
            <governor idx="14">miles</governor>
            <dependent idx="12">of</dependent>
          </dep>
          <dep type="nummod">
            <governor idx="14">miles</governor>
            <dependent idx="13">1.4</dependent>
          </dep>
          <dep type="nmod:of">
            <governor idx="11">depth</governor>
            <dependent idx="14">miles</dependent>
          </dep>
          <dep type="punct">
            <governor idx="3">struck</governor>
            <dependent idx="15">,</dependent>
          </dep>
          <dep type="case">
            <governor idx="19">USGS</governor>
            <dependent idx="16">according</dependent>
          </dep>
          <dep type="mwe">
            <governor idx="16">according</governor>
            <dependent idx="17">to</dependent>
          </dep>
          <dep type="det">
            <governor idx="19">USGS</governor>
            <dependent idx="18">the</dependent>
          </dep>
          <dep type="nmod:according_to">
            <governor idx="3">struck</governor>
            <dependent idx="19">USGS</dependent>
          </dep>
          <dep type="punct">
            <governor idx="3">struck</governor>
            <dependent idx="20">.</dependent>
          </dep>
        </dependencies>
        <dependencies type="collapsed-ccprocessed-dependencies">
          <dep type="root">
            <governor idx="0">ROOT</governor>
            <dependent idx="3">struck</dependent>
          </dep>
          <dep type="det">
            <governor idx="2">earthquake</governor>
            <dependent idx="1">The</dependent>
          </dep>
          <dep type="nsubj">
            <governor idx="3">struck</governor>
            <dependent idx="2">earthquake</dependent>
          </dep>
          <dep type="nsubj" extra="true">
            <governor idx="9">had</governor>
            <dependent idx="2">earthquake</dependent>
          </dep>
          <dep type="case">
            <governor idx="6">7:30</governor>
            <dependent idx="4">at</dependent>
          </dep>
          <dep type="advmod">
            <governor idx="6">7:30</governor>
            <dependent idx="5">about</dependent>
          </dep>
          <dep type="nmod:at">
            <governor idx="3">struck</governor>
            <dependent idx="6">7:30</dependent>
          </dep>
          <dep type="advmod">
            <governor idx="6">7:30</governor>
            <dependent idx="7">a.m.</dependent>
          </dep>
          <dep type="cc">
            <governor idx="3">struck</governor>
            <dependent idx="8">and</dependent>
          </dep>
          <dep type="conj:and">
            <governor idx="3">struck</governor>
            <dependent idx="9">had</dependent>
          </dep>
          <dep type="det">
            <governor idx="11">depth</governor>
            <dependent idx="10">a</dependent>
          </dep>
          <dep type="dobj">
            <governor idx="9">had</governor>
            <dependent idx="11">depth</dependent>
          </dep>
          <dep type="case">
            <governor idx="14">miles</governor>
            <dependent idx="12">of</dependent>
          </dep>
          <dep type="nummod">
            <governor idx="14">miles</governor>
            <dependent idx="13">1.4</dependent>
          </dep>
          <dep type="nmod:of">
            <governor idx="11">depth</governor>
            <dependent idx="14">miles</dependent>
          </dep>
          <dep type="punct">
            <governor idx="3">struck</governor>
            <dependent idx="15">,</dependent>
          </dep>
          <dep type="case">
            <governor idx="19">USGS</governor>
            <dependent idx="16">according</dependent>
          </dep>
          <dep type="mwe">
            <governor idx="16">according</governor>
            <dependent idx="17">to</dependent>
          </dep>
          <dep type="det">
            <governor idx="19">USGS</governor>
            <dependent idx="18">the</dependent>
          </dep>
          <dep type="nmod:according_to">
            <governor idx="3">struck</governor>
            <dependent idx="19">USGS</dependent>
          </dep>
          <dep type="punct">
            <governor idx="3">struck</governor>
            <dependent idx="20">.</dependent>
          </dep>
        </dependencies>
      </sentence>
    </sentences>
  </document>
</root>
