<?xml version="1.0" encoding="UTF-8"?>
<?xml-stylesheet href="CoreNLP-to-HTML.xsl" type="text/xsl"?>
<root>
  <document>
    <sentences>
      <sentence id="1" line="1">
        <tokens>
          <token id="1">
            <word>On</word>
            <lemma>on</lemma>
            <CharacterOffsetBegin>0</CharacterOffsetBegin>
            <CharacterOffsetEnd>2</CharacterOffsetEnd>
            <POS>IN</POS>
            <NER>O</NER>
          </token>
          <token id="2">
            <word>Saturday</word>
            <lemma>Saturday</lemma>
            <CharacterOffsetBegin>3</CharacterOffsetBegin>
            <CharacterOffsetEnd>11</CharacterOffsetEnd>
            <POS>NNP</POS>
            <NER>DATE</NER>
            <NormalizedNER>XXXX-WXX-6</NormalizedNER>
            <Timex tid="t1" type="DATE">XXXX-WXX-6</Timex>
          </token>
          <token id="3">
            <word>it</word>
            <lemma>it</lemma>
            <CharacterOffsetBegin>12</CharacterOffsetBegin>
            <CharacterOffsetEnd>14</CharacterOffsetEnd>
            <POS>PRP</POS>
            <NER>O</NER>
          </token>
          <token id="4">
            <word>was</word>
            <lemma>be</lemma>
            <CharacterOffsetBegin>15</CharacterOffsetBegin>
            <CharacterOffsetEnd>18</CharacterOffsetEnd>
            <POS>VBD</POS>
            <NER>O</NER>
          </token>
          <token id="5">
            <word>announced</word>
            <lemma>announce</lemma>
            <CharacterOffsetBegin>19</CharacterOffsetBegin>
            <CharacterOffsetEnd>28</CharacterOffsetEnd>
            <POS>VBN</POS>
            <NER>O</NER>
          </token>
          <token id="6">
            <word>that</word>
            <lemma>that</lemma>
            <CharacterOffsetBegin>29</CharacterOffsetBegin>
            <CharacterOffsetEnd>33</CharacterOffsetEnd>
            <POS>IN</POS>
            <NER>O</NER>
          </token>
          <token id="7">
            <word>the</word>
            <lemma>the</lemma>
            <CharacterOffsetBegin>34</CharacterOffsetBegin>
            <CharacterOffsetEnd>37</CharacterOffsetEnd>
            <POS>DT</POS>
            <NER>O</NER>
          </token>
          <token id="8">
            <word>actor</word>
            <lemma>actor</lemma>
            <CharacterOffsetBegin>38</CharacterOffsetBegin>
            <CharacterOffsetEnd>43</CharacterOffsetEnd>
            <POS>NN</POS>
            <NER>O</NER>
          </token>
          <token id="9">
            <word>to</word>
            <lemma>to</lemma>
            <CharacterOffsetBegin>44</CharacterOffsetBegin>
            <CharacterOffsetEnd>46</CharacterOffsetEnd>
            <POS>TO</POS>
            <NER>O</NER>
          </token>
          <token id="10">
            <word>play</word>
            <lemma>play</lemma>
            <CharacterOffsetBegin>47</CharacterOffsetBegin>
            <CharacterOffsetEnd>51</CharacterOffsetEnd>
            <POS>VB</POS>
            <NER>O</NER>
          </token>
          <token id="11">
            <word>the</word>
            <lemma>the</lemma>
            <CharacterOffsetBegin>52</CharacterOffsetBegin>
            <CharacterOffsetEnd>55</CharacterOffsetEnd>
            <POS>DT</POS>
            <NER>O</NER>
          </token>
          <token id="12">
            <word>eleventh</word>
            <lemma>eleventh</lemma>
            <CharacterOffsetBegin>56</CharacterOffsetBegin>
            <CharacterOffsetEnd>64</CharacterOffsetEnd>
            <POS>JJ</POS>
            <NER>ORDINAL</NER>
            <NormalizedNER>11.0</NormalizedNER>
          </token>
          <token id="13">
            <word>Doctor</word>
            <lemma>doctor</lemma>
            <CharacterOffsetBegin>65</CharacterOffsetBegin>
            <CharacterOffsetEnd>71</CharacterOffsetEnd>
            <POS>NN</POS>
            <NER>O</NER>
          </token>
          <token id="14">
            <word>was</word>
            <lemma>be</lemma>
            <CharacterOffsetBegin>72</CharacterOffsetBegin>
            <CharacterOffsetEnd>75</CharacterOffsetEnd>
            <POS>VBD</POS>
            <NER>O</NER>
          </token>
          <token id="15">
            <word>none</word>
            <lemma>none</lemma>
            <CharacterOffsetBegin>76</CharacterOffsetBegin>
            <CharacterOffsetEnd>80</CharacterOffsetEnd>
            <POS>NN</POS>
            <NER>O</NER>
          </token>
          <token id="16">
            <word>other</word>
            <lemma>other</lemma>
            <CharacterOffsetBegin>81</CharacterOffsetBegin>
            <CharacterOffsetEnd>86</CharacterOffsetEnd>
            <POS>JJ</POS>
            <NER>O</NER>
          </token>
          <token id="17">
            <word>than</word>
            <lemma>than</lemma>
            <CharacterOffsetBegin>87</CharacterOffsetBegin>
            <CharacterOffsetEnd>91</CharacterOffsetEnd>
            <POS>IN</POS>
            <NER>O</NER>
          </token>
          <token id="18">
            <word>Matt</word>
            <lemma>Matt</lemma>
            <CharacterOffsetBegin>92</CharacterOffsetBegin>
            <CharacterOffsetEnd>96</CharacterOffsetEnd>
            <POS>NNP</POS>
            <NER>PERSON</NER>
          </token>
          <token id="19">
            <word>Smith</word>
            <lemma>Smith</lemma>
            <CharacterOffsetBegin>97</CharacterOffsetBegin>
            <CharacterOffsetEnd>102</CharacterOffsetEnd>
            <POS>NNP</POS>
            <NER>PERSON</NER>
          </token>
          <token id="20">
            <word>.</word>
            <lemma>.</lemma>
            <CharacterOffsetBegin>103</CharacterOffsetBegin>
            <CharacterOffsetEnd>104</CharacterOffsetEnd>
            <POS>.</POS>
            <NER>O</NER>
          </token>
        </tokens>
        <parse>(ROOT (S (PP (IN On) (NP (NNP Saturday))) (NP (PRP it)) (VP (VBD was) (VP (VBN announced) (SBAR (IN that) (S (NP (DT the) (NN actor) (S (VP (TO to) (VP (VB play) (NP (DT the) (JJ eleventh) (NN Doctor)))))) (VP (VBD was) (NP (NN none) (JJ other)) (PP (IN than) (NP (NNP Matt) (NNP Smith)))))))) (. .))) </parse>
        <dependencies type="basic-dependencies">
          <dep type="root">
            <governor idx="0">ROOT</governor>
            <dependent idx="5">announced</dependent>
          </dep>
          <dep type="case">
            <governor idx="2">Saturday</governor>
            <dependent idx="1">On</dependent>
          </dep>
          <dep type="nmod">
            <governor idx="5">announced</governor>
            <dependent idx="2">Saturday</dependent>
          </dep>
          <dep type="nsubjpass">
            <governor idx="5">announced</governor>
            <dependent idx="3">it</dependent>
          </dep>
          <dep type="auxpass">
            <governor idx="5">announced</governor>
            <dependent idx="4">was</dependent>
          </dep>
          <dep type="mark">
            <governor idx="15">none</governor>
            <dependent idx="6">that</dependent>
          </dep>
          <dep type="det">
            <governor idx="8">actor</governor>
            <dependent idx="7">the</dependent>
          </dep>
          <dep type="nsubj">
            <governor idx="15">none</governor>
            <dependent idx="8">actor</dependent>
          </dep>
          <dep type="mark">
            <governor idx="10">play</governor>
            <dependent idx="9">to</dependent>
          </dep>
          <dep type="acl">
            <governor idx="8">actor</governor>
            <dependent idx="10">play</dependent>
          </dep>
          <dep type="det">
            <governor idx="13">Doctor</governor>
            <dependent idx="11">the</dependent>
          </dep>
          <dep type="amod">
            <governor idx="13">Doctor</governor>
            <dependent idx="12">eleventh</dependent>
          </dep>
          <dep type="dobj">
            <governor idx="10">play</governor>
            <dependent idx="13">Doctor</dependent>
          </dep>
          <dep type="cop">
            <governor idx="15">none</governor>
            <dependent idx="14">was</dependent>
          </dep>
          <dep type="ccomp">
            <governor idx="5">announced</governor>
            <dependent idx="15">none</dependent>
          </dep>
          <dep type="amod">
            <governor idx="15">none</governor>
            <dependent idx="16">other</dependent>
          </dep>
          <dep type="case">
            <governor idx="19">Smith</governor>
            <dependent idx="17">than</dependent>
          </dep>
          <dep type="compound">
            <governor idx="19">Smith</governor>
            <dependent idx="18">Matt</dependent>
          </dep>
          <dep type="nmod">
            <governor idx="16">other</governor>
            <dependent idx="19">Smith</dependent>
          </dep>
          <dep type="punct">
            <governor idx="5">announced</governor>
            <dependent idx="20">.</dependent>
          </dep>
        </dependencies>
        <dependencies type="collapsed-dependencies">
          <dep type="root">
            <governor idx="0">ROOT</governor>
            <dependent idx="5">announced</dependent>
          </dep>
          <dep type="case">
            <governor idx="2">Saturday</governor>
            <dependent idx="1">On</dependent>
          </dep>
          <dep type="nmod:on">
            <governor idx="5">announced</governor>
            <dependent idx="2">Saturday</dependent>
          </dep>
          <dep type="nsubjpass">
            <governor idx="5">announced</governor>
            <dependent idx="3">it</dependent>
          </dep>
          <dep type="auxpass">
            <governor idx="5">announced</governor>
            <dependent idx="4">was</dependent>
          </dep>
          <dep type="mark">
            <governor idx="15">none</governor>
            <dependent idx="6">that</dependent>
          </dep>
          <dep type="det">
            <governor idx="8">actor</governor>
            <dependent idx="7">the</dependent>
          </dep>
          <dep type="nsubj">
            <governor idx="15">none</governor>
            <dependent idx="8">actor</dependent>
          </dep>
          <dep type="mark">
            <governor idx="10">play</governor>
            <dependent idx="9">to</dependent>
          </dep>
          <dep type="acl">
            <governor idx="8">actor</governor>
            <dependent idx="10">play</dependent>
          </dep>
          <dep type="det">
            <governor idx="13">Doctor</governor>
            <dependent idx="11">the</dependent>
          </dep>
          <dep type="amod">
            <governor idx="13">Doctor</governor>
            <dependent idx="12">eleventh</dependent>
          </dep>
          <dep type="dobj">
            <governor idx="10">play</governor>
            <dependent idx="13">Doctor</dependent>
          </dep>
          <dep type="cop">
            <governor idx="15">none</governor>
            <dependent idx="14">was</dependent>
          </dep>
          <dep type="ccomp">
            <governor idx="5">announced</governor>
            <dependent idx="15">none</dependent>
          </dep>
          <dep type="amod">
            <governor idx="15">none</governor>
            <dependent idx="16">other</dependent>
          </dep>
          <dep type="case">
            <governor idx="19">Smith</governor>
            <dependent idx="17">than</dependent>
          </dep>
          <dep type="compound">
            <governor idx="19">Smith</governor>
            <dependent idx="18">Matt</dependent>
          </dep>
          <dep type="nmod:than">
            <governor idx="16">other</governor>
            <dependent idx="19">Smith</dependent>
          </dep>
          <dep type="punct">
            <governor idx="5">announced</governor>
            <dependent idx="20">.</dependent>
          </dep>
        </dependencies>
        <dependencies type="collapsed-ccprocessed-dependencies">
          <dep type="root">
            <governor idx="0">ROOT</governor>
            <dependent idx="5">announced</dependent>
          </dep>
          <dep type="case">
            <governor idx="2">Saturday</governor>
            <dependent idx="1">On</dependent>
          </dep>
          <dep type="nmod:on">
            <governor idx="5">announced</governor>
            <dependent idx="2">Saturday</dependent>
          </dep>
          <dep type="nsubjpass">
            <governor idx="5">announced</governor>
            <dependent idx="3">it</dependent>
          </dep>
          <dep type="auxpass">
            <governor idx="5">announced</governor>
            <dependent idx="4">was</dependent>
          </dep>
          <dep type="mark">
            <governor idx="15">none</governor>
            <dependent idx="6">that</dependent>
          </dep>
          <dep type="det">
            <governor idx="8">actor</governor>
            <dependent idx="7">the</dependent>
          </dep>
          <dep type="nsubj">
            <governor idx="15">none</governor>
            <dependent idx="8">actor</dependent>
          </dep>
          <dep type="mark">
            <governor idx="10">play</governor>
            <dependent idx="9">to</dependent>
          </dep>
          <dep type="acl">
            <governor idx="8">actor</governor>
            <dependent idx="10">play</dependent>
          </dep>
          <dep type="det">
            <governor idx="13">Doctor</governor>
            <dependent idx="11">the</dependent>
          </dep>
          <dep type="amod">
            <governor idx="13">Doctor</governor>
            <dependent idx="12">eleventh</dependent>
          </dep>
          <dep type="dobj">
            <governor idx="10">play</governor>
            <dependent idx="13">Doctor</dependent>
          </dep>
          <dep type="cop">
            <governor idx="15">none</governor>
            <dependent idx="14">was</dependent>
          </dep>
          <dep type="ccomp">
            <governor idx="5">announced</governor>
            <dependent idx="15">none</dependent>
          </dep>
          <dep type="amod">
            <governor idx="15">none</governor>
            <dependent idx="16">other</dependent>
          </dep>
          <dep type="case">
            <governor idx="19">Smith</governor>
            <dependent idx="17">than</dependent>
          </dep>
          <dep type="compound">
            <governor idx="19">Smith</governor>
            <dependent idx="18">Matt</dependent>
          </dep>
          <dep type="nmod:than">
            <governor idx="16">other</governor>
            <dependent idx="19">Smith</dependent>
          </dep>
          <dep type="punct">
            <governor idx="5">announced</governor>
            <dependent idx="20">.</dependent>
          </dep>
        </dependencies>
      </sentence>
    </sentences>
  </document>
</root>
