<?xml version="1.0" encoding="UTF-8"?>
<?xml-stylesheet href="CoreNLP-to-HTML.xsl" type="text/xsl"?>
<root>
  <document>
    <sentences>
      <sentence id="1" line="1">
        <tokens>
          <token id="1">
            <word>Peter</word>
            <lemma>Peter</lemma>
            <CharacterOffsetBegin>0</CharacterOffsetBegin>
            <CharacterOffsetEnd>5</CharacterOffsetEnd>
            <POS>NNP</POS>
            <NER>PERSON</NER>
          </token>
          <token id="2">
            <word>Capaldi</word>
            <lemma>Capaldi</lemma>
            <CharacterOffsetBegin>6</CharacterOffsetBegin>
            <CharacterOffsetEnd>13</CharacterOffsetEnd>
            <POS>NNP</POS>
            <NER>PERSON</NER>
          </token>
          <token id="3">
            <word>favourite</word>
            <lemma>favourite</lemma>
            <CharacterOffsetBegin>14</CharacterOffsetBegin>
            <CharacterOffsetEnd>23</CharacterOffsetEnd>
            <POS>JJ</POS>
            <NER>O</NER>
          </token>
          <token id="4">
            <word>to</word>
            <lemma>to</lemma>
            <CharacterOffsetBegin>24</CharacterOffsetBegin>
            <CharacterOffsetEnd>26</CharacterOffsetEnd>
            <POS>TO</POS>
            <NER>O</NER>
          </token>
          <token id="5">
            <word>take</word>
            <lemma>take</lemma>
            <CharacterOffsetBegin>27</CharacterOffsetBegin>
            <CharacterOffsetEnd>31</CharacterOffsetEnd>
            <POS>VB</POS>
            <NER>O</NER>
          </token>
          <token id="6">
            <word>over</word>
            <lemma>over</lemma>
            <CharacterOffsetBegin>32</CharacterOffsetBegin>
            <CharacterOffsetEnd>36</CharacterOffsetEnd>
            <POS>RP</POS>
            <NER>O</NER>
          </token>
          <token id="7">
            <word>from</word>
            <lemma>from</lemma>
            <CharacterOffsetBegin>37</CharacterOffsetBegin>
            <CharacterOffsetEnd>41</CharacterOffsetEnd>
            <POS>IN</POS>
            <NER>O</NER>
          </token>
          <token id="8">
            <word>Matt</word>
            <lemma>Matt</lemma>
            <CharacterOffsetBegin>42</CharacterOffsetBegin>
            <CharacterOffsetEnd>46</CharacterOffsetEnd>
            <POS>NNP</POS>
            <NER>PERSON</NER>
          </token>
          <token id="9">
            <word>Smith</word>
            <lemma>Smith</lemma>
            <CharacterOffsetBegin>47</CharacterOffsetBegin>
            <CharacterOffsetEnd>52</CharacterOffsetEnd>
            <POS>NNP</POS>
            <NER>PERSON</NER>
          </token>
          <token id="10">
            <word>as</word>
            <lemma>as</lemma>
            <CharacterOffsetBegin>53</CharacterOffsetBegin>
            <CharacterOffsetEnd>55</CharacterOffsetEnd>
            <POS>IN</POS>
            <NER>O</NER>
          </token>
          <token id="11">
            <word>Doctor</word>
            <lemma>Doctor</lemma>
            <CharacterOffsetBegin>56</CharacterOffsetBegin>
            <CharacterOffsetEnd>62</CharacterOffsetEnd>
            <POS>NNP</POS>
            <NER>O</NER>
          </token>
          <token id="12">
            <word>Who</word>
            <lemma>who</lemma>
            <CharacterOffsetBegin>63</CharacterOffsetBegin>
            <CharacterOffsetEnd>66</CharacterOffsetEnd>
            <POS>WP</POS>
            <NER>O</NER>
          </token>
        </tokens>
        <parse>(ROOT (S (NP (NNP Peter) (NNP Capaldi)) (ADJP (JJ favourite) (S (VP (TO to) (VP (VB take) (PRT (RP over)) (PP (IN from) (NP (NP (NNP Matt) (NNP Smith)) (PP (IN as) (NP (NP (NNP Doctor)) (SBAR (WHNP (WP Who))))))))))))) </parse>
        <dependencies type="basic-dependencies">
          <dep type="root">
            <governor idx="0">ROOT</governor>
            <dependent idx="3">favourite</dependent>
          </dep>
          <dep type="compound">
            <governor idx="2">Capaldi</governor>
            <dependent idx="1">Peter</dependent>
          </dep>
          <dep type="nsubj">
            <governor idx="3">favourite</governor>
            <dependent idx="2">Capaldi</dependent>
          </dep>
          <dep type="mark">
            <governor idx="5">take</governor>
            <dependent idx="4">to</dependent>
          </dep>
          <dep type="xcomp">
            <governor idx="3">favourite</governor>
            <dependent idx="5">take</dependent>
          </dep>
          <dep type="compound:prt">
            <governor idx="5">take</governor>
            <dependent idx="6">over</dependent>
          </dep>
          <dep type="case">
            <governor idx="9">Smith</governor>
            <dependent idx="7">from</dependent>
          </dep>
          <dep type="compound">
            <governor idx="9">Smith</governor>
            <dependent idx="8">Matt</dependent>
          </dep>
          <dep type="nmod">
            <governor idx="5">take</governor>
            <dependent idx="9">Smith</dependent>
          </dep>
          <dep type="case">
            <governor idx="11">Doctor</governor>
            <dependent idx="10">as</dependent>
          </dep>
          <dep type="nmod">
            <governor idx="5">take</governor>
            <dependent idx="11">Doctor</dependent>
          </dep>
          <dep type="dep">
            <governor idx="3">favourite</governor>
            <dependent idx="12">Who</dependent>
          </dep>
        </dependencies>
        <dependencies type="collapsed-dependencies">
          <dep type="root">
            <governor idx="0">ROOT</governor>
            <dependent idx="3">favourite</dependent>
          </dep>
          <dep type="compound">
            <governor idx="2">Capaldi</governor>
            <dependent idx="1">Peter</dependent>
          </dep>
          <dep type="nsubj">
            <governor idx="3">favourite</governor>
            <dependent idx="2">Capaldi</dependent>
          </dep>
          <dep type="mark">
            <governor idx="5">take</governor>
            <dependent idx="4">to</dependent>
          </dep>
          <dep type="xcomp">
            <governor idx="3">favourite</governor>
            <dependent idx="5">take</dependent>
          </dep>
          <dep type="compound:prt">
            <governor idx="5">take</governor>
            <dependent idx="6">over</dependent>
          </dep>
          <dep type="case">
            <governor idx="9">Smith</governor>
            <dependent idx="7">from</dependent>
          </dep>
          <dep type="compound">
            <governor idx="9">Smith</governor>
            <dependent idx="8">Matt</dependent>
          </dep>
          <dep type="nmod:from">
            <governor idx="5">take</governor>
            <dependent idx="9">Smith</dependent>
          </dep>
          <dep type="case">
            <governor idx="11">Doctor</governor>
            <dependent idx="10">as</dependent>
          </dep>
          <dep type="nmod:as">
            <governor idx="5">take</governor>
            <dependent idx="11">Doctor</dependent>
          </dep>
          <dep type="dep">
            <governor idx="3">favourite</governor>
            <dependent idx="12">Who</dependent>
          </dep>
        </dependencies>
        <dependencies type="collapsed-ccprocessed-dependencies">
          <dep type="root">
            <governor idx="0">ROOT</governor>
            <dependent idx="3">favourite</dependent>
          </dep>
          <dep type="compound">
            <governor idx="2">Capaldi</governor>
            <dependent idx="1">Peter</dependent>
          </dep>
          <dep type="nsubj">
            <governor idx="3">favourite</governor>
            <dependent idx="2">Capaldi</dependent>
          </dep>
          <dep type="mark">
            <governor idx="5">take</governor>
            <dependent idx="4">to</dependent>
          </dep>
          <dep type="xcomp">
            <governor idx="3">favourite</governor>
            <dependent idx="5">take</dependent>
          </dep>
          <dep type="compound:prt">
            <governor idx="5">take</governor>
            <dependent idx="6">over</dependent>
          </dep>
          <dep type="case">
            <governor idx="9">Smith</governor>
            <dependent idx="7">from</dependent>
          </dep>
          <dep type="compound">
            <governor idx="9">Smith</governor>
            <dependent idx="8">Matt</dependent>
          </dep>
          <dep type="nmod:from">
            <governor idx="5">take</governor>
            <dependent idx="9">Smith</dependent>
          </dep>
          <dep type="case">
            <governor idx="11">Doctor</governor>
            <dependent idx="10">as</dependent>
          </dep>
          <dep type="nmod:as">
            <governor idx="5">take</governor>
            <dependent idx="11">Doctor</dependent>
          </dep>
          <dep type="dep">
            <governor idx="3">favourite</governor>
            <dependent idx="12">Who</dependent>
          </dep>
        </dependencies>
      </sentence>
      <sentence id="2" line="2">
        <tokens>
          <token id="1">
            <word>Peter</word>
            <lemma>Peter</lemma>
            <CharacterOffsetBegin>67</CharacterOffsetBegin>
            <CharacterOffsetEnd>72</CharacterOffsetEnd>
            <POS>NNP</POS>
            <NER>PERSON</NER>
          </token>
          <token id="2">
            <word>Capaldi</word>
            <lemma>Capaldi</lemma>
            <CharacterOffsetBegin>73</CharacterOffsetBegin>
            <CharacterOffsetEnd>80</CharacterOffsetEnd>
            <POS>NNP</POS>
            <NER>PERSON</NER>
          </token>
          <token id="3">
            <word>is</word>
            <lemma>be</lemma>
            <CharacterOffsetBegin>81</CharacterOffsetBegin>
            <CharacterOffsetEnd>83</CharacterOffsetEnd>
            <POS>VBZ</POS>
            <NER>O</NER>
          </token>
          <token id="4">
            <word>the</word>
            <lemma>the</lemma>
            <CharacterOffsetBegin>84</CharacterOffsetBegin>
            <CharacterOffsetEnd>87</CharacterOffsetEnd>
            <POS>DT</POS>
            <NER>O</NER>
          </token>
          <token id="5">
            <word>bookies'</word>
            <lemma>bookies'</lemma>
            <CharacterOffsetBegin>88</CharacterOffsetBegin>
            <CharacterOffsetEnd>96</CharacterOffsetEnd>
            <POS>NN</POS>
            <NER>O</NER>
          </token>
          <token id="6">
            <word>favourite</word>
            <lemma>favourite</lemma>
            <CharacterOffsetBegin>97</CharacterOffsetBegin>
            <CharacterOffsetEnd>106</CharacterOffsetEnd>
            <POS>JJ</POS>
            <NER>O</NER>
          </token>
          <token id="7">
            <word>to</word>
            <lemma>to</lemma>
            <CharacterOffsetBegin>107</CharacterOffsetBegin>
            <CharacterOffsetEnd>109</CharacterOffsetEnd>
            <POS>TO</POS>
            <NER>O</NER>
          </token>
          <token id="8">
            <word>become</word>
            <lemma>become</lemma>
            <CharacterOffsetBegin>110</CharacterOffsetBegin>
            <CharacterOffsetEnd>116</CharacterOffsetEnd>
            <POS>VB</POS>
            <NER>O</NER>
          </token>
          <token id="9">
            <word>the</word>
            <lemma>the</lemma>
            <CharacterOffsetBegin>117</CharacterOffsetBegin>
            <CharacterOffsetEnd>120</CharacterOffsetEnd>
            <POS>DT</POS>
            <NER>O</NER>
          </token>
          <token id="10">
            <word>next</word>
            <lemma>next</lemma>
            <CharacterOffsetBegin>121</CharacterOffsetBegin>
            <CharacterOffsetEnd>125</CharacterOffsetEnd>
            <POS>JJ</POS>
            <NER>O</NER>
          </token>
          <token id="11">
            <word>Doctor</word>
            <lemma>Doctor</lemma>
            <CharacterOffsetBegin>126</CharacterOffsetBegin>
            <CharacterOffsetEnd>132</CharacterOffsetEnd>
            <POS>NNP</POS>
            <NER>O</NER>
          </token>
          <token id="12">
            <word>Who</word>
            <lemma>who</lemma>
            <CharacterOffsetBegin>133</CharacterOffsetBegin>
            <CharacterOffsetEnd>136</CharacterOffsetEnd>
            <POS>WP</POS>
            <NER>O</NER>
          </token>
          <token id="13">
            <word>.</word>
            <lemma>.</lemma>
            <CharacterOffsetBegin>137</CharacterOffsetBegin>
            <CharacterOffsetEnd>138</CharacterOffsetEnd>
            <POS>.</POS>
            <NER>O</NER>
          </token>
        </tokens>
        <parse>(ROOT (S (NP (NNP Peter) (NNP Capaldi)) (VP (VBZ is) (NP (NP (DT the) (NN bookies')) (ADJP (JJ favourite) (S (VP (TO to) (VP (VB become) (NP (NP (DT the) (JJ next) (NNP Doctor)) (SBAR (WHNP (WP Who)))))))))) (. .))) </parse>
        <dependencies type="basic-dependencies">
          <dep type="root">
            <governor idx="0">ROOT</governor>
            <dependent idx="6">favourite</dependent>
          </dep>
          <dep type="compound">
            <governor idx="2">Capaldi</governor>
            <dependent idx="1">Peter</dependent>
          </dep>
          <dep type="nsubj">
            <governor idx="6">favourite</governor>
            <dependent idx="2">Capaldi</dependent>
          </dep>
          <dep type="cop">
            <governor idx="6">favourite</governor>
            <dependent idx="3">is</dependent>
          </dep>
          <dep type="det">
            <governor idx="6">favourite</governor>
            <dependent idx="4">the</dependent>
          </dep>
          <dep type="compound">
            <governor idx="6">favourite</governor>
            <dependent idx="5">bookies'</dependent>
          </dep>
          <dep type="mark">
            <governor idx="8">become</governor>
            <dependent idx="7">to</dependent>
          </dep>
          <dep type="xcomp">
            <governor idx="6">favourite</governor>
            <dependent idx="8">become</dependent>
          </dep>
          <dep type="det">
            <governor idx="11">Doctor</governor>
            <dependent idx="9">the</dependent>
          </dep>
          <dep type="amod">
            <governor idx="11">Doctor</governor>
            <dependent idx="10">next</dependent>
          </dep>
          <dep type="xcomp">
            <governor idx="8">become</governor>
            <dependent idx="11">Doctor</dependent>
          </dep>
          <dep type="dep">
            <governor idx="11">Doctor</governor>
            <dependent idx="12">Who</dependent>
          </dep>
          <dep type="punct">
            <governor idx="6">favourite</governor>
            <dependent idx="13">.</dependent>
          </dep>
        </dependencies>
        <dependencies type="collapsed-dependencies">
          <dep type="root">
            <governor idx="0">ROOT</governor>
            <dependent idx="6">favourite</dependent>
          </dep>
          <dep type="compound">
            <governor idx="2">Capaldi</governor>
            <dependent idx="1">Peter</dependent>
          </dep>
          <dep type="nsubj">
            <governor idx="6">favourite</governor>
            <dependent idx="2">Capaldi</dependent>
          </dep>
          <dep type="cop">
            <governor idx="6">favourite</governor>
            <dependent idx="3">is</dependent>
          </dep>
          <dep type="det">
            <governor idx="6">favourite</governor>
            <dependent idx="4">the</dependent>
          </dep>
          <dep type="compound">
            <governor idx="6">favourite</governor>
            <dependent idx="5">bookies'</dependent>
          </dep>
          <dep type="mark">
            <governor idx="8">become</governor>
            <dependent idx="7">to</dependent>
          </dep>
          <dep type="xcomp">
            <governor idx="6">favourite</governor>
            <dependent idx="8">become</dependent>
          </dep>
          <dep type="det">
            <governor idx="11">Doctor</governor>
            <dependent idx="9">the</dependent>
          </dep>
          <dep type="amod">
            <governor idx="11">Doctor</governor>
            <dependent idx="10">next</dependent>
          </dep>
          <dep type="xcomp">
            <governor idx="8">become</governor>
            <dependent idx="11">Doctor</dependent>
          </dep>
          <dep type="dep">
            <governor idx="11">Doctor</governor>
            <dependent idx="12">Who</dependent>
          </dep>
          <dep type="punct">
            <governor idx="6">favourite</governor>
            <dependent idx="13">.</dependent>
          </dep>
        </dependencies>
        <dependencies type="collapsed-ccprocessed-dependencies">
          <dep type="root">
            <governor idx="0">ROOT</governor>
            <dependent idx="6">favourite</dependent>
          </dep>
          <dep type="compound">
            <governor idx="2">Capaldi</governor>
            <dependent idx="1">Peter</dependent>
          </dep>
          <dep type="nsubj">
            <governor idx="6">favourite</governor>
            <dependent idx="2">Capaldi</dependent>
          </dep>
          <dep type="cop">
            <governor idx="6">favourite</governor>
            <dependent idx="3">is</dependent>
          </dep>
          <dep type="det">
            <governor idx="6">favourite</governor>
            <dependent idx="4">the</dependent>
          </dep>
          <dep type="compound">
            <governor idx="6">favourite</governor>
            <dependent idx="5">bookies'</dependent>
          </dep>
          <dep type="mark">
            <governor idx="8">become</governor>
            <dependent idx="7">to</dependent>
          </dep>
          <dep type="xcomp">
            <governor idx="6">favourite</governor>
            <dependent idx="8">become</dependent>
          </dep>
          <dep type="det">
            <governor idx="11">Doctor</governor>
            <dependent idx="9">the</dependent>
          </dep>
          <dep type="amod">
            <governor idx="11">Doctor</governor>
            <dependent idx="10">next</dependent>
          </dep>
          <dep type="xcomp">
            <governor idx="8">become</governor>
            <dependent idx="11">Doctor</dependent>
          </dep>
          <dep type="dep">
            <governor idx="11">Doctor</governor>
            <dependent idx="12">Who</dependent>
          </dep>
          <dep type="punct">
            <governor idx="6">favourite</governor>
            <dependent idx="13">.</dependent>
          </dep>
        </dependencies>
      </sentence>
    </sentences>
  </document>
</root>
