<?xml version="1.0" encoding="UTF-8"?>
<?xml-stylesheet href="CoreNLP-to-HTML.xsl" type="text/xsl"?>
<root>
  <document>
    <sentences>
      <sentence id="1" line="1">
        <tokens>
          <token id="1">
            <word>Texas</word>
            <lemma>Texas</lemma>
            <CharacterOffsetBegin>0</CharacterOffsetBegin>
            <CharacterOffsetEnd>5</CharacterOffsetEnd>
            <POS>NNP</POS>
            <NER>LOCATION</NER>
          </token>
          <token id="2">
            <word>Prison</word>
            <lemma>Prison</lemma>
            <CharacterOffsetBegin>6</CharacterOffsetBegin>
            <CharacterOffsetEnd>12</CharacterOffsetEnd>
            <POS>NNP</POS>
            <NER>O</NER>
          </token>
          <token id="3">
            <word>Escapee</word>
            <lemma>Escapee</lemma>
            <CharacterOffsetBegin>13</CharacterOffsetBegin>
            <CharacterOffsetEnd>20</CharacterOffsetEnd>
            <POS>NNP</POS>
            <NER>O</NER>
          </token>
          <token id="4">
            <word>Added</word>
            <lemma>add</lemma>
            <CharacterOffsetBegin>21</CharacterOffsetBegin>
            <CharacterOffsetEnd>26</CharacterOffsetEnd>
            <POS>VBD</POS>
            <NER>O</NER>
          </token>
          <token id="5">
            <word>to</word>
            <lemma>to</lemma>
            <CharacterOffsetBegin>27</CharacterOffsetBegin>
            <CharacterOffsetEnd>29</CharacterOffsetEnd>
            <POS>TO</POS>
            <NER>O</NER>
          </token>
          <token id="6">
            <word>U</word>
            <lemma>U</lemma>
            <CharacterOffsetBegin>30</CharacterOffsetBegin>
            <CharacterOffsetEnd>31</CharacterOffsetEnd>
            <POS>NNP</POS>
            <NER>O</NER>
          </token>
          <token id="7">
            <word>.</word>
            <lemma>.</lemma>
            <CharacterOffsetBegin>32</CharacterOffsetBegin>
            <CharacterOffsetEnd>33</CharacterOffsetEnd>
            <POS>.</POS>
            <NER>O</NER>
          </token>
          <token id="8">
            <word>S</word>
            <lemma>s</lemma>
            <CharacterOffsetBegin>34</CharacterOffsetBegin>
            <CharacterOffsetEnd>35</CharacterOffsetEnd>
            <POS>NN</POS>
            <NER>O</NER>
          </token>
          <token id="9">
            <word>.</word>
            <lemma>.</lemma>
            <CharacterOffsetBegin>36</CharacterOffsetBegin>
            <CharacterOffsetEnd>37</CharacterOffsetEnd>
            <POS>.</POS>
            <NER>O</NER>
          </token>
          <token id="10">
            <word>Marshals</word>
            <lemma>Marshals</lemma>
            <CharacterOffsetBegin>38</CharacterOffsetBegin>
            <CharacterOffsetEnd>46</CharacterOffsetEnd>
            <POS>NNPS</POS>
            <NER>O</NER>
          </token>
          <token id="11">
            <word>'15</word>
            <lemma>'15</lemma>
            <CharacterOffsetBegin>47</CharacterOffsetBegin>
            <CharacterOffsetEnd>50</CharacterOffsetEnd>
            <POS>CD</POS>
            <NER>DATE</NER>
            <NormalizedNER>XX15</NormalizedNER>
            <Timex tid="t1" type="DATE">XX15</Timex>
          </token>
          <token id="12">
            <word>Most</word>
            <lemma>most</lemma>
            <CharacterOffsetBegin>51</CharacterOffsetBegin>
            <CharacterOffsetEnd>55</CharacterOffsetEnd>
            <POS>JJS</POS>
            <NER>O</NER>
          </token>
          <token id="13">
            <word>Wanted'</word>
            <lemma>wanted'</lemma>
            <CharacterOffsetBegin>56</CharacterOffsetBegin>
            <CharacterOffsetEnd>63</CharacterOffsetEnd>
            <POS>JJ</POS>
            <NER>O</NER>
          </token>
          <token id="14">
            <word>List</word>
            <lemma>list</lemma>
            <CharacterOffsetBegin>64</CharacterOffsetBegin>
            <CharacterOffsetEnd>68</CharacterOffsetEnd>
            <POS>NN</POS>
            <NER>O</NER>
          </token>
        </tokens>
        <parse>(ROOT (S (NP (NNP Texas) (NNP Prison) (NNP Escapee)) (VP (VBD Added) (PP (TO to) (NP (NP (NP (NNP U)) (. .) (NP (NN S)) (. .)) (NP (NP (NNPS Marshals)) (NP (CD '15)) (NP (JJS Most) (JJ Wanted') (NN List)))))))) </parse>
        <dependencies type="basic-dependencies">
          <dep type="root">
            <governor idx="0">ROOT</governor>
            <dependent idx="4">Added</dependent>
          </dep>
          <dep type="compound">
            <governor idx="3">Escapee</governor>
            <dependent idx="1">Texas</dependent>
          </dep>
          <dep type="compound">
            <governor idx="3">Escapee</governor>
            <dependent idx="2">Prison</dependent>
          </dep>
          <dep type="nsubj">
            <governor idx="4">Added</governor>
            <dependent idx="3">Escapee</dependent>
          </dep>
          <dep type="case">
            <governor idx="6">U</governor>
            <dependent idx="5">to</dependent>
          </dep>
          <dep type="nmod">
            <governor idx="4">Added</governor>
            <dependent idx="6">U</dependent>
          </dep>
          <dep type="punct">
            <governor idx="6">U</governor>
            <dependent idx="7">.</dependent>
          </dep>
          <dep type="compound">
            <governor idx="13">Wanted'</governor>
            <dependent idx="8">S</dependent>
          </dep>
          <dep type="punct">
            <governor idx="13">Wanted'</governor>
            <dependent idx="9">.</dependent>
          </dep>
          <dep type="nmod:npmod">
            <governor idx="13">Wanted'</governor>
            <dependent idx="10">Marshals</dependent>
          </dep>
          <dep type="compound">
            <governor idx="13">Wanted'</governor>
            <dependent idx="11">'15</dependent>
          </dep>
          <dep type="advmod">
            <governor idx="13">Wanted'</governor>
            <dependent idx="12">Most</dependent>
          </dep>
          <dep type="dep">
            <governor idx="6">U</governor>
            <dependent idx="13">Wanted'</dependent>
          </dep>
          <dep type="dobj">
            <governor idx="4">Added</governor>
            <dependent idx="14">List</dependent>
          </dep>
        </dependencies>
        <dependencies type="collapsed-dependencies">
          <dep type="root">
            <governor idx="0">ROOT</governor>
            <dependent idx="4">Added</dependent>
          </dep>
          <dep type="compound">
            <governor idx="3">Escapee</governor>
            <dependent idx="1">Texas</dependent>
          </dep>
          <dep type="compound">
            <governor idx="3">Escapee</governor>
            <dependent idx="2">Prison</dependent>
          </dep>
          <dep type="nsubj">
            <governor idx="4">Added</governor>
            <dependent idx="3">Escapee</dependent>
          </dep>
          <dep type="case">
            <governor idx="6">U</governor>
            <dependent idx="5">to</dependent>
          </dep>
          <dep type="nmod:to">
            <governor idx="4">Added</governor>
            <dependent idx="6">U</dependent>
          </dep>
          <dep type="punct">
            <governor idx="6">U</governor>
            <dependent idx="7">.</dependent>
          </dep>
          <dep type="compound">
            <governor idx="13">Wanted'</governor>
            <dependent idx="8">S</dependent>
          </dep>
          <dep type="punct">
            <governor idx="13">Wanted'</governor>
            <dependent idx="9">.</dependent>
          </dep>
          <dep type="nmod:npmod">
            <governor idx="13">Wanted'</governor>
            <dependent idx="10">Marshals</dependent>
          </dep>
          <dep type="compound">
            <governor idx="13">Wanted'</governor>
            <dependent idx="11">'15</dependent>
          </dep>
          <dep type="advmod">
            <governor idx="13">Wanted'</governor>
            <dependent idx="12">Most</dependent>
          </dep>
          <dep type="dep">
            <governor idx="6">U</governor>
            <dependent idx="13">Wanted'</dependent>
          </dep>
          <dep type="dobj">
            <governor idx="4">Added</governor>
            <dependent idx="14">List</dependent>
          </dep>
        </dependencies>
        <dependencies type="collapsed-ccprocessed-dependencies">
          <dep type="root">
            <governor idx="0">ROOT</governor>
            <dependent idx="4">Added</dependent>
          </dep>
          <dep type="compound">
            <governor idx="3">Escapee</governor>
            <dependent idx="1">Texas</dependent>
          </dep>
          <dep type="compound">
            <governor idx="3">Escapee</governor>
            <dependent idx="2">Prison</dependent>
          </dep>
          <dep type="nsubj">
            <governor idx="4">Added</governor>
            <dependent idx="3">Escapee</dependent>
          </dep>
          <dep type="case">
            <governor idx="6">U</governor>
            <dependent idx="5">to</dependent>
          </dep>
          <dep type="nmod:to">
            <governor idx="4">Added</governor>
            <dependent idx="6">U</dependent>
          </dep>
          <dep type="punct">
            <governor idx="6">U</governor>
            <dependent idx="7">.</dependent>
          </dep>
          <dep type="compound">
            <governor idx="13">Wanted'</governor>
            <dependent idx="8">S</dependent>
          </dep>
          <dep type="punct">
            <governor idx="13">Wanted'</governor>
            <dependent idx="9">.</dependent>
          </dep>
          <dep type="nmod:npmod">
            <governor idx="13">Wanted'</governor>
            <dependent idx="10">Marshals</dependent>
          </dep>
          <dep type="compound">
            <governor idx="13">Wanted'</governor>
            <dependent idx="11">'15</dependent>
          </dep>
          <dep type="advmod">
            <governor idx="13">Wanted'</governor>
            <dependent idx="12">Most</dependent>
          </dep>
          <dep type="dep">
            <governor idx="6">U</governor>
            <dependent idx="13">Wanted'</dependent>
          </dep>
          <dep type="dobj">
            <governor idx="4">Added</governor>
            <dependent idx="14">List</dependent>
          </dep>
        </dependencies>
      </sentence>
      <sentence id="2" line="2">
        <tokens>
          <token id="1">
            <word>The</word>
            <lemma>the</lemma>
            <CharacterOffsetBegin>69</CharacterOffsetBegin>
            <CharacterOffsetEnd>72</CharacterOffsetEnd>
            <POS>DT</POS>
            <NER>O</NER>
          </token>
          <token id="2">
            <word>U</word>
            <lemma>U</lemma>
            <CharacterOffsetBegin>73</CharacterOffsetBegin>
            <CharacterOffsetEnd>74</CharacterOffsetEnd>
            <POS>NNP</POS>
            <NER>O</NER>
          </token>
          <token id="3">
            <word>.</word>
            <lemma>.</lemma>
            <CharacterOffsetBegin>75</CharacterOffsetBegin>
            <CharacterOffsetEnd>76</CharacterOffsetEnd>
            <POS>.</POS>
            <NER>O</NER>
          </token>
          <token id="4">
            <word>S</word>
            <lemma>s</lemma>
            <CharacterOffsetBegin>77</CharacterOffsetBegin>
            <CharacterOffsetEnd>78</CharacterOffsetEnd>
            <POS>NN</POS>
            <NER>O</NER>
          </token>
          <token id="5">
            <word>.</word>
            <lemma>.</lemma>
            <CharacterOffsetBegin>79</CharacterOffsetBegin>
            <CharacterOffsetEnd>80</CharacterOffsetEnd>
            <POS>.</POS>
            <NER>O</NER>
          </token>
          <token id="6">
            <word>Marshals</word>
            <lemma>Marshals</lemma>
            <CharacterOffsetBegin>81</CharacterOffsetBegin>
            <CharacterOffsetEnd>89</CharacterOffsetEnd>
            <POS>NNPS</POS>
            <NER>O</NER>
          </token>
          <token id="7">
            <word>have</word>
            <lemma>have</lemma>
            <CharacterOffsetBegin>90</CharacterOffsetBegin>
            <CharacterOffsetEnd>94</CharacterOffsetEnd>
            <POS>VBP</POS>
            <NER>O</NER>
          </token>
          <token id="8">
            <word>added</word>
            <lemma>add</lemma>
            <CharacterOffsetBegin>95</CharacterOffsetBegin>
            <CharacterOffsetEnd>100</CharacterOffsetEnd>
            <POS>VBN</POS>
            <NER>O</NER>
          </token>
          <token id="9">
            <word>to</word>
            <lemma>to</lemma>
            <CharacterOffsetBegin>101</CharacterOffsetBegin>
            <CharacterOffsetEnd>103</CharacterOffsetEnd>
            <POS>TO</POS>
            <NER>O</NER>
          </token>
          <token id="10">
            <word>their</word>
            <lemma>they</lemma>
            <CharacterOffsetBegin>104</CharacterOffsetBegin>
            <CharacterOffsetEnd>109</CharacterOffsetEnd>
            <POS>PRP$</POS>
            <NER>O</NER>
          </token>
          <token id="11">
            <word>”</word>
            <lemma>”</lemma>
            <CharacterOffsetBegin>110</CharacterOffsetBegin>
            <CharacterOffsetEnd>111</CharacterOffsetEnd>
            <POS>CD</POS>
            <NER>NUMBER</NER>
          </token>
          <token id="12">
            <word>15</word>
            <lemma>15</lemma>
            <CharacterOffsetBegin>112</CharacterOffsetBegin>
            <CharacterOffsetEnd>114</CharacterOffsetEnd>
            <POS>CD</POS>
            <NER>NUMBER</NER>
            <NormalizedNER>15.0</NormalizedNER>
          </token>
          <token id="13">
            <word>Most</word>
            <lemma>most</lemma>
            <CharacterOffsetBegin>115</CharacterOffsetBegin>
            <CharacterOffsetEnd>119</CharacterOffsetEnd>
            <POS>JJS</POS>
            <NER>O</NER>
          </token>
          <token id="14">
            <word>Wanted</word>
            <lemma>want</lemma>
            <CharacterOffsetBegin>120</CharacterOffsetBegin>
            <CharacterOffsetEnd>126</CharacterOffsetEnd>
            <POS>VBD</POS>
            <NER>O</NER>
          </token>
          <token id="15">
            <word>“</word>
            <lemma>“</lemma>
            <CharacterOffsetBegin>127</CharacterOffsetBegin>
            <CharacterOffsetEnd>128</CharacterOffsetEnd>
            <POS>CD</POS>
            <NER>NUMBER</NER>
          </token>
          <token id="16">
            <word>list</word>
            <lemma>list</lemma>
            <CharacterOffsetBegin>129</CharacterOffsetBegin>
            <CharacterOffsetEnd>133</CharacterOffsetEnd>
            <POS>NN</POS>
            <NER>O</NER>
          </token>
          <token id="17">
            <word>of</word>
            <lemma>of</lemma>
            <CharacterOffsetBegin>134</CharacterOffsetBegin>
            <CharacterOffsetEnd>136</CharacterOffsetEnd>
            <POS>IN</POS>
            <NER>O</NER>
          </token>
          <token id="18">
            <word>fugitives</word>
            <lemma>fugitive</lemma>
            <CharacterOffsetBegin>137</CharacterOffsetBegin>
            <CharacterOffsetEnd>146</CharacterOffsetEnd>
            <POS>NNS</POS>
            <NER>O</NER>
          </token>
          <token id="19">
            <word>a</word>
            <lemma>a</lemma>
            <CharacterOffsetBegin>147</CharacterOffsetBegin>
            <CharacterOffsetEnd>148</CharacterOffsetEnd>
            <POS>DT</POS>
            <NER>O</NER>
          </token>
          <token id="20">
            <word>man</word>
            <lemma>man</lemma>
            <CharacterOffsetBegin>149</CharacterOffsetBegin>
            <CharacterOffsetEnd>152</CharacterOffsetEnd>
            <POS>NN</POS>
            <NER>O</NER>
          </token>
          <token id="21">
            <word>serving</word>
            <lemma>serve</lemma>
            <CharacterOffsetBegin>153</CharacterOffsetBegin>
            <CharacterOffsetEnd>160</CharacterOffsetEnd>
            <POS>VBG</POS>
            <NER>O</NER>
          </token>
          <token id="22">
            <word>three</word>
            <lemma>three</lemma>
            <CharacterOffsetBegin>161</CharacterOffsetBegin>
            <CharacterOffsetEnd>166</CharacterOffsetEnd>
            <POS>CD</POS>
            <NER>NUMBER</NER>
            <NormalizedNER>3.0</NormalizedNER>
          </token>
          <token id="23">
            <word>life</word>
            <lemma>life</lemma>
            <CharacterOffsetBegin>167</CharacterOffsetBegin>
            <CharacterOffsetEnd>171</CharacterOffsetEnd>
            <POS>NN</POS>
            <NER>O</NER>
          </token>
          <token id="24">
            <word>sentences</word>
            <lemma>sentence</lemma>
            <CharacterOffsetBegin>172</CharacterOffsetBegin>
            <CharacterOffsetEnd>181</CharacterOffsetEnd>
            <POS>NNS</POS>
            <NER>O</NER>
          </token>
          <token id="25">
            <word>who</word>
            <lemma>who</lemma>
            <CharacterOffsetBegin>182</CharacterOffsetBegin>
            <CharacterOffsetEnd>185</CharacterOffsetEnd>
            <POS>WP</POS>
            <NER>O</NER>
          </token>
          <token id="26">
            <word>escaped</word>
            <lemma>escape</lemma>
            <CharacterOffsetBegin>186</CharacterOffsetBegin>
            <CharacterOffsetEnd>193</CharacterOffsetEnd>
            <POS>VBD</POS>
            <NER>O</NER>
          </token>
          <token id="27">
            <word>custody</word>
            <lemma>custody</lemma>
            <CharacterOffsetBegin>194</CharacterOffsetBegin>
            <CharacterOffsetEnd>201</CharacterOffsetEnd>
            <POS>NN</POS>
            <NER>O</NER>
          </token>
          <token id="28">
            <word>during</word>
            <lemma>during</lemma>
            <CharacterOffsetBegin>202</CharacterOffsetBegin>
            <CharacterOffsetEnd>208</CharacterOffsetEnd>
            <POS>IN</POS>
            <NER>O</NER>
          </token>
          <token id="29">
            <word>his</word>
            <lemma>he</lemma>
            <CharacterOffsetBegin>209</CharacterOffsetBegin>
            <CharacterOffsetEnd>212</CharacterOffsetEnd>
            <POS>PRP$</POS>
            <NER>O</NER>
          </token>
          <token id="30">
            <word>transport</word>
            <lemma>transport</lemma>
            <CharacterOffsetBegin>213</CharacterOffsetBegin>
            <CharacterOffsetEnd>222</CharacterOffsetEnd>
            <POS>NN</POS>
            <NER>O</NER>
          </token>
          <token id="31">
            <word>from</word>
            <lemma>from</lemma>
            <CharacterOffsetBegin>223</CharacterOffsetBegin>
            <CharacterOffsetEnd>227</CharacterOffsetEnd>
            <POS>IN</POS>
            <NER>O</NER>
          </token>
          <token id="32">
            <word>Huntsville</word>
            <lemma>Huntsville</lemma>
            <CharacterOffsetBegin>228</CharacterOffsetBegin>
            <CharacterOffsetEnd>238</CharacterOffsetEnd>
            <POS>NNP</POS>
            <NER>LOCATION</NER>
          </token>
          <token id="33">
            <word>,</word>
            <lemma>,</lemma>
            <CharacterOffsetBegin>239</CharacterOffsetBegin>
            <CharacterOffsetEnd>240</CharacterOffsetEnd>
            <POS>,</POS>
            <NER>O</NER>
          </token>
          <token id="34">
            <word>Texas</word>
            <lemma>Texas</lemma>
            <CharacterOffsetBegin>241</CharacterOffsetBegin>
            <CharacterOffsetEnd>246</CharacterOffsetEnd>
            <POS>NNP</POS>
            <NER>LOCATION</NER>
          </token>
          <token id="35">
            <word>,</word>
            <lemma>,</lemma>
            <CharacterOffsetBegin>247</CharacterOffsetBegin>
            <CharacterOffsetEnd>248</CharacterOffsetEnd>
            <POS>,</POS>
            <NER>O</NER>
          </token>
          <token id="36">
            <word>to</word>
            <lemma>to</lemma>
            <CharacterOffsetBegin>249</CharacterOffsetBegin>
            <CharacterOffsetEnd>251</CharacterOffsetEnd>
            <POS>TO</POS>
            <NER>O</NER>
          </token>
          <token id="37">
            <word>Stiles</word>
            <lemma>Stiles</lemma>
            <CharacterOffsetBegin>252</CharacterOffsetBegin>
            <CharacterOffsetEnd>258</CharacterOffsetEnd>
            <POS>NNP</POS>
            <NER>LOCATION</NER>
          </token>
          <token id="38">
            <word>,</word>
            <lemma>,</lemma>
            <CharacterOffsetBegin>259</CharacterOffsetBegin>
            <CharacterOffsetEnd>260</CharacterOffsetEnd>
            <POS>,</POS>
            <NER>O</NER>
          </token>
          <token id="39">
            <word>Texas</word>
            <lemma>Texas</lemma>
            <CharacterOffsetBegin>261</CharacterOffsetBegin>
            <CharacterOffsetEnd>266</CharacterOffsetEnd>
            <POS>NNP</POS>
            <NER>LOCATION</NER>
          </token>
          <token id="40">
            <word>.</word>
            <lemma>.</lemma>
            <CharacterOffsetBegin>267</CharacterOffsetBegin>
            <CharacterOffsetEnd>268</CharacterOffsetEnd>
            <POS>.</POS>
            <NER>O</NER>
          </token>
        </tokens>
        <parse>(ROOT (S (S (FRAG (NP (DT The) (NNP U)) (. .) (NP (NN S)) (. .)) (NP (NNPS Marshals)) (VP (VBP have) (VP (VBN added) (PP (TO to) (NP (PRP$ their) (QP (CD ”) (CD 15))))))) (NP (JJS Most)) (VP (VBD Wanted) (S (NP (NP (CD “) (NN list)) (PP (IN of) (NP (NNS fugitives)))) (NP (NP (DT a) (NN man)) (VP (VBG serving) (NP (NP (CD three) (NN life) (NNS sentences)) (SBAR (WHNP (WP who)) (S (VP (VBD escaped) (NP (NN custody)) (PP (IN during) (NP (NP (PRP$ his) (NN transport)) (PP (IN from) (NP (NNP Huntsville) (, ,) (NNP Texas) (, ,))))) (PP (TO to) (NP (NNP Stiles) (, ,) (NNP Texas))))))))))) (. .))) </parse>
        <dependencies type="basic-dependencies">
          <dep type="root">
            <governor idx="0">ROOT</governor>
            <dependent idx="4">S</dependent>
          </dep>
          <dep type="det">
            <governor idx="4">S</governor>
            <dependent idx="1">The</dependent>
          </dep>
          <dep type="compound">
            <governor idx="4">S</governor>
            <dependent idx="2">U</dependent>
          </dep>
          <dep type="punct">
            <governor idx="4">S</governor>
            <dependent idx="3">.</dependent>
          </dep>
          <dep type="punct">
            <governor idx="4">S</governor>
            <dependent idx="5">.</dependent>
          </dep>
          <dep type="nsubj">
            <governor idx="8">added</governor>
            <dependent idx="6">Marshals</dependent>
          </dep>
          <dep type="aux">
            <governor idx="8">added</governor>
            <dependent idx="7">have</dependent>
          </dep>
          <dep type="acl:relcl">
            <governor idx="4">S</governor>
            <dependent idx="8">added</dependent>
          </dep>
          <dep type="xcomp">
            <governor idx="8">added</governor>
            <dependent idx="9">to</dependent>
          </dep>
          <dep type="dep">
            <governor idx="9">to</governor>
            <dependent idx="10">their</dependent>
          </dep>
          <dep type="compound">
            <governor idx="12">15</governor>
            <dependent idx="11">”</dependent>
          </dep>
          <dep type="dep">
            <governor idx="14">Wanted</governor>
            <dependent idx="12">15</dependent>
          </dep>
          <dep type="nsubj">
            <governor idx="14">Wanted</governor>
            <dependent idx="13">Most</dependent>
          </dep>
          <dep type="dep">
            <governor idx="10">their</governor>
            <dependent idx="14">Wanted</dependent>
          </dep>
          <dep type="nummod">
            <governor idx="16">list</governor>
            <dependent idx="15">“</dependent>
          </dep>
          <dep type="dobj">
            <governor idx="14">Wanted</governor>
            <dependent idx="16">list</dependent>
          </dep>
          <dep type="case">
            <governor idx="18">fugitives</governor>
            <dependent idx="17">of</dependent>
          </dep>
          <dep type="nmod">
            <governor idx="16">list</governor>
            <dependent idx="18">fugitives</dependent>
          </dep>
          <dep type="det">
            <governor idx="20">man</governor>
            <dependent idx="19">a</dependent>
          </dep>
          <dep type="dep">
            <governor idx="18">fugitives</governor>
            <dependent idx="20">man</dependent>
          </dep>
          <dep type="acl">
            <governor idx="20">man</governor>
            <dependent idx="21">serving</dependent>
          </dep>
          <dep type="nummod">
            <governor idx="24">sentences</governor>
            <dependent idx="22">three</dependent>
          </dep>
          <dep type="compound">
            <governor idx="24">sentences</governor>
            <dependent idx="23">life</dependent>
          </dep>
          <dep type="dobj">
            <governor idx="21">serving</governor>
            <dependent idx="24">sentences</dependent>
          </dep>
          <dep type="nsubj">
            <governor idx="26">escaped</governor>
            <dependent idx="25">who</dependent>
          </dep>
          <dep type="acl:relcl">
            <governor idx="24">sentences</governor>
            <dependent idx="26">escaped</dependent>
          </dep>
          <dep type="dobj">
            <governor idx="26">escaped</governor>
            <dependent idx="27">custody</dependent>
          </dep>
          <dep type="case">
            <governor idx="30">transport</governor>
            <dependent idx="28">during</dependent>
          </dep>
          <dep type="nmod:poss">
            <governor idx="30">transport</governor>
            <dependent idx="29">his</dependent>
          </dep>
          <dep type="nmod">
            <governor idx="26">escaped</governor>
            <dependent idx="30">transport</dependent>
          </dep>
          <dep type="case">
            <governor idx="32">Huntsville</governor>
            <dependent idx="31">from</dependent>
          </dep>
          <dep type="nmod">
            <governor idx="30">transport</governor>
            <dependent idx="32">Huntsville</dependent>
          </dep>
          <dep type="punct">
            <governor idx="32">Huntsville</governor>
            <dependent idx="33">,</dependent>
          </dep>
          <dep type="appos">
            <governor idx="32">Huntsville</governor>
            <dependent idx="34">Texas</dependent>
          </dep>
          <dep type="punct">
            <governor idx="20">man</governor>
            <dependent idx="35">,</dependent>
          </dep>
          <dep type="case">
            <governor idx="37">Stiles</governor>
            <dependent idx="36">to</dependent>
          </dep>
          <dep type="nmod">
            <governor idx="20">man</governor>
            <dependent idx="37">Stiles</dependent>
          </dep>
          <dep type="punct">
            <governor idx="37">Stiles</governor>
            <dependent idx="38">,</dependent>
          </dep>
          <dep type="appos">
            <governor idx="37">Stiles</governor>
            <dependent idx="39">Texas</dependent>
          </dep>
          <dep type="punct">
            <governor idx="4">S</governor>
            <dependent idx="40">.</dependent>
          </dep>
        </dependencies>
        <dependencies type="collapsed-dependencies">
          <dep type="root">
            <governor idx="0">ROOT</governor>
            <dependent idx="4">S</dependent>
          </dep>
          <dep type="det">
            <governor idx="4">S</governor>
            <dependent idx="1">The</dependent>
          </dep>
          <dep type="compound">
            <governor idx="4">S</governor>
            <dependent idx="2">U</dependent>
          </dep>
          <dep type="punct">
            <governor idx="4">S</governor>
            <dependent idx="3">.</dependent>
          </dep>
          <dep type="punct">
            <governor idx="4">S</governor>
            <dependent idx="5">.</dependent>
          </dep>
          <dep type="nsubj">
            <governor idx="8">added</governor>
            <dependent idx="6">Marshals</dependent>
          </dep>
          <dep type="aux">
            <governor idx="8">added</governor>
            <dependent idx="7">have</dependent>
          </dep>
          <dep type="acl:relcl">
            <governor idx="4">S</governor>
            <dependent idx="8">added</dependent>
          </dep>
          <dep type="xcomp">
            <governor idx="8">added</governor>
            <dependent idx="9">to</dependent>
          </dep>
          <dep type="dep">
            <governor idx="9">to</governor>
            <dependent idx="10">their</dependent>
          </dep>
          <dep type="compound">
            <governor idx="12">15</governor>
            <dependent idx="11">”</dependent>
          </dep>
          <dep type="dep">
            <governor idx="14">Wanted</governor>
            <dependent idx="12">15</dependent>
          </dep>
          <dep type="nsubj">
            <governor idx="14">Wanted</governor>
            <dependent idx="13">Most</dependent>
          </dep>
          <dep type="dep">
            <governor idx="10">their</governor>
            <dependent idx="14">Wanted</dependent>
          </dep>
          <dep type="nummod">
            <governor idx="16">list</governor>
            <dependent idx="15">“</dependent>
          </dep>
          <dep type="dobj">
            <governor idx="14">Wanted</governor>
            <dependent idx="16">list</dependent>
          </dep>
          <dep type="case">
            <governor idx="18">fugitives</governor>
            <dependent idx="17">of</dependent>
          </dep>
          <dep type="nmod:of">
            <governor idx="16">list</governor>
            <dependent idx="18">fugitives</dependent>
          </dep>
          <dep type="det">
            <governor idx="20">man</governor>
            <dependent idx="19">a</dependent>
          </dep>
          <dep type="dep">
            <governor idx="18">fugitives</governor>
            <dependent idx="20">man</dependent>
          </dep>
          <dep type="acl">
            <governor idx="20">man</governor>
            <dependent idx="21">serving</dependent>
          </dep>
          <dep type="nummod">
            <governor idx="24">sentences</governor>
            <dependent idx="22">three</dependent>
          </dep>
          <dep type="compound">
            <governor idx="24">sentences</governor>
            <dependent idx="23">life</dependent>
          </dep>
          <dep type="dobj">
            <governor idx="21">serving</governor>
            <dependent idx="24">sentences</dependent>
          </dep>
          <dep type="nsubj">
            <governor idx="26">escaped</governor>
            <dependent idx="25">who</dependent>
          </dep>
          <dep type="acl:relcl">
            <governor idx="24">sentences</governor>
            <dependent idx="26">escaped</dependent>
          </dep>
          <dep type="dobj">
            <governor idx="26">escaped</governor>
            <dependent idx="27">custody</dependent>
          </dep>
          <dep type="case">
            <governor idx="30">transport</governor>
            <dependent idx="28">during</dependent>
          </dep>
          <dep type="nmod:poss">
            <governor idx="30">transport</governor>
            <dependent idx="29">his</dependent>
          </dep>
          <dep type="nmod:during">
            <governor idx="26">escaped</governor>
            <dependent idx="30">transport</dependent>
          </dep>
          <dep type="case">
            <governor idx="32">Huntsville</governor>
            <dependent idx="31">from</dependent>
          </dep>
          <dep type="nmod:from">
            <governor idx="30">transport</governor>
            <dependent idx="32">Huntsville</dependent>
          </dep>
          <dep type="punct">
            <governor idx="32">Huntsville</governor>
            <dependent idx="33">,</dependent>
          </dep>
          <dep type="appos">
            <governor idx="32">Huntsville</governor>
            <dependent idx="34">Texas</dependent>
          </dep>
          <dep type="punct">
            <governor idx="20">man</governor>
            <dependent idx="35">,</dependent>
          </dep>
          <dep type="case">
            <governor idx="37">Stiles</governor>
            <dependent idx="36">to</dependent>
          </dep>
          <dep type="nmod:to">
            <governor idx="20">man</governor>
            <dependent idx="37">Stiles</dependent>
          </dep>
          <dep type="punct">
            <governor idx="37">Stiles</governor>
            <dependent idx="38">,</dependent>
          </dep>
          <dep type="appos">
            <governor idx="37">Stiles</governor>
            <dependent idx="39">Texas</dependent>
          </dep>
          <dep type="punct">
            <governor idx="4">S</governor>
            <dependent idx="40">.</dependent>
          </dep>
        </dependencies>
        <dependencies type="collapsed-ccprocessed-dependencies">
          <dep type="root">
            <governor idx="0">ROOT</governor>
            <dependent idx="4">S</dependent>
          </dep>
          <dep type="det">
            <governor idx="4">S</governor>
            <dependent idx="1">The</dependent>
          </dep>
          <dep type="compound">
            <governor idx="4">S</governor>
            <dependent idx="2">U</dependent>
          </dep>
          <dep type="punct">
            <governor idx="4">S</governor>
            <dependent idx="3">.</dependent>
          </dep>
          <dep type="punct">
            <governor idx="4">S</governor>
            <dependent idx="5">.</dependent>
          </dep>
          <dep type="nsubj">
            <governor idx="8">added</governor>
            <dependent idx="6">Marshals</dependent>
          </dep>
          <dep type="aux">
            <governor idx="8">added</governor>
            <dependent idx="7">have</dependent>
          </dep>
          <dep type="acl:relcl">
            <governor idx="4">S</governor>
            <dependent idx="8">added</dependent>
          </dep>
          <dep type="xcomp">
            <governor idx="8">added</governor>
            <dependent idx="9">to</dependent>
          </dep>
          <dep type="dep">
            <governor idx="9">to</governor>
            <dependent idx="10">their</dependent>
          </dep>
          <dep type="compound">
            <governor idx="12">15</governor>
            <dependent idx="11">”</dependent>
          </dep>
          <dep type="dep">
            <governor idx="14">Wanted</governor>
            <dependent idx="12">15</dependent>
          </dep>
          <dep type="nsubj">
            <governor idx="14">Wanted</governor>
            <dependent idx="13">Most</dependent>
          </dep>
          <dep type="dep">
            <governor idx="10">their</governor>
            <dependent idx="14">Wanted</dependent>
          </dep>
          <dep type="nummod">
            <governor idx="16">list</governor>
            <dependent idx="15">“</dependent>
          </dep>
          <dep type="dobj">
            <governor idx="14">Wanted</governor>
            <dependent idx="16">list</dependent>
          </dep>
          <dep type="case">
            <governor idx="18">fugitives</governor>
            <dependent idx="17">of</dependent>
          </dep>
          <dep type="nmod:of">
            <governor idx="16">list</governor>
            <dependent idx="18">fugitives</dependent>
          </dep>
          <dep type="det">
            <governor idx="20">man</governor>
            <dependent idx="19">a</dependent>
          </dep>
          <dep type="dep">
            <governor idx="18">fugitives</governor>
            <dependent idx="20">man</dependent>
          </dep>
          <dep type="acl">
            <governor idx="20">man</governor>
            <dependent idx="21">serving</dependent>
          </dep>
          <dep type="nummod">
            <governor idx="24">sentences</governor>
            <dependent idx="22">three</dependent>
          </dep>
          <dep type="compound">
            <governor idx="24">sentences</governor>
            <dependent idx="23">life</dependent>
          </dep>
          <dep type="dobj">
            <governor idx="21">serving</governor>
            <dependent idx="24">sentences</dependent>
          </dep>
          <dep type="nsubj">
            <governor idx="26">escaped</governor>
            <dependent idx="25">who</dependent>
          </dep>
          <dep type="acl:relcl">
            <governor idx="24">sentences</governor>
            <dependent idx="26">escaped</dependent>
          </dep>
          <dep type="dobj">
            <governor idx="26">escaped</governor>
            <dependent idx="27">custody</dependent>
          </dep>
          <dep type="case">
            <governor idx="30">transport</governor>
            <dependent idx="28">during</dependent>
          </dep>
          <dep type="nmod:poss">
            <governor idx="30">transport</governor>
            <dependent idx="29">his</dependent>
          </dep>
          <dep type="nmod:during">
            <governor idx="26">escaped</governor>
            <dependent idx="30">transport</dependent>
          </dep>
          <dep type="case">
            <governor idx="32">Huntsville</governor>
            <dependent idx="31">from</dependent>
          </dep>
          <dep type="nmod:from">
            <governor idx="30">transport</governor>
            <dependent idx="32">Huntsville</dependent>
          </dep>
          <dep type="punct">
            <governor idx="32">Huntsville</governor>
            <dependent idx="33">,</dependent>
          </dep>
          <dep type="appos">
            <governor idx="32">Huntsville</governor>
            <dependent idx="34">Texas</dependent>
          </dep>
          <dep type="punct">
            <governor idx="20">man</governor>
            <dependent idx="35">,</dependent>
          </dep>
          <dep type="case">
            <governor idx="37">Stiles</governor>
            <dependent idx="36">to</dependent>
          </dep>
          <dep type="nmod:to">
            <governor idx="20">man</governor>
            <dependent idx="37">Stiles</dependent>
          </dep>
          <dep type="punct">
            <governor idx="37">Stiles</governor>
            <dependent idx="38">,</dependent>
          </dep>
          <dep type="appos">
            <governor idx="37">Stiles</governor>
            <dependent idx="39">Texas</dependent>
          </dep>
          <dep type="punct">
            <governor idx="4">S</governor>
            <dependent idx="40">.</dependent>
          </dep>
        </dependencies>
      </sentence>
    </sentences>
  </document>
</root>
