<?xml version="1.0" encoding="UTF-8"?>
<?xml-stylesheet href="CoreNLP-to-HTML.xsl" type="text/xsl"?>
<root>
  <document>
    <sentences>
      <sentence id="1" line="1">
        <tokens>
          <token id="1">
            <word>'Armed</word>
            <lemma>'arm</lemma>
            <CharacterOffsetBegin>0</CharacterOffsetBegin>
            <CharacterOffsetEnd>6</CharacterOffsetEnd>
            <POS>VBN</POS>
            <NER>O</NER>
          </token>
          <token id="2">
            <word>and</word>
            <lemma>and</lemma>
            <CharacterOffsetBegin>7</CharacterOffsetBegin>
            <CharacterOffsetEnd>10</CharacterOffsetEnd>
            <POS>CC</POS>
            <NER>O</NER>
          </token>
          <token id="3">
            <word>Dangerous'</word>
            <lemma>Dangerous'</lemma>
            <CharacterOffsetBegin>11</CharacterOffsetBegin>
            <CharacterOffsetEnd>21</CharacterOffsetEnd>
            <POS>NNP</POS>
            <NER>O</NER>
          </token>
          <token id="4">
            <word>Texas</word>
            <lemma>Texas</lemma>
            <CharacterOffsetBegin>22</CharacterOffsetBegin>
            <CharacterOffsetEnd>27</CharacterOffsetEnd>
            <POS>NNP</POS>
            <NER>LOCATION</NER>
          </token>
          <token id="5">
            <word>Inmate</word>
            <lemma>Inmate</lemma>
            <CharacterOffsetBegin>28</CharacterOffsetBegin>
            <CharacterOffsetEnd>34</CharacterOffsetEnd>
            <POS>NNP</POS>
            <NER>O</NER>
          </token>
          <token id="6">
            <word>on</word>
            <lemma>on</lemma>
            <CharacterOffsetBegin>35</CharacterOffsetBegin>
            <CharacterOffsetEnd>37</CharacterOffsetEnd>
            <POS>IN</POS>
            <NER>O</NER>
          </token>
          <token id="7">
            <word>The</word>
            <lemma>the</lemma>
            <CharacterOffsetBegin>38</CharacterOffsetBegin>
            <CharacterOffsetEnd>41</CharacterOffsetEnd>
            <POS>DT</POS>
            <NER>O</NER>
          </token>
          <token id="8">
            <word>Loose</word>
            <lemma>loose</lemma>
            <CharacterOffsetBegin>42</CharacterOffsetBegin>
            <CharacterOffsetEnd>47</CharacterOffsetEnd>
            <POS>JJ</POS>
            <NER>O</NER>
          </token>
        </tokens>
        <parse>(ROOT (S (VP (VP (VBN 'Armed)) (CC and) (VP (NP (NNP Dangerous') (NNP Texas) (NNP Inmate)) (PP (IN on) (NP (DT The) (JJ Loose))))))) </parse>
        <dependencies type="basic-dependencies">
          <dep type="root">
            <governor idx="0">ROOT</governor>
            <dependent idx="1">'Armed</dependent>
          </dep>
          <dep type="cc">
            <governor idx="1">'Armed</governor>
            <dependent idx="2">and</dependent>
          </dep>
          <dep type="compound">
            <governor idx="5">Inmate</governor>
            <dependent idx="3">Dangerous'</dependent>
          </dep>
          <dep type="compound">
            <governor idx="5">Inmate</governor>
            <dependent idx="4">Texas</dependent>
          </dep>
          <dep type="conj">
            <governor idx="1">'Armed</governor>
            <dependent idx="5">Inmate</dependent>
          </dep>
          <dep type="case">
            <governor idx="8">Loose</governor>
            <dependent idx="6">on</dependent>
          </dep>
          <dep type="det">
            <governor idx="8">Loose</governor>
            <dependent idx="7">The</dependent>
          </dep>
          <dep type="nmod">
            <governor idx="1">'Armed</governor>
            <dependent idx="8">Loose</dependent>
          </dep>
        </dependencies>
        <dependencies type="collapsed-dependencies">
          <dep type="root">
            <governor idx="0">ROOT</governor>
            <dependent idx="1">'Armed</dependent>
          </dep>
          <dep type="cc">
            <governor idx="1">'Armed</governor>
            <dependent idx="2">and</dependent>
          </dep>
          <dep type="compound">
            <governor idx="5">Inmate</governor>
            <dependent idx="3">Dangerous'</dependent>
          </dep>
          <dep type="compound">
            <governor idx="5">Inmate</governor>
            <dependent idx="4">Texas</dependent>
          </dep>
          <dep type="conj:and">
            <governor idx="1">'Armed</governor>
            <dependent idx="5">Inmate</dependent>
          </dep>
          <dep type="case">
            <governor idx="8">Loose</governor>
            <dependent idx="6">on</dependent>
          </dep>
          <dep type="det">
            <governor idx="8">Loose</governor>
            <dependent idx="7">The</dependent>
          </dep>
          <dep type="nmod:on">
            <governor idx="1">'Armed</governor>
            <dependent idx="8">Loose</dependent>
          </dep>
        </dependencies>
        <dependencies type="collapsed-ccprocessed-dependencies">
          <dep type="root">
            <governor idx="0">ROOT</governor>
            <dependent idx="1">'Armed</dependent>
          </dep>
          <dep type="cc">
            <governor idx="1">'Armed</governor>
            <dependent idx="2">and</dependent>
          </dep>
          <dep type="compound">
            <governor idx="5">Inmate</governor>
            <dependent idx="3">Dangerous'</dependent>
          </dep>
          <dep type="compound">
            <governor idx="5">Inmate</governor>
            <dependent idx="4">Texas</dependent>
          </dep>
          <dep type="conj:and">
            <governor idx="1">'Armed</governor>
            <dependent idx="5">Inmate</dependent>
          </dep>
          <dep type="case">
            <governor idx="8">Loose</governor>
            <dependent idx="6">on</dependent>
          </dep>
          <dep type="det">
            <governor idx="8">Loose</governor>
            <dependent idx="7">The</dependent>
          </dep>
          <dep type="nmod:on">
            <governor idx="1">'Armed</governor>
            <dependent idx="8">Loose</dependent>
          </dep>
        </dependencies>
      </sentence>
      <sentence id="2" line="2">
        <tokens>
          <token id="1">
            <word>The</word>
            <lemma>the</lemma>
            <CharacterOffsetBegin>48</CharacterOffsetBegin>
            <CharacterOffsetEnd>51</CharacterOffsetEnd>
            <POS>DT</POS>
            <NER>O</NER>
          </token>
          <token id="2">
            <word>Texas</word>
            <lemma>Texas</lemma>
            <CharacterOffsetBegin>52</CharacterOffsetBegin>
            <CharacterOffsetEnd>57</CharacterOffsetEnd>
            <POS>NNP</POS>
            <NER>ORGANIZATION</NER>
          </token>
          <token id="3">
            <word>Department</word>
            <lemma>Department</lemma>
            <CharacterOffsetBegin>58</CharacterOffsetBegin>
            <CharacterOffsetEnd>68</CharacterOffsetEnd>
            <POS>NNP</POS>
            <NER>ORGANIZATION</NER>
          </token>
          <token id="4">
            <word>of</word>
            <lemma>of</lemma>
            <CharacterOffsetBegin>69</CharacterOffsetBegin>
            <CharacterOffsetEnd>71</CharacterOffsetEnd>
            <POS>IN</POS>
            <NER>ORGANIZATION</NER>
          </token>
          <token id="5">
            <word>Criminal</word>
            <lemma>Criminal</lemma>
            <CharacterOffsetBegin>72</CharacterOffsetBegin>
            <CharacterOffsetEnd>80</CharacterOffsetEnd>
            <POS>NNP</POS>
            <NER>ORGANIZATION</NER>
          </token>
          <token id="6">
            <word>Justice</word>
            <lemma>Justice</lemma>
            <CharacterOffsetBegin>81</CharacterOffsetBegin>
            <CharacterOffsetEnd>88</CharacterOffsetEnd>
            <POS>NNP</POS>
            <NER>ORGANIZATION</NER>
          </token>
          <token id="7">
            <word>is</word>
            <lemma>be</lemma>
            <CharacterOffsetBegin>89</CharacterOffsetBegin>
            <CharacterOffsetEnd>91</CharacterOffsetEnd>
            <POS>VBZ</POS>
            <NER>O</NER>
          </token>
          <token id="8">
            <word>searching</word>
            <lemma>search</lemma>
            <CharacterOffsetBegin>92</CharacterOffsetBegin>
            <CharacterOffsetEnd>101</CharacterOffsetEnd>
            <POS>VBG</POS>
            <NER>O</NER>
          </token>
          <token id="9">
            <word>for</word>
            <lemma>for</lemma>
            <CharacterOffsetBegin>102</CharacterOffsetBegin>
            <CharacterOffsetEnd>105</CharacterOffsetEnd>
            <POS>IN</POS>
            <NER>O</NER>
          </token>
          <token id="10">
            <word>an</word>
            <lemma>a</lemma>
            <CharacterOffsetBegin>106</CharacterOffsetBegin>
            <CharacterOffsetEnd>108</CharacterOffsetEnd>
            <POS>DT</POS>
            <NER>O</NER>
          </token>
          <token id="11">
            <word>escaped</word>
            <lemma>escape</lemma>
            <CharacterOffsetBegin>109</CharacterOffsetBegin>
            <CharacterOffsetEnd>116</CharacterOffsetEnd>
            <POS>VBN</POS>
            <NER>O</NER>
          </token>
          <token id="12">
            <word>inmate</word>
            <lemma>inmate</lemma>
            <CharacterOffsetBegin>117</CharacterOffsetBegin>
            <CharacterOffsetEnd>123</CharacterOffsetEnd>
            <POS>NN</POS>
            <NER>O</NER>
          </token>
          <token id="13">
            <word>who</word>
            <lemma>who</lemma>
            <CharacterOffsetBegin>124</CharacterOffsetBegin>
            <CharacterOffsetEnd>127</CharacterOffsetEnd>
            <POS>WP</POS>
            <NER>O</NER>
          </token>
          <token id="14">
            <word>is</word>
            <lemma>be</lemma>
            <CharacterOffsetBegin>128</CharacterOffsetBegin>
            <CharacterOffsetEnd>130</CharacterOffsetEnd>
            <POS>VBZ</POS>
            <NER>O</NER>
          </token>
          <token id="15">
            <word>considered</word>
            <lemma>consider</lemma>
            <CharacterOffsetBegin>131</CharacterOffsetBegin>
            <CharacterOffsetEnd>141</CharacterOffsetEnd>
            <POS>VBN</POS>
            <NER>O</NER>
          </token>
          <token id="16">
            <word>armed</word>
            <lemma>armed</lemma>
            <CharacterOffsetBegin>142</CharacterOffsetBegin>
            <CharacterOffsetEnd>147</CharacterOffsetEnd>
            <POS>JJ</POS>
            <NER>O</NER>
          </token>
          <token id="17">
            <word>and</word>
            <lemma>and</lemma>
            <CharacterOffsetBegin>148</CharacterOffsetBegin>
            <CharacterOffsetEnd>151</CharacterOffsetEnd>
            <POS>CC</POS>
            <NER>O</NER>
          </token>
          <token id="18">
            <word>dangerous</word>
            <lemma>dangerous</lemma>
            <CharacterOffsetBegin>152</CharacterOffsetBegin>
            <CharacterOffsetEnd>161</CharacterOffsetEnd>
            <POS>JJ</POS>
            <NER>O</NER>
          </token>
          <token id="19">
            <word>,</word>
            <lemma>,</lemma>
            <CharacterOffsetBegin>162</CharacterOffsetBegin>
            <CharacterOffsetEnd>163</CharacterOffsetEnd>
            <POS>,</POS>
            <NER>O</NER>
          </token>
          <token id="20">
            <word>MyFoxHouston</word>
            <lemma>MyFoxHouston</lemma>
            <CharacterOffsetBegin>164</CharacterOffsetBegin>
            <CharacterOffsetEnd>176</CharacterOffsetEnd>
            <POS>NNP</POS>
            <NER>PERSON</NER>
          </token>
          <token id="21">
            <word>.</word>
            <lemma>.</lemma>
            <CharacterOffsetBegin>177</CharacterOffsetBegin>
            <CharacterOffsetEnd>178</CharacterOffsetEnd>
            <POS>.</POS>
            <NER>O</NER>
          </token>
          <token id="22">
            <word>com</word>
            <lemma>com</lemma>
            <CharacterOffsetBegin>179</CharacterOffsetBegin>
            <CharacterOffsetEnd>182</CharacterOffsetEnd>
            <POS>NN</POS>
            <NER>O</NER>
          </token>
          <token id="23">
            <word>reports</word>
            <lemma>report</lemma>
            <CharacterOffsetBegin>183</CharacterOffsetBegin>
            <CharacterOffsetEnd>190</CharacterOffsetEnd>
            <POS>NNS</POS>
            <NER>O</NER>
          </token>
          <token id="24">
            <word>.</word>
            <lemma>.</lemma>
            <CharacterOffsetBegin>191</CharacterOffsetBegin>
            <CharacterOffsetEnd>192</CharacterOffsetEnd>
            <POS>.</POS>
            <NER>O</NER>
          </token>
        </tokens>
        <parse>(ROOT (S (NP (NP (DT The) (NNP Texas) (NNP Department)) (PP (IN of) (NP (NNP Criminal) (NNP Justice)))) (VP (VBZ is) (VP (VBG searching) (PP (IN for) (NP (NP (NP (DT an) (VBN escaped) (NN inmate)) (SBAR (WHNP (WP who)) (S (VP (VBZ is) (VP (VBN considered) (S (ADJP (JJ armed) (CC and) (JJ dangerous)))))))) (, ,) (NP (NP (NNP MyFoxHouston) (. .)) (NP (NN com) (NNS reports))))))) (. .))) </parse>
        <dependencies type="basic-dependencies">
          <dep type="root">
            <governor idx="0">ROOT</governor>
            <dependent idx="8">searching</dependent>
          </dep>
          <dep type="det">
            <governor idx="3">Department</governor>
            <dependent idx="1">The</dependent>
          </dep>
          <dep type="compound">
            <governor idx="3">Department</governor>
            <dependent idx="2">Texas</dependent>
          </dep>
          <dep type="nsubj">
            <governor idx="8">searching</governor>
            <dependent idx="3">Department</dependent>
          </dep>
          <dep type="case">
            <governor idx="6">Justice</governor>
            <dependent idx="4">of</dependent>
          </dep>
          <dep type="compound">
            <governor idx="6">Justice</governor>
            <dependent idx="5">Criminal</dependent>
          </dep>
          <dep type="nmod">
            <governor idx="3">Department</governor>
            <dependent idx="6">Justice</dependent>
          </dep>
          <dep type="aux">
            <governor idx="8">searching</governor>
            <dependent idx="7">is</dependent>
          </dep>
          <dep type="case">
            <governor idx="12">inmate</governor>
            <dependent idx="9">for</dependent>
          </dep>
          <dep type="det">
            <governor idx="12">inmate</governor>
            <dependent idx="10">an</dependent>
          </dep>
          <dep type="amod">
            <governor idx="12">inmate</governor>
            <dependent idx="11">escaped</dependent>
          </dep>
          <dep type="nmod">
            <governor idx="8">searching</governor>
            <dependent idx="12">inmate</dependent>
          </dep>
          <dep type="nsubjpass">
            <governor idx="15">considered</governor>
            <dependent idx="13">who</dependent>
          </dep>
          <dep type="auxpass">
            <governor idx="15">considered</governor>
            <dependent idx="14">is</dependent>
          </dep>
          <dep type="acl:relcl">
            <governor idx="12">inmate</governor>
            <dependent idx="15">considered</dependent>
          </dep>
          <dep type="xcomp">
            <governor idx="15">considered</governor>
            <dependent idx="16">armed</dependent>
          </dep>
          <dep type="cc">
            <governor idx="16">armed</governor>
            <dependent idx="17">and</dependent>
          </dep>
          <dep type="conj">
            <governor idx="16">armed</governor>
            <dependent idx="18">dangerous</dependent>
          </dep>
          <dep type="punct">
            <governor idx="12">inmate</governor>
            <dependent idx="19">,</dependent>
          </dep>
          <dep type="dep">
            <governor idx="23">reports</governor>
            <dependent idx="20">MyFoxHouston</dependent>
          </dep>
          <dep type="punct">
            <governor idx="20">MyFoxHouston</governor>
            <dependent idx="21">.</dependent>
          </dep>
          <dep type="compound">
            <governor idx="23">reports</governor>
            <dependent idx="22">com</dependent>
          </dep>
          <dep type="appos">
            <governor idx="12">inmate</governor>
            <dependent idx="23">reports</dependent>
          </dep>
          <dep type="punct">
            <governor idx="8">searching</governor>
            <dependent idx="24">.</dependent>
          </dep>
        </dependencies>
        <dependencies type="collapsed-dependencies">
          <dep type="root">
            <governor idx="0">ROOT</governor>
            <dependent idx="8">searching</dependent>
          </dep>
          <dep type="det">
            <governor idx="3">Department</governor>
            <dependent idx="1">The</dependent>
          </dep>
          <dep type="compound">
            <governor idx="3">Department</governor>
            <dependent idx="2">Texas</dependent>
          </dep>
          <dep type="nsubj">
            <governor idx="8">searching</governor>
            <dependent idx="3">Department</dependent>
          </dep>
          <dep type="case">
            <governor idx="6">Justice</governor>
            <dependent idx="4">of</dependent>
          </dep>
          <dep type="compound">
            <governor idx="6">Justice</governor>
            <dependent idx="5">Criminal</dependent>
          </dep>
          <dep type="nmod:of">
            <governor idx="3">Department</governor>
            <dependent idx="6">Justice</dependent>
          </dep>
          <dep type="aux">
            <governor idx="8">searching</governor>
            <dependent idx="7">is</dependent>
          </dep>
          <dep type="case">
            <governor idx="12">inmate</governor>
            <dependent idx="9">for</dependent>
          </dep>
          <dep type="det">
            <governor idx="12">inmate</governor>
            <dependent idx="10">an</dependent>
          </dep>
          <dep type="amod">
            <governor idx="12">inmate</governor>
            <dependent idx="11">escaped</dependent>
          </dep>
          <dep type="nmod:for">
            <governor idx="8">searching</governor>
            <dependent idx="12">inmate</dependent>
          </dep>
          <dep type="nsubjpass">
            <governor idx="15">considered</governor>
            <dependent idx="13">who</dependent>
          </dep>
          <dep type="auxpass">
            <governor idx="15">considered</governor>
            <dependent idx="14">is</dependent>
          </dep>
          <dep type="acl:relcl">
            <governor idx="12">inmate</governor>
            <dependent idx="15">considered</dependent>
          </dep>
          <dep type="xcomp">
            <governor idx="15">considered</governor>
            <dependent idx="16">armed</dependent>
          </dep>
          <dep type="cc">
            <governor idx="16">armed</governor>
            <dependent idx="17">and</dependent>
          </dep>
          <dep type="conj:and">
            <governor idx="16">armed</governor>
            <dependent idx="18">dangerous</dependent>
          </dep>
          <dep type="punct">
            <governor idx="12">inmate</governor>
            <dependent idx="19">,</dependent>
          </dep>
          <dep type="dep">
            <governor idx="23">reports</governor>
            <dependent idx="20">MyFoxHouston</dependent>
          </dep>
          <dep type="punct">
            <governor idx="20">MyFoxHouston</governor>
            <dependent idx="21">.</dependent>
          </dep>
          <dep type="compound">
            <governor idx="23">reports</governor>
            <dependent idx="22">com</dependent>
          </dep>
          <dep type="appos">
            <governor idx="12">inmate</governor>
            <dependent idx="23">reports</dependent>
          </dep>
          <dep type="punct">
            <governor idx="8">searching</governor>
            <dependent idx="24">.</dependent>
          </dep>
        </dependencies>
        <dependencies type="collapsed-ccprocessed-dependencies">
          <dep type="root">
            <governor idx="0">ROOT</governor>
            <dependent idx="8">searching</dependent>
          </dep>
          <dep type="det">
            <governor idx="3">Department</governor>
            <dependent idx="1">The</dependent>
          </dep>
          <dep type="compound">
            <governor idx="3">Department</governor>
            <dependent idx="2">Texas</dependent>
          </dep>
          <dep type="nsubj">
            <governor idx="8">searching</governor>
            <dependent idx="3">Department</dependent>
          </dep>
          <dep type="case">
            <governor idx="6">Justice</governor>
            <dependent idx="4">of</dependent>
          </dep>
          <dep type="compound">
            <governor idx="6">Justice</governor>
            <dependent idx="5">Criminal</dependent>
          </dep>
          <dep type="nmod:of">
            <governor idx="3">Department</governor>
            <dependent idx="6">Justice</dependent>
          </dep>
          <dep type="aux">
            <governor idx="8">searching</governor>
            <dependent idx="7">is</dependent>
          </dep>
          <dep type="case">
            <governor idx="12">inmate</governor>
            <dependent idx="9">for</dependent>
          </dep>
          <dep type="det">
            <governor idx="12">inmate</governor>
            <dependent idx="10">an</dependent>
          </dep>
          <dep type="amod">
            <governor idx="12">inmate</governor>
            <dependent idx="11">escaped</dependent>
          </dep>
          <dep type="nmod:for">
            <governor idx="8">searching</governor>
            <dependent idx="12">inmate</dependent>
          </dep>
          <dep type="nsubjpass">
            <governor idx="15">considered</governor>
            <dependent idx="13">who</dependent>
          </dep>
          <dep type="auxpass">
            <governor idx="15">considered</governor>
            <dependent idx="14">is</dependent>
          </dep>
          <dep type="acl:relcl">
            <governor idx="12">inmate</governor>
            <dependent idx="15">considered</dependent>
          </dep>
          <dep type="xcomp">
            <governor idx="15">considered</governor>
            <dependent idx="16">armed</dependent>
          </dep>
          <dep type="cc">
            <governor idx="16">armed</governor>
            <dependent idx="17">and</dependent>
          </dep>
          <dep type="xcomp" extra="true">
            <governor idx="15">considered</governor>
            <dependent idx="18">dangerous</dependent>
          </dep>
          <dep type="conj:and">
            <governor idx="16">armed</governor>
            <dependent idx="18">dangerous</dependent>
          </dep>
          <dep type="punct">
            <governor idx="12">inmate</governor>
            <dependent idx="19">,</dependent>
          </dep>
          <dep type="dep">
            <governor idx="23">reports</governor>
            <dependent idx="20">MyFoxHouston</dependent>
          </dep>
          <dep type="punct">
            <governor idx="20">MyFoxHouston</governor>
            <dependent idx="21">.</dependent>
          </dep>
          <dep type="compound">
            <governor idx="23">reports</governor>
            <dependent idx="22">com</dependent>
          </dep>
          <dep type="appos">
            <governor idx="12">inmate</governor>
            <dependent idx="23">reports</dependent>
          </dep>
          <dep type="punct">
            <governor idx="8">searching</governor>
            <dependent idx="24">.</dependent>
          </dep>
        </dependencies>
      </sentence>
      <sentence id="3" line="3">
        <tokens>
          <token id="1">
            <word>Officials</word>
            <lemma>official</lemma>
            <CharacterOffsetBegin>193</CharacterOffsetBegin>
            <CharacterOffsetEnd>202</CharacterOffsetEnd>
            <POS>NNS</POS>
            <NER>O</NER>
          </token>
          <token id="2">
            <word>said</word>
            <lemma>say</lemma>
            <CharacterOffsetBegin>203</CharacterOffsetBegin>
            <CharacterOffsetEnd>207</CharacterOffsetEnd>
            <POS>VBD</POS>
            <NER>O</NER>
          </token>
          <token id="3">
            <word>Arcade</word>
            <lemma>Arcade</lemma>
            <CharacterOffsetBegin>208</CharacterOffsetBegin>
            <CharacterOffsetEnd>214</CharacterOffsetEnd>
            <POS>NNP</POS>
            <NER>O</NER>
          </token>
          <token id="4">
            <word>Joseph</word>
            <lemma>Joseph</lemma>
            <CharacterOffsetBegin>215</CharacterOffsetBegin>
            <CharacterOffsetEnd>221</CharacterOffsetEnd>
            <POS>NNP</POS>
            <NER>PERSON</NER>
          </token>
          <token id="5">
            <word>Comeaux</word>
            <lemma>Comeaux</lemma>
            <CharacterOffsetBegin>222</CharacterOffsetBegin>
            <CharacterOffsetEnd>229</CharacterOffsetEnd>
            <POS>NNP</POS>
            <NER>PERSON</NER>
          </token>
          <token id="6">
            <word>Jr</word>
            <lemma>Jr</lemma>
            <CharacterOffsetBegin>230</CharacterOffsetBegin>
            <CharacterOffsetEnd>232</CharacterOffsetEnd>
            <POS>NNP</POS>
            <NER>PERSON</NER>
          </token>
          <token id="7">
            <word>.</word>
            <lemma>.</lemma>
            <CharacterOffsetBegin>233</CharacterOffsetBegin>
            <CharacterOffsetEnd>234</CharacterOffsetEnd>
            <POS>.</POS>
            <NER>O</NER>
          </token>
          <token id="8">
            <word>,</word>
            <lemma>,</lemma>
            <CharacterOffsetBegin>235</CharacterOffsetBegin>
            <CharacterOffsetEnd>236</CharacterOffsetEnd>
            <POS>,</POS>
            <NER>O</NER>
          </token>
          <token id="9">
            <word>49</word>
            <lemma>49</lemma>
            <CharacterOffsetBegin>237</CharacterOffsetBegin>
            <CharacterOffsetEnd>239</CharacterOffsetEnd>
            <POS>CD</POS>
            <NER>NUMBER</NER>
            <NormalizedNER>49.0</NormalizedNER>
          </token>
          <token id="10">
            <word>,</word>
            <lemma>,</lemma>
            <CharacterOffsetBegin>240</CharacterOffsetBegin>
            <CharacterOffsetEnd>241</CharacterOffsetEnd>
            <POS>,</POS>
            <NER>O</NER>
          </token>
          <token id="11">
            <word>took</word>
            <lemma>take</lemma>
            <CharacterOffsetBegin>242</CharacterOffsetBegin>
            <CharacterOffsetEnd>246</CharacterOffsetEnd>
            <POS>VBD</POS>
            <NER>O</NER>
          </token>
          <token id="12">
            <word>two</word>
            <lemma>two</lemma>
            <CharacterOffsetBegin>247</CharacterOffsetBegin>
            <CharacterOffsetEnd>250</CharacterOffsetEnd>
            <POS>CD</POS>
            <NER>NUMBER</NER>
            <NormalizedNER>2.0</NormalizedNER>
          </token>
          <token id="13">
            <word>transport</word>
            <lemma>transport</lemma>
            <CharacterOffsetBegin>251</CharacterOffsetBegin>
            <CharacterOffsetEnd>260</CharacterOffsetEnd>
            <POS>NN</POS>
            <NER>O</NER>
          </token>
          <token id="14">
            <word>officers</word>
            <lemma>officer</lemma>
            <CharacterOffsetBegin>261</CharacterOffsetBegin>
            <CharacterOffsetEnd>269</CharacterOffsetEnd>
            <POS>NNS</POS>
            <NER>O</NER>
          </token>
          <token id="15">
            <word>hostage</word>
            <lemma>hostage</lemma>
            <CharacterOffsetBegin>270</CharacterOffsetBegin>
            <CharacterOffsetEnd>277</CharacterOffsetEnd>
            <POS>NN</POS>
            <NER>O</NER>
          </token>
          <token id="16">
            <word>on</word>
            <lemma>on</lemma>
            <CharacterOffsetBegin>278</CharacterOffsetBegin>
            <CharacterOffsetEnd>280</CharacterOffsetEnd>
            <POS>IN</POS>
            <NER>O</NER>
          </token>
          <token id="17">
            <word>Monday</word>
            <lemma>Monday</lemma>
            <CharacterOffsetBegin>281</CharacterOffsetBegin>
            <CharacterOffsetEnd>287</CharacterOffsetEnd>
            <POS>NNP</POS>
            <NER>DATE</NER>
            <NormalizedNER>XXXX-WXX-1TMO</NormalizedNER>
            <Timex tid="t1" type="TIME">XXXX-WXX-1TMO</Timex>
          </token>
          <token id="18">
            <word>morning</word>
            <lemma>morning</lemma>
            <CharacterOffsetBegin>288</CharacterOffsetBegin>
            <CharacterOffsetEnd>295</CharacterOffsetEnd>
            <POS>NN</POS>
            <NER>TIME</NER>
            <NormalizedNER>XXXX-WXX-1TMO</NormalizedNER>
            <Timex tid="t1" type="TIME">XXXX-WXX-1TMO</Timex>
          </token>
          <token id="19">
            <word>and</word>
            <lemma>and</lemma>
            <CharacterOffsetBegin>296</CharacterOffsetBegin>
            <CharacterOffsetEnd>299</CharacterOffsetEnd>
            <POS>CC</POS>
            <NER>O</NER>
          </token>
          <token id="20">
            <word>then</word>
            <lemma>then</lemma>
            <CharacterOffsetBegin>300</CharacterOffsetBegin>
            <CharacterOffsetEnd>304</CharacterOffsetEnd>
            <POS>RB</POS>
            <NER>O</NER>
          </token>
          <token id="21">
            <word>escaped</word>
            <lemma>escape</lemma>
            <CharacterOffsetBegin>305</CharacterOffsetBegin>
            <CharacterOffsetEnd>312</CharacterOffsetEnd>
            <POS>VBD</POS>
            <NER>O</NER>
          </token>
          <token id="22">
            <word>from</word>
            <lemma>from</lemma>
            <CharacterOffsetBegin>313</CharacterOffsetBegin>
            <CharacterOffsetEnd>317</CharacterOffsetEnd>
            <POS>IN</POS>
            <NER>O</NER>
          </token>
          <token id="23">
            <word>the</word>
            <lemma>the</lemma>
            <CharacterOffsetBegin>318</CharacterOffsetBegin>
            <CharacterOffsetEnd>321</CharacterOffsetEnd>
            <POS>DT</POS>
            <NER>O</NER>
          </token>
          <token id="24">
            <word>vehicle</word>
            <lemma>vehicle</lemma>
            <CharacterOffsetBegin>322</CharacterOffsetBegin>
            <CharacterOffsetEnd>329</CharacterOffsetEnd>
            <POS>NN</POS>
            <NER>O</NER>
          </token>
          <token id="25">
            <word>and</word>
            <lemma>and</lemma>
            <CharacterOffsetBegin>330</CharacterOffsetBegin>
            <CharacterOffsetEnd>333</CharacterOffsetEnd>
            <POS>CC</POS>
            <NER>O</NER>
          </token>
          <token id="26">
            <word>took</word>
            <lemma>take</lemma>
            <CharacterOffsetBegin>334</CharacterOffsetBegin>
            <CharacterOffsetEnd>338</CharacterOffsetEnd>
            <POS>VBD</POS>
            <NER>O</NER>
          </token>
          <token id="27">
            <word>off</word>
            <lemma>off</lemma>
            <CharacterOffsetBegin>339</CharacterOffsetBegin>
            <CharacterOffsetEnd>342</CharacterOffsetEnd>
            <POS>RP</POS>
            <NER>O</NER>
          </token>
          <token id="28">
            <word>on</word>
            <lemma>on</lemma>
            <CharacterOffsetBegin>343</CharacterOffsetBegin>
            <CharacterOffsetEnd>345</CharacterOffsetEnd>
            <POS>IN</POS>
            <NER>O</NER>
          </token>
          <token id="29">
            <word>foot</word>
            <lemma>foot</lemma>
            <CharacterOffsetBegin>346</CharacterOffsetBegin>
            <CharacterOffsetEnd>350</CharacterOffsetEnd>
            <POS>NN</POS>
            <NER>O</NER>
          </token>
          <token id="30">
            <word>,</word>
            <lemma>,</lemma>
            <CharacterOffsetBegin>351</CharacterOffsetBegin>
            <CharacterOffsetEnd>352</CharacterOffsetEnd>
            <POS>,</POS>
            <NER>O</NER>
          </token>
          <token id="31">
            <word>MyFoxHouston</word>
            <lemma>MyFoxHouston</lemma>
            <CharacterOffsetBegin>353</CharacterOffsetBegin>
            <CharacterOffsetEnd>365</CharacterOffsetEnd>
            <POS>NNP</POS>
            <NER>PERSON</NER>
          </token>
          <token id="32">
            <word>.</word>
            <lemma>.</lemma>
            <CharacterOffsetBegin>366</CharacterOffsetBegin>
            <CharacterOffsetEnd>367</CharacterOffsetEnd>
            <POS>.</POS>
            <NER>O</NER>
          </token>
          <token id="33">
            <word>com</word>
            <lemma>com</lemma>
            <CharacterOffsetBegin>368</CharacterOffsetBegin>
            <CharacterOffsetEnd>371</CharacterOffsetEnd>
            <POS>NN</POS>
            <NER>O</NER>
          </token>
          <token id="34">
            <word>reports</word>
            <lemma>report</lemma>
            <CharacterOffsetBegin>372</CharacterOffsetBegin>
            <CharacterOffsetEnd>379</CharacterOffsetEnd>
            <POS>NNS</POS>
            <NER>O</NER>
          </token>
          <token id="35">
            <word>.</word>
            <lemma>.</lemma>
            <CharacterOffsetBegin>380</CharacterOffsetBegin>
            <CharacterOffsetEnd>381</CharacterOffsetEnd>
            <POS>.</POS>
            <NER>O</NER>
          </token>
        </tokens>
        <parse>(ROOT (S (NP (NNS Officials)) (VP (VP (VBD said) (SBAR (S (NP (NP (NNP Arcade) (NNP Joseph) (NNP Comeaux) (NNP Jr) (. .)) (, ,) (NP (CD 49)) (, ,)) (VP (VBD took) (NP (CD two) (NN transport) (NNS officers)) (NP (NN hostage)) (PP (IN on) (NP (NNP Monday))) (NP-TMP (NN morning)))))) (CC and) (VP (VP (ADVP (RB then)) (VBD escaped) (PP (IN from) (NP (DT the) (NN vehicle)))) (CC and) (VP (VBD took) (PRT (RP off)) (PP (IN on) (NP (NP (NN foot)) (, ,) (NP (NNP MyFoxHouston) (. .))))) (NP (NN com) (NNS reports)))) (. .))) </parse>
        <dependencies type="basic-dependencies">
          <dep type="root">
            <governor idx="0">ROOT</governor>
            <dependent idx="2">said</dependent>
          </dep>
          <dep type="nsubj">
            <governor idx="2">said</governor>
            <dependent idx="1">Officials</dependent>
          </dep>
          <dep type="compound">
            <governor idx="6">Jr</governor>
            <dependent idx="3">Arcade</dependent>
          </dep>
          <dep type="compound">
            <governor idx="6">Jr</governor>
            <dependent idx="4">Joseph</dependent>
          </dep>
          <dep type="compound">
            <governor idx="6">Jr</governor>
            <dependent idx="5">Comeaux</dependent>
          </dep>
          <dep type="nsubj">
            <governor idx="11">took</governor>
            <dependent idx="6">Jr</dependent>
          </dep>
          <dep type="punct">
            <governor idx="6">Jr</governor>
            <dependent idx="7">.</dependent>
          </dep>
          <dep type="punct">
            <governor idx="6">Jr</governor>
            <dependent idx="8">,</dependent>
          </dep>
          <dep type="amod">
            <governor idx="6">Jr</governor>
            <dependent idx="9">49</dependent>
          </dep>
          <dep type="punct">
            <governor idx="6">Jr</governor>
            <dependent idx="10">,</dependent>
          </dep>
          <dep type="ccomp">
            <governor idx="2">said</governor>
            <dependent idx="11">took</dependent>
          </dep>
          <dep type="nummod">
            <governor idx="14">officers</governor>
            <dependent idx="12">two</dependent>
          </dep>
          <dep type="compound">
            <governor idx="14">officers</governor>
            <dependent idx="13">transport</dependent>
          </dep>
          <dep type="dobj">
            <governor idx="11">took</governor>
            <dependent idx="14">officers</dependent>
          </dep>
          <dep type="advmod">
            <governor idx="11">took</governor>
            <dependent idx="15">hostage</dependent>
          </dep>
          <dep type="case">
            <governor idx="18">morning</governor>
            <dependent idx="16">on</dependent>
          </dep>
          <dep type="compound">
            <governor idx="18">morning</governor>
            <dependent idx="17">Monday</dependent>
          </dep>
          <dep type="nmod">
            <governor idx="15">hostage</governor>
            <dependent idx="18">morning</dependent>
          </dep>
          <dep type="cc">
            <governor idx="11">took</governor>
            <dependent idx="19">and</dependent>
          </dep>
          <dep type="advmod">
            <governor idx="21">escaped</governor>
            <dependent idx="20">then</dependent>
          </dep>
          <dep type="conj">
            <governor idx="11">took</governor>
            <dependent idx="21">escaped</dependent>
          </dep>
          <dep type="case">
            <governor idx="24">vehicle</governor>
            <dependent idx="22">from</dependent>
          </dep>
          <dep type="det">
            <governor idx="24">vehicle</governor>
            <dependent idx="23">the</dependent>
          </dep>
          <dep type="nmod">
            <governor idx="21">escaped</governor>
            <dependent idx="24">vehicle</dependent>
          </dep>
          <dep type="cc">
            <governor idx="11">took</governor>
            <dependent idx="25">and</dependent>
          </dep>
          <dep type="conj">
            <governor idx="11">took</governor>
            <dependent idx="26">took</dependent>
          </dep>
          <dep type="compound:prt">
            <governor idx="26">took</governor>
            <dependent idx="27">off</dependent>
          </dep>
          <dep type="case">
            <governor idx="29">foot</governor>
            <dependent idx="28">on</dependent>
          </dep>
          <dep type="nmod">
            <governor idx="34">reports</governor>
            <dependent idx="29">foot</dependent>
          </dep>
          <dep type="punct">
            <governor idx="29">foot</governor>
            <dependent idx="30">,</dependent>
          </dep>
          <dep type="conj">
            <governor idx="29">foot</governor>
            <dependent idx="31">MyFoxHouston</dependent>
          </dep>
          <dep type="punct">
            <governor idx="29">foot</governor>
            <dependent idx="32">.</dependent>
          </dep>
          <dep type="compound">
            <governor idx="34">reports</governor>
            <dependent idx="33">com</dependent>
          </dep>
          <dep type="dobj">
            <governor idx="26">took</governor>
            <dependent idx="34">reports</dependent>
          </dep>
          <dep type="punct">
            <governor idx="2">said</governor>
            <dependent idx="35">.</dependent>
          </dep>
        </dependencies>
        <dependencies type="collapsed-dependencies">
          <dep type="root">
            <governor idx="0">ROOT</governor>
            <dependent idx="2">said</dependent>
          </dep>
          <dep type="nsubj">
            <governor idx="2">said</governor>
            <dependent idx="1">Officials</dependent>
          </dep>
          <dep type="compound">
            <governor idx="6">Jr</governor>
            <dependent idx="3">Arcade</dependent>
          </dep>
          <dep type="compound">
            <governor idx="6">Jr</governor>
            <dependent idx="4">Joseph</dependent>
          </dep>
          <dep type="compound">
            <governor idx="6">Jr</governor>
            <dependent idx="5">Comeaux</dependent>
          </dep>
          <dep type="nsubj">
            <governor idx="11">took</governor>
            <dependent idx="6">Jr</dependent>
          </dep>
          <dep type="punct">
            <governor idx="6">Jr</governor>
            <dependent idx="7">.</dependent>
          </dep>
          <dep type="punct">
            <governor idx="6">Jr</governor>
            <dependent idx="8">,</dependent>
          </dep>
          <dep type="amod">
            <governor idx="6">Jr</governor>
            <dependent idx="9">49</dependent>
          </dep>
          <dep type="punct">
            <governor idx="6">Jr</governor>
            <dependent idx="10">,</dependent>
          </dep>
          <dep type="ccomp">
            <governor idx="2">said</governor>
            <dependent idx="11">took</dependent>
          </dep>
          <dep type="nummod">
            <governor idx="14">officers</governor>
            <dependent idx="12">two</dependent>
          </dep>
          <dep type="compound">
            <governor idx="14">officers</governor>
            <dependent idx="13">transport</dependent>
          </dep>
          <dep type="dobj">
            <governor idx="11">took</governor>
            <dependent idx="14">officers</dependent>
          </dep>
          <dep type="advmod">
            <governor idx="11">took</governor>
            <dependent idx="15">hostage</dependent>
          </dep>
          <dep type="case">
            <governor idx="18">morning</governor>
            <dependent idx="16">on</dependent>
          </dep>
          <dep type="compound">
            <governor idx="18">morning</governor>
            <dependent idx="17">Monday</dependent>
          </dep>
          <dep type="nmod:on">
            <governor idx="15">hostage</governor>
            <dependent idx="18">morning</dependent>
          </dep>
          <dep type="cc">
            <governor idx="11">took</governor>
            <dependent idx="19">and</dependent>
          </dep>
          <dep type="advmod">
            <governor idx="21">escaped</governor>
            <dependent idx="20">then</dependent>
          </dep>
          <dep type="conj:and">
            <governor idx="11">took</governor>
            <dependent idx="21">escaped</dependent>
          </dep>
          <dep type="case">
            <governor idx="24">vehicle</governor>
            <dependent idx="22">from</dependent>
          </dep>
          <dep type="det">
            <governor idx="24">vehicle</governor>
            <dependent idx="23">the</dependent>
          </dep>
          <dep type="nmod:from">
            <governor idx="21">escaped</governor>
            <dependent idx="24">vehicle</dependent>
          </dep>
          <dep type="cc">
            <governor idx="11">took</governor>
            <dependent idx="25">and</dependent>
          </dep>
          <dep type="conj:and">
            <governor idx="11">took</governor>
            <dependent idx="26">took</dependent>
          </dep>
          <dep type="compound:prt">
            <governor idx="26">took</governor>
            <dependent idx="27">off</dependent>
          </dep>
          <dep type="case">
            <governor idx="29">foot</governor>
            <dependent idx="28">on</dependent>
          </dep>
          <dep type="nmod:on">
            <governor idx="34">reports</governor>
            <dependent idx="29">foot</dependent>
          </dep>
          <dep type="punct">
            <governor idx="29">foot</governor>
            <dependent idx="30">,</dependent>
          </dep>
          <dep type="conj">
            <governor idx="29">foot</governor>
            <dependent idx="31">MyFoxHouston</dependent>
          </dep>
          <dep type="punct">
            <governor idx="29">foot</governor>
            <dependent idx="32">.</dependent>
          </dep>
          <dep type="compound">
            <governor idx="34">reports</governor>
            <dependent idx="33">com</dependent>
          </dep>
          <dep type="dobj">
            <governor idx="26">took</governor>
            <dependent idx="34">reports</dependent>
          </dep>
          <dep type="punct">
            <governor idx="2">said</governor>
            <dependent idx="35">.</dependent>
          </dep>
        </dependencies>
        <dependencies type="collapsed-ccprocessed-dependencies">
          <dep type="root">
            <governor idx="0">ROOT</governor>
            <dependent idx="2">said</dependent>
          </dep>
          <dep type="nsubj">
            <governor idx="2">said</governor>
            <dependent idx="1">Officials</dependent>
          </dep>
          <dep type="compound">
            <governor idx="6">Jr</governor>
            <dependent idx="3">Arcade</dependent>
          </dep>
          <dep type="compound">
            <governor idx="6">Jr</governor>
            <dependent idx="4">Joseph</dependent>
          </dep>
          <dep type="compound">
            <governor idx="6">Jr</governor>
            <dependent idx="5">Comeaux</dependent>
          </dep>
          <dep type="nsubj">
            <governor idx="11">took</governor>
            <dependent idx="6">Jr</dependent>
          </dep>
          <dep type="nsubj" extra="true">
            <governor idx="21">escaped</governor>
            <dependent idx="6">Jr</dependent>
          </dep>
          <dep type="nsubj" extra="true">
            <governor idx="26">took</governor>
            <dependent idx="6">Jr</dependent>
          </dep>
          <dep type="punct">
            <governor idx="6">Jr</governor>
            <dependent idx="7">.</dependent>
          </dep>
          <dep type="punct">
            <governor idx="6">Jr</governor>
            <dependent idx="8">,</dependent>
          </dep>
          <dep type="amod">
            <governor idx="6">Jr</governor>
            <dependent idx="9">49</dependent>
          </dep>
          <dep type="punct">
            <governor idx="6">Jr</governor>
            <dependent idx="10">,</dependent>
          </dep>
          <dep type="ccomp">
            <governor idx="2">said</governor>
            <dependent idx="11">took</dependent>
          </dep>
          <dep type="nummod">
            <governor idx="14">officers</governor>
            <dependent idx="12">two</dependent>
          </dep>
          <dep type="compound">
            <governor idx="14">officers</governor>
            <dependent idx="13">transport</dependent>
          </dep>
          <dep type="dobj">
            <governor idx="11">took</governor>
            <dependent idx="14">officers</dependent>
          </dep>
          <dep type="advmod">
            <governor idx="11">took</governor>
            <dependent idx="15">hostage</dependent>
          </dep>
          <dep type="case">
            <governor idx="18">morning</governor>
            <dependent idx="16">on</dependent>
          </dep>
          <dep type="compound">
            <governor idx="18">morning</governor>
            <dependent idx="17">Monday</dependent>
          </dep>
          <dep type="nmod:on">
            <governor idx="15">hostage</governor>
            <dependent idx="18">morning</dependent>
          </dep>
          <dep type="cc">
            <governor idx="11">took</governor>
            <dependent idx="19">and</dependent>
          </dep>
          <dep type="advmod">
            <governor idx="21">escaped</governor>
            <dependent idx="20">then</dependent>
          </dep>
          <dep type="ccomp" extra="true">
            <governor idx="2">said</governor>
            <dependent idx="21">escaped</dependent>
          </dep>
          <dep type="conj:and">
            <governor idx="11">took</governor>
            <dependent idx="21">escaped</dependent>
          </dep>
          <dep type="case">
            <governor idx="24">vehicle</governor>
            <dependent idx="22">from</dependent>
          </dep>
          <dep type="det">
            <governor idx="24">vehicle</governor>
            <dependent idx="23">the</dependent>
          </dep>
          <dep type="nmod:from">
            <governor idx="21">escaped</governor>
            <dependent idx="24">vehicle</dependent>
          </dep>
          <dep type="cc">
            <governor idx="11">took</governor>
            <dependent idx="25">and</dependent>
          </dep>
          <dep type="ccomp" extra="true">
            <governor idx="2">said</governor>
            <dependent idx="26">took</dependent>
          </dep>
          <dep type="conj:and">
            <governor idx="11">took</governor>
            <dependent idx="26">took</dependent>
          </dep>
          <dep type="compound:prt">
            <governor idx="26">took</governor>
            <dependent idx="27">off</dependent>
          </dep>
          <dep type="case">
            <governor idx="29">foot</governor>
            <dependent idx="28">on</dependent>
          </dep>
          <dep type="nmod:on">
            <governor idx="34">reports</governor>
            <dependent idx="29">foot</dependent>
          </dep>
          <dep type="punct">
            <governor idx="29">foot</governor>
            <dependent idx="30">,</dependent>
          </dep>
          <dep type="conj">
            <governor idx="29">foot</governor>
            <dependent idx="31">MyFoxHouston</dependent>
          </dep>
          <dep type="punct">
            <governor idx="29">foot</governor>
            <dependent idx="32">.</dependent>
          </dep>
          <dep type="compound">
            <governor idx="34">reports</governor>
            <dependent idx="33">com</dependent>
          </dep>
          <dep type="dobj">
            <governor idx="26">took</governor>
            <dependent idx="34">reports</dependent>
          </dep>
          <dep type="punct">
            <governor idx="2">said</governor>
            <dependent idx="35">.</dependent>
          </dep>
        </dependencies>
      </sentence>
    </sentences>
  </document>
</root>
