<?xml version="1.0" encoding="UTF-8"?>
<?xml-stylesheet href="CoreNLP-to-HTML.xsl" type="text/xsl"?>
<root>
  <document>
    <sentences>
      <sentence id="1" line="1">
        <tokens>
          <token id="1">
            <word>After</word>
            <lemma>after</lemma>
            <CharacterOffsetBegin>0</CharacterOffsetBegin>
            <CharacterOffsetEnd>5</CharacterOffsetEnd>
            <POS>IN</POS>
            <NER>O</NER>
          </token>
          <token id="2">
            <word>a</word>
            <lemma>a</lemma>
            <CharacterOffsetBegin>6</CharacterOffsetBegin>
            <CharacterOffsetEnd>7</CharacterOffsetEnd>
            <POS>DT</POS>
            <NER>O</NER>
          </token>
          <token id="3">
            <word>witty</word>
            <lemma>witty</lemma>
            <CharacterOffsetBegin>8</CharacterOffsetBegin>
            <CharacterOffsetEnd>13</CharacterOffsetEnd>
            <POS>JJ</POS>
            <NER>O</NER>
          </token>
          <token id="4">
            <word>intro</word>
            <lemma>intro</lemma>
            <CharacterOffsetBegin>14</CharacterOffsetBegin>
            <CharacterOffsetEnd>19</CharacterOffsetEnd>
            <POS>NN</POS>
            <NER>O</NER>
          </token>
          <token id="5">
            <word>by</word>
            <lemma>by</lemma>
            <CharacterOffsetBegin>20</CharacterOffsetBegin>
            <CharacterOffsetEnd>22</CharacterOffsetEnd>
            <POS>IN</POS>
            <NER>O</NER>
          </token>
          <token id="6">
            <word>Siri</word>
            <lemma>Siri</lemma>
            <CharacterOffsetBegin>23</CharacterOffsetBegin>
            <CharacterOffsetEnd>27</CharacterOffsetEnd>
            <POS>NNP</POS>
            <NER>PERSON</NER>
          </token>
          <token id="7">
            <word>herself</word>
            <lemma>herself</lemma>
            <CharacterOffsetBegin>28</CharacterOffsetBegin>
            <CharacterOffsetEnd>35</CharacterOffsetEnd>
            <POS>PRP</POS>
            <NER>O</NER>
          </token>
          <token id="8">
            <word>,</word>
            <lemma>,</lemma>
            <CharacterOffsetBegin>36</CharacterOffsetBegin>
            <CharacterOffsetEnd>37</CharacterOffsetEnd>
            <POS>,</POS>
            <NER>O</NER>
          </token>
          <token id="9">
            <word>Apple</word>
            <lemma>Apple</lemma>
            <CharacterOffsetBegin>38</CharacterOffsetBegin>
            <CharacterOffsetEnd>43</CharacterOffsetEnd>
            <POS>NNP</POS>
            <NER>ORGANIZATION</NER>
          </token>
          <token id="10">
            <word>CEO</word>
            <lemma>CEO</lemma>
            <CharacterOffsetBegin>44</CharacterOffsetBegin>
            <CharacterOffsetEnd>47</CharacterOffsetEnd>
            <POS>NNP</POS>
            <NER>O</NER>
          </token>
          <token id="11">
            <word>Tim</word>
            <lemma>Tim</lemma>
            <CharacterOffsetBegin>48</CharacterOffsetBegin>
            <CharacterOffsetEnd>51</CharacterOffsetEnd>
            <POS>NNP</POS>
            <NER>PERSON</NER>
          </token>
          <token id="12">
            <word>Cook</word>
            <lemma>Cook</lemma>
            <CharacterOffsetBegin>52</CharacterOffsetBegin>
            <CharacterOffsetEnd>56</CharacterOffsetEnd>
            <POS>NNP</POS>
            <NER>PERSON</NER>
          </token>
          <token id="13">
            <word>took</word>
            <lemma>take</lemma>
            <CharacterOffsetBegin>57</CharacterOffsetBegin>
            <CharacterOffsetEnd>61</CharacterOffsetEnd>
            <POS>VBD</POS>
            <NER>O</NER>
          </token>
          <token id="14">
            <word>the</word>
            <lemma>the</lemma>
            <CharacterOffsetBegin>62</CharacterOffsetBegin>
            <CharacterOffsetEnd>65</CharacterOffsetEnd>
            <POS>DT</POS>
            <NER>O</NER>
          </token>
          <token id="15">
            <word>stage</word>
            <lemma>stage</lemma>
            <CharacterOffsetBegin>66</CharacterOffsetBegin>
            <CharacterOffsetEnd>71</CharacterOffsetEnd>
            <POS>NN</POS>
            <NER>O</NER>
          </token>
          <token id="16">
            <word>in</word>
            <lemma>in</lemma>
            <CharacterOffsetBegin>72</CharacterOffsetBegin>
            <CharacterOffsetEnd>74</CharacterOffsetEnd>
            <POS>IN</POS>
            <NER>O</NER>
          </token>
          <token id="17">
            <word>San</word>
            <lemma>San</lemma>
            <CharacterOffsetBegin>75</CharacterOffsetBegin>
            <CharacterOffsetEnd>78</CharacterOffsetEnd>
            <POS>NNP</POS>
            <NER>LOCATION</NER>
          </token>
          <token id="18">
            <word>Francisco</word>
            <lemma>Francisco</lemma>
            <CharacterOffsetBegin>79</CharacterOffsetBegin>
            <CharacterOffsetEnd>88</CharacterOffsetEnd>
            <POS>NNP</POS>
            <NER>LOCATION</NER>
          </token>
          <token id="19">
            <word>to</word>
            <lemma>to</lemma>
            <CharacterOffsetBegin>89</CharacterOffsetBegin>
            <CharacterOffsetEnd>91</CharacterOffsetEnd>
            <POS>TO</POS>
            <NER>O</NER>
          </token>
          <token id="20">
            <word>welcome</word>
            <lemma>welcome</lemma>
            <CharacterOffsetBegin>92</CharacterOffsetBegin>
            <CharacterOffsetEnd>99</CharacterOffsetEnd>
            <POS>VB</POS>
            <NER>O</NER>
          </token>
          <token id="21">
            <word>developers</word>
            <lemma>developer</lemma>
            <CharacterOffsetBegin>100</CharacterOffsetBegin>
            <CharacterOffsetEnd>110</CharacterOffsetEnd>
            <POS>NNS</POS>
            <NER>O</NER>
          </token>
          <token id="22">
            <word>and</word>
            <lemma>and</lemma>
            <CharacterOffsetBegin>111</CharacterOffsetBegin>
            <CharacterOffsetEnd>114</CharacterOffsetEnd>
            <POS>CC</POS>
            <NER>O</NER>
          </token>
          <token id="23">
            <word>announce</word>
            <lemma>announce</lemma>
            <CharacterOffsetBegin>115</CharacterOffsetBegin>
            <CharacterOffsetEnd>123</CharacterOffsetEnd>
            <POS>VB</POS>
            <NER>O</NER>
          </token>
          <token id="24">
            <word>new</word>
            <lemma>new</lemma>
            <CharacterOffsetBegin>124</CharacterOffsetBegin>
            <CharacterOffsetEnd>127</CharacterOffsetEnd>
            <POS>JJ</POS>
            <NER>O</NER>
          </token>
          <token id="25">
            <word>stuff</word>
            <lemma>stuff</lemma>
            <CharacterOffsetBegin>128</CharacterOffsetBegin>
            <CharacterOffsetEnd>133</CharacterOffsetEnd>
            <POS>NN</POS>
            <NER>O</NER>
          </token>
          <token id="26">
            <word>.</word>
            <lemma>.</lemma>
            <CharacterOffsetBegin>134</CharacterOffsetBegin>
            <CharacterOffsetEnd>135</CharacterOffsetEnd>
            <POS>.</POS>
            <NER>O</NER>
          </token>
        </tokens>
        <parse>(ROOT (S (PP (IN After) (NP (NP (DT a) (JJ witty) (NN intro)) (PP (IN by) (NP (NNP Siri))))) (NP (PRP herself)) (, ,) (NP (NNP Apple) (NNP CEO) (NNP Tim) (NNP Cook)) (VP (VBD took) (NP (DT the) (NN stage)) (PP (IN in) (NP (NNP San) (NNP Francisco))) (S (VP (TO to) (VP (VP (VB welcome) (NP (NNS developers))) (CC and) (VP (VB announce) (NP (JJ new) (NN stuff))))))) (. .))) </parse>
        <dependencies type="basic-dependencies">
          <dep type="root">
            <governor idx="0">ROOT</governor>
            <dependent idx="13">took</dependent>
          </dep>
          <dep type="case">
            <governor idx="4">intro</governor>
            <dependent idx="1">After</dependent>
          </dep>
          <dep type="det">
            <governor idx="4">intro</governor>
            <dependent idx="2">a</dependent>
          </dep>
          <dep type="amod">
            <governor idx="4">intro</governor>
            <dependent idx="3">witty</dependent>
          </dep>
          <dep type="nmod">
            <governor idx="13">took</governor>
            <dependent idx="4">intro</dependent>
          </dep>
          <dep type="case">
            <governor idx="6">Siri</governor>
            <dependent idx="5">by</dependent>
          </dep>
          <dep type="nmod">
            <governor idx="4">intro</governor>
            <dependent idx="6">Siri</dependent>
          </dep>
          <dep type="nmod:tmod">
            <governor idx="13">took</governor>
            <dependent idx="7">herself</dependent>
          </dep>
          <dep type="punct">
            <governor idx="13">took</governor>
            <dependent idx="8">,</dependent>
          </dep>
          <dep type="compound">
            <governor idx="12">Cook</governor>
            <dependent idx="9">Apple</dependent>
          </dep>
          <dep type="compound">
            <governor idx="12">Cook</governor>
            <dependent idx="10">CEO</dependent>
          </dep>
          <dep type="compound">
            <governor idx="12">Cook</governor>
            <dependent idx="11">Tim</dependent>
          </dep>
          <dep type="nsubj">
            <governor idx="13">took</governor>
            <dependent idx="12">Cook</dependent>
          </dep>
          <dep type="det">
            <governor idx="15">stage</governor>
            <dependent idx="14">the</dependent>
          </dep>
          <dep type="dobj">
            <governor idx="13">took</governor>
            <dependent idx="15">stage</dependent>
          </dep>
          <dep type="case">
            <governor idx="18">Francisco</governor>
            <dependent idx="16">in</dependent>
          </dep>
          <dep type="compound">
            <governor idx="18">Francisco</governor>
            <dependent idx="17">San</dependent>
          </dep>
          <dep type="nmod">
            <governor idx="13">took</governor>
            <dependent idx="18">Francisco</dependent>
          </dep>
          <dep type="mark">
            <governor idx="20">welcome</governor>
            <dependent idx="19">to</dependent>
          </dep>
          <dep type="advcl">
            <governor idx="13">took</governor>
            <dependent idx="20">welcome</dependent>
          </dep>
          <dep type="dobj">
            <governor idx="20">welcome</governor>
            <dependent idx="21">developers</dependent>
          </dep>
          <dep type="cc">
            <governor idx="20">welcome</governor>
            <dependent idx="22">and</dependent>
          </dep>
          <dep type="conj">
            <governor idx="20">welcome</governor>
            <dependent idx="23">announce</dependent>
          </dep>
          <dep type="amod">
            <governor idx="25">stuff</governor>
            <dependent idx="24">new</dependent>
          </dep>
          <dep type="dobj">
            <governor idx="23">announce</governor>
            <dependent idx="25">stuff</dependent>
          </dep>
          <dep type="punct">
            <governor idx="13">took</governor>
            <dependent idx="26">.</dependent>
          </dep>
        </dependencies>
        <dependencies type="collapsed-dependencies">
          <dep type="root">
            <governor idx="0">ROOT</governor>
            <dependent idx="13">took</dependent>
          </dep>
          <dep type="case">
            <governor idx="4">intro</governor>
            <dependent idx="1">After</dependent>
          </dep>
          <dep type="det">
            <governor idx="4">intro</governor>
            <dependent idx="2">a</dependent>
          </dep>
          <dep type="amod">
            <governor idx="4">intro</governor>
            <dependent idx="3">witty</dependent>
          </dep>
          <dep type="nmod:after">
            <governor idx="13">took</governor>
            <dependent idx="4">intro</dependent>
          </dep>
          <dep type="case">
            <governor idx="6">Siri</governor>
            <dependent idx="5">by</dependent>
          </dep>
          <dep type="nmod:by">
            <governor idx="4">intro</governor>
            <dependent idx="6">Siri</dependent>
          </dep>
          <dep type="nmod:tmod">
            <governor idx="13">took</governor>
            <dependent idx="7">herself</dependent>
          </dep>
          <dep type="punct">
            <governor idx="13">took</governor>
            <dependent idx="8">,</dependent>
          </dep>
          <dep type="compound">
            <governor idx="12">Cook</governor>
            <dependent idx="9">Apple</dependent>
          </dep>
          <dep type="compound">
            <governor idx="12">Cook</governor>
            <dependent idx="10">CEO</dependent>
          </dep>
          <dep type="compound">
            <governor idx="12">Cook</governor>
            <dependent idx="11">Tim</dependent>
          </dep>
          <dep type="nsubj">
            <governor idx="13">took</governor>
            <dependent idx="12">Cook</dependent>
          </dep>
          <dep type="det">
            <governor idx="15">stage</governor>
            <dependent idx="14">the</dependent>
          </dep>
          <dep type="dobj">
            <governor idx="13">took</governor>
            <dependent idx="15">stage</dependent>
          </dep>
          <dep type="case">
            <governor idx="18">Francisco</governor>
            <dependent idx="16">in</dependent>
          </dep>
          <dep type="compound">
            <governor idx="18">Francisco</governor>
            <dependent idx="17">San</dependent>
          </dep>
          <dep type="nmod:in">
            <governor idx="13">took</governor>
            <dependent idx="18">Francisco</dependent>
          </dep>
          <dep type="mark">
            <governor idx="20">welcome</governor>
            <dependent idx="19">to</dependent>
          </dep>
          <dep type="advcl">
            <governor idx="13">took</governor>
            <dependent idx="20">welcome</dependent>
          </dep>
          <dep type="dobj">
            <governor idx="20">welcome</governor>
            <dependent idx="21">developers</dependent>
          </dep>
          <dep type="cc">
            <governor idx="20">welcome</governor>
            <dependent idx="22">and</dependent>
          </dep>
          <dep type="conj:and">
            <governor idx="20">welcome</governor>
            <dependent idx="23">announce</dependent>
          </dep>
          <dep type="amod">
            <governor idx="25">stuff</governor>
            <dependent idx="24">new</dependent>
          </dep>
          <dep type="dobj">
            <governor idx="23">announce</governor>
            <dependent idx="25">stuff</dependent>
          </dep>
          <dep type="punct">
            <governor idx="13">took</governor>
            <dependent idx="26">.</dependent>
          </dep>
        </dependencies>
        <dependencies type="collapsed-ccprocessed-dependencies">
          <dep type="root">
            <governor idx="0">ROOT</governor>
            <dependent idx="13">took</dependent>
          </dep>
          <dep type="case">
            <governor idx="4">intro</governor>
            <dependent idx="1">After</dependent>
          </dep>
          <dep type="det">
            <governor idx="4">intro</governor>
            <dependent idx="2">a</dependent>
          </dep>
          <dep type="amod">
            <governor idx="4">intro</governor>
            <dependent idx="3">witty</dependent>
          </dep>
          <dep type="nmod:after">
            <governor idx="13">took</governor>
            <dependent idx="4">intro</dependent>
          </dep>
          <dep type="case">
            <governor idx="6">Siri</governor>
            <dependent idx="5">by</dependent>
          </dep>
          <dep type="nmod:by">
            <governor idx="4">intro</governor>
            <dependent idx="6">Siri</dependent>
          </dep>
          <dep type="nmod:tmod">
            <governor idx="13">took</governor>
            <dependent idx="7">herself</dependent>
          </dep>
          <dep type="punct">
            <governor idx="13">took</governor>
            <dependent idx="8">,</dependent>
          </dep>
          <dep type="compound">
            <governor idx="12">Cook</governor>
            <dependent idx="9">Apple</dependent>
          </dep>
          <dep type="compound">
            <governor idx="12">Cook</governor>
            <dependent idx="10">CEO</dependent>
          </dep>
          <dep type="compound">
            <governor idx="12">Cook</governor>
            <dependent idx="11">Tim</dependent>
          </dep>
          <dep type="nsubj">
            <governor idx="13">took</governor>
            <dependent idx="12">Cook</dependent>
          </dep>
          <dep type="det">
            <governor idx="15">stage</governor>
            <dependent idx="14">the</dependent>
          </dep>
          <dep type="dobj">
            <governor idx="13">took</governor>
            <dependent idx="15">stage</dependent>
          </dep>
          <dep type="case">
            <governor idx="18">Francisco</governor>
            <dependent idx="16">in</dependent>
          </dep>
          <dep type="compound">
            <governor idx="18">Francisco</governor>
            <dependent idx="17">San</dependent>
          </dep>
          <dep type="nmod:in">
            <governor idx="13">took</governor>
            <dependent idx="18">Francisco</dependent>
          </dep>
          <dep type="mark">
            <governor idx="20">welcome</governor>
            <dependent idx="19">to</dependent>
          </dep>
          <dep type="advcl">
            <governor idx="13">took</governor>
            <dependent idx="20">welcome</dependent>
          </dep>
          <dep type="dobj">
            <governor idx="20">welcome</governor>
            <dependent idx="21">developers</dependent>
          </dep>
          <dep type="cc">
            <governor idx="20">welcome</governor>
            <dependent idx="22">and</dependent>
          </dep>
          <dep type="advcl" extra="true">
            <governor idx="13">took</governor>
            <dependent idx="23">announce</dependent>
          </dep>
          <dep type="conj:and">
            <governor idx="20">welcome</governor>
            <dependent idx="23">announce</dependent>
          </dep>
          <dep type="amod">
            <governor idx="25">stuff</governor>
            <dependent idx="24">new</dependent>
          </dep>
          <dep type="dobj">
            <governor idx="23">announce</governor>
            <dependent idx="25">stuff</dependent>
          </dep>
          <dep type="punct">
            <governor idx="13">took</governor>
            <dependent idx="26">.</dependent>
          </dep>
        </dependencies>
      </sentence>
      <sentence id="2" line="2">
        <tokens>
          <token id="1">
            <word>Next</word>
            <lemma>next</lemma>
            <CharacterOffsetBegin>136</CharacterOffsetBegin>
            <CharacterOffsetEnd>140</CharacterOffsetEnd>
            <POS>RB</POS>
            <NER>O</NER>
          </token>
          <token id="2">
            <word>,</word>
            <lemma>,</lemma>
            <CharacterOffsetBegin>141</CharacterOffsetBegin>
            <CharacterOffsetEnd>142</CharacterOffsetEnd>
            <POS>,</POS>
            <NER>O</NER>
          </token>
          <token id="3">
            <word>global</word>
            <lemma>global</lemma>
            <CharacterOffsetBegin>143</CharacterOffsetBegin>
            <CharacterOffsetEnd>149</CharacterOffsetEnd>
            <POS>JJ</POS>
            <NER>O</NER>
          </token>
          <token id="4">
            <word>marketing</word>
            <lemma>marketing</lemma>
            <CharacterOffsetBegin>150</CharacterOffsetBegin>
            <CharacterOffsetEnd>159</CharacterOffsetEnd>
            <POS>NN</POS>
            <NER>O</NER>
          </token>
          <token id="5">
            <word>VP</word>
            <lemma>vp</lemma>
            <CharacterOffsetBegin>160</CharacterOffsetBegin>
            <CharacterOffsetEnd>162</CharacterOffsetEnd>
            <POS>NN</POS>
            <NER>O</NER>
          </token>
          <token id="6">
            <word>Phil</word>
            <lemma>Phil</lemma>
            <CharacterOffsetBegin>163</CharacterOffsetBegin>
            <CharacterOffsetEnd>167</CharacterOffsetEnd>
            <POS>NNP</POS>
            <NER>PERSON</NER>
          </token>
          <token id="7">
            <word>Schiller</word>
            <lemma>Schiller</lemma>
            <CharacterOffsetBegin>168</CharacterOffsetBegin>
            <CharacterOffsetEnd>176</CharacterOffsetEnd>
            <POS>NNP</POS>
            <NER>PERSON</NER>
          </token>
          <token id="8">
            <word>announced</word>
            <lemma>announce</lemma>
            <CharacterOffsetBegin>177</CharacterOffsetBegin>
            <CharacterOffsetEnd>186</CharacterOffsetEnd>
            <POS>VBD</POS>
            <NER>O</NER>
          </token>
          <token id="9">
            <word>updates</word>
            <lemma>update</lemma>
            <CharacterOffsetBegin>187</CharacterOffsetBegin>
            <CharacterOffsetEnd>194</CharacterOffsetEnd>
            <POS>NNS</POS>
            <NER>O</NER>
          </token>
          <token id="10">
            <word>to</word>
            <lemma>to</lemma>
            <CharacterOffsetBegin>195</CharacterOffsetBegin>
            <CharacterOffsetEnd>197</CharacterOffsetEnd>
            <POS>TO</POS>
            <NER>O</NER>
          </token>
          <token id="11">
            <word>the</word>
            <lemma>the</lemma>
            <CharacterOffsetBegin>198</CharacterOffsetBegin>
            <CharacterOffsetEnd>201</CharacterOffsetEnd>
            <POS>DT</POS>
            <NER>O</NER>
          </token>
          <token id="12">
            <word>MacBook</word>
            <lemma>MacBook</lemma>
            <CharacterOffsetBegin>202</CharacterOffsetBegin>
            <CharacterOffsetEnd>209</CharacterOffsetEnd>
            <POS>NNP</POS>
            <NER>ORGANIZATION</NER>
          </token>
          <token id="13">
            <word>line</word>
            <lemma>line</lemma>
            <CharacterOffsetBegin>210</CharacterOffsetBegin>
            <CharacterOffsetEnd>214</CharacterOffsetEnd>
            <POS>NN</POS>
            <NER>O</NER>
          </token>
          <token id="14">
            <word>.</word>
            <lemma>.</lemma>
            <CharacterOffsetBegin>215</CharacterOffsetBegin>
            <CharacterOffsetEnd>216</CharacterOffsetEnd>
            <POS>.</POS>
            <NER>O</NER>
          </token>
        </tokens>
        <parse>(ROOT (S (ADVP (RB Next)) (, ,) (NP (JJ global) (NN marketing) (NN VP) (NNP Phil) (NNP Schiller)) (VP (VBD announced) (NP (NNS updates)) (PP (TO to) (NP (DT the) (NNP MacBook) (NN line)))) (. .))) </parse>
        <dependencies type="basic-dependencies">
          <dep type="root">
            <governor idx="0">ROOT</governor>
            <dependent idx="8">announced</dependent>
          </dep>
          <dep type="advmod">
            <governor idx="8">announced</governor>
            <dependent idx="1">Next</dependent>
          </dep>
          <dep type="punct">
            <governor idx="8">announced</governor>
            <dependent idx="2">,</dependent>
          </dep>
          <dep type="amod">
            <governor idx="7">Schiller</governor>
            <dependent idx="3">global</dependent>
          </dep>
          <dep type="compound">
            <governor idx="7">Schiller</governor>
            <dependent idx="4">marketing</dependent>
          </dep>
          <dep type="compound">
            <governor idx="7">Schiller</governor>
            <dependent idx="5">VP</dependent>
          </dep>
          <dep type="compound">
            <governor idx="7">Schiller</governor>
            <dependent idx="6">Phil</dependent>
          </dep>
          <dep type="nsubj">
            <governor idx="8">announced</governor>
            <dependent idx="7">Schiller</dependent>
          </dep>
          <dep type="dobj">
            <governor idx="8">announced</governor>
            <dependent idx="9">updates</dependent>
          </dep>
          <dep type="case">
            <governor idx="13">line</governor>
            <dependent idx="10">to</dependent>
          </dep>
          <dep type="det">
            <governor idx="13">line</governor>
            <dependent idx="11">the</dependent>
          </dep>
          <dep type="compound">
            <governor idx="13">line</governor>
            <dependent idx="12">MacBook</dependent>
          </dep>
          <dep type="nmod">
            <governor idx="9">updates</governor>
            <dependent idx="13">line</dependent>
          </dep>
          <dep type="punct">
            <governor idx="8">announced</governor>
            <dependent idx="14">.</dependent>
          </dep>
        </dependencies>
        <dependencies type="collapsed-dependencies">
          <dep type="root">
            <governor idx="0">ROOT</governor>
            <dependent idx="8">announced</dependent>
          </dep>
          <dep type="advmod">
            <governor idx="8">announced</governor>
            <dependent idx="1">Next</dependent>
          </dep>
          <dep type="punct">
            <governor idx="8">announced</governor>
            <dependent idx="2">,</dependent>
          </dep>
          <dep type="amod">
            <governor idx="7">Schiller</governor>
            <dependent idx="3">global</dependent>
          </dep>
          <dep type="compound">
            <governor idx="7">Schiller</governor>
            <dependent idx="4">marketing</dependent>
          </dep>
          <dep type="compound">
            <governor idx="7">Schiller</governor>
            <dependent idx="5">VP</dependent>
          </dep>
          <dep type="compound">
            <governor idx="7">Schiller</governor>
            <dependent idx="6">Phil</dependent>
          </dep>
          <dep type="nsubj">
            <governor idx="8">announced</governor>
            <dependent idx="7">Schiller</dependent>
          </dep>
          <dep type="dobj">
            <governor idx="8">announced</governor>
            <dependent idx="9">updates</dependent>
          </dep>
          <dep type="case">
            <governor idx="13">line</governor>
            <dependent idx="10">to</dependent>
          </dep>
          <dep type="det">
            <governor idx="13">line</governor>
            <dependent idx="11">the</dependent>
          </dep>
          <dep type="compound">
            <governor idx="13">line</governor>
            <dependent idx="12">MacBook</dependent>
          </dep>
          <dep type="nmod:to">
            <governor idx="9">updates</governor>
            <dependent idx="13">line</dependent>
          </dep>
          <dep type="punct">
            <governor idx="8">announced</governor>
            <dependent idx="14">.</dependent>
          </dep>
        </dependencies>
        <dependencies type="collapsed-ccprocessed-dependencies">
          <dep type="root">
            <governor idx="0">ROOT</governor>
            <dependent idx="8">announced</dependent>
          </dep>
          <dep type="advmod">
            <governor idx="8">announced</governor>
            <dependent idx="1">Next</dependent>
          </dep>
          <dep type="punct">
            <governor idx="8">announced</governor>
            <dependent idx="2">,</dependent>
          </dep>
          <dep type="amod">
            <governor idx="7">Schiller</governor>
            <dependent idx="3">global</dependent>
          </dep>
          <dep type="compound">
            <governor idx="7">Schiller</governor>
            <dependent idx="4">marketing</dependent>
          </dep>
          <dep type="compound">
            <governor idx="7">Schiller</governor>
            <dependent idx="5">VP</dependent>
          </dep>
          <dep type="compound">
            <governor idx="7">Schiller</governor>
            <dependent idx="6">Phil</dependent>
          </dep>
          <dep type="nsubj">
            <governor idx="8">announced</governor>
            <dependent idx="7">Schiller</dependent>
          </dep>
          <dep type="dobj">
            <governor idx="8">announced</governor>
            <dependent idx="9">updates</dependent>
          </dep>
          <dep type="case">
            <governor idx="13">line</governor>
            <dependent idx="10">to</dependent>
          </dep>
          <dep type="det">
            <governor idx="13">line</governor>
            <dependent idx="11">the</dependent>
          </dep>
          <dep type="compound">
            <governor idx="13">line</governor>
            <dependent idx="12">MacBook</dependent>
          </dep>
          <dep type="nmod:to">
            <governor idx="9">updates</governor>
            <dependent idx="13">line</dependent>
          </dep>
          <dep type="punct">
            <governor idx="8">announced</governor>
            <dependent idx="14">.</dependent>
          </dep>
        </dependencies>
      </sentence>
    </sentences>
  </document>
</root>
