<?xml version="1.0" encoding="UTF-8"?>
<?xml-stylesheet href="CoreNLP-to-HTML.xsl" type="text/xsl"?>
<root>
  <document>
    <sentences>
      <sentence id="1" line="1">
        <tokens>
          <token id="1">
            <word>Apple</word>
            <lemma>Apple</lemma>
            <CharacterOffsetBegin>0</CharacterOffsetBegin>
            <CharacterOffsetEnd>5</CharacterOffsetEnd>
            <POS>NNP</POS>
            <NER>ORGANIZATION</NER>
          </token>
          <token id="2">
            <word>CEO</word>
            <lemma>CEO</lemma>
            <CharacterOffsetBegin>6</CharacterOffsetBegin>
            <CharacterOffsetEnd>9</CharacterOffsetEnd>
            <POS>NNP</POS>
            <NER>O</NER>
          </token>
          <token id="3">
            <word>Steve</word>
            <lemma>Steve</lemma>
            <CharacterOffsetBegin>10</CharacterOffsetBegin>
            <CharacterOffsetEnd>15</CharacterOffsetEnd>
            <POS>NNP</POS>
            <NER>PERSON</NER>
          </token>
          <token id="4">
            <word>Jobs</word>
            <lemma>Jobs</lemma>
            <CharacterOffsetBegin>16</CharacterOffsetBegin>
            <CharacterOffsetEnd>20</CharacterOffsetEnd>
            <POS>NNP</POS>
            <NER>PERSON</NER>
          </token>
          <token id="5">
            <word>unveiled</word>
            <lemma>unveil</lemma>
            <CharacterOffsetBegin>21</CharacterOffsetBegin>
            <CharacterOffsetEnd>29</CharacterOffsetEnd>
            <POS>VBD</POS>
            <NER>O</NER>
          </token>
          <token id="6">
            <word>the</word>
            <lemma>the</lemma>
            <CharacterOffsetBegin>30</CharacterOffsetBegin>
            <CharacterOffsetEnd>33</CharacterOffsetEnd>
            <POS>DT</POS>
            <NER>O</NER>
          </token>
          <token id="7">
            <word>company</word>
            <lemma>company</lemma>
            <CharacterOffsetBegin>34</CharacterOffsetBegin>
            <CharacterOffsetEnd>41</CharacterOffsetEnd>
            <POS>NN</POS>
            <NER>O</NER>
          </token>
          <token id="8">
            <word>'s</word>
            <lemma>'s</lemma>
            <CharacterOffsetBegin>42</CharacterOffsetBegin>
            <CharacterOffsetEnd>44</CharacterOffsetEnd>
            <POS>POS</POS>
            <NER>O</NER>
          </token>
          <token id="9">
            <word>new</word>
            <lemma>new</lemma>
            <CharacterOffsetBegin>45</CharacterOffsetBegin>
            <CharacterOffsetEnd>48</CharacterOffsetEnd>
            <POS>JJ</POS>
            <NER>O</NER>
          </token>
          <token id="10">
            <word>high-end</word>
            <lemma>high-end</lemma>
            <CharacterOffsetBegin>49</CharacterOffsetBegin>
            <CharacterOffsetEnd>57</CharacterOffsetEnd>
            <POS>JJ</POS>
            <NER>O</NER>
          </token>
          <token id="11">
            <word>notebook</word>
            <lemma>notebook</lemma>
            <CharacterOffsetBegin>58</CharacterOffsetBegin>
            <CharacterOffsetEnd>66</CharacterOffsetEnd>
            <POS>NN</POS>
            <NER>O</NER>
          </token>
          <token id="12">
            <word>line</word>
            <lemma>line</lemma>
            <CharacterOffsetBegin>67</CharacterOffsetBegin>
            <CharacterOffsetEnd>71</CharacterOffsetEnd>
            <POS>NN</POS>
            <NER>O</NER>
          </token>
          <token id="13">
            <word>during</word>
            <lemma>during</lemma>
            <CharacterOffsetBegin>72</CharacterOffsetBegin>
            <CharacterOffsetEnd>78</CharacterOffsetEnd>
            <POS>IN</POS>
            <NER>O</NER>
          </token>
          <token id="14">
            <word>the</word>
            <lemma>the</lemma>
            <CharacterOffsetBegin>79</CharacterOffsetBegin>
            <CharacterOffsetEnd>82</CharacterOffsetEnd>
            <POS>DT</POS>
            <NER>O</NER>
          </token>
          <token id="15">
            <word>special</word>
            <lemma>special</lemma>
            <CharacterOffsetBegin>83</CharacterOffsetBegin>
            <CharacterOffsetEnd>90</CharacterOffsetEnd>
            <POS>JJ</POS>
            <NER>O</NER>
          </token>
          <token id="16">
            <word>event</word>
            <lemma>event</lemma>
            <CharacterOffsetBegin>91</CharacterOffsetBegin>
            <CharacterOffsetEnd>96</CharacterOffsetEnd>
            <POS>NN</POS>
            <NER>O</NER>
          </token>
          <token id="17">
            <word>being</word>
            <lemma>be</lemma>
            <CharacterOffsetBegin>97</CharacterOffsetBegin>
            <CharacterOffsetEnd>102</CharacterOffsetEnd>
            <POS>VBG</POS>
            <NER>O</NER>
          </token>
          <token id="18">
            <word>held</word>
            <lemma>hold</lemma>
            <CharacterOffsetBegin>103</CharacterOffsetBegin>
            <CharacterOffsetEnd>107</CharacterOffsetEnd>
            <POS>VBN</POS>
            <NER>O</NER>
          </token>
          <token id="19">
            <word>at</word>
            <lemma>at</lemma>
            <CharacterOffsetBegin>108</CharacterOffsetBegin>
            <CharacterOffsetEnd>110</CharacterOffsetEnd>
            <POS>IN</POS>
            <NER>O</NER>
          </token>
          <token id="20">
            <word>Apple</word>
            <lemma>Apple</lemma>
            <CharacterOffsetBegin>111</CharacterOffsetBegin>
            <CharacterOffsetEnd>116</CharacterOffsetEnd>
            <POS>NNP</POS>
            <NER>ORGANIZATION</NER>
          </token>
          <token id="21">
            <word>'s</word>
            <lemma>'s</lemma>
            <CharacterOffsetBegin>117</CharacterOffsetBegin>
            <CharacterOffsetEnd>119</CharacterOffsetEnd>
            <POS>POS</POS>
            <NER>O</NER>
          </token>
          <token id="22">
            <word>headquarters</word>
            <lemma>headquarters</lemma>
            <CharacterOffsetBegin>120</CharacterOffsetBegin>
            <CharacterOffsetEnd>132</CharacterOffsetEnd>
            <POS>NN</POS>
            <NER>O</NER>
          </token>
          <token id="23">
            <word>in</word>
            <lemma>in</lemma>
            <CharacterOffsetBegin>133</CharacterOffsetBegin>
            <CharacterOffsetEnd>135</CharacterOffsetEnd>
            <POS>IN</POS>
            <NER>O</NER>
          </token>
          <token id="24">
            <word>Cupertino</word>
            <lemma>Cupertino</lemma>
            <CharacterOffsetBegin>136</CharacterOffsetBegin>
            <CharacterOffsetEnd>145</CharacterOffsetEnd>
            <POS>NNP</POS>
            <NER>LOCATION</NER>
          </token>
          <token id="25">
            <word>,</word>
            <lemma>,</lemma>
            <CharacterOffsetBegin>146</CharacterOffsetBegin>
            <CharacterOffsetEnd>147</CharacterOffsetEnd>
            <POS>,</POS>
            <NER>O</NER>
          </token>
          <token id="26">
            <word>Calif</word>
            <lemma>Calif</lemma>
            <CharacterOffsetBegin>148</CharacterOffsetBegin>
            <CharacterOffsetEnd>153</CharacterOffsetEnd>
            <POS>NNP</POS>
            <NER>LOCATION</NER>
          </token>
          <token id="27">
            <word>.</word>
            <lemma>.</lemma>
            <CharacterOffsetBegin>154</CharacterOffsetBegin>
            <CharacterOffsetEnd>155</CharacterOffsetEnd>
            <POS>.</POS>
            <NER>O</NER>
          </token>
        </tokens>
        <parse>(ROOT (S (NP (NNP Apple) (NNP CEO) (NNP Steve) (NNP Jobs)) (VP (VBD unveiled) (NP (NP (DT the) (NN company) (POS 's)) (JJ new) (JJ high-end) (NN notebook) (NN line)) (PP (IN during) (NP (NP (DT the) (JJ special) (NN event)) (VP (VBG being) (VP (VBN held) (PP (IN at) (NP (NP (NP (NNP Apple) (POS 's)) (NN headquarters)) (PP (IN in) (NP (NNP Cupertino) (, ,) (NNP Calif)))))))))) (. .))) </parse>
        <dependencies type="basic-dependencies">
          <dep type="root">
            <governor idx="0">ROOT</governor>
            <dependent idx="5">unveiled</dependent>
          </dep>
          <dep type="compound">
            <governor idx="4">Jobs</governor>
            <dependent idx="1">Apple</dependent>
          </dep>
          <dep type="compound">
            <governor idx="4">Jobs</governor>
            <dependent idx="2">CEO</dependent>
          </dep>
          <dep type="compound">
            <governor idx="4">Jobs</governor>
            <dependent idx="3">Steve</dependent>
          </dep>
          <dep type="nsubj">
            <governor idx="5">unveiled</governor>
            <dependent idx="4">Jobs</dependent>
          </dep>
          <dep type="det">
            <governor idx="7">company</governor>
            <dependent idx="6">the</dependent>
          </dep>
          <dep type="nmod:poss">
            <governor idx="12">line</governor>
            <dependent idx="7">company</dependent>
          </dep>
          <dep type="case">
            <governor idx="7">company</governor>
            <dependent idx="8">'s</dependent>
          </dep>
          <dep type="amod">
            <governor idx="12">line</governor>
            <dependent idx="9">new</dependent>
          </dep>
          <dep type="amod">
            <governor idx="12">line</governor>
            <dependent idx="10">high-end</dependent>
          </dep>
          <dep type="compound">
            <governor idx="12">line</governor>
            <dependent idx="11">notebook</dependent>
          </dep>
          <dep type="dobj">
            <governor idx="5">unveiled</governor>
            <dependent idx="12">line</dependent>
          </dep>
          <dep type="case">
            <governor idx="16">event</governor>
            <dependent idx="13">during</dependent>
          </dep>
          <dep type="det">
            <governor idx="16">event</governor>
            <dependent idx="14">the</dependent>
          </dep>
          <dep type="amod">
            <governor idx="16">event</governor>
            <dependent idx="15">special</dependent>
          </dep>
          <dep type="nmod">
            <governor idx="5">unveiled</governor>
            <dependent idx="16">event</dependent>
          </dep>
          <dep type="auxpass">
            <governor idx="18">held</governor>
            <dependent idx="17">being</dependent>
          </dep>
          <dep type="acl">
            <governor idx="16">event</governor>
            <dependent idx="18">held</dependent>
          </dep>
          <dep type="case">
            <governor idx="22">headquarters</governor>
            <dependent idx="19">at</dependent>
          </dep>
          <dep type="nmod:poss">
            <governor idx="22">headquarters</governor>
            <dependent idx="20">Apple</dependent>
          </dep>
          <dep type="case">
            <governor idx="20">Apple</governor>
            <dependent idx="21">'s</dependent>
          </dep>
          <dep type="nmod">
            <governor idx="18">held</governor>
            <dependent idx="22">headquarters</dependent>
          </dep>
          <dep type="case">
            <governor idx="24">Cupertino</governor>
            <dependent idx="23">in</dependent>
          </dep>
          <dep type="nmod">
            <governor idx="22">headquarters</governor>
            <dependent idx="24">Cupertino</dependent>
          </dep>
          <dep type="punct">
            <governor idx="24">Cupertino</governor>
            <dependent idx="25">,</dependent>
          </dep>
          <dep type="appos">
            <governor idx="24">Cupertino</governor>
            <dependent idx="26">Calif</dependent>
          </dep>
          <dep type="punct">
            <governor idx="5">unveiled</governor>
            <dependent idx="27">.</dependent>
          </dep>
        </dependencies>
        <dependencies type="collapsed-dependencies">
          <dep type="root">
            <governor idx="0">ROOT</governor>
            <dependent idx="5">unveiled</dependent>
          </dep>
          <dep type="compound">
            <governor idx="4">Jobs</governor>
            <dependent idx="1">Apple</dependent>
          </dep>
          <dep type="compound">
            <governor idx="4">Jobs</governor>
            <dependent idx="2">CEO</dependent>
          </dep>
          <dep type="compound">
            <governor idx="4">Jobs</governor>
            <dependent idx="3">Steve</dependent>
          </dep>
          <dep type="nsubj">
            <governor idx="5">unveiled</governor>
            <dependent idx="4">Jobs</dependent>
          </dep>
          <dep type="det">
            <governor idx="7">company</governor>
            <dependent idx="6">the</dependent>
          </dep>
          <dep type="nmod:poss">
            <governor idx="12">line</governor>
            <dependent idx="7">company</dependent>
          </dep>
          <dep type="case">
            <governor idx="7">company</governor>
            <dependent idx="8">'s</dependent>
          </dep>
          <dep type="amod">
            <governor idx="12">line</governor>
            <dependent idx="9">new</dependent>
          </dep>
          <dep type="amod">
            <governor idx="12">line</governor>
            <dependent idx="10">high-end</dependent>
          </dep>
          <dep type="compound">
            <governor idx="12">line</governor>
            <dependent idx="11">notebook</dependent>
          </dep>
          <dep type="dobj">
            <governor idx="5">unveiled</governor>
            <dependent idx="12">line</dependent>
          </dep>
          <dep type="case">
            <governor idx="16">event</governor>
            <dependent idx="13">during</dependent>
          </dep>
          <dep type="det">
            <governor idx="16">event</governor>
            <dependent idx="14">the</dependent>
          </dep>
          <dep type="amod">
            <governor idx="16">event</governor>
            <dependent idx="15">special</dependent>
          </dep>
          <dep type="nmod:during">
            <governor idx="5">unveiled</governor>
            <dependent idx="16">event</dependent>
          </dep>
          <dep type="auxpass">
            <governor idx="18">held</governor>
            <dependent idx="17">being</dependent>
          </dep>
          <dep type="acl">
            <governor idx="16">event</governor>
            <dependent idx="18">held</dependent>
          </dep>
          <dep type="case">
            <governor idx="22">headquarters</governor>
            <dependent idx="19">at</dependent>
          </dep>
          <dep type="nmod:poss">
            <governor idx="22">headquarters</governor>
            <dependent idx="20">Apple</dependent>
          </dep>
          <dep type="case">
            <governor idx="20">Apple</governor>
            <dependent idx="21">'s</dependent>
          </dep>
          <dep type="nmod:at">
            <governor idx="18">held</governor>
            <dependent idx="22">headquarters</dependent>
          </dep>
          <dep type="case">
            <governor idx="24">Cupertino</governor>
            <dependent idx="23">in</dependent>
          </dep>
          <dep type="nmod:in">
            <governor idx="22">headquarters</governor>
            <dependent idx="24">Cupertino</dependent>
          </dep>
          <dep type="punct">
            <governor idx="24">Cupertino</governor>
            <dependent idx="25">,</dependent>
          </dep>
          <dep type="appos">
            <governor idx="24">Cupertino</governor>
            <dependent idx="26">Calif</dependent>
          </dep>
          <dep type="punct">
            <governor idx="5">unveiled</governor>
            <dependent idx="27">.</dependent>
          </dep>
        </dependencies>
        <dependencies type="collapsed-ccprocessed-dependencies">
          <dep type="root">
            <governor idx="0">ROOT</governor>
            <dependent idx="5">unveiled</dependent>
          </dep>
          <dep type="compound">
            <governor idx="4">Jobs</governor>
            <dependent idx="1">Apple</dependent>
          </dep>
          <dep type="compound">
            <governor idx="4">Jobs</governor>
            <dependent idx="2">CEO</dependent>
          </dep>
          <dep type="compound">
            <governor idx="4">Jobs</governor>
            <dependent idx="3">Steve</dependent>
          </dep>
          <dep type="nsubj">
            <governor idx="5">unveiled</governor>
            <dependent idx="4">Jobs</dependent>
          </dep>
          <dep type="det">
            <governor idx="7">company</governor>
            <dependent idx="6">the</dependent>
          </dep>
          <dep type="nmod:poss">
            <governor idx="12">line</governor>
            <dependent idx="7">company</dependent>
          </dep>
          <dep type="case">
            <governor idx="7">company</governor>
            <dependent idx="8">'s</dependent>
          </dep>
          <dep type="amod">
            <governor idx="12">line</governor>
            <dependent idx="9">new</dependent>
          </dep>
          <dep type="amod">
            <governor idx="12">line</governor>
            <dependent idx="10">high-end</dependent>
          </dep>
          <dep type="compound">
            <governor idx="12">line</governor>
            <dependent idx="11">notebook</dependent>
          </dep>
          <dep type="dobj">
            <governor idx="5">unveiled</governor>
            <dependent idx="12">line</dependent>
          </dep>
          <dep type="case">
            <governor idx="16">event</governor>
            <dependent idx="13">during</dependent>
          </dep>
          <dep type="det">
            <governor idx="16">event</governor>
            <dependent idx="14">the</dependent>
          </dep>
          <dep type="amod">
            <governor idx="16">event</governor>
            <dependent idx="15">special</dependent>
          </dep>
          <dep type="nmod:during">
            <governor idx="5">unveiled</governor>
            <dependent idx="16">event</dependent>
          </dep>
          <dep type="auxpass">
            <governor idx="18">held</governor>
            <dependent idx="17">being</dependent>
          </dep>
          <dep type="acl">
            <governor idx="16">event</governor>
            <dependent idx="18">held</dependent>
          </dep>
          <dep type="case">
            <governor idx="22">headquarters</governor>
            <dependent idx="19">at</dependent>
          </dep>
          <dep type="nmod:poss">
            <governor idx="22">headquarters</governor>
            <dependent idx="20">Apple</dependent>
          </dep>
          <dep type="case">
            <governor idx="20">Apple</governor>
            <dependent idx="21">'s</dependent>
          </dep>
          <dep type="nmod:at">
            <governor idx="18">held</governor>
            <dependent idx="22">headquarters</dependent>
          </dep>
          <dep type="case">
            <governor idx="24">Cupertino</governor>
            <dependent idx="23">in</dependent>
          </dep>
          <dep type="nmod:in">
            <governor idx="22">headquarters</governor>
            <dependent idx="24">Cupertino</dependent>
          </dep>
          <dep type="punct">
            <governor idx="24">Cupertino</governor>
            <dependent idx="25">,</dependent>
          </dep>
          <dep type="appos">
            <governor idx="24">Cupertino</governor>
            <dependent idx="26">Calif</dependent>
          </dep>
          <dep type="punct">
            <governor idx="5">unveiled</governor>
            <dependent idx="27">.</dependent>
          </dep>
        </dependencies>
      </sentence>
    </sentences>
  </document>
</root>
