<?xml version="1.0" encoding="UTF-8"?>
<?xml-stylesheet href="CoreNLP-to-HTML.xsl" type="text/xsl"?>
<root>
  <document>
    <sentences>
      <sentence id="1" line="1">
        <tokens>
          <token id="1">
            <word>Israel</word>
            <lemma>Israel</lemma>
            <CharacterOffsetBegin>0</CharacterOffsetBegin>
            <CharacterOffsetEnd>6</CharacterOffsetEnd>
            <POS>NNP</POS>
            <NER>LOCATION</NER>
          </token>
          <token id="2">
            <word>'s</word>
            <lemma>'s</lemma>
            <CharacterOffsetBegin>7</CharacterOffsetBegin>
            <CharacterOffsetEnd>9</CharacterOffsetEnd>
            <POS>POS</POS>
            <NER>O</NER>
          </token>
          <token id="3">
            <word>assault</word>
            <lemma>assault</lemma>
            <CharacterOffsetBegin>10</CharacterOffsetBegin>
            <CharacterOffsetEnd>17</CharacterOffsetEnd>
            <POS>NN</POS>
            <NER>O</NER>
          </token>
          <token id="4">
            <word>on</word>
            <lemma>on</lemma>
            <CharacterOffsetBegin>18</CharacterOffsetBegin>
            <CharacterOffsetEnd>20</CharacterOffsetEnd>
            <POS>IN</POS>
            <NER>O</NER>
          </token>
          <token id="5">
            <word>Gaza</word>
            <lemma>Gaza</lemma>
            <CharacterOffsetBegin>21</CharacterOffsetBegin>
            <CharacterOffsetEnd>25</CharacterOffsetEnd>
            <POS>NNP</POS>
            <NER>LOCATION</NER>
          </token>
          <token id="6">
            <word>has</word>
            <lemma>have</lemma>
            <CharacterOffsetBegin>26</CharacterOffsetBegin>
            <CharacterOffsetEnd>29</CharacterOffsetEnd>
            <POS>VBZ</POS>
            <NER>O</NER>
          </token>
          <token id="7">
            <word>exacted</word>
            <lemma>exact</lemma>
            <CharacterOffsetBegin>30</CharacterOffsetBegin>
            <CharacterOffsetEnd>37</CharacterOffsetEnd>
            <POS>VBN</POS>
            <NER>O</NER>
          </token>
          <token id="8">
            <word>the</word>
            <lemma>the</lemma>
            <CharacterOffsetBegin>38</CharacterOffsetBegin>
            <CharacterOffsetEnd>41</CharacterOffsetEnd>
            <POS>DT</POS>
            <NER>O</NER>
          </token>
          <token id="9">
            <word>bloodiest</word>
            <lemma>bloodiest</lemma>
            <CharacterOffsetBegin>42</CharacterOffsetBegin>
            <CharacterOffsetEnd>51</CharacterOffsetEnd>
            <POS>JJS</POS>
            <NER>O</NER>
          </token>
          <token id="10">
            <word>toll</word>
            <lemma>toll</lemma>
            <CharacterOffsetBegin>52</CharacterOffsetBegin>
            <CharacterOffsetEnd>56</CharacterOffsetEnd>
            <POS>NN</POS>
            <NER>O</NER>
          </token>
          <token id="11">
            <word>of</word>
            <lemma>of</lemma>
            <CharacterOffsetBegin>57</CharacterOffsetBegin>
            <CharacterOffsetEnd>59</CharacterOffsetEnd>
            <POS>IN</POS>
            <NER>O</NER>
          </token>
          <token id="12">
            <word>civilian</word>
            <lemma>civilian</lemma>
            <CharacterOffsetBegin>60</CharacterOffsetBegin>
            <CharacterOffsetEnd>68</CharacterOffsetEnd>
            <POS>JJ</POS>
            <NER>O</NER>
          </token>
          <token id="13">
            <word>lives</word>
            <lemma>life</lemma>
            <CharacterOffsetBegin>69</CharacterOffsetBegin>
            <CharacterOffsetEnd>74</CharacterOffsetEnd>
            <POS>NNS</POS>
            <NER>O</NER>
          </token>
          <token id="14">
            <word>yet</word>
            <lemma>yet</lemma>
            <CharacterOffsetBegin>75</CharacterOffsetBegin>
            <CharacterOffsetEnd>78</CharacterOffsetEnd>
            <POS>RB</POS>
            <NER>O</NER>
          </token>
          <token id="15">
            <word>,</word>
            <lemma>,</lemma>
            <CharacterOffsetBegin>79</CharacterOffsetBegin>
            <CharacterOffsetEnd>80</CharacterOffsetEnd>
            <POS>,</POS>
            <NER>O</NER>
          </token>
          <token id="16">
            <word>when</word>
            <lemma>when</lemma>
            <CharacterOffsetBegin>81</CharacterOffsetBegin>
            <CharacterOffsetEnd>85</CharacterOffsetEnd>
            <POS>WRB</POS>
            <NER>O</NER>
          </token>
          <token id="17">
            <word>the</word>
            <lemma>the</lemma>
            <CharacterOffsetBegin>86</CharacterOffsetBegin>
            <CharacterOffsetEnd>89</CharacterOffsetEnd>
            <POS>DT</POS>
            <NER>O</NER>
          </token>
          <token id="18">
            <word>bombing</word>
            <lemma>bombing</lemma>
            <CharacterOffsetBegin>90</CharacterOffsetBegin>
            <CharacterOffsetEnd>97</CharacterOffsetEnd>
            <POS>NN</POS>
            <NER>O</NER>
          </token>
          <token id="19">
            <word>of</word>
            <lemma>of</lemma>
            <CharacterOffsetBegin>98</CharacterOffsetBegin>
            <CharacterOffsetEnd>100</CharacterOffsetEnd>
            <POS>IN</POS>
            <NER>O</NER>
          </token>
          <token id="20">
            <word>UN</word>
            <lemma>UN</lemma>
            <CharacterOffsetBegin>101</CharacterOffsetBegin>
            <CharacterOffsetEnd>103</CharacterOffsetEnd>
            <POS>NNP</POS>
            <NER>ORGANIZATION</NER>
          </token>
          <token id="21">
            <word>schools</word>
            <lemma>school</lemma>
            <CharacterOffsetBegin>104</CharacterOffsetBegin>
            <CharacterOffsetEnd>111</CharacterOffsetEnd>
            <POS>NNS</POS>
            <NER>O</NER>
          </token>
          <token id="22">
            <word>being</word>
            <lemma>be</lemma>
            <CharacterOffsetBegin>112</CharacterOffsetBegin>
            <CharacterOffsetEnd>117</CharacterOffsetEnd>
            <POS>VBG</POS>
            <NER>O</NER>
          </token>
          <token id="23">
            <word>used</word>
            <lemma>use</lemma>
            <CharacterOffsetBegin>118</CharacterOffsetBegin>
            <CharacterOffsetEnd>122</CharacterOffsetEnd>
            <POS>VBN</POS>
            <NER>O</NER>
          </token>
          <token id="24">
            <word>as</word>
            <lemma>as</lemma>
            <CharacterOffsetBegin>123</CharacterOffsetBegin>
            <CharacterOffsetEnd>125</CharacterOffsetEnd>
            <POS>IN</POS>
            <NER>O</NER>
          </token>
          <token id="25">
            <word>refugee</word>
            <lemma>refugee</lemma>
            <CharacterOffsetBegin>126</CharacterOffsetBegin>
            <CharacterOffsetEnd>133</CharacterOffsetEnd>
            <POS>NN</POS>
            <NER>O</NER>
          </token>
          <token id="26">
            <word>centres</word>
            <lemma>centre</lemma>
            <CharacterOffsetBegin>134</CharacterOffsetBegin>
            <CharacterOffsetEnd>141</CharacterOffsetEnd>
            <POS>NNS</POS>
            <NER>O</NER>
          </token>
          <token id="27">
            <word>and</word>
            <lemma>and</lemma>
            <CharacterOffsetBegin>142</CharacterOffsetBegin>
            <CharacterOffsetEnd>145</CharacterOffsetEnd>
            <POS>CC</POS>
            <NER>O</NER>
          </token>
          <token id="28">
            <word>of</word>
            <lemma>of</lemma>
            <CharacterOffsetBegin>146</CharacterOffsetBegin>
            <CharacterOffsetEnd>148</CharacterOffsetEnd>
            <POS>IN</POS>
            <NER>O</NER>
          </token>
          <token id="29">
            <word>housing</word>
            <lemma>housing</lemma>
            <CharacterOffsetBegin>149</CharacterOffsetBegin>
            <CharacterOffsetEnd>156</CharacterOffsetEnd>
            <POS>NN</POS>
            <NER>O</NER>
          </token>
          <token id="30">
            <word>killed</word>
            <lemma>kill</lemma>
            <CharacterOffsetBegin>157</CharacterOffsetBegin>
            <CharacterOffsetEnd>163</CharacterOffsetEnd>
            <POS>VBD</POS>
            <NER>O</NER>
          </token>
          <token id="31">
            <word>more</word>
            <lemma>more</lemma>
            <CharacterOffsetBegin>164</CharacterOffsetBegin>
            <CharacterOffsetEnd>168</CharacterOffsetEnd>
            <POS>JJR</POS>
            <NER>O</NER>
          </token>
          <token id="32">
            <word>than</word>
            <lemma>than</lemma>
            <CharacterOffsetBegin>169</CharacterOffsetBegin>
            <CharacterOffsetEnd>173</CharacterOffsetEnd>
            <POS>IN</POS>
            <NER>O</NER>
          </token>
          <token id="33">
            <word>50</word>
            <lemma>50</lemma>
            <CharacterOffsetBegin>174</CharacterOffsetBegin>
            <CharacterOffsetEnd>176</CharacterOffsetEnd>
            <POS>CD</POS>
            <NER>NUMBER</NER>
            <NormalizedNER>&gt;50.0</NormalizedNER>
          </token>
          <token id="34">
            <word>people</word>
            <lemma>people</lemma>
            <CharacterOffsetBegin>177</CharacterOffsetBegin>
            <CharacterOffsetEnd>183</CharacterOffsetEnd>
            <POS>NNS</POS>
            <NER>O</NER>
          </token>
          <token id="35">
            <word>,</word>
            <lemma>,</lemma>
            <CharacterOffsetBegin>184</CharacterOffsetBegin>
            <CharacterOffsetEnd>185</CharacterOffsetEnd>
            <POS>,</POS>
            <NER>O</NER>
          </token>
          <token id="36">
            <word>including</word>
            <lemma>include</lemma>
            <CharacterOffsetBegin>186</CharacterOffsetBegin>
            <CharacterOffsetEnd>195</CharacterOffsetEnd>
            <POS>VBG</POS>
            <NER>O</NER>
          </token>
          <token id="37">
            <word>an</word>
            <lemma>a</lemma>
            <CharacterOffsetBegin>196</CharacterOffsetBegin>
            <CharacterOffsetEnd>198</CharacterOffsetEnd>
            <POS>DT</POS>
            <NER>O</NER>
          </token>
          <token id="38">
            <word>entire</word>
            <lemma>entire</lemma>
            <CharacterOffsetBegin>199</CharacterOffsetBegin>
            <CharacterOffsetEnd>205</CharacterOffsetEnd>
            <POS>JJ</POS>
            <NER>O</NER>
          </token>
          <token id="39">
            <word>family</word>
            <lemma>family</lemma>
            <CharacterOffsetBegin>206</CharacterOffsetBegin>
            <CharacterOffsetEnd>212</CharacterOffsetEnd>
            <POS>NN</POS>
            <NER>O</NER>
          </token>
          <token id="40">
            <word>of</word>
            <lemma>of</lemma>
            <CharacterOffsetBegin>213</CharacterOffsetBegin>
            <CharacterOffsetEnd>215</CharacterOffsetEnd>
            <POS>IN</POS>
            <NER>O</NER>
          </token>
          <token id="41">
            <word>seven</word>
            <lemma>seven</lemma>
            <CharacterOffsetBegin>216</CharacterOffsetBegin>
            <CharacterOffsetEnd>221</CharacterOffsetEnd>
            <POS>CD</POS>
            <NER>NUMBER</NER>
            <NormalizedNER>7.0</NormalizedNER>
          </token>
          <token id="42">
            <word>young</word>
            <lemma>young</lemma>
            <CharacterOffsetBegin>222</CharacterOffsetBegin>
            <CharacterOffsetEnd>227</CharacterOffsetEnd>
            <POS>JJ</POS>
            <NER>O</NER>
          </token>
          <token id="43">
            <word>children</word>
            <lemma>child</lemma>
            <CharacterOffsetBegin>228</CharacterOffsetBegin>
            <CharacterOffsetEnd>236</CharacterOffsetEnd>
            <POS>NNS</POS>
            <NER>O</NER>
          </token>
          <token id="44">
            <word>.</word>
            <lemma>.</lemma>
            <CharacterOffsetBegin>237</CharacterOffsetBegin>
            <CharacterOffsetEnd>238</CharacterOffsetEnd>
            <POS>.</POS>
            <NER>O</NER>
          </token>
        </tokens>
        <parse>(ROOT (S (NP (NP (NP (NNP Israel) (POS 's)) (NN assault)) (PP (IN on) (NP (NNP Gaza)))) (VP (VBZ has) (VP (VBN exacted) (NP (NP (DT the) (JJS bloodiest) (NN toll)) (PP (IN of) (NP (JJ civilian) (NNS lives)))) (ADVP (RB yet)) (, ,) (SBAR (WHADVP (WRB when)) (S (NP (NP (DT the) (NN bombing)) (PP (IN of) (NP (NP (NNP UN) (NNS schools)) (VP (VBG being) (VP (VBN used) (PP (PP (IN as) (NP (NN refugee) (NNS centres))) (CC and) (PP (IN of) (NP (NN housing))))))))) (VP (VBD killed) (NP (NP (QP (JJR more) (IN than) (CD 50)) (NNS people)) (, ,) (PP (VBG including) (NP (NP (DT an) (JJ entire) (NN family)) (PP (IN of) (NP (CD seven) (JJ young) (NNS children))))))))))) (. .))) </parse>
        <dependencies type="basic-dependencies">
          <dep type="root">
            <governor idx="0">ROOT</governor>
            <dependent idx="7">exacted</dependent>
          </dep>
          <dep type="nmod:poss">
            <governor idx="3">assault</governor>
            <dependent idx="1">Israel</dependent>
          </dep>
          <dep type="case">
            <governor idx="1">Israel</governor>
            <dependent idx="2">'s</dependent>
          </dep>
          <dep type="nsubj">
            <governor idx="7">exacted</governor>
            <dependent idx="3">assault</dependent>
          </dep>
          <dep type="case">
            <governor idx="5">Gaza</governor>
            <dependent idx="4">on</dependent>
          </dep>
          <dep type="nmod">
            <governor idx="3">assault</governor>
            <dependent idx="5">Gaza</dependent>
          </dep>
          <dep type="aux">
            <governor idx="7">exacted</governor>
            <dependent idx="6">has</dependent>
          </dep>
          <dep type="det">
            <governor idx="10">toll</governor>
            <dependent idx="8">the</dependent>
          </dep>
          <dep type="amod">
            <governor idx="10">toll</governor>
            <dependent idx="9">bloodiest</dependent>
          </dep>
          <dep type="dobj">
            <governor idx="7">exacted</governor>
            <dependent idx="10">toll</dependent>
          </dep>
          <dep type="case">
            <governor idx="13">lives</governor>
            <dependent idx="11">of</dependent>
          </dep>
          <dep type="amod">
            <governor idx="13">lives</governor>
            <dependent idx="12">civilian</dependent>
          </dep>
          <dep type="nmod">
            <governor idx="10">toll</governor>
            <dependent idx="13">lives</dependent>
          </dep>
          <dep type="advmod">
            <governor idx="30">killed</governor>
            <dependent idx="14">yet</dependent>
          </dep>
          <dep type="punct">
            <governor idx="30">killed</governor>
            <dependent idx="15">,</dependent>
          </dep>
          <dep type="advmod">
            <governor idx="23">used</governor>
            <dependent idx="16">when</dependent>
          </dep>
          <dep type="det">
            <governor idx="18">bombing</governor>
            <dependent idx="17">the</dependent>
          </dep>
          <dep type="nsubjpass">
            <governor idx="23">used</governor>
            <dependent idx="18">bombing</dependent>
          </dep>
          <dep type="case">
            <governor idx="21">schools</governor>
            <dependent idx="19">of</dependent>
          </dep>
          <dep type="compound">
            <governor idx="21">schools</governor>
            <dependent idx="20">UN</dependent>
          </dep>
          <dep type="nmod">
            <governor idx="18">bombing</governor>
            <dependent idx="21">schools</dependent>
          </dep>
          <dep type="auxpass">
            <governor idx="23">used</governor>
            <dependent idx="22">being</dependent>
          </dep>
          <dep type="csubj">
            <governor idx="30">killed</governor>
            <dependent idx="23">used</dependent>
          </dep>
          <dep type="case">
            <governor idx="26">centres</governor>
            <dependent idx="24">as</dependent>
          </dep>
          <dep type="compound">
            <governor idx="26">centres</governor>
            <dependent idx="25">refugee</dependent>
          </dep>
          <dep type="nmod">
            <governor idx="23">used</governor>
            <dependent idx="26">centres</dependent>
          </dep>
          <dep type="cc">
            <governor idx="26">centres</governor>
            <dependent idx="27">and</dependent>
          </dep>
          <dep type="case">
            <governor idx="29">housing</governor>
            <dependent idx="28">of</dependent>
          </dep>
          <dep type="conj">
            <governor idx="26">centres</governor>
            <dependent idx="29">housing</dependent>
          </dep>
          <dep type="dep">
            <governor idx="7">exacted</governor>
            <dependent idx="30">killed</dependent>
          </dep>
          <dep type="advmod">
            <governor idx="33">50</governor>
            <dependent idx="31">more</dependent>
          </dep>
          <dep type="mwe">
            <governor idx="31">more</governor>
            <dependent idx="32">than</dependent>
          </dep>
          <dep type="nummod">
            <governor idx="34">people</governor>
            <dependent idx="33">50</dependent>
          </dep>
          <dep type="dobj">
            <governor idx="30">killed</governor>
            <dependent idx="34">people</dependent>
          </dep>
          <dep type="punct">
            <governor idx="30">killed</governor>
            <dependent idx="35">,</dependent>
          </dep>
          <dep type="case">
            <governor idx="39">family</governor>
            <dependent idx="36">including</dependent>
          </dep>
          <dep type="det">
            <governor idx="39">family</governor>
            <dependent idx="37">an</dependent>
          </dep>
          <dep type="amod">
            <governor idx="39">family</governor>
            <dependent idx="38">entire</dependent>
          </dep>
          <dep type="nmod">
            <governor idx="30">killed</governor>
            <dependent idx="39">family</dependent>
          </dep>
          <dep type="case">
            <governor idx="43">children</governor>
            <dependent idx="40">of</dependent>
          </dep>
          <dep type="nummod">
            <governor idx="43">children</governor>
            <dependent idx="41">seven</dependent>
          </dep>
          <dep type="amod">
            <governor idx="43">children</governor>
            <dependent idx="42">young</dependent>
          </dep>
          <dep type="nmod">
            <governor idx="39">family</governor>
            <dependent idx="43">children</dependent>
          </dep>
          <dep type="punct">
            <governor idx="7">exacted</governor>
            <dependent idx="44">.</dependent>
          </dep>
        </dependencies>
        <dependencies type="collapsed-dependencies">
          <dep type="root">
            <governor idx="0">ROOT</governor>
            <dependent idx="7">exacted</dependent>
          </dep>
          <dep type="nmod:poss">
            <governor idx="3">assault</governor>
            <dependent idx="1">Israel</dependent>
          </dep>
          <dep type="case">
            <governor idx="1">Israel</governor>
            <dependent idx="2">'s</dependent>
          </dep>
          <dep type="nsubj">
            <governor idx="7">exacted</governor>
            <dependent idx="3">assault</dependent>
          </dep>
          <dep type="case">
            <governor idx="5">Gaza</governor>
            <dependent idx="4">on</dependent>
          </dep>
          <dep type="nmod:on">
            <governor idx="3">assault</governor>
            <dependent idx="5">Gaza</dependent>
          </dep>
          <dep type="aux">
            <governor idx="7">exacted</governor>
            <dependent idx="6">has</dependent>
          </dep>
          <dep type="det">
            <governor idx="10">toll</governor>
            <dependent idx="8">the</dependent>
          </dep>
          <dep type="amod">
            <governor idx="10">toll</governor>
            <dependent idx="9">bloodiest</dependent>
          </dep>
          <dep type="dobj">
            <governor idx="7">exacted</governor>
            <dependent idx="10">toll</dependent>
          </dep>
          <dep type="case">
            <governor idx="13">lives</governor>
            <dependent idx="11">of</dependent>
          </dep>
          <dep type="amod">
            <governor idx="13">lives</governor>
            <dependent idx="12">civilian</dependent>
          </dep>
          <dep type="nmod:of">
            <governor idx="10">toll</governor>
            <dependent idx="13">lives</dependent>
          </dep>
          <dep type="advmod">
            <governor idx="30">killed</governor>
            <dependent idx="14">yet</dependent>
          </dep>
          <dep type="punct">
            <governor idx="30">killed</governor>
            <dependent idx="15">,</dependent>
          </dep>
          <dep type="advmod">
            <governor idx="23">used</governor>
            <dependent idx="16">when</dependent>
          </dep>
          <dep type="det">
            <governor idx="18">bombing</governor>
            <dependent idx="17">the</dependent>
          </dep>
          <dep type="nsubjpass">
            <governor idx="23">used</governor>
            <dependent idx="18">bombing</dependent>
          </dep>
          <dep type="case">
            <governor idx="21">schools</governor>
            <dependent idx="19">of</dependent>
          </dep>
          <dep type="compound">
            <governor idx="21">schools</governor>
            <dependent idx="20">UN</dependent>
          </dep>
          <dep type="nmod:of">
            <governor idx="18">bombing</governor>
            <dependent idx="21">schools</dependent>
          </dep>
          <dep type="auxpass">
            <governor idx="23">used</governor>
            <dependent idx="22">being</dependent>
          </dep>
          <dep type="csubj">
            <governor idx="30">killed</governor>
            <dependent idx="23">used</dependent>
          </dep>
          <dep type="conj:and">
            <governor idx="23">used</governor>
            <dependent idx="23" copy="1">used</dependent>
          </dep>
          <dep type="case">
            <governor idx="26">centres</governor>
            <dependent idx="24">as</dependent>
          </dep>
          <dep type="compound">
            <governor idx="26">centres</governor>
            <dependent idx="25">refugee</dependent>
          </dep>
          <dep type="nmod:as">
            <governor idx="23">used</governor>
            <dependent idx="26">centres</dependent>
          </dep>
          <dep type="cc">
            <governor idx="23">used</governor>
            <dependent idx="27">and</dependent>
          </dep>
          <dep type="case">
            <governor idx="29">housing</governor>
            <dependent idx="28">of</dependent>
          </dep>
          <dep type="nmod:of">
            <governor idx="23" copy="1">used</governor>
            <dependent idx="29">housing</dependent>
          </dep>
          <dep type="dep">
            <governor idx="7">exacted</governor>
            <dependent idx="30">killed</dependent>
          </dep>
          <dep type="advmod">
            <governor idx="33">50</governor>
            <dependent idx="31">more</dependent>
          </dep>
          <dep type="mwe">
            <governor idx="31">more</governor>
            <dependent idx="32">than</dependent>
          </dep>
          <dep type="nummod">
            <governor idx="34">people</governor>
            <dependent idx="33">50</dependent>
          </dep>
          <dep type="dobj">
            <governor idx="30">killed</governor>
            <dependent idx="34">people</dependent>
          </dep>
          <dep type="punct">
            <governor idx="30">killed</governor>
            <dependent idx="35">,</dependent>
          </dep>
          <dep type="case">
            <governor idx="39">family</governor>
            <dependent idx="36">including</dependent>
          </dep>
          <dep type="det">
            <governor idx="39">family</governor>
            <dependent idx="37">an</dependent>
          </dep>
          <dep type="amod">
            <governor idx="39">family</governor>
            <dependent idx="38">entire</dependent>
          </dep>
          <dep type="nmod:including">
            <governor idx="30">killed</governor>
            <dependent idx="39">family</dependent>
          </dep>
          <dep type="case">
            <governor idx="43">children</governor>
            <dependent idx="40">of</dependent>
          </dep>
          <dep type="nummod">
            <governor idx="43">children</governor>
            <dependent idx="41">seven</dependent>
          </dep>
          <dep type="amod">
            <governor idx="43">children</governor>
            <dependent idx="42">young</dependent>
          </dep>
          <dep type="nmod:of">
            <governor idx="39">family</governor>
            <dependent idx="43">children</dependent>
          </dep>
          <dep type="punct">
            <governor idx="7">exacted</governor>
            <dependent idx="44">.</dependent>
          </dep>
        </dependencies>
        <dependencies type="collapsed-ccprocessed-dependencies">
          <dep type="root">
            <governor idx="0">ROOT</governor>
            <dependent idx="7">exacted</dependent>
          </dep>
          <dep type="nmod:poss">
            <governor idx="3">assault</governor>
            <dependent idx="1">Israel</dependent>
          </dep>
          <dep type="case">
            <governor idx="1">Israel</governor>
            <dependent idx="2">'s</dependent>
          </dep>
          <dep type="nsubj">
            <governor idx="7">exacted</governor>
            <dependent idx="3">assault</dependent>
          </dep>
          <dep type="case">
            <governor idx="5">Gaza</governor>
            <dependent idx="4">on</dependent>
          </dep>
          <dep type="nmod:on">
            <governor idx="3">assault</governor>
            <dependent idx="5">Gaza</dependent>
          </dep>
          <dep type="aux">
            <governor idx="7">exacted</governor>
            <dependent idx="6">has</dependent>
          </dep>
          <dep type="det">
            <governor idx="10">toll</governor>
            <dependent idx="8">the</dependent>
          </dep>
          <dep type="amod">
            <governor idx="10">toll</governor>
            <dependent idx="9">bloodiest</dependent>
          </dep>
          <dep type="dobj">
            <governor idx="7">exacted</governor>
            <dependent idx="10">toll</dependent>
          </dep>
          <dep type="case">
            <governor idx="13">lives</governor>
            <dependent idx="11">of</dependent>
          </dep>
          <dep type="amod">
            <governor idx="13">lives</governor>
            <dependent idx="12">civilian</dependent>
          </dep>
          <dep type="nmod:of">
            <governor idx="10">toll</governor>
            <dependent idx="13">lives</dependent>
          </dep>
          <dep type="advmod">
            <governor idx="30">killed</governor>
            <dependent idx="14">yet</dependent>
          </dep>
          <dep type="punct">
            <governor idx="30">killed</governor>
            <dependent idx="15">,</dependent>
          </dep>
          <dep type="advmod">
            <governor idx="23">used</governor>
            <dependent idx="16">when</dependent>
          </dep>
          <dep type="det">
            <governor idx="18">bombing</governor>
            <dependent idx="17">the</dependent>
          </dep>
          <dep type="nsubjpass">
            <governor idx="23">used</governor>
            <dependent idx="18">bombing</dependent>
          </dep>
          <dep type="nsubjpass" extra="true">
            <governor idx="23" copy="2">used</governor>
            <dependent idx="18">bombing</dependent>
          </dep>
          <dep type="case">
            <governor idx="21">schools</governor>
            <dependent idx="19">of</dependent>
          </dep>
          <dep type="compound">
            <governor idx="21">schools</governor>
            <dependent idx="20">UN</dependent>
          </dep>
          <dep type="nmod:of">
            <governor idx="18">bombing</governor>
            <dependent idx="21">schools</dependent>
          </dep>
          <dep type="auxpass">
            <governor idx="23">used</governor>
            <dependent idx="22">being</dependent>
          </dep>
          <dep type="csubj">
            <governor idx="30">killed</governor>
            <dependent idx="23">used</dependent>
          </dep>
          <dep type="conj:and">
            <governor idx="23">used</governor>
            <dependent idx="23" copy="2">used</dependent>
          </dep>
          <dep type="csubj" extra="true">
            <governor idx="30">killed</governor>
            <dependent idx="23" copy="2">used</dependent>
          </dep>
          <dep type="case">
            <governor idx="26">centres</governor>
            <dependent idx="24">as</dependent>
          </dep>
          <dep type="compound">
            <governor idx="26">centres</governor>
            <dependent idx="25">refugee</dependent>
          </dep>
          <dep type="nmod:as">
            <governor idx="23">used</governor>
            <dependent idx="26">centres</dependent>
          </dep>
          <dep type="cc">
            <governor idx="23">used</governor>
            <dependent idx="27">and</dependent>
          </dep>
          <dep type="case">
            <governor idx="29">housing</governor>
            <dependent idx="28">of</dependent>
          </dep>
          <dep type="nmod:of">
            <governor idx="23" copy="2">used</governor>
            <dependent idx="29">housing</dependent>
          </dep>
          <dep type="dep">
            <governor idx="7">exacted</governor>
            <dependent idx="30">killed</dependent>
          </dep>
          <dep type="advmod">
            <governor idx="33">50</governor>
            <dependent idx="31">more</dependent>
          </dep>
          <dep type="mwe">
            <governor idx="31">more</governor>
            <dependent idx="32">than</dependent>
          </dep>
          <dep type="nummod">
            <governor idx="34">people</governor>
            <dependent idx="33">50</dependent>
          </dep>
          <dep type="dobj">
            <governor idx="30">killed</governor>
            <dependent idx="34">people</dependent>
          </dep>
          <dep type="punct">
            <governor idx="30">killed</governor>
            <dependent idx="35">,</dependent>
          </dep>
          <dep type="case">
            <governor idx="39">family</governor>
            <dependent idx="36">including</dependent>
          </dep>
          <dep type="det">
            <governor idx="39">family</governor>
            <dependent idx="37">an</dependent>
          </dep>
          <dep type="amod">
            <governor idx="39">family</governor>
            <dependent idx="38">entire</dependent>
          </dep>
          <dep type="nmod:including">
            <governor idx="30">killed</governor>
            <dependent idx="39">family</dependent>
          </dep>
          <dep type="case">
            <governor idx="43">children</governor>
            <dependent idx="40">of</dependent>
          </dep>
          <dep type="nummod">
            <governor idx="43">children</governor>
            <dependent idx="41">seven</dependent>
          </dep>
          <dep type="amod">
            <governor idx="43">children</governor>
            <dependent idx="42">young</dependent>
          </dep>
          <dep type="nmod:of">
            <governor idx="39">family</governor>
            <dependent idx="43">children</dependent>
          </dep>
          <dep type="punct">
            <governor idx="7">exacted</governor>
            <dependent idx="44">.</dependent>
          </dep>
        </dependencies>
      </sentence>
      <sentence id="2" line="2">
        <tokens>
          <token id="1">
            <word>Doctors</word>
            <lemma>doctor</lemma>
            <CharacterOffsetBegin>239</CharacterOffsetBegin>
            <CharacterOffsetEnd>246</CharacterOffsetEnd>
            <POS>NNS</POS>
            <NER>O</NER>
          </token>
          <token id="2">
            <word>in</word>
            <lemma>in</lemma>
            <CharacterOffsetBegin>247</CharacterOffsetBegin>
            <CharacterOffsetEnd>249</CharacterOffsetEnd>
            <POS>IN</POS>
            <NER>O</NER>
          </token>
          <token id="3">
            <word>Gaza</word>
            <lemma>Gaza</lemma>
            <CharacterOffsetBegin>250</CharacterOffsetBegin>
            <CharacterOffsetEnd>254</CharacterOffsetEnd>
            <POS>NNP</POS>
            <NER>LOCATION</NER>
          </token>
          <token id="4">
            <word>said</word>
            <lemma>say</lemma>
            <CharacterOffsetBegin>255</CharacterOffsetBegin>
            <CharacterOffsetEnd>259</CharacterOffsetEnd>
            <POS>VBD</POS>
            <NER>O</NER>
          </token>
          <token id="5">
            <word>more</word>
            <lemma>more</lemma>
            <CharacterOffsetBegin>260</CharacterOffsetBegin>
            <CharacterOffsetEnd>264</CharacterOffsetEnd>
            <POS>JJR</POS>
            <NER>O</NER>
          </token>
          <token id="6">
            <word>than</word>
            <lemma>than</lemma>
            <CharacterOffsetBegin>265</CharacterOffsetBegin>
            <CharacterOffsetEnd>269</CharacterOffsetEnd>
            <POS>IN</POS>
            <NER>O</NER>
          </token>
          <token id="7">
            <word>40</word>
            <lemma>40</lemma>
            <CharacterOffsetBegin>270</CharacterOffsetBegin>
            <CharacterOffsetEnd>272</CharacterOffsetEnd>
            <POS>CD</POS>
            <NER>NUMBER</NER>
            <NormalizedNER>&gt;40.0</NormalizedNER>
          </token>
          <token id="8">
            <word>people</word>
            <lemma>people</lemma>
            <CharacterOffsetBegin>273</CharacterOffsetBegin>
            <CharacterOffsetEnd>279</CharacterOffsetEnd>
            <POS>NNS</POS>
            <NER>O</NER>
          </token>
          <token id="9">
            <word>died</word>
            <lemma>die</lemma>
            <CharacterOffsetBegin>280</CharacterOffsetBegin>
            <CharacterOffsetEnd>284</CharacterOffsetEnd>
            <POS>VBD</POS>
            <NER>O</NER>
          </token>
          <token id="10">
            <word>,</word>
            <lemma>,</lemma>
            <CharacterOffsetBegin>285</CharacterOffsetBegin>
            <CharacterOffsetEnd>286</CharacterOffsetEnd>
            <POS>,</POS>
            <NER>O</NER>
          </token>
          <token id="11">
            <word>including</word>
            <lemma>include</lemma>
            <CharacterOffsetBegin>287</CharacterOffsetBegin>
            <CharacterOffsetEnd>296</CharacterOffsetEnd>
            <POS>VBG</POS>
            <NER>O</NER>
          </token>
          <token id="12">
            <word>children</word>
            <lemma>child</lemma>
            <CharacterOffsetBegin>297</CharacterOffsetBegin>
            <CharacterOffsetEnd>305</CharacterOffsetEnd>
            <POS>NNS</POS>
            <NER>O</NER>
          </token>
          <token id="13">
            <word>,</word>
            <lemma>,</lemma>
            <CharacterOffsetBegin>306</CharacterOffsetBegin>
            <CharacterOffsetEnd>307</CharacterOffsetEnd>
            <POS>,</POS>
            <NER>O</NER>
          </token>
          <token id="14">
            <word>in</word>
            <lemma>in</lemma>
            <CharacterOffsetBegin>308</CharacterOffsetBegin>
            <CharacterOffsetEnd>310</CharacterOffsetEnd>
            <POS>IN</POS>
            <NER>O</NER>
          </token>
          <token id="15">
            <word>what</word>
            <lemma>what</lemma>
            <CharacterOffsetBegin>311</CharacterOffsetBegin>
            <CharacterOffsetEnd>315</CharacterOffsetEnd>
            <POS>WP</POS>
            <NER>O</NER>
          </token>
          <token id="16">
            <word>appears</word>
            <lemma>appear</lemma>
            <CharacterOffsetBegin>316</CharacterOffsetBegin>
            <CharacterOffsetEnd>323</CharacterOffsetEnd>
            <POS>VBZ</POS>
            <NER>O</NER>
          </token>
          <token id="17">
            <word>to</word>
            <lemma>to</lemma>
            <CharacterOffsetBegin>324</CharacterOffsetBegin>
            <CharacterOffsetEnd>326</CharacterOffsetEnd>
            <POS>TO</POS>
            <NER>O</NER>
          </token>
          <token id="18">
            <word>be</word>
            <lemma>be</lemma>
            <CharacterOffsetBegin>327</CharacterOffsetBegin>
            <CharacterOffsetEnd>329</CharacterOffsetEnd>
            <POS>VB</POS>
            <NER>O</NER>
          </token>
          <token id="19">
            <word>the</word>
            <lemma>the</lemma>
            <CharacterOffsetBegin>330</CharacterOffsetBegin>
            <CharacterOffsetEnd>333</CharacterOffsetEnd>
            <POS>DT</POS>
            <NER>O</NER>
          </token>
          <token id="20">
            <word>biggest</word>
            <lemma>biggest</lemma>
            <CharacterOffsetBegin>334</CharacterOffsetBegin>
            <CharacterOffsetEnd>341</CharacterOffsetEnd>
            <POS>JJS</POS>
            <NER>O</NER>
          </token>
          <token id="21">
            <word>single</word>
            <lemma>single</lemma>
            <CharacterOffsetBegin>342</CharacterOffsetBegin>
            <CharacterOffsetEnd>348</CharacterOffsetEnd>
            <POS>JJ</POS>
            <NER>O</NER>
          </token>
          <token id="22">
            <word>loss</word>
            <lemma>loss</lemma>
            <CharacterOffsetBegin>349</CharacterOffsetBegin>
            <CharacterOffsetEnd>353</CharacterOffsetEnd>
            <POS>NN</POS>
            <NER>O</NER>
          </token>
          <token id="23">
            <word>of</word>
            <lemma>of</lemma>
            <CharacterOffsetBegin>354</CharacterOffsetBegin>
            <CharacterOffsetEnd>356</CharacterOffsetEnd>
            <POS>IN</POS>
            <NER>O</NER>
          </token>
          <token id="24">
            <word>life</word>
            <lemma>life</lemma>
            <CharacterOffsetBegin>357</CharacterOffsetBegin>
            <CharacterOffsetEnd>361</CharacterOffsetEnd>
            <POS>NN</POS>
            <NER>O</NER>
          </token>
          <token id="25">
            <word>of</word>
            <lemma>of</lemma>
            <CharacterOffsetBegin>362</CharacterOffsetBegin>
            <CharacterOffsetEnd>364</CharacterOffsetEnd>
            <POS>IN</POS>
            <NER>O</NER>
          </token>
          <token id="26">
            <word>the</word>
            <lemma>the</lemma>
            <CharacterOffsetBegin>365</CharacterOffsetBegin>
            <CharacterOffsetEnd>368</CharacterOffsetEnd>
            <POS>DT</POS>
            <NER>O</NER>
          </token>
          <token id="27">
            <word>campaign</word>
            <lemma>campaign</lemma>
            <CharacterOffsetBegin>369</CharacterOffsetBegin>
            <CharacterOffsetEnd>377</CharacterOffsetEnd>
            <POS>NN</POS>
            <NER>O</NER>
          </token>
          <token id="28">
            <word>when</word>
            <lemma>when</lemma>
            <CharacterOffsetBegin>378</CharacterOffsetBegin>
            <CharacterOffsetEnd>382</CharacterOffsetEnd>
            <POS>WRB</POS>
            <NER>O</NER>
          </token>
          <token id="29">
            <word>Israeli</word>
            <lemma>Israeli</lemma>
            <CharacterOffsetBegin>383</CharacterOffsetBegin>
            <CharacterOffsetEnd>390</CharacterOffsetEnd>
            <POS>NNP</POS>
            <NER>MISC</NER>
          </token>
          <token id="30">
            <word>bombs</word>
            <lemma>bomb</lemma>
            <CharacterOffsetBegin>391</CharacterOffsetBegin>
            <CharacterOffsetEnd>396</CharacterOffsetEnd>
            <POS>NNS</POS>
            <NER>O</NER>
          </token>
          <token id="31">
            <word>hit</word>
            <lemma>hit</lemma>
            <CharacterOffsetBegin>397</CharacterOffsetBegin>
            <CharacterOffsetEnd>400</CharacterOffsetEnd>
            <POS>VBD</POS>
            <NER>O</NER>
          </token>
          <token id="32">
            <word>al-Fakhora</word>
            <lemma>al-fakhora</lemma>
            <CharacterOffsetBegin>401</CharacterOffsetBegin>
            <CharacterOffsetEnd>411</CharacterOffsetEnd>
            <POS>JJ</POS>
            <NER>MISC</NER>
          </token>
          <token id="33">
            <word>school</word>
            <lemma>school</lemma>
            <CharacterOffsetBegin>412</CharacterOffsetBegin>
            <CharacterOffsetEnd>418</CharacterOffsetEnd>
            <POS>NN</POS>
            <NER>O</NER>
          </token>
          <token id="34">
            <word>,</word>
            <lemma>,</lemma>
            <CharacterOffsetBegin>419</CharacterOffsetBegin>
            <CharacterOffsetEnd>420</CharacterOffsetEnd>
            <POS>,</POS>
            <NER>O</NER>
          </token>
          <token id="35">
            <word>in</word>
            <lemma>in</lemma>
            <CharacterOffsetBegin>421</CharacterOffsetBegin>
            <CharacterOffsetEnd>423</CharacterOffsetEnd>
            <POS>IN</POS>
            <NER>O</NER>
          </token>
          <token id="36">
            <word>Jabaliya</word>
            <lemma>Jabaliya</lemma>
            <CharacterOffsetBegin>424</CharacterOffsetBegin>
            <CharacterOffsetEnd>432</CharacterOffsetEnd>
            <POS>NNP</POS>
            <NER>MISC</NER>
          </token>
          <token id="37">
            <word>refugee</word>
            <lemma>refugee</lemma>
            <CharacterOffsetBegin>433</CharacterOffsetBegin>
            <CharacterOffsetEnd>440</CharacterOffsetEnd>
            <POS>NN</POS>
            <NER>O</NER>
          </token>
          <token id="38">
            <word>camp</word>
            <lemma>camp</lemma>
            <CharacterOffsetBegin>441</CharacterOffsetBegin>
            <CharacterOffsetEnd>445</CharacterOffsetEnd>
            <POS>NN</POS>
            <NER>O</NER>
          </token>
          <token id="39">
            <word>,</word>
            <lemma>,</lemma>
            <CharacterOffsetBegin>446</CharacterOffsetBegin>
            <CharacterOffsetEnd>447</CharacterOffsetEnd>
            <POS>,</POS>
            <NER>O</NER>
          </token>
          <token id="40">
            <word>while</word>
            <lemma>while</lemma>
            <CharacterOffsetBegin>448</CharacterOffsetBegin>
            <CharacterOffsetEnd>453</CharacterOffsetEnd>
            <POS>IN</POS>
            <NER>O</NER>
          </token>
          <token id="41">
            <word>it</word>
            <lemma>it</lemma>
            <CharacterOffsetBegin>454</CharacterOffsetBegin>
            <CharacterOffsetEnd>456</CharacterOffsetEnd>
            <POS>PRP</POS>
            <NER>O</NER>
          </token>
          <token id="42">
            <word>was</word>
            <lemma>be</lemma>
            <CharacterOffsetBegin>457</CharacterOffsetBegin>
            <CharacterOffsetEnd>460</CharacterOffsetEnd>
            <POS>VBD</POS>
            <NER>O</NER>
          </token>
          <token id="43">
            <word>packed</word>
            <lemma>pack</lemma>
            <CharacterOffsetBegin>461</CharacterOffsetBegin>
            <CharacterOffsetEnd>467</CharacterOffsetEnd>
            <POS>VBN</POS>
            <NER>O</NER>
          </token>
          <token id="44">
            <word>with</word>
            <lemma>with</lemma>
            <CharacterOffsetBegin>468</CharacterOffsetBegin>
            <CharacterOffsetEnd>472</CharacterOffsetEnd>
            <POS>IN</POS>
            <NER>O</NER>
          </token>
          <token id="45">
            <word>hundreds</word>
            <lemma>hundred</lemma>
            <CharacterOffsetBegin>473</CharacterOffsetBegin>
            <CharacterOffsetEnd>481</CharacterOffsetEnd>
            <POS>NNS</POS>
            <NER>O</NER>
          </token>
          <token id="46">
            <word>of</word>
            <lemma>of</lemma>
            <CharacterOffsetBegin>482</CharacterOffsetBegin>
            <CharacterOffsetEnd>484</CharacterOffsetEnd>
            <POS>IN</POS>
            <NER>O</NER>
          </token>
          <token id="47">
            <word>people</word>
            <lemma>people</lemma>
            <CharacterOffsetBegin>485</CharacterOffsetBegin>
            <CharacterOffsetEnd>491</CharacterOffsetEnd>
            <POS>NNS</POS>
            <NER>O</NER>
          </token>
          <token id="48">
            <word>who</word>
            <lemma>who</lemma>
            <CharacterOffsetBegin>492</CharacterOffsetBegin>
            <CharacterOffsetEnd>495</CharacterOffsetEnd>
            <POS>WP</POS>
            <NER>O</NER>
          </token>
          <token id="49">
            <word>had</word>
            <lemma>have</lemma>
            <CharacterOffsetBegin>496</CharacterOffsetBegin>
            <CharacterOffsetEnd>499</CharacterOffsetEnd>
            <POS>VBD</POS>
            <NER>O</NER>
          </token>
          <token id="50">
            <word>fled</word>
            <lemma>flee</lemma>
            <CharacterOffsetBegin>500</CharacterOffsetBegin>
            <CharacterOffsetEnd>504</CharacterOffsetEnd>
            <POS>VBN</POS>
            <NER>O</NER>
          </token>
          <token id="51">
            <word>the</word>
            <lemma>the</lemma>
            <CharacterOffsetBegin>505</CharacterOffsetBegin>
            <CharacterOffsetEnd>508</CharacterOffsetEnd>
            <POS>DT</POS>
            <NER>O</NER>
          </token>
          <token id="52">
            <word>fighting</word>
            <lemma>fighting</lemma>
            <CharacterOffsetBegin>509</CharacterOffsetBegin>
            <CharacterOffsetEnd>517</CharacterOffsetEnd>
            <POS>NN</POS>
            <NER>O</NER>
          </token>
          <token id="53">
            <word>.</word>
            <lemma>.</lemma>
            <CharacterOffsetBegin>518</CharacterOffsetBegin>
            <CharacterOffsetEnd>519</CharacterOffsetEnd>
            <POS>.</POS>
            <NER>O</NER>
          </token>
        </tokens>
        <parse>(ROOT (S (NP (NP (NNS Doctors)) (PP (IN in) (NP (NNP Gaza)))) (VP (VBD said) (SBAR (S (NP (QP (JJR more) (IN than) (CD 40)) (NNS people)) (VP (VBD died) (, ,) (PP (VBG including) (NP (NP (NNS children)) (, ,) (SBAR (WHPP (IN in) (WHNP (WP what))) (S (VP (VBZ appears) (S (VP (TO to) (VP (VB be) (NP (NP (DT the) (JJS biggest) (JJ single) (NN loss)) (PP (IN of) (NP (NP (NN life)) (PP (IN of) (NP (DT the) (NN campaign)))))) (SBAR (WHADVP (WRB when)) (S (NP (NNP Israeli) (NNS bombs)) (VP (VBD hit) (NP (JJ al-Fakhora) (NN school)) (, ,) (PP (IN in) (NP (NNP Jabaliya) (NN refugee) (NN camp))) (, ,) (SBAR (IN while) (S (NP (PRP it)) (VP (VBD was) (VP (VBN packed) (PP (IN with) (NP (NP (NNS hundreds)) (PP (IN of) (NP (NP (NNS people)) (SBAR (WHNP (WP who)) (S (VP (VBD had) (VP (VBN fled) (NP (DT the) (NN fighting))))))))))))))))))))))))))))) (. .))) </parse>
        <dependencies type="basic-dependencies">
          <dep type="root">
            <governor idx="0">ROOT</governor>
            <dependent idx="4">said</dependent>
          </dep>
          <dep type="nsubj">
            <governor idx="4">said</governor>
            <dependent idx="1">Doctors</dependent>
          </dep>
          <dep type="case">
            <governor idx="3">Gaza</governor>
            <dependent idx="2">in</dependent>
          </dep>
          <dep type="nmod">
            <governor idx="1">Doctors</governor>
            <dependent idx="3">Gaza</dependent>
          </dep>
          <dep type="advmod">
            <governor idx="7">40</governor>
            <dependent idx="5">more</dependent>
          </dep>
          <dep type="mwe">
            <governor idx="5">more</governor>
            <dependent idx="6">than</dependent>
          </dep>
          <dep type="nummod">
            <governor idx="8">people</governor>
            <dependent idx="7">40</dependent>
          </dep>
          <dep type="nsubj">
            <governor idx="9">died</governor>
            <dependent idx="8">people</dependent>
          </dep>
          <dep type="ccomp">
            <governor idx="4">said</governor>
            <dependent idx="9">died</dependent>
          </dep>
          <dep type="punct">
            <governor idx="9">died</governor>
            <dependent idx="10">,</dependent>
          </dep>
          <dep type="case">
            <governor idx="12">children</governor>
            <dependent idx="11">including</dependent>
          </dep>
          <dep type="nmod">
            <governor idx="9">died</governor>
            <dependent idx="12">children</dependent>
          </dep>
          <dep type="punct">
            <governor idx="9">died</governor>
            <dependent idx="13">,</dependent>
          </dep>
          <dep type="mark">
            <governor idx="16">appears</governor>
            <dependent idx="14">in</dependent>
          </dep>
          <dep type="nsubj">
            <governor idx="16">appears</governor>
            <dependent idx="15">what</dependent>
          </dep>
          <dep type="advcl">
            <governor idx="9">died</governor>
            <dependent idx="16">appears</dependent>
          </dep>
          <dep type="mark">
            <governor idx="22">loss</governor>
            <dependent idx="17">to</dependent>
          </dep>
          <dep type="cop">
            <governor idx="22">loss</governor>
            <dependent idx="18">be</dependent>
          </dep>
          <dep type="det">
            <governor idx="22">loss</governor>
            <dependent idx="19">the</dependent>
          </dep>
          <dep type="amod">
            <governor idx="22">loss</governor>
            <dependent idx="20">biggest</dependent>
          </dep>
          <dep type="amod">
            <governor idx="22">loss</governor>
            <dependent idx="21">single</dependent>
          </dep>
          <dep type="xcomp">
            <governor idx="16">appears</governor>
            <dependent idx="22">loss</dependent>
          </dep>
          <dep type="case">
            <governor idx="24">life</governor>
            <dependent idx="23">of</dependent>
          </dep>
          <dep type="nmod">
            <governor idx="22">loss</governor>
            <dependent idx="24">life</dependent>
          </dep>
          <dep type="case">
            <governor idx="27">campaign</governor>
            <dependent idx="25">of</dependent>
          </dep>
          <dep type="det">
            <governor idx="27">campaign</governor>
            <dependent idx="26">the</dependent>
          </dep>
          <dep type="nmod">
            <governor idx="24">life</governor>
            <dependent idx="27">campaign</dependent>
          </dep>
          <dep type="advmod">
            <governor idx="31">hit</governor>
            <dependent idx="28">when</dependent>
          </dep>
          <dep type="compound">
            <governor idx="30">bombs</governor>
            <dependent idx="29">Israeli</dependent>
          </dep>
          <dep type="nsubj">
            <governor idx="31">hit</governor>
            <dependent idx="30">bombs</dependent>
          </dep>
          <dep type="advcl">
            <governor idx="22">loss</governor>
            <dependent idx="31">hit</dependent>
          </dep>
          <dep type="amod">
            <governor idx="33">school</governor>
            <dependent idx="32">al-Fakhora</dependent>
          </dep>
          <dep type="dobj">
            <governor idx="31">hit</governor>
            <dependent idx="33">school</dependent>
          </dep>
          <dep type="punct">
            <governor idx="31">hit</governor>
            <dependent idx="34">,</dependent>
          </dep>
          <dep type="case">
            <governor idx="38">camp</governor>
            <dependent idx="35">in</dependent>
          </dep>
          <dep type="compound">
            <governor idx="38">camp</governor>
            <dependent idx="36">Jabaliya</dependent>
          </dep>
          <dep type="compound">
            <governor idx="38">camp</governor>
            <dependent idx="37">refugee</dependent>
          </dep>
          <dep type="nmod">
            <governor idx="31">hit</governor>
            <dependent idx="38">camp</dependent>
          </dep>
          <dep type="punct">
            <governor idx="31">hit</governor>
            <dependent idx="39">,</dependent>
          </dep>
          <dep type="mark">
            <governor idx="43">packed</governor>
            <dependent idx="40">while</dependent>
          </dep>
          <dep type="nsubjpass">
            <governor idx="43">packed</governor>
            <dependent idx="41">it</dependent>
          </dep>
          <dep type="auxpass">
            <governor idx="43">packed</governor>
            <dependent idx="42">was</dependent>
          </dep>
          <dep type="advcl">
            <governor idx="31">hit</governor>
            <dependent idx="43">packed</dependent>
          </dep>
          <dep type="case">
            <governor idx="45">hundreds</governor>
            <dependent idx="44">with</dependent>
          </dep>
          <dep type="nmod">
            <governor idx="43">packed</governor>
            <dependent idx="45">hundreds</dependent>
          </dep>
          <dep type="case">
            <governor idx="47">people</governor>
            <dependent idx="46">of</dependent>
          </dep>
          <dep type="nmod">
            <governor idx="45">hundreds</governor>
            <dependent idx="47">people</dependent>
          </dep>
          <dep type="nsubj">
            <governor idx="50">fled</governor>
            <dependent idx="48">who</dependent>
          </dep>
          <dep type="aux">
            <governor idx="50">fled</governor>
            <dependent idx="49">had</dependent>
          </dep>
          <dep type="acl:relcl">
            <governor idx="47">people</governor>
            <dependent idx="50">fled</dependent>
          </dep>
          <dep type="det">
            <governor idx="52">fighting</governor>
            <dependent idx="51">the</dependent>
          </dep>
          <dep type="dobj">
            <governor idx="50">fled</governor>
            <dependent idx="52">fighting</dependent>
          </dep>
          <dep type="punct">
            <governor idx="4">said</governor>
            <dependent idx="53">.</dependent>
          </dep>
        </dependencies>
        <dependencies type="collapsed-dependencies">
          <dep type="root">
            <governor idx="0">ROOT</governor>
            <dependent idx="4">said</dependent>
          </dep>
          <dep type="nsubj">
            <governor idx="4">said</governor>
            <dependent idx="1">Doctors</dependent>
          </dep>
          <dep type="case">
            <governor idx="3">Gaza</governor>
            <dependent idx="2">in</dependent>
          </dep>
          <dep type="nmod:in">
            <governor idx="1">Doctors</governor>
            <dependent idx="3">Gaza</dependent>
          </dep>
          <dep type="advmod">
            <governor idx="7">40</governor>
            <dependent idx="5">more</dependent>
          </dep>
          <dep type="mwe">
            <governor idx="5">more</governor>
            <dependent idx="6">than</dependent>
          </dep>
          <dep type="nummod">
            <governor idx="8">people</governor>
            <dependent idx="7">40</dependent>
          </dep>
          <dep type="nsubj">
            <governor idx="9">died</governor>
            <dependent idx="8">people</dependent>
          </dep>
          <dep type="ccomp">
            <governor idx="4">said</governor>
            <dependent idx="9">died</dependent>
          </dep>
          <dep type="punct">
            <governor idx="9">died</governor>
            <dependent idx="10">,</dependent>
          </dep>
          <dep type="case">
            <governor idx="12">children</governor>
            <dependent idx="11">including</dependent>
          </dep>
          <dep type="nmod:including">
            <governor idx="9">died</governor>
            <dependent idx="12">children</dependent>
          </dep>
          <dep type="punct">
            <governor idx="9">died</governor>
            <dependent idx="13">,</dependent>
          </dep>
          <dep type="mark">
            <governor idx="16">appears</governor>
            <dependent idx="14">in</dependent>
          </dep>
          <dep type="nsubj">
            <governor idx="16">appears</governor>
            <dependent idx="15">what</dependent>
          </dep>
          <dep type="advcl">
            <governor idx="9">died</governor>
            <dependent idx="16">appears</dependent>
          </dep>
          <dep type="mark">
            <governor idx="22">loss</governor>
            <dependent idx="17">to</dependent>
          </dep>
          <dep type="cop">
            <governor idx="22">loss</governor>
            <dependent idx="18">be</dependent>
          </dep>
          <dep type="det">
            <governor idx="22">loss</governor>
            <dependent idx="19">the</dependent>
          </dep>
          <dep type="amod">
            <governor idx="22">loss</governor>
            <dependent idx="20">biggest</dependent>
          </dep>
          <dep type="amod">
            <governor idx="22">loss</governor>
            <dependent idx="21">single</dependent>
          </dep>
          <dep type="xcomp">
            <governor idx="16">appears</governor>
            <dependent idx="22">loss</dependent>
          </dep>
          <dep type="case">
            <governor idx="24">life</governor>
            <dependent idx="23">of</dependent>
          </dep>
          <dep type="nmod:of">
            <governor idx="22">loss</governor>
            <dependent idx="24">life</dependent>
          </dep>
          <dep type="case">
            <governor idx="27">campaign</governor>
            <dependent idx="25">of</dependent>
          </dep>
          <dep type="det">
            <governor idx="27">campaign</governor>
            <dependent idx="26">the</dependent>
          </dep>
          <dep type="nmod:of">
            <governor idx="24">life</governor>
            <dependent idx="27">campaign</dependent>
          </dep>
          <dep type="advmod">
            <governor idx="31">hit</governor>
            <dependent idx="28">when</dependent>
          </dep>
          <dep type="compound">
            <governor idx="30">bombs</governor>
            <dependent idx="29">Israeli</dependent>
          </dep>
          <dep type="nsubj">
            <governor idx="31">hit</governor>
            <dependent idx="30">bombs</dependent>
          </dep>
          <dep type="advcl">
            <governor idx="22">loss</governor>
            <dependent idx="31">hit</dependent>
          </dep>
          <dep type="amod">
            <governor idx="33">school</governor>
            <dependent idx="32">al-Fakhora</dependent>
          </dep>
          <dep type="dobj">
            <governor idx="31">hit</governor>
            <dependent idx="33">school</dependent>
          </dep>
          <dep type="punct">
            <governor idx="31">hit</governor>
            <dependent idx="34">,</dependent>
          </dep>
          <dep type="case">
            <governor idx="38">camp</governor>
            <dependent idx="35">in</dependent>
          </dep>
          <dep type="compound">
            <governor idx="38">camp</governor>
            <dependent idx="36">Jabaliya</dependent>
          </dep>
          <dep type="compound">
            <governor idx="38">camp</governor>
            <dependent idx="37">refugee</dependent>
          </dep>
          <dep type="nmod:in">
            <governor idx="31">hit</governor>
            <dependent idx="38">camp</dependent>
          </dep>
          <dep type="punct">
            <governor idx="31">hit</governor>
            <dependent idx="39">,</dependent>
          </dep>
          <dep type="mark">
            <governor idx="43">packed</governor>
            <dependent idx="40">while</dependent>
          </dep>
          <dep type="nsubjpass">
            <governor idx="43">packed</governor>
            <dependent idx="41">it</dependent>
          </dep>
          <dep type="auxpass">
            <governor idx="43">packed</governor>
            <dependent idx="42">was</dependent>
          </dep>
          <dep type="advcl">
            <governor idx="31">hit</governor>
            <dependent idx="43">packed</dependent>
          </dep>
          <dep type="case">
            <governor idx="45">hundreds</governor>
            <dependent idx="44">with</dependent>
          </dep>
          <dep type="nmod:with">
            <governor idx="43">packed</governor>
            <dependent idx="45">hundreds</dependent>
          </dep>
          <dep type="case">
            <governor idx="47">people</governor>
            <dependent idx="46">of</dependent>
          </dep>
          <dep type="nmod:of">
            <governor idx="45">hundreds</governor>
            <dependent idx="47">people</dependent>
          </dep>
          <dep type="nsubj">
            <governor idx="50">fled</governor>
            <dependent idx="48">who</dependent>
          </dep>
          <dep type="aux">
            <governor idx="50">fled</governor>
            <dependent idx="49">had</dependent>
          </dep>
          <dep type="acl:relcl">
            <governor idx="47">people</governor>
            <dependent idx="50">fled</dependent>
          </dep>
          <dep type="det">
            <governor idx="52">fighting</governor>
            <dependent idx="51">the</dependent>
          </dep>
          <dep type="dobj">
            <governor idx="50">fled</governor>
            <dependent idx="52">fighting</dependent>
          </dep>
          <dep type="punct">
            <governor idx="4">said</governor>
            <dependent idx="53">.</dependent>
          </dep>
        </dependencies>
        <dependencies type="collapsed-ccprocessed-dependencies">
          <dep type="root">
            <governor idx="0">ROOT</governor>
            <dependent idx="4">said</dependent>
          </dep>
          <dep type="nsubj">
            <governor idx="4">said</governor>
            <dependent idx="1">Doctors</dependent>
          </dep>
          <dep type="case">
            <governor idx="3">Gaza</governor>
            <dependent idx="2">in</dependent>
          </dep>
          <dep type="nmod:in">
            <governor idx="1">Doctors</governor>
            <dependent idx="3">Gaza</dependent>
          </dep>
          <dep type="advmod">
            <governor idx="7">40</governor>
            <dependent idx="5">more</dependent>
          </dep>
          <dep type="mwe">
            <governor idx="5">more</governor>
            <dependent idx="6">than</dependent>
          </dep>
          <dep type="nummod">
            <governor idx="8">people</governor>
            <dependent idx="7">40</dependent>
          </dep>
          <dep type="nsubj">
            <governor idx="9">died</governor>
            <dependent idx="8">people</dependent>
          </dep>
          <dep type="ccomp">
            <governor idx="4">said</governor>
            <dependent idx="9">died</dependent>
          </dep>
          <dep type="punct">
            <governor idx="9">died</governor>
            <dependent idx="10">,</dependent>
          </dep>
          <dep type="case">
            <governor idx="12">children</governor>
            <dependent idx="11">including</dependent>
          </dep>
          <dep type="nmod:including">
            <governor idx="9">died</governor>
            <dependent idx="12">children</dependent>
          </dep>
          <dep type="punct">
            <governor idx="9">died</governor>
            <dependent idx="13">,</dependent>
          </dep>
          <dep type="mark">
            <governor idx="16">appears</governor>
            <dependent idx="14">in</dependent>
          </dep>
          <dep type="nsubj">
            <governor idx="16">appears</governor>
            <dependent idx="15">what</dependent>
          </dep>
          <dep type="advcl">
            <governor idx="9">died</governor>
            <dependent idx="16">appears</dependent>
          </dep>
          <dep type="mark">
            <governor idx="22">loss</governor>
            <dependent idx="17">to</dependent>
          </dep>
          <dep type="cop">
            <governor idx="22">loss</governor>
            <dependent idx="18">be</dependent>
          </dep>
          <dep type="det">
            <governor idx="22">loss</governor>
            <dependent idx="19">the</dependent>
          </dep>
          <dep type="amod">
            <governor idx="22">loss</governor>
            <dependent idx="20">biggest</dependent>
          </dep>
          <dep type="amod">
            <governor idx="22">loss</governor>
            <dependent idx="21">single</dependent>
          </dep>
          <dep type="xcomp">
            <governor idx="16">appears</governor>
            <dependent idx="22">loss</dependent>
          </dep>
          <dep type="case">
            <governor idx="24">life</governor>
            <dependent idx="23">of</dependent>
          </dep>
          <dep type="nmod:of">
            <governor idx="22">loss</governor>
            <dependent idx="24">life</dependent>
          </dep>
          <dep type="case">
            <governor idx="27">campaign</governor>
            <dependent idx="25">of</dependent>
          </dep>
          <dep type="det">
            <governor idx="27">campaign</governor>
            <dependent idx="26">the</dependent>
          </dep>
          <dep type="nmod:of">
            <governor idx="24">life</governor>
            <dependent idx="27">campaign</dependent>
          </dep>
          <dep type="advmod">
            <governor idx="31">hit</governor>
            <dependent idx="28">when</dependent>
          </dep>
          <dep type="compound">
            <governor idx="30">bombs</governor>
            <dependent idx="29">Israeli</dependent>
          </dep>
          <dep type="nsubj">
            <governor idx="31">hit</governor>
            <dependent idx="30">bombs</dependent>
          </dep>
          <dep type="advcl">
            <governor idx="22">loss</governor>
            <dependent idx="31">hit</dependent>
          </dep>
          <dep type="amod">
            <governor idx="33">school</governor>
            <dependent idx="32">al-Fakhora</dependent>
          </dep>
          <dep type="dobj">
            <governor idx="31">hit</governor>
            <dependent idx="33">school</dependent>
          </dep>
          <dep type="punct">
            <governor idx="31">hit</governor>
            <dependent idx="34">,</dependent>
          </dep>
          <dep type="case">
            <governor idx="38">camp</governor>
            <dependent idx="35">in</dependent>
          </dep>
          <dep type="compound">
            <governor idx="38">camp</governor>
            <dependent idx="36">Jabaliya</dependent>
          </dep>
          <dep type="compound">
            <governor idx="38">camp</governor>
            <dependent idx="37">refugee</dependent>
          </dep>
          <dep type="nmod:in">
            <governor idx="31">hit</governor>
            <dependent idx="38">camp</dependent>
          </dep>
          <dep type="punct">
            <governor idx="31">hit</governor>
            <dependent idx="39">,</dependent>
          </dep>
          <dep type="mark">
            <governor idx="43">packed</governor>
            <dependent idx="40">while</dependent>
          </dep>
          <dep type="nsubjpass">
            <governor idx="43">packed</governor>
            <dependent idx="41">it</dependent>
          </dep>
          <dep type="auxpass">
            <governor idx="43">packed</governor>
            <dependent idx="42">was</dependent>
          </dep>
          <dep type="advcl">
            <governor idx="31">hit</governor>
            <dependent idx="43">packed</dependent>
          </dep>
          <dep type="case">
            <governor idx="45">hundreds</governor>
            <dependent idx="44">with</dependent>
          </dep>
          <dep type="nmod:with">
            <governor idx="43">packed</governor>
            <dependent idx="45">hundreds</dependent>
          </dep>
          <dep type="case">
            <governor idx="47">people</governor>
            <dependent idx="46">of</dependent>
          </dep>
          <dep type="nmod:of">
            <governor idx="45">hundreds</governor>
            <dependent idx="47">people</dependent>
          </dep>
          <dep type="nsubj">
            <governor idx="50">fled</governor>
            <dependent idx="48">who</dependent>
          </dep>
          <dep type="aux">
            <governor idx="50">fled</governor>
            <dependent idx="49">had</dependent>
          </dep>
          <dep type="acl:relcl">
            <governor idx="47">people</governor>
            <dependent idx="50">fled</dependent>
          </dep>
          <dep type="det">
            <governor idx="52">fighting</governor>
            <dependent idx="51">the</dependent>
          </dep>
          <dep type="dobj">
            <governor idx="50">fled</governor>
            <dependent idx="52">fighting</dependent>
          </dep>
          <dep type="punct">
            <governor idx="4">said</governor>
            <dependent idx="53">.</dependent>
          </dep>
        </dependencies>
      </sentence>
    </sentences>
  </document>
</root>
