<?xml version="1.0" encoding="UTF-8"?>
<?xml-stylesheet href="CoreNLP-to-HTML.xsl" type="text/xsl"?>
<root>
  <document>
    <sentences>
      <sentence id="1" line="1">
        <tokens>
          <token id="1">
            <word>HP</word>
            <lemma>HP</lemma>
            <CharacterOffsetBegin>0</CharacterOffsetBegin>
            <CharacterOffsetEnd>2</CharacterOffsetEnd>
            <POS>NNP</POS>
            <NER>ORGANIZATION</NER>
          </token>
          <token id="2">
            <word>to</word>
            <lemma>to</lemma>
            <CharacterOffsetBegin>3</CharacterOffsetBegin>
            <CharacterOffsetEnd>5</CharacterOffsetEnd>
            <POS>TO</POS>
            <NER>ORGANIZATION</NER>
          </token>
          <token id="3">
            <word>Expand</word>
            <lemma>Expand</lemma>
            <CharacterOffsetBegin>6</CharacterOffsetBegin>
            <CharacterOffsetEnd>12</CharacterOffsetEnd>
            <POS>NNP</POS>
            <NER>ORGANIZATION</NER>
          </token>
          <token id="4">
            <word>Data</word>
            <lemma>Data</lemma>
            <CharacterOffsetBegin>13</CharacterOffsetBegin>
            <CharacterOffsetEnd>17</CharacterOffsetEnd>
            <POS>NNP</POS>
            <NER>ORGANIZATION</NER>
          </token>
          <token id="5">
            <word>Center</word>
            <lemma>Center</lemma>
            <CharacterOffsetBegin>18</CharacterOffsetBegin>
            <CharacterOffsetEnd>24</CharacterOffsetEnd>
            <POS>NNP</POS>
            <NER>ORGANIZATION</NER>
          </token>
          <token id="6">
            <word>Services</word>
            <lemma>Services</lemma>
            <CharacterOffsetBegin>25</CharacterOffsetBegin>
            <CharacterOffsetEnd>33</CharacterOffsetEnd>
            <POS>NNPS</POS>
            <NER>ORGANIZATION</NER>
          </token>
          <token id="7">
            <word>with</word>
            <lemma>with</lemma>
            <CharacterOffsetBegin>34</CharacterOffsetBegin>
            <CharacterOffsetEnd>38</CharacterOffsetEnd>
            <POS>IN</POS>
            <NER>O</NER>
          </token>
          <token id="8">
            <word>Acquisition</word>
            <lemma>Acquisition</lemma>
            <CharacterOffsetBegin>39</CharacterOffsetBegin>
            <CharacterOffsetEnd>50</CharacterOffsetEnd>
            <POS>NNP</POS>
            <NER>ORGANIZATION</NER>
          </token>
          <token id="9">
            <word>of</word>
            <lemma>of</lemma>
            <CharacterOffsetBegin>51</CharacterOffsetBegin>
            <CharacterOffsetEnd>53</CharacterOffsetEnd>
            <POS>IN</POS>
            <NER>ORGANIZATION</NER>
          </token>
          <token id="10">
            <word>Global</word>
            <lemma>Global</lemma>
            <CharacterOffsetBegin>54</CharacterOffsetBegin>
            <CharacterOffsetEnd>60</CharacterOffsetEnd>
            <POS>NNP</POS>
            <NER>ORGANIZATION</NER>
          </token>
          <token id="11">
            <word>Consulting</word>
            <lemma>Consulting</lemma>
            <CharacterOffsetBegin>61</CharacterOffsetBegin>
            <CharacterOffsetEnd>71</CharacterOffsetEnd>
            <POS>NNP</POS>
            <NER>ORGANIZATION</NER>
          </token>
          <token id="12">
            <word>Company</word>
            <lemma>Company</lemma>
            <CharacterOffsetBegin>72</CharacterOffsetBegin>
            <CharacterOffsetEnd>79</CharacterOffsetEnd>
            <POS>NNP</POS>
            <NER>ORGANIZATION</NER>
          </token>
          <token id="13">
            <word>EYP</word>
            <lemma>EYP</lemma>
            <CharacterOffsetBegin>80</CharacterOffsetBegin>
            <CharacterOffsetEnd>83</CharacterOffsetEnd>
            <POS>NNP</POS>
            <NER>ORGANIZATION</NER>
          </token>
          <token id="14">
            <word>Mission</word>
            <lemma>Mission</lemma>
            <CharacterOffsetBegin>84</CharacterOffsetBegin>
            <CharacterOffsetEnd>91</CharacterOffsetEnd>
            <POS>NNP</POS>
            <NER>ORGANIZATION</NER>
          </token>
          <token id="15">
            <word>Critical</word>
            <lemma>critical</lemma>
            <CharacterOffsetBegin>92</CharacterOffsetBegin>
            <CharacterOffsetEnd>100</CharacterOffsetEnd>
            <POS>JJ</POS>
            <NER>ORGANIZATION</NER>
          </token>
          <token id="16">
            <word>Facilities</word>
            <lemma>Facilities</lemma>
            <CharacterOffsetBegin>101</CharacterOffsetBegin>
            <CharacterOffsetEnd>111</CharacterOffsetEnd>
            <POS>NNPS</POS>
            <NER>ORGANIZATION</NER>
          </token>
        </tokens>
        <parse>(ROOT (NP (NP (NP (NNP HP)) (PP (TO to) (NP (NP (NNP Expand) (NNP Data) (NNP Center) (NNPS Services)) (PP (IN with) (NP (NP (NNP Acquisition)) (PP (IN of) (NP (NNP Global) (NNP Consulting) (NNP Company) (NNP EYP) (NNP Mission)))))))) (NP (JJ Critical) (NNPS Facilities)))) </parse>
        <dependencies type="basic-dependencies">
          <dep type="root">
            <governor idx="0">ROOT</governor>
            <dependent idx="1">HP</dependent>
          </dep>
          <dep type="case">
            <governor idx="6">Services</governor>
            <dependent idx="2">to</dependent>
          </dep>
          <dep type="compound">
            <governor idx="6">Services</governor>
            <dependent idx="3">Expand</dependent>
          </dep>
          <dep type="compound">
            <governor idx="6">Services</governor>
            <dependent idx="4">Data</dependent>
          </dep>
          <dep type="compound">
            <governor idx="6">Services</governor>
            <dependent idx="5">Center</dependent>
          </dep>
          <dep type="nmod">
            <governor idx="1">HP</governor>
            <dependent idx="6">Services</dependent>
          </dep>
          <dep type="case">
            <governor idx="8">Acquisition</governor>
            <dependent idx="7">with</dependent>
          </dep>
          <dep type="nmod">
            <governor idx="1">HP</governor>
            <dependent idx="8">Acquisition</dependent>
          </dep>
          <dep type="case">
            <governor idx="16">Facilities</governor>
            <dependent idx="9">of</dependent>
          </dep>
          <dep type="compound">
            <governor idx="16">Facilities</governor>
            <dependent idx="10">Global</dependent>
          </dep>
          <dep type="compound">
            <governor idx="16">Facilities</governor>
            <dependent idx="11">Consulting</dependent>
          </dep>
          <dep type="compound">
            <governor idx="16">Facilities</governor>
            <dependent idx="12">Company</dependent>
          </dep>
          <dep type="compound">
            <governor idx="16">Facilities</governor>
            <dependent idx="13">EYP</dependent>
          </dep>
          <dep type="compound">
            <governor idx="16">Facilities</governor>
            <dependent idx="14">Mission</dependent>
          </dep>
          <dep type="amod">
            <governor idx="16">Facilities</governor>
            <dependent idx="15">Critical</dependent>
          </dep>
          <dep type="nmod">
            <governor idx="8">Acquisition</governor>
            <dependent idx="16">Facilities</dependent>
          </dep>
        </dependencies>
        <dependencies type="collapsed-dependencies">
          <dep type="root">
            <governor idx="0">ROOT</governor>
            <dependent idx="1">HP</dependent>
          </dep>
          <dep type="case">
            <governor idx="6">Services</governor>
            <dependent idx="2">to</dependent>
          </dep>
          <dep type="compound">
            <governor idx="6">Services</governor>
            <dependent idx="3">Expand</dependent>
          </dep>
          <dep type="compound">
            <governor idx="6">Services</governor>
            <dependent idx="4">Data</dependent>
          </dep>
          <dep type="compound">
            <governor idx="6">Services</governor>
            <dependent idx="5">Center</dependent>
          </dep>
          <dep type="nmod:to">
            <governor idx="1">HP</governor>
            <dependent idx="6">Services</dependent>
          </dep>
          <dep type="case">
            <governor idx="8">Acquisition</governor>
            <dependent idx="7">with</dependent>
          </dep>
          <dep type="nmod:with">
            <governor idx="1">HP</governor>
            <dependent idx="8">Acquisition</dependent>
          </dep>
          <dep type="case">
            <governor idx="16">Facilities</governor>
            <dependent idx="9">of</dependent>
          </dep>
          <dep type="compound">
            <governor idx="16">Facilities</governor>
            <dependent idx="10">Global</dependent>
          </dep>
          <dep type="compound">
            <governor idx="16">Facilities</governor>
            <dependent idx="11">Consulting</dependent>
          </dep>
          <dep type="compound">
            <governor idx="16">Facilities</governor>
            <dependent idx="12">Company</dependent>
          </dep>
          <dep type="compound">
            <governor idx="16">Facilities</governor>
            <dependent idx="13">EYP</dependent>
          </dep>
          <dep type="compound">
            <governor idx="16">Facilities</governor>
            <dependent idx="14">Mission</dependent>
          </dep>
          <dep type="amod">
            <governor idx="16">Facilities</governor>
            <dependent idx="15">Critical</dependent>
          </dep>
          <dep type="nmod:of">
            <governor idx="8">Acquisition</governor>
            <dependent idx="16">Facilities</dependent>
          </dep>
        </dependencies>
        <dependencies type="collapsed-ccprocessed-dependencies">
          <dep type="root">
            <governor idx="0">ROOT</governor>
            <dependent idx="1">HP</dependent>
          </dep>
          <dep type="case">
            <governor idx="6">Services</governor>
            <dependent idx="2">to</dependent>
          </dep>
          <dep type="compound">
            <governor idx="6">Services</governor>
            <dependent idx="3">Expand</dependent>
          </dep>
          <dep type="compound">
            <governor idx="6">Services</governor>
            <dependent idx="4">Data</dependent>
          </dep>
          <dep type="compound">
            <governor idx="6">Services</governor>
            <dependent idx="5">Center</dependent>
          </dep>
          <dep type="nmod:to">
            <governor idx="1">HP</governor>
            <dependent idx="6">Services</dependent>
          </dep>
          <dep type="case">
            <governor idx="8">Acquisition</governor>
            <dependent idx="7">with</dependent>
          </dep>
          <dep type="nmod:with">
            <governor idx="1">HP</governor>
            <dependent idx="8">Acquisition</dependent>
          </dep>
          <dep type="case">
            <governor idx="16">Facilities</governor>
            <dependent idx="9">of</dependent>
          </dep>
          <dep type="compound">
            <governor idx="16">Facilities</governor>
            <dependent idx="10">Global</dependent>
          </dep>
          <dep type="compound">
            <governor idx="16">Facilities</governor>
            <dependent idx="11">Consulting</dependent>
          </dep>
          <dep type="compound">
            <governor idx="16">Facilities</governor>
            <dependent idx="12">Company</dependent>
          </dep>
          <dep type="compound">
            <governor idx="16">Facilities</governor>
            <dependent idx="13">EYP</dependent>
          </dep>
          <dep type="compound">
            <governor idx="16">Facilities</governor>
            <dependent idx="14">Mission</dependent>
          </dep>
          <dep type="amod">
            <governor idx="16">Facilities</governor>
            <dependent idx="15">Critical</dependent>
          </dep>
          <dep type="nmod:of">
            <governor idx="8">Acquisition</governor>
            <dependent idx="16">Facilities</dependent>
          </dep>
        </dependencies>
      </sentence>
      <sentence id="2" line="2">
        <tokens>
          <token id="1">
            <word>HP</word>
            <lemma>HP</lemma>
            <CharacterOffsetBegin>112</CharacterOffsetBegin>
            <CharacterOffsetEnd>114</CharacterOffsetEnd>
            <POS>NNP</POS>
            <NER>O</NER>
          </token>
          <token id="2">
            <word>today</word>
            <lemma>today</lemma>
            <CharacterOffsetBegin>115</CharacterOffsetBegin>
            <CharacterOffsetEnd>120</CharacterOffsetEnd>
            <POS>NN</POS>
            <NER>DATE</NER>
            <NormalizedNER>THIS P1D</NormalizedNER>
            <Timex tid="t1" type="DATE"/>
          </token>
          <token id="3">
            <word>announced</word>
            <lemma>announce</lemma>
            <CharacterOffsetBegin>121</CharacterOffsetBegin>
            <CharacterOffsetEnd>130</CharacterOffsetEnd>
            <POS>VBD</POS>
            <NER>O</NER>
          </token>
          <token id="4">
            <word>that</word>
            <lemma>that</lemma>
            <CharacterOffsetBegin>131</CharacterOffsetBegin>
            <CharacterOffsetEnd>135</CharacterOffsetEnd>
            <POS>IN</POS>
            <NER>O</NER>
          </token>
          <token id="5">
            <word>it</word>
            <lemma>it</lemma>
            <CharacterOffsetBegin>136</CharacterOffsetBegin>
            <CharacterOffsetEnd>138</CharacterOffsetEnd>
            <POS>PRP</POS>
            <NER>O</NER>
          </token>
          <token id="6">
            <word>has</word>
            <lemma>have</lemma>
            <CharacterOffsetBegin>139</CharacterOffsetBegin>
            <CharacterOffsetEnd>142</CharacterOffsetEnd>
            <POS>VBZ</POS>
            <NER>O</NER>
          </token>
          <token id="7">
            <word>signed</word>
            <lemma>sign</lemma>
            <CharacterOffsetBegin>143</CharacterOffsetBegin>
            <CharacterOffsetEnd>149</CharacterOffsetEnd>
            <POS>VBN</POS>
            <NER>O</NER>
          </token>
          <token id="8">
            <word>a</word>
            <lemma>a</lemma>
            <CharacterOffsetBegin>150</CharacterOffsetBegin>
            <CharacterOffsetEnd>151</CharacterOffsetEnd>
            <POS>DT</POS>
            <NER>O</NER>
          </token>
          <token id="9">
            <word>definitive</word>
            <lemma>definitive</lemma>
            <CharacterOffsetBegin>152</CharacterOffsetBegin>
            <CharacterOffsetEnd>162</CharacterOffsetEnd>
            <POS>JJ</POS>
            <NER>O</NER>
          </token>
          <token id="10">
            <word>agreement</word>
            <lemma>agreement</lemma>
            <CharacterOffsetBegin>163</CharacterOffsetBegin>
            <CharacterOffsetEnd>172</CharacterOffsetEnd>
            <POS>NN</POS>
            <NER>O</NER>
          </token>
          <token id="11">
            <word>to</word>
            <lemma>to</lemma>
            <CharacterOffsetBegin>173</CharacterOffsetBegin>
            <CharacterOffsetEnd>175</CharacterOffsetEnd>
            <POS>TO</POS>
            <NER>O</NER>
          </token>
          <token id="12">
            <word>acquire</word>
            <lemma>acquire</lemma>
            <CharacterOffsetBegin>176</CharacterOffsetBegin>
            <CharacterOffsetEnd>183</CharacterOffsetEnd>
            <POS>VB</POS>
            <NER>O</NER>
          </token>
          <token id="13">
            <word>EYP</word>
            <lemma>EYP</lemma>
            <CharacterOffsetBegin>184</CharacterOffsetBegin>
            <CharacterOffsetEnd>187</CharacterOffsetEnd>
            <POS>NNP</POS>
            <NER>ORGANIZATION</NER>
          </token>
          <token id="14">
            <word>Mission</word>
            <lemma>Mission</lemma>
            <CharacterOffsetBegin>188</CharacterOffsetBegin>
            <CharacterOffsetEnd>195</CharacterOffsetEnd>
            <POS>NNP</POS>
            <NER>ORGANIZATION</NER>
          </token>
          <token id="15">
            <word>Critical</word>
            <lemma>critical</lemma>
            <CharacterOffsetBegin>196</CharacterOffsetBegin>
            <CharacterOffsetEnd>204</CharacterOffsetEnd>
            <POS>JJ</POS>
            <NER>ORGANIZATION</NER>
          </token>
          <token id="16">
            <word>Facilities</word>
            <lemma>Facilities</lemma>
            <CharacterOffsetBegin>205</CharacterOffsetBegin>
            <CharacterOffsetEnd>215</CharacterOffsetEnd>
            <POS>NNPS</POS>
            <NER>ORGANIZATION</NER>
          </token>
          <token id="17">
            <word>Inc</word>
            <lemma>Inc</lemma>
            <CharacterOffsetBegin>216</CharacterOffsetBegin>
            <CharacterOffsetEnd>219</CharacterOffsetEnd>
            <POS>NNP</POS>
            <NER>ORGANIZATION</NER>
          </token>
          <token id="18">
            <word>.</word>
            <lemma>.</lemma>
            <CharacterOffsetBegin>220</CharacterOffsetBegin>
            <CharacterOffsetEnd>221</CharacterOffsetEnd>
            <POS>.</POS>
            <NER>O</NER>
          </token>
          <token id="19">
            <word>(</word>
            <lemma>(</lemma>
            <CharacterOffsetBegin>222</CharacterOffsetBegin>
            <CharacterOffsetEnd>223</CharacterOffsetEnd>
            <POS>NN</POS>
            <NER>O</NER>
          </token>
          <token id="20">
            <word>EYP</word>
            <lemma>eyp</lemma>
            <CharacterOffsetBegin>224</CharacterOffsetBegin>
            <CharacterOffsetEnd>227</CharacterOffsetEnd>
            <POS>NN</POS>
            <NER>O</NER>
          </token>
          <token id="21">
            <word>MCF</word>
            <lemma>mcf</lemma>
            <CharacterOffsetBegin>228</CharacterOffsetBegin>
            <CharacterOffsetEnd>231</CharacterOffsetEnd>
            <POS>NN</POS>
            <NER>O</NER>
          </token>
          <token id="22">
            <word>)</word>
            <lemma>)</lemma>
            <CharacterOffsetBegin>232</CharacterOffsetBegin>
            <CharacterOffsetEnd>233</CharacterOffsetEnd>
            <POS>NN</POS>
            <NER>O</NER>
          </token>
          <token id="23">
            <word>,</word>
            <lemma>,</lemma>
            <CharacterOffsetBegin>234</CharacterOffsetBegin>
            <CharacterOffsetEnd>235</CharacterOffsetEnd>
            <POS>,</POS>
            <NER>O</NER>
          </token>
          <token id="24">
            <word>a</word>
            <lemma>a</lemma>
            <CharacterOffsetBegin>236</CharacterOffsetBegin>
            <CharacterOffsetEnd>237</CharacterOffsetEnd>
            <POS>DT</POS>
            <NER>O</NER>
          </token>
          <token id="25">
            <word>consulting</word>
            <lemma>consult</lemma>
            <CharacterOffsetBegin>238</CharacterOffsetBegin>
            <CharacterOffsetEnd>248</CharacterOffsetEnd>
            <POS>VBG</POS>
            <NER>O</NER>
          </token>
          <token id="26">
            <word>company</word>
            <lemma>company</lemma>
            <CharacterOffsetBegin>249</CharacterOffsetBegin>
            <CharacterOffsetEnd>256</CharacterOffsetEnd>
            <POS>NN</POS>
            <NER>O</NER>
          </token>
          <token id="27">
            <word>specializing</word>
            <lemma>specialize</lemma>
            <CharacterOffsetBegin>257</CharacterOffsetBegin>
            <CharacterOffsetEnd>269</CharacterOffsetEnd>
            <POS>VBG</POS>
            <NER>O</NER>
          </token>
          <token id="28">
            <word>in</word>
            <lemma>in</lemma>
            <CharacterOffsetBegin>270</CharacterOffsetBegin>
            <CharacterOffsetEnd>272</CharacterOffsetEnd>
            <POS>IN</POS>
            <NER>O</NER>
          </token>
          <token id="29">
            <word>strategic</word>
            <lemma>strategic</lemma>
            <CharacterOffsetBegin>273</CharacterOffsetBegin>
            <CharacterOffsetEnd>282</CharacterOffsetEnd>
            <POS>JJ</POS>
            <NER>O</NER>
          </token>
          <token id="30">
            <word>technology</word>
            <lemma>technology</lemma>
            <CharacterOffsetBegin>283</CharacterOffsetBegin>
            <CharacterOffsetEnd>293</CharacterOffsetEnd>
            <POS>NN</POS>
            <NER>O</NER>
          </token>
          <token id="31">
            <word>planning</word>
            <lemma>planning</lemma>
            <CharacterOffsetBegin>294</CharacterOffsetBegin>
            <CharacterOffsetEnd>302</CharacterOffsetEnd>
            <POS>NN</POS>
            <NER>O</NER>
          </token>
          <token id="32">
            <word>,</word>
            <lemma>,</lemma>
            <CharacterOffsetBegin>303</CharacterOffsetBegin>
            <CharacterOffsetEnd>304</CharacterOffsetEnd>
            <POS>,</POS>
            <NER>O</NER>
          </token>
          <token id="33">
            <word>design</word>
            <lemma>design</lemma>
            <CharacterOffsetBegin>305</CharacterOffsetBegin>
            <CharacterOffsetEnd>311</CharacterOffsetEnd>
            <POS>NN</POS>
            <NER>O</NER>
          </token>
          <token id="34">
            <word>and</word>
            <lemma>and</lemma>
            <CharacterOffsetBegin>312</CharacterOffsetBegin>
            <CharacterOffsetEnd>315</CharacterOffsetEnd>
            <POS>CC</POS>
            <NER>O</NER>
          </token>
          <token id="35">
            <word>operations</word>
            <lemma>operation</lemma>
            <CharacterOffsetBegin>316</CharacterOffsetBegin>
            <CharacterOffsetEnd>326</CharacterOffsetEnd>
            <POS>NNS</POS>
            <NER>O</NER>
          </token>
          <token id="36">
            <word>support</word>
            <lemma>support</lemma>
            <CharacterOffsetBegin>327</CharacterOffsetBegin>
            <CharacterOffsetEnd>334</CharacterOffsetEnd>
            <POS>VBP</POS>
            <NER>O</NER>
          </token>
          <token id="37">
            <word>for</word>
            <lemma>for</lemma>
            <CharacterOffsetBegin>335</CharacterOffsetBegin>
            <CharacterOffsetEnd>338</CharacterOffsetEnd>
            <POS>IN</POS>
            <NER>O</NER>
          </token>
          <token id="38">
            <word>large</word>
            <lemma>large</lemma>
            <CharacterOffsetBegin>339</CharacterOffsetBegin>
            <CharacterOffsetEnd>344</CharacterOffsetEnd>
            <POS>JJ</POS>
            <NER>O</NER>
          </token>
          <token id="39">
            <word>-</word>
            <lemma>-</lemma>
            <CharacterOffsetBegin>345</CharacterOffsetBegin>
            <CharacterOffsetEnd>346</CharacterOffsetEnd>
            <POS>:</POS>
            <NER>O</NER>
          </token>
          <token id="40">
            <word>scale</word>
            <lemma>scale</lemma>
            <CharacterOffsetBegin>347</CharacterOffsetBegin>
            <CharacterOffsetEnd>352</CharacterOffsetEnd>
            <POS>NN</POS>
            <NER>O</NER>
          </token>
          <token id="41">
            <word>data</word>
            <lemma>datum</lemma>
            <CharacterOffsetBegin>353</CharacterOffsetBegin>
            <CharacterOffsetEnd>357</CharacterOffsetEnd>
            <POS>NNS</POS>
            <NER>O</NER>
          </token>
          <token id="42">
            <word>centers</word>
            <lemma>center</lemma>
            <CharacterOffsetBegin>358</CharacterOffsetBegin>
            <CharacterOffsetEnd>365</CharacterOffsetEnd>
            <POS>NNS</POS>
            <NER>O</NER>
          </token>
          <token id="43">
            <word>.</word>
            <lemma>.</lemma>
            <CharacterOffsetBegin>366</CharacterOffsetBegin>
            <CharacterOffsetEnd>367</CharacterOffsetEnd>
            <POS>.</POS>
            <NER>O</NER>
          </token>
        </tokens>
        <parse>(ROOT (S (NP (NNP HP)) (NP-TMP (NN today)) (VP (VBD announced) (SBAR (IN that) (S (NP (PRP it)) (VP (VBZ has) (VP (VBN signed) (NP (DT a) (JJ definitive) (NN agreement)) (S (VP (TO to) (VP (VB acquire) (NP (NNP EYP) (NNP Mission)) (NP (NP (JJ Critical) (NNPS Facilities)) (SBAR (S (FRAG (X (NNP Inc) (. .)) (NP (NN () (NN EYP) (NN MCF) (NN )))) (, ,) (NP (NP (DT a) (VBG consulting) (NN company)) (VP (VBG specializing) (PP (IN in) (NP (JJ strategic) (NN technology) (NN planning) (, ,) (NN design) (CC and) (NNS operations))))) (VP (VBP support) (PP (IN for) (NP (UCP (ADJP (JJ large)) (: -) (NP (NP (NN scale)) (NP (NNS data)))) (NNS centers))))))))))))))) (. .))) </parse>
        <dependencies type="basic-dependencies">
          <dep type="root">
            <governor idx="0">ROOT</governor>
            <dependent idx="3">announced</dependent>
          </dep>
          <dep type="nsubj">
            <governor idx="3">announced</governor>
            <dependent idx="1">HP</dependent>
          </dep>
          <dep type="nmod:tmod">
            <governor idx="3">announced</governor>
            <dependent idx="2">today</dependent>
          </dep>
          <dep type="mark">
            <governor idx="7">signed</governor>
            <dependent idx="4">that</dependent>
          </dep>
          <dep type="nsubj">
            <governor idx="7">signed</governor>
            <dependent idx="5">it</dependent>
          </dep>
          <dep type="aux">
            <governor idx="7">signed</governor>
            <dependent idx="6">has</dependent>
          </dep>
          <dep type="ccomp">
            <governor idx="3">announced</governor>
            <dependent idx="7">signed</dependent>
          </dep>
          <dep type="det">
            <governor idx="10">agreement</governor>
            <dependent idx="8">a</dependent>
          </dep>
          <dep type="amod">
            <governor idx="10">agreement</governor>
            <dependent idx="9">definitive</dependent>
          </dep>
          <dep type="dobj">
            <governor idx="7">signed</governor>
            <dependent idx="10">agreement</dependent>
          </dep>
          <dep type="mark">
            <governor idx="12">acquire</governor>
            <dependent idx="11">to</dependent>
          </dep>
          <dep type="acl">
            <governor idx="10">agreement</governor>
            <dependent idx="12">acquire</dependent>
          </dep>
          <dep type="compound">
            <governor idx="17">Inc</governor>
            <dependent idx="13">EYP</dependent>
          </dep>
          <dep type="compound">
            <governor idx="17">Inc</governor>
            <dependent idx="14">Mission</dependent>
          </dep>
          <dep type="amod">
            <governor idx="17">Inc</governor>
            <dependent idx="15">Critical</dependent>
          </dep>
          <dep type="compound">
            <governor idx="17">Inc</governor>
            <dependent idx="16">Facilities</dependent>
          </dep>
          <dep type="dobj">
            <governor idx="12">acquire</governor>
            <dependent idx="17">Inc</dependent>
          </dep>
          <dep type="punct">
            <governor idx="17">Inc</governor>
            <dependent idx="18">.</dependent>
          </dep>
          <dep type="compound">
            <governor idx="22">)</governor>
            <dependent idx="19">(</dependent>
          </dep>
          <dep type="compound">
            <governor idx="22">)</governor>
            <dependent idx="20">EYP</dependent>
          </dep>
          <dep type="compound">
            <governor idx="22">)</governor>
            <dependent idx="21">MCF</dependent>
          </dep>
          <dep type="nsubj">
            <governor idx="36">support</governor>
            <dependent idx="22">)</dependent>
          </dep>
          <dep type="punct">
            <governor idx="22">)</governor>
            <dependent idx="23">,</dependent>
          </dep>
          <dep type="det">
            <governor idx="26">company</governor>
            <dependent idx="24">a</dependent>
          </dep>
          <dep type="amod">
            <governor idx="26">company</governor>
            <dependent idx="25">consulting</dependent>
          </dep>
          <dep type="appos">
            <governor idx="22">)</governor>
            <dependent idx="26">company</dependent>
          </dep>
          <dep type="acl">
            <governor idx="26">company</governor>
            <dependent idx="27">specializing</dependent>
          </dep>
          <dep type="case">
            <governor idx="31">planning</governor>
            <dependent idx="28">in</dependent>
          </dep>
          <dep type="amod">
            <governor idx="31">planning</governor>
            <dependent idx="29">strategic</dependent>
          </dep>
          <dep type="compound">
            <governor idx="31">planning</governor>
            <dependent idx="30">technology</dependent>
          </dep>
          <dep type="nmod">
            <governor idx="27">specializing</governor>
            <dependent idx="31">planning</dependent>
          </dep>
          <dep type="punct">
            <governor idx="31">planning</governor>
            <dependent idx="32">,</dependent>
          </dep>
          <dep type="conj">
            <governor idx="31">planning</governor>
            <dependent idx="33">design</dependent>
          </dep>
          <dep type="cc">
            <governor idx="31">planning</governor>
            <dependent idx="34">and</dependent>
          </dep>
          <dep type="conj">
            <governor idx="31">planning</governor>
            <dependent idx="35">operations</dependent>
          </dep>
          <dep type="acl:relcl">
            <governor idx="17">Inc</governor>
            <dependent idx="36">support</dependent>
          </dep>
          <dep type="case">
            <governor idx="42">centers</governor>
            <dependent idx="37">for</dependent>
          </dep>
          <dep type="amod">
            <governor idx="42">centers</governor>
            <dependent idx="38">large</dependent>
          </dep>
          <dep type="punct">
            <governor idx="42">centers</governor>
            <dependent idx="39">-</dependent>
          </dep>
          <dep type="compound">
            <governor idx="42">centers</governor>
            <dependent idx="40">scale</dependent>
          </dep>
          <dep type="compound">
            <governor idx="42">centers</governor>
            <dependent idx="41">data</dependent>
          </dep>
          <dep type="nmod">
            <governor idx="36">support</governor>
            <dependent idx="42">centers</dependent>
          </dep>
          <dep type="punct">
            <governor idx="3">announced</governor>
            <dependent idx="43">.</dependent>
          </dep>
        </dependencies>
        <dependencies type="collapsed-dependencies">
          <dep type="root">
            <governor idx="0">ROOT</governor>
            <dependent idx="3">announced</dependent>
          </dep>
          <dep type="nsubj">
            <governor idx="3">announced</governor>
            <dependent idx="1">HP</dependent>
          </dep>
          <dep type="nmod:tmod">
            <governor idx="3">announced</governor>
            <dependent idx="2">today</dependent>
          </dep>
          <dep type="mark">
            <governor idx="7">signed</governor>
            <dependent idx="4">that</dependent>
          </dep>
          <dep type="nsubj">
            <governor idx="7">signed</governor>
            <dependent idx="5">it</dependent>
          </dep>
          <dep type="aux">
            <governor idx="7">signed</governor>
            <dependent idx="6">has</dependent>
          </dep>
          <dep type="ccomp">
            <governor idx="3">announced</governor>
            <dependent idx="7">signed</dependent>
          </dep>
          <dep type="det">
            <governor idx="10">agreement</governor>
            <dependent idx="8">a</dependent>
          </dep>
          <dep type="amod">
            <governor idx="10">agreement</governor>
            <dependent idx="9">definitive</dependent>
          </dep>
          <dep type="dobj">
            <governor idx="7">signed</governor>
            <dependent idx="10">agreement</dependent>
          </dep>
          <dep type="mark">
            <governor idx="12">acquire</governor>
            <dependent idx="11">to</dependent>
          </dep>
          <dep type="acl">
            <governor idx="10">agreement</governor>
            <dependent idx="12">acquire</dependent>
          </dep>
          <dep type="compound">
            <governor idx="17">Inc</governor>
            <dependent idx="13">EYP</dependent>
          </dep>
          <dep type="compound">
            <governor idx="17">Inc</governor>
            <dependent idx="14">Mission</dependent>
          </dep>
          <dep type="amod">
            <governor idx="17">Inc</governor>
            <dependent idx="15">Critical</dependent>
          </dep>
          <dep type="compound">
            <governor idx="17">Inc</governor>
            <dependent idx="16">Facilities</dependent>
          </dep>
          <dep type="dobj">
            <governor idx="12">acquire</governor>
            <dependent idx="17">Inc</dependent>
          </dep>
          <dep type="punct">
            <governor idx="17">Inc</governor>
            <dependent idx="18">.</dependent>
          </dep>
          <dep type="compound">
            <governor idx="22">)</governor>
            <dependent idx="19">(</dependent>
          </dep>
          <dep type="compound">
            <governor idx="22">)</governor>
            <dependent idx="20">EYP</dependent>
          </dep>
          <dep type="compound">
            <governor idx="22">)</governor>
            <dependent idx="21">MCF</dependent>
          </dep>
          <dep type="nsubj">
            <governor idx="36">support</governor>
            <dependent idx="22">)</dependent>
          </dep>
          <dep type="punct">
            <governor idx="22">)</governor>
            <dependent idx="23">,</dependent>
          </dep>
          <dep type="det">
            <governor idx="26">company</governor>
            <dependent idx="24">a</dependent>
          </dep>
          <dep type="amod">
            <governor idx="26">company</governor>
            <dependent idx="25">consulting</dependent>
          </dep>
          <dep type="appos">
            <governor idx="22">)</governor>
            <dependent idx="26">company</dependent>
          </dep>
          <dep type="acl">
            <governor idx="26">company</governor>
            <dependent idx="27">specializing</dependent>
          </dep>
          <dep type="case">
            <governor idx="31">planning</governor>
            <dependent idx="28">in</dependent>
          </dep>
          <dep type="amod">
            <governor idx="31">planning</governor>
            <dependent idx="29">strategic</dependent>
          </dep>
          <dep type="compound">
            <governor idx="31">planning</governor>
            <dependent idx="30">technology</dependent>
          </dep>
          <dep type="nmod:in">
            <governor idx="27">specializing</governor>
            <dependent idx="31">planning</dependent>
          </dep>
          <dep type="punct">
            <governor idx="31">planning</governor>
            <dependent idx="32">,</dependent>
          </dep>
          <dep type="conj:and">
            <governor idx="31">planning</governor>
            <dependent idx="33">design</dependent>
          </dep>
          <dep type="cc">
            <governor idx="31">planning</governor>
            <dependent idx="34">and</dependent>
          </dep>
          <dep type="conj:and">
            <governor idx="31">planning</governor>
            <dependent idx="35">operations</dependent>
          </dep>
          <dep type="acl:relcl">
            <governor idx="17">Inc</governor>
            <dependent idx="36">support</dependent>
          </dep>
          <dep type="case">
            <governor idx="42">centers</governor>
            <dependent idx="37">for</dependent>
          </dep>
          <dep type="amod">
            <governor idx="42">centers</governor>
            <dependent idx="38">large</dependent>
          </dep>
          <dep type="punct">
            <governor idx="42">centers</governor>
            <dependent idx="39">-</dependent>
          </dep>
          <dep type="compound">
            <governor idx="42">centers</governor>
            <dependent idx="40">scale</dependent>
          </dep>
          <dep type="compound">
            <governor idx="42">centers</governor>
            <dependent idx="41">data</dependent>
          </dep>
          <dep type="nmod:for">
            <governor idx="36">support</governor>
            <dependent idx="42">centers</dependent>
          </dep>
          <dep type="punct">
            <governor idx="3">announced</governor>
            <dependent idx="43">.</dependent>
          </dep>
        </dependencies>
        <dependencies type="collapsed-ccprocessed-dependencies">
          <dep type="root">
            <governor idx="0">ROOT</governor>
            <dependent idx="3">announced</dependent>
          </dep>
          <dep type="nsubj">
            <governor idx="3">announced</governor>
            <dependent idx="1">HP</dependent>
          </dep>
          <dep type="nmod:tmod">
            <governor idx="3">announced</governor>
            <dependent idx="2">today</dependent>
          </dep>
          <dep type="mark">
            <governor idx="7">signed</governor>
            <dependent idx="4">that</dependent>
          </dep>
          <dep type="nsubj">
            <governor idx="7">signed</governor>
            <dependent idx="5">it</dependent>
          </dep>
          <dep type="aux">
            <governor idx="7">signed</governor>
            <dependent idx="6">has</dependent>
          </dep>
          <dep type="ccomp">
            <governor idx="3">announced</governor>
            <dependent idx="7">signed</dependent>
          </dep>
          <dep type="det">
            <governor idx="10">agreement</governor>
            <dependent idx="8">a</dependent>
          </dep>
          <dep type="amod">
            <governor idx="10">agreement</governor>
            <dependent idx="9">definitive</dependent>
          </dep>
          <dep type="dobj">
            <governor idx="7">signed</governor>
            <dependent idx="10">agreement</dependent>
          </dep>
          <dep type="mark">
            <governor idx="12">acquire</governor>
            <dependent idx="11">to</dependent>
          </dep>
          <dep type="acl">
            <governor idx="10">agreement</governor>
            <dependent idx="12">acquire</dependent>
          </dep>
          <dep type="compound">
            <governor idx="17">Inc</governor>
            <dependent idx="13">EYP</dependent>
          </dep>
          <dep type="compound">
            <governor idx="17">Inc</governor>
            <dependent idx="14">Mission</dependent>
          </dep>
          <dep type="amod">
            <governor idx="17">Inc</governor>
            <dependent idx="15">Critical</dependent>
          </dep>
          <dep type="compound">
            <governor idx="17">Inc</governor>
            <dependent idx="16">Facilities</dependent>
          </dep>
          <dep type="dobj">
            <governor idx="12">acquire</governor>
            <dependent idx="17">Inc</dependent>
          </dep>
          <dep type="punct">
            <governor idx="17">Inc</governor>
            <dependent idx="18">.</dependent>
          </dep>
          <dep type="compound">
            <governor idx="22">)</governor>
            <dependent idx="19">(</dependent>
          </dep>
          <dep type="compound">
            <governor idx="22">)</governor>
            <dependent idx="20">EYP</dependent>
          </dep>
          <dep type="compound">
            <governor idx="22">)</governor>
            <dependent idx="21">MCF</dependent>
          </dep>
          <dep type="nsubj">
            <governor idx="36">support</governor>
            <dependent idx="22">)</dependent>
          </dep>
          <dep type="punct">
            <governor idx="22">)</governor>
            <dependent idx="23">,</dependent>
          </dep>
          <dep type="det">
            <governor idx="26">company</governor>
            <dependent idx="24">a</dependent>
          </dep>
          <dep type="amod">
            <governor idx="26">company</governor>
            <dependent idx="25">consulting</dependent>
          </dep>
          <dep type="appos">
            <governor idx="22">)</governor>
            <dependent idx="26">company</dependent>
          </dep>
          <dep type="acl">
            <governor idx="26">company</governor>
            <dependent idx="27">specializing</dependent>
          </dep>
          <dep type="case">
            <governor idx="31">planning</governor>
            <dependent idx="28">in</dependent>
          </dep>
          <dep type="amod">
            <governor idx="31">planning</governor>
            <dependent idx="29">strategic</dependent>
          </dep>
          <dep type="compound">
            <governor idx="31">planning</governor>
            <dependent idx="30">technology</dependent>
          </dep>
          <dep type="nmod:in">
            <governor idx="27">specializing</governor>
            <dependent idx="31">planning</dependent>
          </dep>
          <dep type="punct">
            <governor idx="31">planning</governor>
            <dependent idx="32">,</dependent>
          </dep>
          <dep type="nmod:in" extra="true">
            <governor idx="27">specializing</governor>
            <dependent idx="33">design</dependent>
          </dep>
          <dep type="conj:and">
            <governor idx="31">planning</governor>
            <dependent idx="33">design</dependent>
          </dep>
          <dep type="cc">
            <governor idx="31">planning</governor>
            <dependent idx="34">and</dependent>
          </dep>
          <dep type="nmod:in" extra="true">
            <governor idx="27">specializing</governor>
            <dependent idx="35">operations</dependent>
          </dep>
          <dep type="conj:and">
            <governor idx="31">planning</governor>
            <dependent idx="35">operations</dependent>
          </dep>
          <dep type="acl:relcl">
            <governor idx="17">Inc</governor>
            <dependent idx="36">support</dependent>
          </dep>
          <dep type="case">
            <governor idx="42">centers</governor>
            <dependent idx="37">for</dependent>
          </dep>
          <dep type="amod">
            <governor idx="42">centers</governor>
            <dependent idx="38">large</dependent>
          </dep>
          <dep type="punct">
            <governor idx="42">centers</governor>
            <dependent idx="39">-</dependent>
          </dep>
          <dep type="compound">
            <governor idx="42">centers</governor>
            <dependent idx="40">scale</dependent>
          </dep>
          <dep type="compound">
            <governor idx="42">centers</governor>
            <dependent idx="41">data</dependent>
          </dep>
          <dep type="nmod:for">
            <governor idx="36">support</governor>
            <dependent idx="42">centers</dependent>
          </dep>
          <dep type="punct">
            <governor idx="3">announced</governor>
            <dependent idx="43">.</dependent>
          </dep>
        </dependencies>
      </sentence>
      <sentence id="3" line="3">
        <tokens>
          <token id="1">
            <word>Financial</word>
            <lemma>Financial</lemma>
            <CharacterOffsetBegin>368</CharacterOffsetBegin>
            <CharacterOffsetEnd>377</CharacterOffsetEnd>
            <POS>NNP</POS>
            <NER>O</NER>
          </token>
          <token id="2">
            <word>terms</word>
            <lemma>term</lemma>
            <CharacterOffsetBegin>378</CharacterOffsetBegin>
            <CharacterOffsetEnd>383</CharacterOffsetEnd>
            <POS>NNS</POS>
            <NER>O</NER>
          </token>
          <token id="3">
            <word>of</word>
            <lemma>of</lemma>
            <CharacterOffsetBegin>384</CharacterOffsetBegin>
            <CharacterOffsetEnd>386</CharacterOffsetEnd>
            <POS>IN</POS>
            <NER>O</NER>
          </token>
          <token id="4">
            <word>the</word>
            <lemma>the</lemma>
            <CharacterOffsetBegin>387</CharacterOffsetBegin>
            <CharacterOffsetEnd>390</CharacterOffsetEnd>
            <POS>DT</POS>
            <NER>O</NER>
          </token>
          <token id="5">
            <word>transaction</word>
            <lemma>transaction</lemma>
            <CharacterOffsetBegin>391</CharacterOffsetBegin>
            <CharacterOffsetEnd>402</CharacterOffsetEnd>
            <POS>NN</POS>
            <NER>O</NER>
          </token>
          <token id="6">
            <word>were</word>
            <lemma>be</lemma>
            <CharacterOffsetBegin>403</CharacterOffsetBegin>
            <CharacterOffsetEnd>407</CharacterOffsetEnd>
            <POS>VBD</POS>
            <NER>O</NER>
          </token>
          <token id="7">
            <word>not</word>
            <lemma>not</lemma>
            <CharacterOffsetBegin>408</CharacterOffsetBegin>
            <CharacterOffsetEnd>411</CharacterOffsetEnd>
            <POS>RB</POS>
            <NER>O</NER>
          </token>
          <token id="8">
            <word>disclosed</word>
            <lemma>disclose</lemma>
            <CharacterOffsetBegin>412</CharacterOffsetBegin>
            <CharacterOffsetEnd>421</CharacterOffsetEnd>
            <POS>VBN</POS>
            <NER>O</NER>
          </token>
          <token id="9">
            <word>.</word>
            <lemma>.</lemma>
            <CharacterOffsetBegin>422</CharacterOffsetBegin>
            <CharacterOffsetEnd>423</CharacterOffsetEnd>
            <POS>.</POS>
            <NER>O</NER>
          </token>
        </tokens>
        <parse>(ROOT (S (NP (NP (NNP Financial) (NNS terms)) (PP (IN of) (NP (DT the) (NN transaction)))) (VP (VBD were) (RB not) (VP (VBN disclosed))) (. .))) </parse>
        <dependencies type="basic-dependencies">
          <dep type="root">
            <governor idx="0">ROOT</governor>
            <dependent idx="8">disclosed</dependent>
          </dep>
          <dep type="compound">
            <governor idx="2">terms</governor>
            <dependent idx="1">Financial</dependent>
          </dep>
          <dep type="nsubjpass">
            <governor idx="8">disclosed</governor>
            <dependent idx="2">terms</dependent>
          </dep>
          <dep type="case">
            <governor idx="5">transaction</governor>
            <dependent idx="3">of</dependent>
          </dep>
          <dep type="det">
            <governor idx="5">transaction</governor>
            <dependent idx="4">the</dependent>
          </dep>
          <dep type="nmod">
            <governor idx="2">terms</governor>
            <dependent idx="5">transaction</dependent>
          </dep>
          <dep type="auxpass">
            <governor idx="8">disclosed</governor>
            <dependent idx="6">were</dependent>
          </dep>
          <dep type="neg">
            <governor idx="8">disclosed</governor>
            <dependent idx="7">not</dependent>
          </dep>
          <dep type="punct">
            <governor idx="8">disclosed</governor>
            <dependent idx="9">.</dependent>
          </dep>
        </dependencies>
        <dependencies type="collapsed-dependencies">
          <dep type="root">
            <governor idx="0">ROOT</governor>
            <dependent idx="8">disclosed</dependent>
          </dep>
          <dep type="compound">
            <governor idx="2">terms</governor>
            <dependent idx="1">Financial</dependent>
          </dep>
          <dep type="nsubjpass">
            <governor idx="8">disclosed</governor>
            <dependent idx="2">terms</dependent>
          </dep>
          <dep type="case">
            <governor idx="5">transaction</governor>
            <dependent idx="3">of</dependent>
          </dep>
          <dep type="det">
            <governor idx="5">transaction</governor>
            <dependent idx="4">the</dependent>
          </dep>
          <dep type="nmod:of">
            <governor idx="2">terms</governor>
            <dependent idx="5">transaction</dependent>
          </dep>
          <dep type="auxpass">
            <governor idx="8">disclosed</governor>
            <dependent idx="6">were</dependent>
          </dep>
          <dep type="neg">
            <governor idx="8">disclosed</governor>
            <dependent idx="7">not</dependent>
          </dep>
          <dep type="punct">
            <governor idx="8">disclosed</governor>
            <dependent idx="9">.</dependent>
          </dep>
        </dependencies>
        <dependencies type="collapsed-ccprocessed-dependencies">
          <dep type="root">
            <governor idx="0">ROOT</governor>
            <dependent idx="8">disclosed</dependent>
          </dep>
          <dep type="compound">
            <governor idx="2">terms</governor>
            <dependent idx="1">Financial</dependent>
          </dep>
          <dep type="nsubjpass">
            <governor idx="8">disclosed</governor>
            <dependent idx="2">terms</dependent>
          </dep>
          <dep type="case">
            <governor idx="5">transaction</governor>
            <dependent idx="3">of</dependent>
          </dep>
          <dep type="det">
            <governor idx="5">transaction</governor>
            <dependent idx="4">the</dependent>
          </dep>
          <dep type="nmod:of">
            <governor idx="2">terms</governor>
            <dependent idx="5">transaction</dependent>
          </dep>
          <dep type="auxpass">
            <governor idx="8">disclosed</governor>
            <dependent idx="6">were</dependent>
          </dep>
          <dep type="neg">
            <governor idx="8">disclosed</governor>
            <dependent idx="7">not</dependent>
          </dep>
          <dep type="punct">
            <governor idx="8">disclosed</governor>
            <dependent idx="9">.</dependent>
          </dep>
        </dependencies>
      </sentence>
    </sentences>
  </document>
</root>
