<?xml version="1.0" encoding="UTF-8"?>
<?xml-stylesheet href="CoreNLP-to-HTML.xsl" type="text/xsl"?>
<root>
  <document>
    <sentences>
      <sentence id="1" line="1">
        <tokens>
          <token id="1">
            <word>It</word>
            <lemma>it</lemma>
            <CharacterOffsetBegin>0</CharacterOffsetBegin>
            <CharacterOffsetEnd>2</CharacterOffsetEnd>
            <POS>PRP</POS>
            <NER>O</NER>
          </token>
          <token id="2">
            <word>'s</word>
            <lemma>be</lemma>
            <CharacterOffsetBegin>3</CharacterOffsetBegin>
            <CharacterOffsetEnd>5</CharacterOffsetEnd>
            <POS>VBZ</POS>
            <NER>O</NER>
          </token>
          <token id="3">
            <word>too</word>
            <lemma>too</lemma>
            <CharacterOffsetBegin>6</CharacterOffsetBegin>
            <CharacterOffsetEnd>9</CharacterOffsetEnd>
            <POS>RB</POS>
            <NER>O</NER>
          </token>
          <token id="4">
            <word>early</word>
            <lemma>early</lemma>
            <CharacterOffsetBegin>10</CharacterOffsetBegin>
            <CharacterOffsetEnd>15</CharacterOffsetEnd>
            <POS>JJ</POS>
            <NER>O</NER>
          </token>
          <token id="5">
            <word>to</word>
            <lemma>to</lemma>
            <CharacterOffsetBegin>16</CharacterOffsetBegin>
            <CharacterOffsetEnd>18</CharacterOffsetEnd>
            <POS>TO</POS>
            <NER>O</NER>
          </token>
          <token id="6">
            <word>tell</word>
            <lemma>tell</lemma>
            <CharacterOffsetBegin>19</CharacterOffsetBegin>
            <CharacterOffsetEnd>23</CharacterOffsetEnd>
            <POS>VB</POS>
            <NER>O</NER>
          </token>
          <token id="7">
            <word>what</word>
            <lemma>what</lemma>
            <CharacterOffsetBegin>24</CharacterOffsetBegin>
            <CharacterOffsetEnd>28</CharacterOffsetEnd>
            <POS>WP</POS>
            <NER>O</NER>
          </token>
          <token id="8">
            <word>impact</word>
            <lemma>impact</lemma>
            <CharacterOffsetBegin>29</CharacterOffsetBegin>
            <CharacterOffsetEnd>35</CharacterOffsetEnd>
            <POS>NN</POS>
            <NER>O</NER>
          </token>
          <token id="9">
            <word>-</word>
            <lemma>-</lemma>
            <CharacterOffsetBegin>36</CharacterOffsetBegin>
            <CharacterOffsetEnd>37</CharacterOffsetEnd>
            <POS>:</POS>
            <NER>O</NER>
          </token>
          <token id="10">
            <word>if</word>
            <lemma>if</lemma>
            <CharacterOffsetBegin>38</CharacterOffsetBegin>
            <CharacterOffsetEnd>40</CharacterOffsetEnd>
            <POS>IN</POS>
            <NER>O</NER>
          </token>
          <token id="11">
            <word>any</word>
            <lemma>any</lemma>
            <CharacterOffsetBegin>41</CharacterOffsetBegin>
            <CharacterOffsetEnd>44</CharacterOffsetEnd>
            <POS>DT</POS>
            <NER>O</NER>
          </token>
          <token id="12">
            <word>-</word>
            <lemma>-</lemma>
            <CharacterOffsetBegin>45</CharacterOffsetBegin>
            <CharacterOffsetEnd>46</CharacterOffsetEnd>
            <POS>:</POS>
            <NER>O</NER>
          </token>
          <token id="13">
            <word>Hewlett-Packard</word>
            <lemma>Hewlett-Packard</lemma>
            <CharacterOffsetBegin>47</CharacterOffsetBegin>
            <CharacterOffsetEnd>62</CharacterOffsetEnd>
            <POS>NNP</POS>
            <NER>ORGANIZATION</NER>
          </token>
          <token id="14">
            <word>Co.</word>
            <lemma>Co.</lemma>
            <CharacterOffsetBegin>63</CharacterOffsetBegin>
            <CharacterOffsetEnd>66</CharacterOffsetEnd>
            <POS>NNP</POS>
            <NER>ORGANIZATION</NER>
          </token>
          <token id="15">
            <word>'s</word>
            <lemma>'s</lemma>
            <CharacterOffsetBegin>67</CharacterOffsetBegin>
            <CharacterOffsetEnd>69</CharacterOffsetEnd>
            <POS>POS</POS>
            <NER>O</NER>
          </token>
          <token id="16">
            <word>decision</word>
            <lemma>decision</lemma>
            <CharacterOffsetBegin>70</CharacterOffsetBegin>
            <CharacterOffsetEnd>78</CharacterOffsetEnd>
            <POS>NN</POS>
            <NER>O</NER>
          </token>
          <token id="17">
            <word>to</word>
            <lemma>to</lemma>
            <CharacterOffsetBegin>79</CharacterOffsetBegin>
            <CharacterOffsetEnd>81</CharacterOffsetEnd>
            <POS>TO</POS>
            <NER>O</NER>
          </token>
          <token id="18">
            <word>acquire</word>
            <lemma>acquire</lemma>
            <CharacterOffsetBegin>82</CharacterOffsetBegin>
            <CharacterOffsetEnd>89</CharacterOffsetEnd>
            <POS>VB</POS>
            <NER>O</NER>
          </token>
          <token id="19">
            <word>Electronic</word>
            <lemma>Electronic</lemma>
            <CharacterOffsetBegin>90</CharacterOffsetBegin>
            <CharacterOffsetEnd>100</CharacterOffsetEnd>
            <POS>NNP</POS>
            <NER>ORGANIZATION</NER>
          </token>
          <token id="20">
            <word>Data</word>
            <lemma>Data</lemma>
            <CharacterOffsetBegin>101</CharacterOffsetBegin>
            <CharacterOffsetEnd>105</CharacterOffsetEnd>
            <POS>NNP</POS>
            <NER>ORGANIZATION</NER>
          </token>
          <token id="21">
            <word>Systems</word>
            <lemma>Systems</lemma>
            <CharacterOffsetBegin>106</CharacterOffsetBegin>
            <CharacterOffsetEnd>113</CharacterOffsetEnd>
            <POS>NNP</POS>
            <NER>ORGANIZATION</NER>
          </token>
          <token id="22">
            <word>Corp.</word>
            <lemma>Corp.</lemma>
            <CharacterOffsetBegin>114</CharacterOffsetBegin>
            <CharacterOffsetEnd>119</CharacterOffsetEnd>
            <POS>NNP</POS>
            <NER>ORGANIZATION</NER>
          </token>
          <token id="23">
            <word>will</word>
            <lemma>will</lemma>
            <CharacterOffsetBegin>120</CharacterOffsetBegin>
            <CharacterOffsetEnd>124</CharacterOffsetEnd>
            <POS>MD</POS>
            <NER>O</NER>
          </token>
          <token id="24">
            <word>have</word>
            <lemma>have</lemma>
            <CharacterOffsetBegin>125</CharacterOffsetBegin>
            <CharacterOffsetEnd>129</CharacterOffsetEnd>
            <POS>VB</POS>
            <NER>O</NER>
          </token>
          <token id="25">
            <word>on</word>
            <lemma>on</lemma>
            <CharacterOffsetBegin>130</CharacterOffsetBegin>
            <CharacterOffsetEnd>132</CharacterOffsetEnd>
            <POS>IN</POS>
            <NER>O</NER>
          </token>
          <token id="26">
            <word>EDS</word>
            <lemma>EDS</lemma>
            <CharacterOffsetBegin>133</CharacterOffsetBegin>
            <CharacterOffsetEnd>136</CharacterOffsetEnd>
            <POS>NNP</POS>
            <NER>O</NER>
          </token>
          <token id="27">
            <word>'</word>
            <lemma>'</lemma>
            <CharacterOffsetBegin>137</CharacterOffsetBegin>
            <CharacterOffsetEnd>138</CharacterOffsetEnd>
            <POS>POS</POS>
            <NER>O</NER>
          </token>
          <token id="28">
            <word>operations</word>
            <lemma>operation</lemma>
            <CharacterOffsetBegin>139</CharacterOffsetBegin>
            <CharacterOffsetEnd>149</CharacterOffsetEnd>
            <POS>NNS</POS>
            <NER>O</NER>
          </token>
          <token id="29">
            <word>in</word>
            <lemma>in</lemma>
            <CharacterOffsetBegin>150</CharacterOffsetBegin>
            <CharacterOffsetEnd>152</CharacterOffsetEnd>
            <POS>IN</POS>
            <NER>O</NER>
          </token>
          <token id="30">
            <word>South</word>
            <lemma>South</lemma>
            <CharacterOffsetBegin>153</CharacterOffsetBegin>
            <CharacterOffsetEnd>158</CharacterOffsetEnd>
            <POS>NNP</POS>
            <NER>LOCATION</NER>
          </token>
          <token id="31">
            <word>Charleston</word>
            <lemma>Charleston</lemma>
            <CharacterOffsetBegin>159</CharacterOffsetBegin>
            <CharacterOffsetEnd>169</CharacterOffsetEnd>
            <POS>NNP</POS>
            <NER>LOCATION</NER>
          </token>
          <token id="32">
            <word>,</word>
            <lemma>,</lemma>
            <CharacterOffsetBegin>170</CharacterOffsetBegin>
            <CharacterOffsetEnd>171</CharacterOffsetEnd>
            <POS>,</POS>
            <NER>O</NER>
          </token>
          <token id="33">
            <word>an</word>
            <lemma>a</lemma>
            <CharacterOffsetBegin>172</CharacterOffsetBegin>
            <CharacterOffsetEnd>174</CharacterOffsetEnd>
            <POS>DT</POS>
            <NER>O</NER>
          </token>
          <token id="34">
            <word>EDS</word>
            <lemma>EDS</lemma>
            <CharacterOffsetBegin>175</CharacterOffsetBegin>
            <CharacterOffsetEnd>178</CharacterOffsetEnd>
            <POS>NNP</POS>
            <NER>O</NER>
          </token>
          <token id="35">
            <word>spokesman</word>
            <lemma>spokesman</lemma>
            <CharacterOffsetBegin>179</CharacterOffsetBegin>
            <CharacterOffsetEnd>188</CharacterOffsetEnd>
            <POS>NN</POS>
            <NER>O</NER>
          </token>
          <token id="36">
            <word>said</word>
            <lemma>say</lemma>
            <CharacterOffsetBegin>189</CharacterOffsetBegin>
            <CharacterOffsetEnd>193</CharacterOffsetEnd>
            <POS>VBD</POS>
            <NER>O</NER>
          </token>
          <token id="37">
            <word>.</word>
            <lemma>.</lemma>
            <CharacterOffsetBegin>194</CharacterOffsetBegin>
            <CharacterOffsetEnd>195</CharacterOffsetEnd>
            <POS>.</POS>
            <NER>O</NER>
          </token>
        </tokens>
        <parse>(ROOT (S (S (NP (PRP It)) (VP (VBZ 's) (ADJP (RB too) (JJ early)) (S (VP (TO to) (VP (VB tell) (SBAR (WHNP (WHNP (WP what) (NN impact)) (PRN (: -) (SBAR (IN if) (FRAG (DT any))) (: -))) (S (NP (NP (NNP Hewlett-Packard) (NNP Co.) (POS 's)) (NN decision) (S (VP (TO to) (VP (VB acquire) (NP (NNP Electronic) (NNP Data) (NNP Systems) (NNP Corp.)))))) (VP (MD will) (VP (VB have) (PP (IN on) (NP (NP (NP (NNP EDS) (POS ')) (NNS operations)) (PP (IN in) (NP (NNP South) (NNP Charleston)))))))))))))) (, ,) (NP (DT an) (NNP EDS) (NN spokesman)) (VP (VBD said)) (. .))) </parse>
        <dependencies type="basic-dependencies">
          <dep type="root">
            <governor idx="0">ROOT</governor>
            <dependent idx="4">early</dependent>
          </dep>
          <dep type="nsubj">
            <governor idx="4">early</governor>
            <dependent idx="1">It</dependent>
          </dep>
          <dep type="cop">
            <governor idx="4">early</governor>
            <dependent idx="2">'s</dependent>
          </dep>
          <dep type="advmod">
            <governor idx="4">early</governor>
            <dependent idx="3">too</dependent>
          </dep>
          <dep type="mark">
            <governor idx="6">tell</governor>
            <dependent idx="5">to</dependent>
          </dep>
          <dep type="xcomp">
            <governor idx="4">early</governor>
            <dependent idx="6">tell</dependent>
          </dep>
          <dep type="det">
            <governor idx="8">impact</governor>
            <dependent idx="7">what</dependent>
          </dep>
          <dep type="dobj">
            <governor idx="6">tell</governor>
            <dependent idx="8">impact</dependent>
          </dep>
          <dep type="punct">
            <governor idx="24">have</governor>
            <dependent idx="9">-</dependent>
          </dep>
          <dep type="mark">
            <governor idx="24">have</governor>
            <dependent idx="10">if</dependent>
          </dep>
          <dep type="det">
            <governor idx="16">decision</governor>
            <dependent idx="11">any</dependent>
          </dep>
          <dep type="punct">
            <governor idx="16">decision</governor>
            <dependent idx="12">-</dependent>
          </dep>
          <dep type="compound">
            <governor idx="14">Co.</governor>
            <dependent idx="13">Hewlett-Packard</dependent>
          </dep>
          <dep type="nmod:poss">
            <governor idx="16">decision</governor>
            <dependent idx="14">Co.</dependent>
          </dep>
          <dep type="case">
            <governor idx="14">Co.</governor>
            <dependent idx="15">'s</dependent>
          </dep>
          <dep type="nsubj">
            <governor idx="24">have</governor>
            <dependent idx="16">decision</dependent>
          </dep>
          <dep type="mark">
            <governor idx="18">acquire</governor>
            <dependent idx="17">to</dependent>
          </dep>
          <dep type="acl">
            <governor idx="16">decision</governor>
            <dependent idx="18">acquire</dependent>
          </dep>
          <dep type="compound">
            <governor idx="22">Corp.</governor>
            <dependent idx="19">Electronic</dependent>
          </dep>
          <dep type="compound">
            <governor idx="22">Corp.</governor>
            <dependent idx="20">Data</dependent>
          </dep>
          <dep type="compound">
            <governor idx="22">Corp.</governor>
            <dependent idx="21">Systems</dependent>
          </dep>
          <dep type="dobj">
            <governor idx="18">acquire</governor>
            <dependent idx="22">Corp.</dependent>
          </dep>
          <dep type="aux">
            <governor idx="24">have</governor>
            <dependent idx="23">will</dependent>
          </dep>
          <dep type="dep">
            <governor idx="8">impact</governor>
            <dependent idx="24">have</dependent>
          </dep>
          <dep type="case">
            <governor idx="28">operations</governor>
            <dependent idx="25">on</dependent>
          </dep>
          <dep type="nmod:poss">
            <governor idx="28">operations</governor>
            <dependent idx="26">EDS</dependent>
          </dep>
          <dep type="case">
            <governor idx="26">EDS</governor>
            <dependent idx="27">'</dependent>
          </dep>
          <dep type="nmod">
            <governor idx="24">have</governor>
            <dependent idx="28">operations</dependent>
          </dep>
          <dep type="case">
            <governor idx="31">Charleston</governor>
            <dependent idx="29">in</dependent>
          </dep>
          <dep type="compound">
            <governor idx="31">Charleston</governor>
            <dependent idx="30">South</dependent>
          </dep>
          <dep type="nmod">
            <governor idx="28">operations</governor>
            <dependent idx="31">Charleston</dependent>
          </dep>
          <dep type="punct">
            <governor idx="24">have</governor>
            <dependent idx="32">,</dependent>
          </dep>
          <dep type="det">
            <governor idx="35">spokesman</governor>
            <dependent idx="33">an</dependent>
          </dep>
          <dep type="compound">
            <governor idx="35">spokesman</governor>
            <dependent idx="34">EDS</dependent>
          </dep>
          <dep type="nsubj">
            <governor idx="36">said</governor>
            <dependent idx="35">spokesman</dependent>
          </dep>
          <dep type="parataxis">
            <governor idx="24">have</governor>
            <dependent idx="36">said</dependent>
          </dep>
          <dep type="punct">
            <governor idx="4">early</governor>
            <dependent idx="37">.</dependent>
          </dep>
        </dependencies>
        <dependencies type="collapsed-dependencies">
          <dep type="root">
            <governor idx="0">ROOT</governor>
            <dependent idx="4">early</dependent>
          </dep>
          <dep type="nsubj">
            <governor idx="4">early</governor>
            <dependent idx="1">It</dependent>
          </dep>
          <dep type="cop">
            <governor idx="4">early</governor>
            <dependent idx="2">'s</dependent>
          </dep>
          <dep type="advmod">
            <governor idx="4">early</governor>
            <dependent idx="3">too</dependent>
          </dep>
          <dep type="mark">
            <governor idx="6">tell</governor>
            <dependent idx="5">to</dependent>
          </dep>
          <dep type="xcomp">
            <governor idx="4">early</governor>
            <dependent idx="6">tell</dependent>
          </dep>
          <dep type="det">
            <governor idx="8">impact</governor>
            <dependent idx="7">what</dependent>
          </dep>
          <dep type="dobj">
            <governor idx="6">tell</governor>
            <dependent idx="8">impact</dependent>
          </dep>
          <dep type="punct">
            <governor idx="24">have</governor>
            <dependent idx="9">-</dependent>
          </dep>
          <dep type="mark">
            <governor idx="24">have</governor>
            <dependent idx="10">if</dependent>
          </dep>
          <dep type="det">
            <governor idx="16">decision</governor>
            <dependent idx="11">any</dependent>
          </dep>
          <dep type="punct">
            <governor idx="16">decision</governor>
            <dependent idx="12">-</dependent>
          </dep>
          <dep type="compound">
            <governor idx="14">Co.</governor>
            <dependent idx="13">Hewlett-Packard</dependent>
          </dep>
          <dep type="nmod:poss">
            <governor idx="16">decision</governor>
            <dependent idx="14">Co.</dependent>
          </dep>
          <dep type="case">
            <governor idx="14">Co.</governor>
            <dependent idx="15">'s</dependent>
          </dep>
          <dep type="nsubj">
            <governor idx="24">have</governor>
            <dependent idx="16">decision</dependent>
          </dep>
          <dep type="mark">
            <governor idx="18">acquire</governor>
            <dependent idx="17">to</dependent>
          </dep>
          <dep type="acl">
            <governor idx="16">decision</governor>
            <dependent idx="18">acquire</dependent>
          </dep>
          <dep type="compound">
            <governor idx="22">Corp.</governor>
            <dependent idx="19">Electronic</dependent>
          </dep>
          <dep type="compound">
            <governor idx="22">Corp.</governor>
            <dependent idx="20">Data</dependent>
          </dep>
          <dep type="compound">
            <governor idx="22">Corp.</governor>
            <dependent idx="21">Systems</dependent>
          </dep>
          <dep type="dobj">
            <governor idx="18">acquire</governor>
            <dependent idx="22">Corp.</dependent>
          </dep>
          <dep type="aux">
            <governor idx="24">have</governor>
            <dependent idx="23">will</dependent>
          </dep>
          <dep type="dep">
            <governor idx="8">impact</governor>
            <dependent idx="24">have</dependent>
          </dep>
          <dep type="case">
            <governor idx="28">operations</governor>
            <dependent idx="25">on</dependent>
          </dep>
          <dep type="nmod:poss">
            <governor idx="28">operations</governor>
            <dependent idx="26">EDS</dependent>
          </dep>
          <dep type="case">
            <governor idx="26">EDS</governor>
            <dependent idx="27">'</dependent>
          </dep>
          <dep type="nmod:on">
            <governor idx="24">have</governor>
            <dependent idx="28">operations</dependent>
          </dep>
          <dep type="case">
            <governor idx="31">Charleston</governor>
            <dependent idx="29">in</dependent>
          </dep>
          <dep type="compound">
            <governor idx="31">Charleston</governor>
            <dependent idx="30">South</dependent>
          </dep>
          <dep type="nmod:in">
            <governor idx="28">operations</governor>
            <dependent idx="31">Charleston</dependent>
          </dep>
          <dep type="punct">
            <governor idx="24">have</governor>
            <dependent idx="32">,</dependent>
          </dep>
          <dep type="det">
            <governor idx="35">spokesman</governor>
            <dependent idx="33">an</dependent>
          </dep>
          <dep type="compound">
            <governor idx="35">spokesman</governor>
            <dependent idx="34">EDS</dependent>
          </dep>
          <dep type="nsubj">
            <governor idx="36">said</governor>
            <dependent idx="35">spokesman</dependent>
          </dep>
          <dep type="parataxis">
            <governor idx="24">have</governor>
            <dependent idx="36">said</dependent>
          </dep>
          <dep type="punct">
            <governor idx="4">early</governor>
            <dependent idx="37">.</dependent>
          </dep>
        </dependencies>
        <dependencies type="collapsed-ccprocessed-dependencies">
          <dep type="root">
            <governor idx="0">ROOT</governor>
            <dependent idx="4">early</dependent>
          </dep>
          <dep type="nsubj">
            <governor idx="4">early</governor>
            <dependent idx="1">It</dependent>
          </dep>
          <dep type="cop">
            <governor idx="4">early</governor>
            <dependent idx="2">'s</dependent>
          </dep>
          <dep type="advmod">
            <governor idx="4">early</governor>
            <dependent idx="3">too</dependent>
          </dep>
          <dep type="mark">
            <governor idx="6">tell</governor>
            <dependent idx="5">to</dependent>
          </dep>
          <dep type="xcomp">
            <governor idx="4">early</governor>
            <dependent idx="6">tell</dependent>
          </dep>
          <dep type="det">
            <governor idx="8">impact</governor>
            <dependent idx="7">what</dependent>
          </dep>
          <dep type="dobj">
            <governor idx="6">tell</governor>
            <dependent idx="8">impact</dependent>
          </dep>
          <dep type="punct">
            <governor idx="24">have</governor>
            <dependent idx="9">-</dependent>
          </dep>
          <dep type="mark">
            <governor idx="24">have</governor>
            <dependent idx="10">if</dependent>
          </dep>
          <dep type="det">
            <governor idx="16">decision</governor>
            <dependent idx="11">any</dependent>
          </dep>
          <dep type="punct">
            <governor idx="16">decision</governor>
            <dependent idx="12">-</dependent>
          </dep>
          <dep type="compound">
            <governor idx="14">Co.</governor>
            <dependent idx="13">Hewlett-Packard</dependent>
          </dep>
          <dep type="nmod:poss">
            <governor idx="16">decision</governor>
            <dependent idx="14">Co.</dependent>
          </dep>
          <dep type="case">
            <governor idx="14">Co.</governor>
            <dependent idx="15">'s</dependent>
          </dep>
          <dep type="nsubj">
            <governor idx="24">have</governor>
            <dependent idx="16">decision</dependent>
          </dep>
          <dep type="mark">
            <governor idx="18">acquire</governor>
            <dependent idx="17">to</dependent>
          </dep>
          <dep type="acl">
            <governor idx="16">decision</governor>
            <dependent idx="18">acquire</dependent>
          </dep>
          <dep type="compound">
            <governor idx="22">Corp.</governor>
            <dependent idx="19">Electronic</dependent>
          </dep>
          <dep type="compound">
            <governor idx="22">Corp.</governor>
            <dependent idx="20">Data</dependent>
          </dep>
          <dep type="compound">
            <governor idx="22">Corp.</governor>
            <dependent idx="21">Systems</dependent>
          </dep>
          <dep type="dobj">
            <governor idx="18">acquire</governor>
            <dependent idx="22">Corp.</dependent>
          </dep>
          <dep type="aux">
            <governor idx="24">have</governor>
            <dependent idx="23">will</dependent>
          </dep>
          <dep type="dep">
            <governor idx="8">impact</governor>
            <dependent idx="24">have</dependent>
          </dep>
          <dep type="case">
            <governor idx="28">operations</governor>
            <dependent idx="25">on</dependent>
          </dep>
          <dep type="nmod:poss">
            <governor idx="28">operations</governor>
            <dependent idx="26">EDS</dependent>
          </dep>
          <dep type="case">
            <governor idx="26">EDS</governor>
            <dependent idx="27">'</dependent>
          </dep>
          <dep type="nmod:on">
            <governor idx="24">have</governor>
            <dependent idx="28">operations</dependent>
          </dep>
          <dep type="case">
            <governor idx="31">Charleston</governor>
            <dependent idx="29">in</dependent>
          </dep>
          <dep type="compound">
            <governor idx="31">Charleston</governor>
            <dependent idx="30">South</dependent>
          </dep>
          <dep type="nmod:in">
            <governor idx="28">operations</governor>
            <dependent idx="31">Charleston</dependent>
          </dep>
          <dep type="punct">
            <governor idx="24">have</governor>
            <dependent idx="32">,</dependent>
          </dep>
          <dep type="det">
            <governor idx="35">spokesman</governor>
            <dependent idx="33">an</dependent>
          </dep>
          <dep type="compound">
            <governor idx="35">spokesman</governor>
            <dependent idx="34">EDS</dependent>
          </dep>
          <dep type="nsubj">
            <governor idx="36">said</governor>
            <dependent idx="35">spokesman</dependent>
          </dep>
          <dep type="parataxis">
            <governor idx="24">have</governor>
            <dependent idx="36">said</dependent>
          </dep>
          <dep type="punct">
            <governor idx="4">early</governor>
            <dependent idx="37">.</dependent>
          </dep>
        </dependencies>
      </sentence>
      <sentence id="2" line="2">
        <tokens>
          <token id="1">
            <word>Earlier</word>
            <lemma>earlier</lemma>
            <CharacterOffsetBegin>196</CharacterOffsetBegin>
            <CharacterOffsetEnd>203</CharacterOffsetEnd>
            <POS>RBR</POS>
            <NER>DATE</NER>
            <NormalizedNER>THIS P1M</NormalizedNER>
            <Timex tid="t1" type="DATE"/>
          </token>
          <token id="2">
            <word>this</word>
            <lemma>this</lemma>
            <CharacterOffsetBegin>204</CharacterOffsetBegin>
            <CharacterOffsetEnd>208</CharacterOffsetEnd>
            <POS>DT</POS>
            <NER>DATE</NER>
            <NormalizedNER>THIS P1M</NormalizedNER>
            <Timex tid="t1" type="DATE"/>
          </token>
          <token id="3">
            <word>month</word>
            <lemma>month</lemma>
            <CharacterOffsetBegin>209</CharacterOffsetBegin>
            <CharacterOffsetEnd>214</CharacterOffsetEnd>
            <POS>NN</POS>
            <NER>DATE</NER>
            <NormalizedNER>THIS P1M</NormalizedNER>
            <Timex tid="t1" type="DATE"/>
          </token>
          <token id="4">
            <word>Hewlett-Packard</word>
            <lemma>Hewlett-Packard</lemma>
            <CharacterOffsetBegin>215</CharacterOffsetBegin>
            <CharacterOffsetEnd>230</CharacterOffsetEnd>
            <POS>NNP</POS>
            <NER>ORGANIZATION</NER>
          </token>
          <token id="5">
            <word>unveiled</word>
            <lemma>unveil</lemma>
            <CharacterOffsetBegin>231</CharacterOffsetBegin>
            <CharacterOffsetEnd>239</CharacterOffsetEnd>
            <POS>VBD</POS>
            <NER>O</NER>
          </token>
          <token id="6">
            <word>a</word>
            <lemma>a</lemma>
            <CharacterOffsetBegin>240</CharacterOffsetBegin>
            <CharacterOffsetEnd>241</CharacterOffsetEnd>
            <POS>DT</POS>
            <NER>O</NER>
          </token>
          <token id="7">
            <word>bid</word>
            <lemma>bid</lemma>
            <CharacterOffsetBegin>242</CharacterOffsetBegin>
            <CharacterOffsetEnd>245</CharacterOffsetEnd>
            <POS>NN</POS>
            <NER>O</NER>
          </token>
          <token id="8">
            <word>of</word>
            <lemma>of</lemma>
            <CharacterOffsetBegin>246</CharacterOffsetBegin>
            <CharacterOffsetEnd>248</CharacterOffsetEnd>
            <POS>IN</POS>
            <NER>O</NER>
          </token>
          <token id="9">
            <word>nearly</word>
            <lemma>nearly</lemma>
            <CharacterOffsetBegin>249</CharacterOffsetBegin>
            <CharacterOffsetEnd>255</CharacterOffsetEnd>
            <POS>RB</POS>
            <NER>O</NER>
          </token>
          <token id="10">
            <word>$</word>
            <lemma>$</lemma>
            <CharacterOffsetBegin>256</CharacterOffsetBegin>
            <CharacterOffsetEnd>257</CharacterOffsetEnd>
            <POS>$</POS>
            <NER>MONEY</NER>
            <NormalizedNER>~$1.4E10</NormalizedNER>
          </token>
          <token id="11">
            <word>14</word>
            <lemma>14</lemma>
            <CharacterOffsetBegin>258</CharacterOffsetBegin>
            <CharacterOffsetEnd>260</CharacterOffsetEnd>
            <POS>CD</POS>
            <NER>MONEY</NER>
            <NormalizedNER>~$1.4E10</NormalizedNER>
          </token>
          <token id="12">
            <word>billion</word>
            <lemma>billion</lemma>
            <CharacterOffsetBegin>261</CharacterOffsetBegin>
            <CharacterOffsetEnd>268</CharacterOffsetEnd>
            <POS>CD</POS>
            <NER>MONEY</NER>
            <NormalizedNER>~$1.4E10</NormalizedNER>
          </token>
          <token id="13">
            <word>bid</word>
            <lemma>bid</lemma>
            <CharacterOffsetBegin>269</CharacterOffsetBegin>
            <CharacterOffsetEnd>272</CharacterOffsetEnd>
            <POS>NN</POS>
            <NER>O</NER>
          </token>
          <token id="14">
            <word>to</word>
            <lemma>to</lemma>
            <CharacterOffsetBegin>273</CharacterOffsetBegin>
            <CharacterOffsetEnd>275</CharacterOffsetEnd>
            <POS>TO</POS>
            <NER>O</NER>
          </token>
          <token id="15">
            <word>purchase</word>
            <lemma>purchase</lemma>
            <CharacterOffsetBegin>276</CharacterOffsetBegin>
            <CharacterOffsetEnd>284</CharacterOffsetEnd>
            <POS>VB</POS>
            <NER>O</NER>
          </token>
          <token id="16">
            <word>EDS</word>
            <lemma>EDS</lemma>
            <CharacterOffsetBegin>285</CharacterOffsetBegin>
            <CharacterOffsetEnd>288</CharacterOffsetEnd>
            <POS>NNP</POS>
            <NER>O</NER>
          </token>
          <token id="17">
            <word>.</word>
            <lemma>.</lemma>
            <CharacterOffsetBegin>289</CharacterOffsetBegin>
            <CharacterOffsetEnd>290</CharacterOffsetEnd>
            <POS>.</POS>
            <NER>O</NER>
          </token>
        </tokens>
        <parse>(ROOT (S (NP-TMP (RBR Earlier) (DT this) (NN month)) (NP (NNP Hewlett-Packard)) (VP (VBD unveiled) (NP (NP (DT a) (NN bid)) (PP (IN of) (NP (QP (RB nearly) ($ $) (CD 14) (CD billion)) (NN bid)))) (S (VP (TO to) (VP (VB purchase) (NP (NNP EDS)))))) (. .))) </parse>
        <dependencies type="basic-dependencies">
          <dep type="root">
            <governor idx="0">ROOT</governor>
            <dependent idx="5">unveiled</dependent>
          </dep>
          <dep type="advmod">
            <governor idx="3">month</governor>
            <dependent idx="1">Earlier</dependent>
          </dep>
          <dep type="det">
            <governor idx="3">month</governor>
            <dependent idx="2">this</dependent>
          </dep>
          <dep type="nmod:tmod">
            <governor idx="5">unveiled</governor>
            <dependent idx="3">month</dependent>
          </dep>
          <dep type="nsubj">
            <governor idx="5">unveiled</governor>
            <dependent idx="4">Hewlett-Packard</dependent>
          </dep>
          <dep type="det">
            <governor idx="7">bid</governor>
            <dependent idx="6">a</dependent>
          </dep>
          <dep type="dobj">
            <governor idx="5">unveiled</governor>
            <dependent idx="7">bid</dependent>
          </dep>
          <dep type="case">
            <governor idx="10">$</governor>
            <dependent idx="8">of</dependent>
          </dep>
          <dep type="advmod">
            <governor idx="10">$</governor>
            <dependent idx="9">nearly</dependent>
          </dep>
          <dep type="nmod">
            <governor idx="7">bid</governor>
            <dependent idx="10">$</dependent>
          </dep>
          <dep type="compound">
            <governor idx="12">billion</governor>
            <dependent idx="11">14</dependent>
          </dep>
          <dep type="nummod">
            <governor idx="10">$</governor>
            <dependent idx="12">billion</dependent>
          </dep>
          <dep type="dep">
            <governor idx="10">$</governor>
            <dependent idx="13">bid</dependent>
          </dep>
          <dep type="mark">
            <governor idx="15">purchase</governor>
            <dependent idx="14">to</dependent>
          </dep>
          <dep type="acl">
            <governor idx="7">bid</governor>
            <dependent idx="15">purchase</dependent>
          </dep>
          <dep type="dobj">
            <governor idx="15">purchase</governor>
            <dependent idx="16">EDS</dependent>
          </dep>
          <dep type="punct">
            <governor idx="5">unveiled</governor>
            <dependent idx="17">.</dependent>
          </dep>
        </dependencies>
        <dependencies type="collapsed-dependencies">
          <dep type="root">
            <governor idx="0">ROOT</governor>
            <dependent idx="5">unveiled</dependent>
          </dep>
          <dep type="advmod">
            <governor idx="3">month</governor>
            <dependent idx="1">Earlier</dependent>
          </dep>
          <dep type="det">
            <governor idx="3">month</governor>
            <dependent idx="2">this</dependent>
          </dep>
          <dep type="nmod:tmod">
            <governor idx="5">unveiled</governor>
            <dependent idx="3">month</dependent>
          </dep>
          <dep type="nsubj">
            <governor idx="5">unveiled</governor>
            <dependent idx="4">Hewlett-Packard</dependent>
          </dep>
          <dep type="det">
            <governor idx="7">bid</governor>
            <dependent idx="6">a</dependent>
          </dep>
          <dep type="dobj">
            <governor idx="5">unveiled</governor>
            <dependent idx="7">bid</dependent>
          </dep>
          <dep type="case">
            <governor idx="10">$</governor>
            <dependent idx="8">of</dependent>
          </dep>
          <dep type="advmod">
            <governor idx="10">$</governor>
            <dependent idx="9">nearly</dependent>
          </dep>
          <dep type="nmod:of">
            <governor idx="7">bid</governor>
            <dependent idx="10">$</dependent>
          </dep>
          <dep type="compound">
            <governor idx="12">billion</governor>
            <dependent idx="11">14</dependent>
          </dep>
          <dep type="nummod">
            <governor idx="10">$</governor>
            <dependent idx="12">billion</dependent>
          </dep>
          <dep type="dep">
            <governor idx="10">$</governor>
            <dependent idx="13">bid</dependent>
          </dep>
          <dep type="mark">
            <governor idx="15">purchase</governor>
            <dependent idx="14">to</dependent>
          </dep>
          <dep type="acl">
            <governor idx="7">bid</governor>
            <dependent idx="15">purchase</dependent>
          </dep>
          <dep type="dobj">
            <governor idx="15">purchase</governor>
            <dependent idx="16">EDS</dependent>
          </dep>
          <dep type="punct">
            <governor idx="5">unveiled</governor>
            <dependent idx="17">.</dependent>
          </dep>
        </dependencies>
        <dependencies type="collapsed-ccprocessed-dependencies">
          <dep type="root">
            <governor idx="0">ROOT</governor>
            <dependent idx="5">unveiled</dependent>
          </dep>
          <dep type="advmod">
            <governor idx="3">month</governor>
            <dependent idx="1">Earlier</dependent>
          </dep>
          <dep type="det">
            <governor idx="3">month</governor>
            <dependent idx="2">this</dependent>
          </dep>
          <dep type="nmod:tmod">
            <governor idx="5">unveiled</governor>
            <dependent idx="3">month</dependent>
          </dep>
          <dep type="nsubj">
            <governor idx="5">unveiled</governor>
            <dependent idx="4">Hewlett-Packard</dependent>
          </dep>
          <dep type="det">
            <governor idx="7">bid</governor>
            <dependent idx="6">a</dependent>
          </dep>
          <dep type="dobj">
            <governor idx="5">unveiled</governor>
            <dependent idx="7">bid</dependent>
          </dep>
          <dep type="case">
            <governor idx="10">$</governor>
            <dependent idx="8">of</dependent>
          </dep>
          <dep type="advmod">
            <governor idx="10">$</governor>
            <dependent idx="9">nearly</dependent>
          </dep>
          <dep type="nmod:of">
            <governor idx="7">bid</governor>
            <dependent idx="10">$</dependent>
          </dep>
          <dep type="compound">
            <governor idx="12">billion</governor>
            <dependent idx="11">14</dependent>
          </dep>
          <dep type="nummod">
            <governor idx="10">$</governor>
            <dependent idx="12">billion</dependent>
          </dep>
          <dep type="dep">
            <governor idx="10">$</governor>
            <dependent idx="13">bid</dependent>
          </dep>
          <dep type="mark">
            <governor idx="15">purchase</governor>
            <dependent idx="14">to</dependent>
          </dep>
          <dep type="acl">
            <governor idx="7">bid</governor>
            <dependent idx="15">purchase</dependent>
          </dep>
          <dep type="dobj">
            <governor idx="15">purchase</governor>
            <dependent idx="16">EDS</dependent>
          </dep>
          <dep type="punct">
            <governor idx="5">unveiled</governor>
            <dependent idx="17">.</dependent>
          </dep>
        </dependencies>
      </sentence>
      <sentence id="3" line="3">
        <tokens>
          <token id="1">
            <word>Bill</word>
            <lemma>Bill</lemma>
            <CharacterOffsetBegin>291</CharacterOffsetBegin>
            <CharacterOffsetEnd>295</CharacterOffsetEnd>
            <POS>NNP</POS>
            <NER>PERSON</NER>
          </token>
          <token id="2">
            <word>Ritz</word>
            <lemma>Ritz</lemma>
            <CharacterOffsetBegin>296</CharacterOffsetBegin>
            <CharacterOffsetEnd>300</CharacterOffsetEnd>
            <POS>NNP</POS>
            <NER>PERSON</NER>
          </token>
          <token id="3">
            <word>,</word>
            <lemma>,</lemma>
            <CharacterOffsetBegin>301</CharacterOffsetBegin>
            <CharacterOffsetEnd>302</CharacterOffsetEnd>
            <POS>,</POS>
            <NER>O</NER>
          </token>
          <token id="4">
            <word>EDS</word>
            <lemma>EDS</lemma>
            <CharacterOffsetBegin>303</CharacterOffsetBegin>
            <CharacterOffsetEnd>306</CharacterOffsetEnd>
            <POS>NNP</POS>
            <NER>ORGANIZATION</NER>
          </token>
          <token id="5">
            <word>spokesman</word>
            <lemma>spokesman</lemma>
            <CharacterOffsetBegin>307</CharacterOffsetBegin>
            <CharacterOffsetEnd>316</CharacterOffsetEnd>
            <POS>NN</POS>
            <NER>O</NER>
          </token>
          <token id="6">
            <word>,</word>
            <lemma>,</lemma>
            <CharacterOffsetBegin>317</CharacterOffsetBegin>
            <CharacterOffsetEnd>318</CharacterOffsetEnd>
            <POS>,</POS>
            <NER>O</NER>
          </token>
          <token id="7">
            <word>pointed</word>
            <lemma>point</lemma>
            <CharacterOffsetBegin>319</CharacterOffsetBegin>
            <CharacterOffsetEnd>326</CharacterOffsetEnd>
            <POS>VBD</POS>
            <NER>O</NER>
          </token>
          <token id="8">
            <word>out</word>
            <lemma>out</lemma>
            <CharacterOffsetBegin>327</CharacterOffsetBegin>
            <CharacterOffsetEnd>330</CharacterOffsetEnd>
            <POS>RP</POS>
            <NER>O</NER>
          </token>
          <token id="9">
            <word>that</word>
            <lemma>that</lemma>
            <CharacterOffsetBegin>331</CharacterOffsetBegin>
            <CharacterOffsetEnd>335</CharacterOffsetEnd>
            <POS>IN</POS>
            <NER>O</NER>
          </token>
          <token id="10">
            <word>Hewlett-Packard</word>
            <lemma>Hewlett-Packard</lemma>
            <CharacterOffsetBegin>336</CharacterOffsetBegin>
            <CharacterOffsetEnd>351</CharacterOffsetEnd>
            <POS>NNP</POS>
            <NER>ORGANIZATION</NER>
          </token>
          <token id="11">
            <word>'s</word>
            <lemma>'s</lemma>
            <CharacterOffsetBegin>352</CharacterOffsetBegin>
            <CharacterOffsetEnd>354</CharacterOffsetEnd>
            <POS>POS</POS>
            <NER>O</NER>
          </token>
          <token id="12">
            <word>acquisition</word>
            <lemma>acquisition</lemma>
            <CharacterOffsetBegin>355</CharacterOffsetBegin>
            <CharacterOffsetEnd>366</CharacterOffsetEnd>
            <POS>NN</POS>
            <NER>O</NER>
          </token>
          <token id="13">
            <word>of</word>
            <lemma>of</lemma>
            <CharacterOffsetBegin>367</CharacterOffsetBegin>
            <CharacterOffsetEnd>369</CharacterOffsetEnd>
            <POS>IN</POS>
            <NER>O</NER>
          </token>
          <token id="14">
            <word>EDS</word>
            <lemma>EDS</lemma>
            <CharacterOffsetBegin>370</CharacterOffsetBegin>
            <CharacterOffsetEnd>373</CharacterOffsetEnd>
            <POS>NNP</POS>
            <NER>O</NER>
          </token>
          <token id="15">
            <word>still</word>
            <lemma>still</lemma>
            <CharacterOffsetBegin>374</CharacterOffsetBegin>
            <CharacterOffsetEnd>379</CharacterOffsetEnd>
            <POS>RB</POS>
            <NER>O</NER>
          </token>
          <token id="16">
            <word>needs</word>
            <lemma>need</lemma>
            <CharacterOffsetBegin>380</CharacterOffsetBegin>
            <CharacterOffsetEnd>385</CharacterOffsetEnd>
            <POS>VBZ</POS>
            <NER>O</NER>
          </token>
          <token id="17">
            <word>the</word>
            <lemma>the</lemma>
            <CharacterOffsetBegin>386</CharacterOffsetBegin>
            <CharacterOffsetEnd>389</CharacterOffsetEnd>
            <POS>DT</POS>
            <NER>O</NER>
          </token>
          <token id="18">
            <word>approval</word>
            <lemma>approval</lemma>
            <CharacterOffsetBegin>390</CharacterOffsetBegin>
            <CharacterOffsetEnd>398</CharacterOffsetEnd>
            <POS>NN</POS>
            <NER>O</NER>
          </token>
          <token id="19">
            <word>of</word>
            <lemma>of</lemma>
            <CharacterOffsetBegin>399</CharacterOffsetBegin>
            <CharacterOffsetEnd>401</CharacterOffsetEnd>
            <POS>IN</POS>
            <NER>O</NER>
          </token>
          <token id="20">
            <word>regulators</word>
            <lemma>regulator</lemma>
            <CharacterOffsetBegin>402</CharacterOffsetBegin>
            <CharacterOffsetEnd>412</CharacterOffsetEnd>
            <POS>NNS</POS>
            <NER>O</NER>
          </token>
          <token id="21">
            <word>and</word>
            <lemma>and</lemma>
            <CharacterOffsetBegin>413</CharacterOffsetBegin>
            <CharacterOffsetEnd>416</CharacterOffsetEnd>
            <POS>CC</POS>
            <NER>O</NER>
          </token>
          <token id="22">
            <word>EDS</word>
            <lemma>EDS</lemma>
            <CharacterOffsetBegin>417</CharacterOffsetBegin>
            <CharacterOffsetEnd>420</CharacterOffsetEnd>
            <POS>NNP</POS>
            <NER>O</NER>
          </token>
          <token id="23">
            <word>'</word>
            <lemma>'</lemma>
            <CharacterOffsetBegin>421</CharacterOffsetBegin>
            <CharacterOffsetEnd>422</CharacterOffsetEnd>
            <POS>POS</POS>
            <NER>O</NER>
          </token>
          <token id="24">
            <word>stockholders</word>
            <lemma>stockholder</lemma>
            <CharacterOffsetBegin>423</CharacterOffsetBegin>
            <CharacterOffsetEnd>435</CharacterOffsetEnd>
            <POS>NNS</POS>
            <NER>O</NER>
          </token>
          <token id="25">
            <word>.</word>
            <lemma>.</lemma>
            <CharacterOffsetBegin>436</CharacterOffsetBegin>
            <CharacterOffsetEnd>437</CharacterOffsetEnd>
            <POS>.</POS>
            <NER>O</NER>
          </token>
        </tokens>
        <parse>(ROOT (S (NP (NP (NNP Bill) (NNP Ritz)) (, ,) (NP (NNP EDS) (NN spokesman)) (, ,)) (VP (VBD pointed) (PRT (RP out)) (SBAR (IN that) (S (NP (NP (NP (NNP Hewlett-Packard) (POS 's)) (NN acquisition)) (PP (IN of) (NP (NNP EDS)))) (ADVP (RB still)) (VP (VBZ needs) (NP (NP (DT the) (NN approval)) (PP (IN of) (NP (NP (NNS regulators)) (CC and) (NP (NP (NNP EDS) (POS ')) (NNS stockholders))))))))) (. .))) </parse>
        <dependencies type="basic-dependencies">
          <dep type="root">
            <governor idx="0">ROOT</governor>
            <dependent idx="7">pointed</dependent>
          </dep>
          <dep type="compound">
            <governor idx="2">Ritz</governor>
            <dependent idx="1">Bill</dependent>
          </dep>
          <dep type="nsubj">
            <governor idx="7">pointed</governor>
            <dependent idx="2">Ritz</dependent>
          </dep>
          <dep type="punct">
            <governor idx="2">Ritz</governor>
            <dependent idx="3">,</dependent>
          </dep>
          <dep type="compound">
            <governor idx="5">spokesman</governor>
            <dependent idx="4">EDS</dependent>
          </dep>
          <dep type="appos">
            <governor idx="2">Ritz</governor>
            <dependent idx="5">spokesman</dependent>
          </dep>
          <dep type="punct">
            <governor idx="2">Ritz</governor>
            <dependent idx="6">,</dependent>
          </dep>
          <dep type="compound:prt">
            <governor idx="7">pointed</governor>
            <dependent idx="8">out</dependent>
          </dep>
          <dep type="mark">
            <governor idx="16">needs</governor>
            <dependent idx="9">that</dependent>
          </dep>
          <dep type="nmod:poss">
            <governor idx="12">acquisition</governor>
            <dependent idx="10">Hewlett-Packard</dependent>
          </dep>
          <dep type="case">
            <governor idx="10">Hewlett-Packard</governor>
            <dependent idx="11">'s</dependent>
          </dep>
          <dep type="nsubj">
            <governor idx="16">needs</governor>
            <dependent idx="12">acquisition</dependent>
          </dep>
          <dep type="case">
            <governor idx="14">EDS</governor>
            <dependent idx="13">of</dependent>
          </dep>
          <dep type="nmod">
            <governor idx="12">acquisition</governor>
            <dependent idx="14">EDS</dependent>
          </dep>
          <dep type="advmod">
            <governor idx="16">needs</governor>
            <dependent idx="15">still</dependent>
          </dep>
          <dep type="ccomp">
            <governor idx="7">pointed</governor>
            <dependent idx="16">needs</dependent>
          </dep>
          <dep type="det">
            <governor idx="18">approval</governor>
            <dependent idx="17">the</dependent>
          </dep>
          <dep type="dobj">
            <governor idx="16">needs</governor>
            <dependent idx="18">approval</dependent>
          </dep>
          <dep type="case">
            <governor idx="20">regulators</governor>
            <dependent idx="19">of</dependent>
          </dep>
          <dep type="nmod">
            <governor idx="18">approval</governor>
            <dependent idx="20">regulators</dependent>
          </dep>
          <dep type="cc">
            <governor idx="16">needs</governor>
            <dependent idx="21">and</dependent>
          </dep>
          <dep type="nmod:poss">
            <governor idx="24">stockholders</governor>
            <dependent idx="22">EDS</dependent>
          </dep>
          <dep type="case">
            <governor idx="22">EDS</governor>
            <dependent idx="23">'</dependent>
          </dep>
          <dep type="conj">
            <governor idx="16">needs</governor>
            <dependent idx="24">stockholders</dependent>
          </dep>
          <dep type="punct">
            <governor idx="7">pointed</governor>
            <dependent idx="25">.</dependent>
          </dep>
        </dependencies>
        <dependencies type="collapsed-dependencies">
          <dep type="root">
            <governor idx="0">ROOT</governor>
            <dependent idx="7">pointed</dependent>
          </dep>
          <dep type="compound">
            <governor idx="2">Ritz</governor>
            <dependent idx="1">Bill</dependent>
          </dep>
          <dep type="nsubj">
            <governor idx="7">pointed</governor>
            <dependent idx="2">Ritz</dependent>
          </dep>
          <dep type="punct">
            <governor idx="2">Ritz</governor>
            <dependent idx="3">,</dependent>
          </dep>
          <dep type="compound">
            <governor idx="5">spokesman</governor>
            <dependent idx="4">EDS</dependent>
          </dep>
          <dep type="appos">
            <governor idx="2">Ritz</governor>
            <dependent idx="5">spokesman</dependent>
          </dep>
          <dep type="punct">
            <governor idx="2">Ritz</governor>
            <dependent idx="6">,</dependent>
          </dep>
          <dep type="compound:prt">
            <governor idx="7">pointed</governor>
            <dependent idx="8">out</dependent>
          </dep>
          <dep type="mark">
            <governor idx="16">needs</governor>
            <dependent idx="9">that</dependent>
          </dep>
          <dep type="nmod:poss">
            <governor idx="12">acquisition</governor>
            <dependent idx="10">Hewlett-Packard</dependent>
          </dep>
          <dep type="case">
            <governor idx="10">Hewlett-Packard</governor>
            <dependent idx="11">'s</dependent>
          </dep>
          <dep type="nsubj">
            <governor idx="16">needs</governor>
            <dependent idx="12">acquisition</dependent>
          </dep>
          <dep type="case">
            <governor idx="14">EDS</governor>
            <dependent idx="13">of</dependent>
          </dep>
          <dep type="nmod:of">
            <governor idx="12">acquisition</governor>
            <dependent idx="14">EDS</dependent>
          </dep>
          <dep type="advmod">
            <governor idx="16">needs</governor>
            <dependent idx="15">still</dependent>
          </dep>
          <dep type="ccomp">
            <governor idx="7">pointed</governor>
            <dependent idx="16">needs</dependent>
          </dep>
          <dep type="det">
            <governor idx="18">approval</governor>
            <dependent idx="17">the</dependent>
          </dep>
          <dep type="dobj">
            <governor idx="16">needs</governor>
            <dependent idx="18">approval</dependent>
          </dep>
          <dep type="case">
            <governor idx="20">regulators</governor>
            <dependent idx="19">of</dependent>
          </dep>
          <dep type="nmod:of">
            <governor idx="18">approval</governor>
            <dependent idx="20">regulators</dependent>
          </dep>
          <dep type="cc">
            <governor idx="16">needs</governor>
            <dependent idx="21">and</dependent>
          </dep>
          <dep type="nmod:poss">
            <governor idx="24">stockholders</governor>
            <dependent idx="22">EDS</dependent>
          </dep>
          <dep type="case">
            <governor idx="22">EDS</governor>
            <dependent idx="23">'</dependent>
          </dep>
          <dep type="conj:and">
            <governor idx="16">needs</governor>
            <dependent idx="24">stockholders</dependent>
          </dep>
          <dep type="punct">
            <governor idx="7">pointed</governor>
            <dependent idx="25">.</dependent>
          </dep>
        </dependencies>
        <dependencies type="collapsed-ccprocessed-dependencies">
          <dep type="root">
            <governor idx="0">ROOT</governor>
            <dependent idx="7">pointed</dependent>
          </dep>
          <dep type="compound">
            <governor idx="2">Ritz</governor>
            <dependent idx="1">Bill</dependent>
          </dep>
          <dep type="nsubj">
            <governor idx="7">pointed</governor>
            <dependent idx="2">Ritz</dependent>
          </dep>
          <dep type="punct">
            <governor idx="2">Ritz</governor>
            <dependent idx="3">,</dependent>
          </dep>
          <dep type="compound">
            <governor idx="5">spokesman</governor>
            <dependent idx="4">EDS</dependent>
          </dep>
          <dep type="appos">
            <governor idx="2">Ritz</governor>
            <dependent idx="5">spokesman</dependent>
          </dep>
          <dep type="punct">
            <governor idx="2">Ritz</governor>
            <dependent idx="6">,</dependent>
          </dep>
          <dep type="compound:prt">
            <governor idx="7">pointed</governor>
            <dependent idx="8">out</dependent>
          </dep>
          <dep type="mark">
            <governor idx="16">needs</governor>
            <dependent idx="9">that</dependent>
          </dep>
          <dep type="nmod:poss">
            <governor idx="12">acquisition</governor>
            <dependent idx="10">Hewlett-Packard</dependent>
          </dep>
          <dep type="case">
            <governor idx="10">Hewlett-Packard</governor>
            <dependent idx="11">'s</dependent>
          </dep>
          <dep type="nsubj">
            <governor idx="16">needs</governor>
            <dependent idx="12">acquisition</dependent>
          </dep>
          <dep type="case">
            <governor idx="14">EDS</governor>
            <dependent idx="13">of</dependent>
          </dep>
          <dep type="nmod:of">
            <governor idx="12">acquisition</governor>
            <dependent idx="14">EDS</dependent>
          </dep>
          <dep type="advmod">
            <governor idx="16">needs</governor>
            <dependent idx="15">still</dependent>
          </dep>
          <dep type="ccomp">
            <governor idx="7">pointed</governor>
            <dependent idx="16">needs</dependent>
          </dep>
          <dep type="det">
            <governor idx="18">approval</governor>
            <dependent idx="17">the</dependent>
          </dep>
          <dep type="dobj">
            <governor idx="16">needs</governor>
            <dependent idx="18">approval</dependent>
          </dep>
          <dep type="case">
            <governor idx="20">regulators</governor>
            <dependent idx="19">of</dependent>
          </dep>
          <dep type="nmod:of">
            <governor idx="18">approval</governor>
            <dependent idx="20">regulators</dependent>
          </dep>
          <dep type="cc">
            <governor idx="16">needs</governor>
            <dependent idx="21">and</dependent>
          </dep>
          <dep type="nmod:poss">
            <governor idx="24">stockholders</governor>
            <dependent idx="22">EDS</dependent>
          </dep>
          <dep type="case">
            <governor idx="22">EDS</governor>
            <dependent idx="23">'</dependent>
          </dep>
          <dep type="ccomp" extra="true">
            <governor idx="7">pointed</governor>
            <dependent idx="24">stockholders</dependent>
          </dep>
          <dep type="conj:and">
            <governor idx="16">needs</governor>
            <dependent idx="24">stockholders</dependent>
          </dep>
          <dep type="punct">
            <governor idx="7">pointed</governor>
            <dependent idx="25">.</dependent>
          </dep>
        </dependencies>
      </sentence>
      <sentence id="4" line="4">
        <tokens>
          <token id="1">
            <word>``</word>
            <lemma>``</lemma>
            <CharacterOffsetBegin>438</CharacterOffsetBegin>
            <CharacterOffsetEnd>440</CharacterOffsetEnd>
            <POS>``</POS>
            <NER>O</NER>
          </token>
          <token id="2">
            <word>The</word>
            <lemma>the</lemma>
            <CharacterOffsetBegin>441</CharacterOffsetBegin>
            <CharacterOffsetEnd>444</CharacterOffsetEnd>
            <POS>DT</POS>
            <NER>O</NER>
          </token>
          <token id="3">
            <word>deal</word>
            <lemma>deal</lemma>
            <CharacterOffsetBegin>445</CharacterOffsetBegin>
            <CharacterOffsetEnd>449</CharacterOffsetEnd>
            <POS>NN</POS>
            <NER>O</NER>
          </token>
          <token id="4">
            <word>is</word>
            <lemma>be</lemma>
            <CharacterOffsetBegin>450</CharacterOffsetBegin>
            <CharacterOffsetEnd>452</CharacterOffsetEnd>
            <POS>VBZ</POS>
            <NER>O</NER>
          </token>
          <token id="5">
            <word>supposed</word>
            <lemma>suppose</lemma>
            <CharacterOffsetBegin>453</CharacterOffsetBegin>
            <CharacterOffsetEnd>461</CharacterOffsetEnd>
            <POS>VBN</POS>
            <NER>O</NER>
          </token>
          <token id="6">
            <word>to</word>
            <lemma>to</lemma>
            <CharacterOffsetBegin>462</CharacterOffsetBegin>
            <CharacterOffsetEnd>464</CharacterOffsetEnd>
            <POS>TO</POS>
            <NER>O</NER>
          </token>
          <token id="7">
            <word>close</word>
            <lemma>close</lemma>
            <CharacterOffsetBegin>465</CharacterOffsetBegin>
            <CharacterOffsetEnd>470</CharacterOffsetEnd>
            <POS>VB</POS>
            <NER>O</NER>
          </token>
          <token id="8">
            <word>sometime</word>
            <lemma>sometime</lemma>
            <CharacterOffsetBegin>471</CharacterOffsetBegin>
            <CharacterOffsetEnd>479</CharacterOffsetEnd>
            <POS>RB</POS>
            <NER>O</NER>
          </token>
          <token id="9">
            <word>in</word>
            <lemma>in</lemma>
            <CharacterOffsetBegin>480</CharacterOffsetBegin>
            <CharacterOffsetEnd>482</CharacterOffsetEnd>
            <POS>IN</POS>
            <NER>O</NER>
          </token>
          <token id="10">
            <word>the</word>
            <lemma>the</lemma>
            <CharacterOffsetBegin>483</CharacterOffsetBegin>
            <CharacterOffsetEnd>486</CharacterOffsetEnd>
            <POS>DT</POS>
            <NER>DATE</NER>
            <NormalizedNER>2008</NormalizedNER>
            <Timex tid="t2" type="DATE">2008</Timex>
          </token>
          <token id="11">
            <word>second</word>
            <lemma>second</lemma>
            <CharacterOffsetBegin>487</CharacterOffsetBegin>
            <CharacterOffsetEnd>493</CharacterOffsetEnd>
            <POS>JJ</POS>
            <NER>DATE</NER>
            <NormalizedNER>2008</NormalizedNER>
            <Timex tid="t2" type="DATE">2008</Timex>
          </token>
          <token id="12">
            <word>half</word>
            <lemma>half</lemma>
            <CharacterOffsetBegin>494</CharacterOffsetBegin>
            <CharacterOffsetEnd>498</CharacterOffsetEnd>
            <POS>NN</POS>
            <NER>DATE</NER>
            <NormalizedNER>2008</NormalizedNER>
            <Timex tid="t2" type="DATE">2008</Timex>
          </token>
          <token id="13">
            <word>of</word>
            <lemma>of</lemma>
            <CharacterOffsetBegin>499</CharacterOffsetBegin>
            <CharacterOffsetEnd>501</CharacterOffsetEnd>
            <POS>IN</POS>
            <NER>DATE</NER>
            <NormalizedNER>2008</NormalizedNER>
            <Timex tid="t2" type="DATE">2008</Timex>
          </token>
          <token id="14">
            <word>2008</word>
            <lemma>2008</lemma>
            <CharacterOffsetBegin>502</CharacterOffsetBegin>
            <CharacterOffsetEnd>506</CharacterOffsetEnd>
            <POS>CD</POS>
            <NER>DATE</NER>
            <NormalizedNER>2008</NormalizedNER>
            <Timex tid="t2" type="DATE">2008</Timex>
          </token>
          <token id="15">
            <word>,</word>
            <lemma>,</lemma>
            <CharacterOffsetBegin>507</CharacterOffsetBegin>
            <CharacterOffsetEnd>508</CharacterOffsetEnd>
            <POS>,</POS>
            <NER>O</NER>
          </token>
          <token id="16">
            <word>''</word>
            <lemma>''</lemma>
            <CharacterOffsetBegin>509</CharacterOffsetBegin>
            <CharacterOffsetEnd>511</CharacterOffsetEnd>
            <POS>''</POS>
            <NER>O</NER>
          </token>
          <token id="17">
            <word>Ritz</word>
            <lemma>Ritz</lemma>
            <CharacterOffsetBegin>512</CharacterOffsetBegin>
            <CharacterOffsetEnd>516</CharacterOffsetEnd>
            <POS>NNP</POS>
            <NER>PERSON</NER>
          </token>
          <token id="18">
            <word>said</word>
            <lemma>say</lemma>
            <CharacterOffsetBegin>517</CharacterOffsetBegin>
            <CharacterOffsetEnd>521</CharacterOffsetEnd>
            <POS>VBD</POS>
            <NER>O</NER>
          </token>
          <token id="19">
            <word>.</word>
            <lemma>.</lemma>
            <CharacterOffsetBegin>522</CharacterOffsetBegin>
            <CharacterOffsetEnd>523</CharacterOffsetEnd>
            <POS>.</POS>
            <NER>O</NER>
          </token>
        </tokens>
        <parse>(ROOT (S (`` ``) (S (NP (DT The) (NN deal)) (VP (VBZ is) (VP (VBN supposed) (S (VP (TO to) (VP (VB close) (ADVP (RB sometime)) (PP (IN in) (NP (NP (DT the) (JJ second) (NN half)) (PP (IN of) (NP (CD 2008))))))))))) (, ,) ('' '') (NP (NNP Ritz)) (VP (VBD said)) (. .))) </parse>
        <dependencies type="basic-dependencies">
          <dep type="root">
            <governor idx="0">ROOT</governor>
            <dependent idx="18">said</dependent>
          </dep>
          <dep type="punct">
            <governor idx="18">said</governor>
            <dependent idx="1">``</dependent>
          </dep>
          <dep type="det">
            <governor idx="3">deal</governor>
            <dependent idx="2">The</dependent>
          </dep>
          <dep type="nsubjpass">
            <governor idx="5">supposed</governor>
            <dependent idx="3">deal</dependent>
          </dep>
          <dep type="auxpass">
            <governor idx="5">supposed</governor>
            <dependent idx="4">is</dependent>
          </dep>
          <dep type="ccomp">
            <governor idx="18">said</governor>
            <dependent idx="5">supposed</dependent>
          </dep>
          <dep type="mark">
            <governor idx="7">close</governor>
            <dependent idx="6">to</dependent>
          </dep>
          <dep type="xcomp">
            <governor idx="5">supposed</governor>
            <dependent idx="7">close</dependent>
          </dep>
          <dep type="advmod">
            <governor idx="7">close</governor>
            <dependent idx="8">sometime</dependent>
          </dep>
          <dep type="case">
            <governor idx="12">half</governor>
            <dependent idx="9">in</dependent>
          </dep>
          <dep type="det">
            <governor idx="12">half</governor>
            <dependent idx="10">the</dependent>
          </dep>
          <dep type="amod">
            <governor idx="12">half</governor>
            <dependent idx="11">second</dependent>
          </dep>
          <dep type="nmod">
            <governor idx="7">close</governor>
            <dependent idx="12">half</dependent>
          </dep>
          <dep type="case">
            <governor idx="14">2008</governor>
            <dependent idx="13">of</dependent>
          </dep>
          <dep type="nmod">
            <governor idx="12">half</governor>
            <dependent idx="14">2008</dependent>
          </dep>
          <dep type="punct">
            <governor idx="18">said</governor>
            <dependent idx="15">,</dependent>
          </dep>
          <dep type="punct">
            <governor idx="18">said</governor>
            <dependent idx="16">''</dependent>
          </dep>
          <dep type="nsubj">
            <governor idx="18">said</governor>
            <dependent idx="17">Ritz</dependent>
          </dep>
          <dep type="punct">
            <governor idx="18">said</governor>
            <dependent idx="19">.</dependent>
          </dep>
        </dependencies>
        <dependencies type="collapsed-dependencies">
          <dep type="root">
            <governor idx="0">ROOT</governor>
            <dependent idx="18">said</dependent>
          </dep>
          <dep type="punct">
            <governor idx="18">said</governor>
            <dependent idx="1">``</dependent>
          </dep>
          <dep type="det">
            <governor idx="3">deal</governor>
            <dependent idx="2">The</dependent>
          </dep>
          <dep type="nsubjpass">
            <governor idx="5">supposed</governor>
            <dependent idx="3">deal</dependent>
          </dep>
          <dep type="auxpass">
            <governor idx="5">supposed</governor>
            <dependent idx="4">is</dependent>
          </dep>
          <dep type="ccomp">
            <governor idx="18">said</governor>
            <dependent idx="5">supposed</dependent>
          </dep>
          <dep type="mark">
            <governor idx="7">close</governor>
            <dependent idx="6">to</dependent>
          </dep>
          <dep type="xcomp">
            <governor idx="5">supposed</governor>
            <dependent idx="7">close</dependent>
          </dep>
          <dep type="advmod">
            <governor idx="7">close</governor>
            <dependent idx="8">sometime</dependent>
          </dep>
          <dep type="case">
            <governor idx="12">half</governor>
            <dependent idx="9">in</dependent>
          </dep>
          <dep type="det">
            <governor idx="12">half</governor>
            <dependent idx="10">the</dependent>
          </dep>
          <dep type="amod">
            <governor idx="12">half</governor>
            <dependent idx="11">second</dependent>
          </dep>
          <dep type="nmod:in">
            <governor idx="7">close</governor>
            <dependent idx="12">half</dependent>
          </dep>
          <dep type="case">
            <governor idx="14">2008</governor>
            <dependent idx="13">of</dependent>
          </dep>
          <dep type="nmod:of">
            <governor idx="12">half</governor>
            <dependent idx="14">2008</dependent>
          </dep>
          <dep type="punct">
            <governor idx="18">said</governor>
            <dependent idx="15">,</dependent>
          </dep>
          <dep type="punct">
            <governor idx="18">said</governor>
            <dependent idx="16">''</dependent>
          </dep>
          <dep type="nsubj">
            <governor idx="18">said</governor>
            <dependent idx="17">Ritz</dependent>
          </dep>
          <dep type="punct">
            <governor idx="18">said</governor>
            <dependent idx="19">.</dependent>
          </dep>
        </dependencies>
        <dependencies type="collapsed-ccprocessed-dependencies">
          <dep type="root">
            <governor idx="0">ROOT</governor>
            <dependent idx="18">said</dependent>
          </dep>
          <dep type="punct">
            <governor idx="18">said</governor>
            <dependent idx="1">``</dependent>
          </dep>
          <dep type="det">
            <governor idx="3">deal</governor>
            <dependent idx="2">The</dependent>
          </dep>
          <dep type="nsubjpass">
            <governor idx="5">supposed</governor>
            <dependent idx="3">deal</dependent>
          </dep>
          <dep type="auxpass">
            <governor idx="5">supposed</governor>
            <dependent idx="4">is</dependent>
          </dep>
          <dep type="ccomp">
            <governor idx="18">said</governor>
            <dependent idx="5">supposed</dependent>
          </dep>
          <dep type="mark">
            <governor idx="7">close</governor>
            <dependent idx="6">to</dependent>
          </dep>
          <dep type="xcomp">
            <governor idx="5">supposed</governor>
            <dependent idx="7">close</dependent>
          </dep>
          <dep type="advmod">
            <governor idx="7">close</governor>
            <dependent idx="8">sometime</dependent>
          </dep>
          <dep type="case">
            <governor idx="12">half</governor>
            <dependent idx="9">in</dependent>
          </dep>
          <dep type="det">
            <governor idx="12">half</governor>
            <dependent idx="10">the</dependent>
          </dep>
          <dep type="amod">
            <governor idx="12">half</governor>
            <dependent idx="11">second</dependent>
          </dep>
          <dep type="nmod:in">
            <governor idx="7">close</governor>
            <dependent idx="12">half</dependent>
          </dep>
          <dep type="case">
            <governor idx="14">2008</governor>
            <dependent idx="13">of</dependent>
          </dep>
          <dep type="nmod:of">
            <governor idx="12">half</governor>
            <dependent idx="14">2008</dependent>
          </dep>
          <dep type="punct">
            <governor idx="18">said</governor>
            <dependent idx="15">,</dependent>
          </dep>
          <dep type="punct">
            <governor idx="18">said</governor>
            <dependent idx="16">''</dependent>
          </dep>
          <dep type="nsubj">
            <governor idx="18">said</governor>
            <dependent idx="17">Ritz</dependent>
          </dep>
          <dep type="punct">
            <governor idx="18">said</governor>
            <dependent idx="19">.</dependent>
          </dep>
        </dependencies>
      </sentence>
    </sentences>
  </document>
</root>
