<?xml version="1.0" encoding="UTF-8"?>
<?xml-stylesheet href="CoreNLP-to-HTML.xsl" type="text/xsl"?>
<root>
  <document>
    <sentences>
      <sentence id="1" line="1">
        <tokens>
          <token id="1">
            <word>Bettie</word>
            <lemma>Bettie</lemma>
            <CharacterOffsetBegin>0</CharacterOffsetBegin>
            <CharacterOffsetEnd>6</CharacterOffsetEnd>
            <POS>NNP</POS>
            <NER>PERSON</NER>
          </token>
          <token id="2">
            <word>Page</word>
            <lemma>Page</lemma>
            <CharacterOffsetBegin>7</CharacterOffsetBegin>
            <CharacterOffsetEnd>11</CharacterOffsetEnd>
            <POS>NNP</POS>
            <NER>PERSON</NER>
          </token>
          <token id="3">
            <word>,</word>
            <lemma>,</lemma>
            <CharacterOffsetBegin>12</CharacterOffsetBegin>
            <CharacterOffsetEnd>13</CharacterOffsetEnd>
            <POS>,</POS>
            <NER>O</NER>
          </token>
          <token id="4">
            <word>the</word>
            <lemma>the</lemma>
            <CharacterOffsetBegin>14</CharacterOffsetBegin>
            <CharacterOffsetEnd>17</CharacterOffsetEnd>
            <POS>DT</POS>
            <NER>DATE</NER>
            <NormalizedNER>195X</NormalizedNER>
            <Timex tid="t1" type="DATE">195X</Timex>
          </token>
          <token id="5">
            <word>1950s</word>
            <lemma>1950s</lemma>
            <CharacterOffsetBegin>18</CharacterOffsetBegin>
            <CharacterOffsetEnd>23</CharacterOffsetEnd>
            <POS>CD</POS>
            <NER>DATE</NER>
            <NormalizedNER>195X</NormalizedNER>
            <Timex tid="t1" type="DATE">195X</Timex>
          </token>
          <token id="6">
            <word>pinup</word>
            <lemma>pinup</lemma>
            <CharacterOffsetBegin>24</CharacterOffsetBegin>
            <CharacterOffsetEnd>29</CharacterOffsetEnd>
            <POS>NN</POS>
            <NER>O</NER>
          </token>
          <token id="7">
            <word>and</word>
            <lemma>and</lemma>
            <CharacterOffsetBegin>30</CharacterOffsetBegin>
            <CharacterOffsetEnd>33</CharacterOffsetEnd>
            <POS>CC</POS>
            <NER>O</NER>
          </token>
          <token id="8">
            <word>bondage</word>
            <lemma>bondage</lemma>
            <CharacterOffsetBegin>34</CharacterOffsetBegin>
            <CharacterOffsetEnd>41</CharacterOffsetEnd>
            <POS>NN</POS>
            <NER>O</NER>
          </token>
          <token id="9">
            <word>model</word>
            <lemma>model</lemma>
            <CharacterOffsetBegin>42</CharacterOffsetBegin>
            <CharacterOffsetEnd>47</CharacterOffsetEnd>
            <POS>NN</POS>
            <NER>O</NER>
          </token>
          <token id="10">
            <word>who</word>
            <lemma>who</lemma>
            <CharacterOffsetBegin>48</CharacterOffsetBegin>
            <CharacterOffsetEnd>51</CharacterOffsetEnd>
            <POS>WP</POS>
            <NER>O</NER>
          </token>
          <token id="11">
            <word>provided</word>
            <lemma>provide</lemma>
            <CharacterOffsetBegin>52</CharacterOffsetBegin>
            <CharacterOffsetEnd>60</CharacterOffsetEnd>
            <POS>VBD</POS>
            <NER>O</NER>
          </token>
          <token id="12">
            <word>more</word>
            <lemma>more</lemma>
            <CharacterOffsetBegin>61</CharacterOffsetBegin>
            <CharacterOffsetEnd>65</CharacterOffsetEnd>
            <POS>JJR</POS>
            <NER>O</NER>
          </token>
          <token id="13">
            <word>than</word>
            <lemma>than</lemma>
            <CharacterOffsetBegin>66</CharacterOffsetBegin>
            <CharacterOffsetEnd>70</CharacterOffsetEnd>
            <POS>IN</POS>
            <NER>O</NER>
          </token>
          <token id="14">
            <word>a</word>
            <lemma>a</lemma>
            <CharacterOffsetBegin>71</CharacterOffsetBegin>
            <CharacterOffsetEnd>72</CharacterOffsetEnd>
            <POS>DT</POS>
            <NER>O</NER>
          </token>
          <token id="15">
            <word>half-century</word>
            <lemma>half-century</lemma>
            <CharacterOffsetBegin>73</CharacterOffsetBegin>
            <CharacterOffsetEnd>85</CharacterOffsetEnd>
            <POS>NN</POS>
            <NER>O</NER>
          </token>
          <token id="16">
            <word>of</word>
            <lemma>of</lemma>
            <CharacterOffsetBegin>86</CharacterOffsetBegin>
            <CharacterOffsetEnd>88</CharacterOffsetEnd>
            <POS>IN</POS>
            <NER>O</NER>
          </token>
          <token id="17">
            <word>inspiration</word>
            <lemma>inspiration</lemma>
            <CharacterOffsetBegin>89</CharacterOffsetBegin>
            <CharacterOffsetEnd>100</CharacterOffsetEnd>
            <POS>NN</POS>
            <NER>O</NER>
          </token>
          <token id="18">
            <word>for</word>
            <lemma>for</lemma>
            <CharacterOffsetBegin>101</CharacterOffsetBegin>
            <CharacterOffsetEnd>104</CharacterOffsetEnd>
            <POS>IN</POS>
            <NER>O</NER>
          </token>
          <token id="19">
            <word>everybody</word>
            <lemma>everybody</lemma>
            <CharacterOffsetBegin>105</CharacterOffsetBegin>
            <CharacterOffsetEnd>114</CharacterOffsetEnd>
            <POS>NN</POS>
            <NER>O</NER>
          </token>
          <token id="20">
            <word>from</word>
            <lemma>from</lemma>
            <CharacterOffsetBegin>115</CharacterOffsetBegin>
            <CharacterOffsetEnd>119</CharacterOffsetEnd>
            <POS>IN</POS>
            <NER>O</NER>
          </token>
          <token id="21">
            <word>Madonna</word>
            <lemma>Madonna</lemma>
            <CharacterOffsetBegin>120</CharacterOffsetBegin>
            <CharacterOffsetEnd>127</CharacterOffsetEnd>
            <POS>NNP</POS>
            <NER>PERSON</NER>
          </token>
          <token id="22">
            <word>to</word>
            <lemma>to</lemma>
            <CharacterOffsetBegin>128</CharacterOffsetBegin>
            <CharacterOffsetEnd>130</CharacterOffsetEnd>
            <POS>TO</POS>
            <NER>O</NER>
          </token>
          <token id="23">
            <word>the</word>
            <lemma>the</lemma>
            <CharacterOffsetBegin>131</CharacterOffsetBegin>
            <CharacterOffsetEnd>134</CharacterOffsetEnd>
            <POS>DT</POS>
            <NER>O</NER>
          </token>
          <token id="24">
            <word>Suicide</word>
            <lemma>Suicide</lemma>
            <CharacterOffsetBegin>135</CharacterOffsetBegin>
            <CharacterOffsetEnd>142</CharacterOffsetEnd>
            <POS>NNP</POS>
            <NER>O</NER>
          </token>
          <token id="25">
            <word>Girls</word>
            <lemma>Girls</lemma>
            <CharacterOffsetBegin>143</CharacterOffsetBegin>
            <CharacterOffsetEnd>148</CharacterOffsetEnd>
            <POS>NNPS</POS>
            <NER>O</NER>
          </token>
          <token id="26">
            <word>to</word>
            <lemma>to</lemma>
            <CharacterOffsetBegin>149</CharacterOffsetBegin>
            <CharacterOffsetEnd>151</CharacterOffsetEnd>
            <POS>TO</POS>
            <NER>O</NER>
          </token>
          <token id="27">
            <word>artist</word>
            <lemma>artist</lemma>
            <CharacterOffsetBegin>152</CharacterOffsetBegin>
            <CharacterOffsetEnd>158</CharacterOffsetEnd>
            <POS>NN</POS>
            <NER>O</NER>
          </token>
          <token id="28">
            <word>Olivia</word>
            <lemma>Olivia</lemma>
            <CharacterOffsetBegin>159</CharacterOffsetBegin>
            <CharacterOffsetEnd>165</CharacterOffsetEnd>
            <POS>NNP</POS>
            <NER>O</NER>
          </token>
          <token id="29">
            <word>De</word>
            <lemma>De</lemma>
            <CharacterOffsetBegin>166</CharacterOffsetBegin>
            <CharacterOffsetEnd>168</CharacterOffsetEnd>
            <POS>NNP</POS>
            <NER>O</NER>
          </token>
          <token id="30">
            <word>Berardinis</word>
            <lemma>Berardinis</lemma>
            <CharacterOffsetBegin>169</CharacterOffsetBegin>
            <CharacterOffsetEnd>179</CharacterOffsetEnd>
            <POS>NNP</POS>
            <NER>O</NER>
          </token>
          <token id="31">
            <word>(</word>
            <lemma>(</lemma>
            <CharacterOffsetBegin>180</CharacterOffsetBegin>
            <CharacterOffsetEnd>181</CharacterOffsetEnd>
            <POS>RB</POS>
            <NER>O</NER>
          </token>
          <token id="32">
            <word>as</word>
            <lemma>as</lemma>
            <CharacterOffsetBegin>182</CharacterOffsetBegin>
            <CharacterOffsetEnd>184</CharacterOffsetEnd>
            <POS>RB</POS>
            <NER>O</NER>
          </token>
          <token id="33">
            <word>well</word>
            <lemma>well</lemma>
            <CharacterOffsetBegin>185</CharacterOffsetBegin>
            <CharacterOffsetEnd>189</CharacterOffsetEnd>
            <POS>RB</POS>
            <NER>O</NER>
          </token>
          <token id="34">
            <word>as</word>
            <lemma>as</lemma>
            <CharacterOffsetBegin>190</CharacterOffsetBegin>
            <CharacterOffsetEnd>192</CharacterOffsetEnd>
            <POS>IN</POS>
            <NER>O</NER>
          </token>
          <token id="35">
            <word>having</word>
            <lemma>have</lemma>
            <CharacterOffsetBegin>193</CharacterOffsetBegin>
            <CharacterOffsetEnd>199</CharacterOffsetEnd>
            <POS>VBG</POS>
            <NER>O</NER>
          </token>
          <token id="36">
            <word>her</word>
            <lemma>she</lemma>
            <CharacterOffsetBegin>200</CharacterOffsetBegin>
            <CharacterOffsetEnd>203</CharacterOffsetEnd>
            <POS>PRP$</POS>
            <NER>O</NER>
          </token>
          <token id="37">
            <word>image</word>
            <lemma>image</lemma>
            <CharacterOffsetBegin>204</CharacterOffsetBegin>
            <CharacterOffsetEnd>209</CharacterOffsetEnd>
            <POS>NN</POS>
            <NER>O</NER>
          </token>
          <token id="38">
            <word>used</word>
            <lemma>use</lemma>
            <CharacterOffsetBegin>210</CharacterOffsetBegin>
            <CharacterOffsetEnd>214</CharacterOffsetEnd>
            <POS>VBN</POS>
            <NER>O</NER>
          </token>
          <token id="39">
            <word>on</word>
            <lemma>on</lemma>
            <CharacterOffsetBegin>215</CharacterOffsetBegin>
            <CharacterOffsetEnd>217</CharacterOffsetEnd>
            <POS>IN</POS>
            <NER>O</NER>
          </token>
          <token id="40">
            <word>all</word>
            <lemma>all</lemma>
            <CharacterOffsetBegin>218</CharacterOffsetBegin>
            <CharacterOffsetEnd>221</CharacterOffsetEnd>
            <POS>DT</POS>
            <NER>O</NER>
          </token>
          <token id="41">
            <word>sorts</word>
            <lemma>sort</lemma>
            <CharacterOffsetBegin>222</CharacterOffsetBegin>
            <CharacterOffsetEnd>227</CharacterOffsetEnd>
            <POS>NNS</POS>
            <NER>O</NER>
          </token>
          <token id="42">
            <word>of</word>
            <lemma>of</lemma>
            <CharacterOffsetBegin>228</CharacterOffsetBegin>
            <CharacterOffsetEnd>230</CharacterOffsetEnd>
            <POS>IN</POS>
            <NER>O</NER>
          </token>
          <token id="43">
            <word>merchandise</word>
            <lemma>merchandise</lemma>
            <CharacterOffsetBegin>231</CharacterOffsetBegin>
            <CharacterOffsetEnd>242</CharacterOffsetEnd>
            <POS>NN</POS>
            <NER>O</NER>
          </token>
          <token id="44">
            <word>)</word>
            <lemma>)</lemma>
            <CharacterOffsetBegin>243</CharacterOffsetBegin>
            <CharacterOffsetEnd>244</CharacterOffsetEnd>
            <POS>NN</POS>
            <NER>O</NER>
          </token>
          <token id="45">
            <word>,</word>
            <lemma>,</lemma>
            <CharacterOffsetBegin>245</CharacterOffsetBegin>
            <CharacterOffsetEnd>246</CharacterOffsetEnd>
            <POS>,</POS>
            <NER>O</NER>
          </token>
          <token id="46">
            <word>died</word>
            <lemma>die</lemma>
            <CharacterOffsetBegin>247</CharacterOffsetBegin>
            <CharacterOffsetEnd>251</CharacterOffsetEnd>
            <POS>VBD</POS>
            <NER>O</NER>
          </token>
          <token id="47">
            <word>yesterday</word>
            <lemma>yesterday</lemma>
            <CharacterOffsetBegin>252</CharacterOffsetBegin>
            <CharacterOffsetEnd>261</CharacterOffsetEnd>
            <POS>NN</POS>
            <NER>DATE</NER>
            <NormalizedNER>OFFSET P-1D</NormalizedNER>
            <Timex tid="t2" type="DATE"/>
          </token>
          <token id="48">
            <word>in</word>
            <lemma>in</lemma>
            <CharacterOffsetBegin>262</CharacterOffsetBegin>
            <CharacterOffsetEnd>264</CharacterOffsetEnd>
            <POS>IN</POS>
            <NER>O</NER>
          </token>
          <token id="49">
            <word>Los</word>
            <lemma>Los</lemma>
            <CharacterOffsetBegin>265</CharacterOffsetBegin>
            <CharacterOffsetEnd>268</CharacterOffsetEnd>
            <POS>NNP</POS>
            <NER>LOCATION</NER>
          </token>
          <token id="50">
            <word>Angeles</word>
            <lemma>Angeles</lemma>
            <CharacterOffsetBegin>269</CharacterOffsetBegin>
            <CharacterOffsetEnd>276</CharacterOffsetEnd>
            <POS>NNP</POS>
            <NER>LOCATION</NER>
          </token>
          <token id="51">
            <word>at</word>
            <lemma>at</lemma>
            <CharacterOffsetBegin>277</CharacterOffsetBegin>
            <CharacterOffsetEnd>279</CharacterOffsetEnd>
            <POS>IN</POS>
            <NER>O</NER>
          </token>
          <token id="52">
            <word>the</word>
            <lemma>the</lemma>
            <CharacterOffsetBegin>280</CharacterOffsetBegin>
            <CharacterOffsetEnd>283</CharacterOffsetEnd>
            <POS>DT</POS>
            <NER>O</NER>
          </token>
          <token id="53">
            <word>age</word>
            <lemma>age</lemma>
            <CharacterOffsetBegin>284</CharacterOffsetBegin>
            <CharacterOffsetEnd>287</CharacterOffsetEnd>
            <POS>NN</POS>
            <NER>O</NER>
          </token>
          <token id="54">
            <word>of</word>
            <lemma>of</lemma>
            <CharacterOffsetBegin>288</CharacterOffsetBegin>
            <CharacterOffsetEnd>290</CharacterOffsetEnd>
            <POS>IN</POS>
            <NER>O</NER>
          </token>
          <token id="55">
            <word>85</word>
            <lemma>85</lemma>
            <CharacterOffsetBegin>291</CharacterOffsetBegin>
            <CharacterOffsetEnd>293</CharacterOffsetEnd>
            <POS>CD</POS>
            <NER>NUMBER</NER>
            <NormalizedNER>85.0</NormalizedNER>
          </token>
          <token id="56">
            <word>.</word>
            <lemma>.</lemma>
            <CharacterOffsetBegin>294</CharacterOffsetBegin>
            <CharacterOffsetEnd>295</CharacterOffsetEnd>
            <POS>.</POS>
            <NER>O</NER>
          </token>
        </tokens>
        <parse>(ROOT (S (NP (NP (NNP Bettie) (NNP Page)) (, ,) (NP (NP (DT the) (CD 1950s) (NN pinup) (CC and) (NN bondage) (NN model)) (SBAR (WHNP (WP who)) (S (VP (VP (VBD provided) (NP (NP (QP (JJR more) (IN than) (DT a)) (NN half-century)) (PP (IN of) (NP (NN inspiration))) (PP (IN for) (NP (NN everybody))) (PP (IN from) (NP (NNP Madonna))) (PP (TO to) (NP (DT the) (NNP Suicide) (NNPS Girls)))) (PP (TO to) (NP (NN artist) (NNP Olivia) (NNP De) (NNP Berardinis))) (ADVP (RB ())) (CONJP (RB as) (RB well) (IN as)) (VP (VBG having) (NP (NP (PRP$ her) (NN image)) (VP (VBN used) (PP (IN on) (NP (NP (DT all) (NNS sorts)) (PP (IN of) (NP (NN merchandise) (NN ))))))))))))) (, ,)) (VP (VBD died) (NP-TMP (NN yesterday)) (PP (IN in) (NP (NP (NNP Los) (NNP Angeles)) (PP (IN at) (NP (NP (DT the) (NN age)) (PP (IN of) (NP (CD 85)))))))) (. .))) </parse>
        <dependencies type="basic-dependencies">
          <dep type="root">
            <governor idx="0">ROOT</governor>
            <dependent idx="46">died</dependent>
          </dep>
          <dep type="compound">
            <governor idx="2">Page</governor>
            <dependent idx="1">Bettie</dependent>
          </dep>
          <dep type="nsubj">
            <governor idx="46">died</governor>
            <dependent idx="2">Page</dependent>
          </dep>
          <dep type="punct">
            <governor idx="2">Page</governor>
            <dependent idx="3">,</dependent>
          </dep>
          <dep type="det">
            <governor idx="6">pinup</governor>
            <dependent idx="4">the</dependent>
          </dep>
          <dep type="nummod">
            <governor idx="6">pinup</governor>
            <dependent idx="5">1950s</dependent>
          </dep>
          <dep type="appos">
            <governor idx="2">Page</governor>
            <dependent idx="6">pinup</dependent>
          </dep>
          <dep type="cc">
            <governor idx="6">pinup</governor>
            <dependent idx="7">and</dependent>
          </dep>
          <dep type="compound">
            <governor idx="9">model</governor>
            <dependent idx="8">bondage</dependent>
          </dep>
          <dep type="conj">
            <governor idx="6">pinup</governor>
            <dependent idx="9">model</dependent>
          </dep>
          <dep type="nsubj">
            <governor idx="11">provided</governor>
            <dependent idx="10">who</dependent>
          </dep>
          <dep type="acl:relcl">
            <governor idx="6">pinup</governor>
            <dependent idx="11">provided</dependent>
          </dep>
          <dep type="advmod">
            <governor idx="15">half-century</governor>
            <dependent idx="12">more</dependent>
          </dep>
          <dep type="mwe">
            <governor idx="12">more</governor>
            <dependent idx="13">than</dependent>
          </dep>
          <dep type="det">
            <governor idx="15">half-century</governor>
            <dependent idx="14">a</dependent>
          </dep>
          <dep type="dobj">
            <governor idx="11">provided</governor>
            <dependent idx="15">half-century</dependent>
          </dep>
          <dep type="case">
            <governor idx="17">inspiration</governor>
            <dependent idx="16">of</dependent>
          </dep>
          <dep type="nmod">
            <governor idx="15">half-century</governor>
            <dependent idx="17">inspiration</dependent>
          </dep>
          <dep type="case">
            <governor idx="19">everybody</governor>
            <dependent idx="18">for</dependent>
          </dep>
          <dep type="nmod">
            <governor idx="11">provided</governor>
            <dependent idx="19">everybody</dependent>
          </dep>
          <dep type="case">
            <governor idx="21">Madonna</governor>
            <dependent idx="20">from</dependent>
          </dep>
          <dep type="nmod">
            <governor idx="19">everybody</governor>
            <dependent idx="21">Madonna</dependent>
          </dep>
          <dep type="case">
            <governor idx="25">Girls</governor>
            <dependent idx="22">to</dependent>
          </dep>
          <dep type="det">
            <governor idx="25">Girls</governor>
            <dependent idx="23">the</dependent>
          </dep>
          <dep type="compound">
            <governor idx="25">Girls</governor>
            <dependent idx="24">Suicide</dependent>
          </dep>
          <dep type="nmod">
            <governor idx="11">provided</governor>
            <dependent idx="25">Girls</dependent>
          </dep>
          <dep type="case">
            <governor idx="30">Berardinis</governor>
            <dependent idx="26">to</dependent>
          </dep>
          <dep type="compound">
            <governor idx="30">Berardinis</governor>
            <dependent idx="27">artist</dependent>
          </dep>
          <dep type="compound">
            <governor idx="30">Berardinis</governor>
            <dependent idx="28">Olivia</dependent>
          </dep>
          <dep type="compound">
            <governor idx="30">Berardinis</governor>
            <dependent idx="29">De</dependent>
          </dep>
          <dep type="nmod">
            <governor idx="25">Girls</governor>
            <dependent idx="30">Berardinis</dependent>
          </dep>
          <dep type="dep">
            <governor idx="30">Berardinis</governor>
            <dependent idx="31">(</dependent>
          </dep>
          <dep type="cc">
            <governor idx="31">(</governor>
            <dependent idx="32">as</dependent>
          </dep>
          <dep type="mwe">
            <governor idx="32">as</governor>
            <dependent idx="33">well</dependent>
          </dep>
          <dep type="mwe">
            <governor idx="32">as</governor>
            <dependent idx="34">as</dependent>
          </dep>
          <dep type="conj">
            <governor idx="31">(</governor>
            <dependent idx="35">having</dependent>
          </dep>
          <dep type="nmod:poss">
            <governor idx="37">image</governor>
            <dependent idx="36">her</dependent>
          </dep>
          <dep type="dobj">
            <governor idx="35">having</governor>
            <dependent idx="37">image</dependent>
          </dep>
          <dep type="acl">
            <governor idx="37">image</governor>
            <dependent idx="38">used</dependent>
          </dep>
          <dep type="case">
            <governor idx="41">sorts</governor>
            <dependent idx="39">on</dependent>
          </dep>
          <dep type="det">
            <governor idx="41">sorts</governor>
            <dependent idx="40">all</dependent>
          </dep>
          <dep type="nmod">
            <governor idx="38">used</governor>
            <dependent idx="41">sorts</dependent>
          </dep>
          <dep type="case">
            <governor idx="44">)</governor>
            <dependent idx="42">of</dependent>
          </dep>
          <dep type="compound">
            <governor idx="44">)</governor>
            <dependent idx="43">merchandise</dependent>
          </dep>
          <dep type="nmod">
            <governor idx="41">sorts</governor>
            <dependent idx="44">)</dependent>
          </dep>
          <dep type="punct">
            <governor idx="2">Page</governor>
            <dependent idx="45">,</dependent>
          </dep>
          <dep type="nmod:tmod">
            <governor idx="46">died</governor>
            <dependent idx="47">yesterday</dependent>
          </dep>
          <dep type="case">
            <governor idx="50">Angeles</governor>
            <dependent idx="48">in</dependent>
          </dep>
          <dep type="compound">
            <governor idx="50">Angeles</governor>
            <dependent idx="49">Los</dependent>
          </dep>
          <dep type="nmod">
            <governor idx="46">died</governor>
            <dependent idx="50">Angeles</dependent>
          </dep>
          <dep type="case">
            <governor idx="53">age</governor>
            <dependent idx="51">at</dependent>
          </dep>
          <dep type="det">
            <governor idx="53">age</governor>
            <dependent idx="52">the</dependent>
          </dep>
          <dep type="nmod">
            <governor idx="46">died</governor>
            <dependent idx="53">age</dependent>
          </dep>
          <dep type="case">
            <governor idx="55">85</governor>
            <dependent idx="54">of</dependent>
          </dep>
          <dep type="nmod">
            <governor idx="53">age</governor>
            <dependent idx="55">85</dependent>
          </dep>
          <dep type="punct">
            <governor idx="46">died</governor>
            <dependent idx="56">.</dependent>
          </dep>
        </dependencies>
        <dependencies type="collapsed-dependencies">
          <dep type="root">
            <governor idx="0">ROOT</governor>
            <dependent idx="46">died</dependent>
          </dep>
          <dep type="compound">
            <governor idx="2">Page</governor>
            <dependent idx="1">Bettie</dependent>
          </dep>
          <dep type="nsubj">
            <governor idx="46">died</governor>
            <dependent idx="2">Page</dependent>
          </dep>
          <dep type="punct">
            <governor idx="2">Page</governor>
            <dependent idx="3">,</dependent>
          </dep>
          <dep type="det">
            <governor idx="6">pinup</governor>
            <dependent idx="4">the</dependent>
          </dep>
          <dep type="nummod">
            <governor idx="6">pinup</governor>
            <dependent idx="5">1950s</dependent>
          </dep>
          <dep type="appos">
            <governor idx="2">Page</governor>
            <dependent idx="6">pinup</dependent>
          </dep>
          <dep type="cc">
            <governor idx="6">pinup</governor>
            <dependent idx="7">and</dependent>
          </dep>
          <dep type="compound">
            <governor idx="9">model</governor>
            <dependent idx="8">bondage</dependent>
          </dep>
          <dep type="conj:and">
            <governor idx="6">pinup</governor>
            <dependent idx="9">model</dependent>
          </dep>
          <dep type="nsubj">
            <governor idx="11">provided</governor>
            <dependent idx="10">who</dependent>
          </dep>
          <dep type="acl:relcl">
            <governor idx="6">pinup</governor>
            <dependent idx="11">provided</dependent>
          </dep>
          <dep type="advmod">
            <governor idx="15">half-century</governor>
            <dependent idx="12">more</dependent>
          </dep>
          <dep type="mwe">
            <governor idx="12">more</governor>
            <dependent idx="13">than</dependent>
          </dep>
          <dep type="det">
            <governor idx="15">half-century</governor>
            <dependent idx="14">a</dependent>
          </dep>
          <dep type="dobj">
            <governor idx="11">provided</governor>
            <dependent idx="15">half-century</dependent>
          </dep>
          <dep type="case">
            <governor idx="17">inspiration</governor>
            <dependent idx="16">of</dependent>
          </dep>
          <dep type="nmod:of">
            <governor idx="15">half-century</governor>
            <dependent idx="17">inspiration</dependent>
          </dep>
          <dep type="case">
            <governor idx="19">everybody</governor>
            <dependent idx="18">for</dependent>
          </dep>
          <dep type="nmod:for">
            <governor idx="11">provided</governor>
            <dependent idx="19">everybody</dependent>
          </dep>
          <dep type="case">
            <governor idx="21">Madonna</governor>
            <dependent idx="20">from</dependent>
          </dep>
          <dep type="nmod:from">
            <governor idx="19">everybody</governor>
            <dependent idx="21">Madonna</dependent>
          </dep>
          <dep type="case">
            <governor idx="25">Girls</governor>
            <dependent idx="22">to</dependent>
          </dep>
          <dep type="det">
            <governor idx="25">Girls</governor>
            <dependent idx="23">the</dependent>
          </dep>
          <dep type="compound">
            <governor idx="25">Girls</governor>
            <dependent idx="24">Suicide</dependent>
          </dep>
          <dep type="nmod:to">
            <governor idx="11">provided</governor>
            <dependent idx="25">Girls</dependent>
          </dep>
          <dep type="case">
            <governor idx="30">Berardinis</governor>
            <dependent idx="26">to</dependent>
          </dep>
          <dep type="compound">
            <governor idx="30">Berardinis</governor>
            <dependent idx="27">artist</dependent>
          </dep>
          <dep type="compound">
            <governor idx="30">Berardinis</governor>
            <dependent idx="28">Olivia</dependent>
          </dep>
          <dep type="compound">
            <governor idx="30">Berardinis</governor>
            <dependent idx="29">De</dependent>
          </dep>
          <dep type="nmod:to">
            <governor idx="25">Girls</governor>
            <dependent idx="30">Berardinis</dependent>
          </dep>
          <dep type="dep">
            <governor idx="30">Berardinis</governor>
            <dependent idx="31">(</dependent>
          </dep>
          <dep type="cc">
            <governor idx="31">(</governor>
            <dependent idx="32">as</dependent>
          </dep>
          <dep type="mwe">
            <governor idx="32">as</governor>
            <dependent idx="33">well</dependent>
          </dep>
          <dep type="mwe">
            <governor idx="32">as</governor>
            <dependent idx="34">as</dependent>
          </dep>
          <dep type="conj:and">
            <governor idx="31">(</governor>
            <dependent idx="35">having</dependent>
          </dep>
          <dep type="nmod:poss">
            <governor idx="37">image</governor>
            <dependent idx="36">her</dependent>
          </dep>
          <dep type="dobj">
            <governor idx="35">having</governor>
            <dependent idx="37">image</dependent>
          </dep>
          <dep type="acl">
            <governor idx="37">image</governor>
            <dependent idx="38">used</dependent>
          </dep>
          <dep type="case">
            <governor idx="41">sorts</governor>
            <dependent idx="39">on</dependent>
          </dep>
          <dep type="det">
            <governor idx="41">sorts</governor>
            <dependent idx="40">all</dependent>
          </dep>
          <dep type="nmod:on">
            <governor idx="38">used</governor>
            <dependent idx="41">sorts</dependent>
          </dep>
          <dep type="case">
            <governor idx="44">)</governor>
            <dependent idx="42">of</dependent>
          </dep>
          <dep type="compound">
            <governor idx="44">)</governor>
            <dependent idx="43">merchandise</dependent>
          </dep>
          <dep type="nmod:of">
            <governor idx="41">sorts</governor>
            <dependent idx="44">)</dependent>
          </dep>
          <dep type="punct">
            <governor idx="2">Page</governor>
            <dependent idx="45">,</dependent>
          </dep>
          <dep type="nmod:tmod">
            <governor idx="46">died</governor>
            <dependent idx="47">yesterday</dependent>
          </dep>
          <dep type="case">
            <governor idx="50">Angeles</governor>
            <dependent idx="48">in</dependent>
          </dep>
          <dep type="compound">
            <governor idx="50">Angeles</governor>
            <dependent idx="49">Los</dependent>
          </dep>
          <dep type="nmod:in">
            <governor idx="46">died</governor>
            <dependent idx="50">Angeles</dependent>
          </dep>
          <dep type="case">
            <governor idx="53">age</governor>
            <dependent idx="51">at</dependent>
          </dep>
          <dep type="det">
            <governor idx="53">age</governor>
            <dependent idx="52">the</dependent>
          </dep>
          <dep type="nmod:at">
            <governor idx="46">died</governor>
            <dependent idx="53">age</dependent>
          </dep>
          <dep type="case">
            <governor idx="55">85</governor>
            <dependent idx="54">of</dependent>
          </dep>
          <dep type="nmod:of">
            <governor idx="53">age</governor>
            <dependent idx="55">85</dependent>
          </dep>
          <dep type="punct">
            <governor idx="46">died</governor>
            <dependent idx="56">.</dependent>
          </dep>
        </dependencies>
        <dependencies type="collapsed-ccprocessed-dependencies">
          <dep type="root">
            <governor idx="0">ROOT</governor>
            <dependent idx="46">died</dependent>
          </dep>
          <dep type="compound">
            <governor idx="2">Page</governor>
            <dependent idx="1">Bettie</dependent>
          </dep>
          <dep type="nsubj">
            <governor idx="46">died</governor>
            <dependent idx="2">Page</dependent>
          </dep>
          <dep type="punct">
            <governor idx="2">Page</governor>
            <dependent idx="3">,</dependent>
          </dep>
          <dep type="det">
            <governor idx="6">pinup</governor>
            <dependent idx="4">the</dependent>
          </dep>
          <dep type="nummod">
            <governor idx="6">pinup</governor>
            <dependent idx="5">1950s</dependent>
          </dep>
          <dep type="appos">
            <governor idx="2">Page</governor>
            <dependent idx="6">pinup</dependent>
          </dep>
          <dep type="cc">
            <governor idx="6">pinup</governor>
            <dependent idx="7">and</dependent>
          </dep>
          <dep type="compound">
            <governor idx="9">model</governor>
            <dependent idx="8">bondage</dependent>
          </dep>
          <dep type="appos" extra="true">
            <governor idx="2">Page</governor>
            <dependent idx="9">model</dependent>
          </dep>
          <dep type="conj:and">
            <governor idx="6">pinup</governor>
            <dependent idx="9">model</dependent>
          </dep>
          <dep type="nsubj">
            <governor idx="11">provided</governor>
            <dependent idx="10">who</dependent>
          </dep>
          <dep type="acl:relcl">
            <governor idx="6">pinup</governor>
            <dependent idx="11">provided</dependent>
          </dep>
          <dep type="advmod">
            <governor idx="15">half-century</governor>
            <dependent idx="12">more</dependent>
          </dep>
          <dep type="mwe">
            <governor idx="12">more</governor>
            <dependent idx="13">than</dependent>
          </dep>
          <dep type="det">
            <governor idx="15">half-century</governor>
            <dependent idx="14">a</dependent>
          </dep>
          <dep type="dobj">
            <governor idx="11">provided</governor>
            <dependent idx="15">half-century</dependent>
          </dep>
          <dep type="case">
            <governor idx="17">inspiration</governor>
            <dependent idx="16">of</dependent>
          </dep>
          <dep type="nmod:of">
            <governor idx="15">half-century</governor>
            <dependent idx="17">inspiration</dependent>
          </dep>
          <dep type="case">
            <governor idx="19">everybody</governor>
            <dependent idx="18">for</dependent>
          </dep>
          <dep type="nmod:for">
            <governor idx="11">provided</governor>
            <dependent idx="19">everybody</dependent>
          </dep>
          <dep type="case">
            <governor idx="21">Madonna</governor>
            <dependent idx="20">from</dependent>
          </dep>
          <dep type="nmod:from">
            <governor idx="19">everybody</governor>
            <dependent idx="21">Madonna</dependent>
          </dep>
          <dep type="case">
            <governor idx="25">Girls</governor>
            <dependent idx="22">to</dependent>
          </dep>
          <dep type="det">
            <governor idx="25">Girls</governor>
            <dependent idx="23">the</dependent>
          </dep>
          <dep type="compound">
            <governor idx="25">Girls</governor>
            <dependent idx="24">Suicide</dependent>
          </dep>
          <dep type="nmod:to">
            <governor idx="11">provided</governor>
            <dependent idx="25">Girls</dependent>
          </dep>
          <dep type="case">
            <governor idx="30">Berardinis</governor>
            <dependent idx="26">to</dependent>
          </dep>
          <dep type="compound">
            <governor idx="30">Berardinis</governor>
            <dependent idx="27">artist</dependent>
          </dep>
          <dep type="compound">
            <governor idx="30">Berardinis</governor>
            <dependent idx="28">Olivia</dependent>
          </dep>
          <dep type="compound">
            <governor idx="30">Berardinis</governor>
            <dependent idx="29">De</dependent>
          </dep>
          <dep type="nmod:to">
            <governor idx="25">Girls</governor>
            <dependent idx="30">Berardinis</dependent>
          </dep>
          <dep type="dep">
            <governor idx="30">Berardinis</governor>
            <dependent idx="31">(</dependent>
          </dep>
          <dep type="cc">
            <governor idx="31">(</governor>
            <dependent idx="32">as</dependent>
          </dep>
          <dep type="mwe">
            <governor idx="32">as</governor>
            <dependent idx="33">well</dependent>
          </dep>
          <dep type="mwe">
            <governor idx="32">as</governor>
            <dependent idx="34">as</dependent>
          </dep>
          <dep type="dep" extra="true">
            <governor idx="30">Berardinis</governor>
            <dependent idx="35">having</dependent>
          </dep>
          <dep type="conj:and">
            <governor idx="31">(</governor>
            <dependent idx="35">having</dependent>
          </dep>
          <dep type="nmod:poss">
            <governor idx="37">image</governor>
            <dependent idx="36">her</dependent>
          </dep>
          <dep type="dobj">
            <governor idx="35">having</governor>
            <dependent idx="37">image</dependent>
          </dep>
          <dep type="acl">
            <governor idx="37">image</governor>
            <dependent idx="38">used</dependent>
          </dep>
          <dep type="case">
            <governor idx="41">sorts</governor>
            <dependent idx="39">on</dependent>
          </dep>
          <dep type="det">
            <governor idx="41">sorts</governor>
            <dependent idx="40">all</dependent>
          </dep>
          <dep type="nmod:on">
            <governor idx="38">used</governor>
            <dependent idx="41">sorts</dependent>
          </dep>
          <dep type="case">
            <governor idx="44">)</governor>
            <dependent idx="42">of</dependent>
          </dep>
          <dep type="compound">
            <governor idx="44">)</governor>
            <dependent idx="43">merchandise</dependent>
          </dep>
          <dep type="nmod:of">
            <governor idx="41">sorts</governor>
            <dependent idx="44">)</dependent>
          </dep>
          <dep type="punct">
            <governor idx="2">Page</governor>
            <dependent idx="45">,</dependent>
          </dep>
          <dep type="nmod:tmod">
            <governor idx="46">died</governor>
            <dependent idx="47">yesterday</dependent>
          </dep>
          <dep type="case">
            <governor idx="50">Angeles</governor>
            <dependent idx="48">in</dependent>
          </dep>
          <dep type="compound">
            <governor idx="50">Angeles</governor>
            <dependent idx="49">Los</dependent>
          </dep>
          <dep type="nmod:in">
            <governor idx="46">died</governor>
            <dependent idx="50">Angeles</dependent>
          </dep>
          <dep type="case">
            <governor idx="53">age</governor>
            <dependent idx="51">at</dependent>
          </dep>
          <dep type="det">
            <governor idx="53">age</governor>
            <dependent idx="52">the</dependent>
          </dep>
          <dep type="nmod:at">
            <governor idx="46">died</governor>
            <dependent idx="53">age</dependent>
          </dep>
          <dep type="case">
            <governor idx="55">85</governor>
            <dependent idx="54">of</dependent>
          </dep>
          <dep type="nmod:of">
            <governor idx="53">age</governor>
            <dependent idx="55">85</dependent>
          </dep>
          <dep type="punct">
            <governor idx="46">died</governor>
            <dependent idx="56">.</dependent>
          </dep>
        </dependencies>
      </sentence>
    </sentences>
  </document>
</root>
