<?xml version="1.0" encoding="UTF-8"?>
<?xml-stylesheet href="CoreNLP-to-HTML.xsl" type="text/xsl"?>
<root>
  <document>
    <sentences>
      <sentence id="1" line="1">
        <tokens>
          <token id="1">
            <word>Hollywood</word>
            <lemma>Hollywood</lemma>
            <CharacterOffsetBegin>0</CharacterOffsetBegin>
            <CharacterOffsetEnd>9</CharacterOffsetEnd>
            <POS>NNP</POS>
            <NER>O</NER>
          </token>
          <token id="2">
            <word>’</word>
            <lemma>’</lemma>
            <CharacterOffsetBegin>10</CharacterOffsetBegin>
            <CharacterOffsetEnd>11</CharacterOffsetEnd>
            <POS>CD</POS>
            <NER>NUMBER</NER>
          </token>
          <token id="3">
            <word>s</word>
            <lemma>s</lemma>
            <CharacterOffsetBegin>12</CharacterOffsetBegin>
            <CharacterOffsetEnd>13</CharacterOffsetEnd>
            <POS>NNS</POS>
            <NER>O</NER>
          </token>
          <token id="4">
            <word>mermaid</word>
            <lemma>mermaid</lemma>
            <CharacterOffsetBegin>14</CharacterOffsetBegin>
            <CharacterOffsetEnd>21</CharacterOffsetEnd>
            <POS>VBD</POS>
            <NER>O</NER>
          </token>
          <token id="5">
            <word>Esther</word>
            <lemma>Esther</lemma>
            <CharacterOffsetBegin>22</CharacterOffsetBegin>
            <CharacterOffsetEnd>28</CharacterOffsetEnd>
            <POS>NNP</POS>
            <NER>PERSON</NER>
          </token>
          <token id="6">
            <word>Williams</word>
            <lemma>Williams</lemma>
            <CharacterOffsetBegin>29</CharacterOffsetBegin>
            <CharacterOffsetEnd>37</CharacterOffsetEnd>
            <POS>NNP</POS>
            <NER>PERSON</NER>
          </token>
          <token id="7">
            <word>dies</word>
            <lemma>die</lemma>
            <CharacterOffsetBegin>38</CharacterOffsetBegin>
            <CharacterOffsetEnd>42</CharacterOffsetEnd>
            <POS>VBZ</POS>
            <NER>O</NER>
          </token>
        </tokens>
        <parse>(ROOT (S (NP (NNP Hollywood) (CD ’) (NNS s)) (VP (VBD mermaid) (SBAR (S (NP (NNP Esther) (NNP Williams)) (VP (VBZ dies))))))) </parse>
        <dependencies type="basic-dependencies">
          <dep type="root">
            <governor idx="0">ROOT</governor>
            <dependent idx="4">mermaid</dependent>
          </dep>
          <dep type="compound">
            <governor idx="3">s</governor>
            <dependent idx="1">Hollywood</dependent>
          </dep>
          <dep type="nummod">
            <governor idx="3">s</governor>
            <dependent idx="2">’</dependent>
          </dep>
          <dep type="nsubj">
            <governor idx="4">mermaid</governor>
            <dependent idx="3">s</dependent>
          </dep>
          <dep type="compound">
            <governor idx="6">Williams</governor>
            <dependent idx="5">Esther</dependent>
          </dep>
          <dep type="dobj">
            <governor idx="4">mermaid</governor>
            <dependent idx="6">Williams</dependent>
          </dep>
          <dep type="dep">
            <governor idx="4">mermaid</governor>
            <dependent idx="7">dies</dependent>
          </dep>
        </dependencies>
        <dependencies type="collapsed-dependencies">
          <dep type="root">
            <governor idx="0">ROOT</governor>
            <dependent idx="4">mermaid</dependent>
          </dep>
          <dep type="compound">
            <governor idx="3">s</governor>
            <dependent idx="1">Hollywood</dependent>
          </dep>
          <dep type="nummod">
            <governor idx="3">s</governor>
            <dependent idx="2">’</dependent>
          </dep>
          <dep type="nsubj">
            <governor idx="4">mermaid</governor>
            <dependent idx="3">s</dependent>
          </dep>
          <dep type="compound">
            <governor idx="6">Williams</governor>
            <dependent idx="5">Esther</dependent>
          </dep>
          <dep type="dobj">
            <governor idx="4">mermaid</governor>
            <dependent idx="6">Williams</dependent>
          </dep>
          <dep type="dep">
            <governor idx="4">mermaid</governor>
            <dependent idx="7">dies</dependent>
          </dep>
        </dependencies>
        <dependencies type="collapsed-ccprocessed-dependencies">
          <dep type="root">
            <governor idx="0">ROOT</governor>
            <dependent idx="4">mermaid</dependent>
          </dep>
          <dep type="compound">
            <governor idx="3">s</governor>
            <dependent idx="1">Hollywood</dependent>
          </dep>
          <dep type="nummod">
            <governor idx="3">s</governor>
            <dependent idx="2">’</dependent>
          </dep>
          <dep type="nsubj">
            <governor idx="4">mermaid</governor>
            <dependent idx="3">s</dependent>
          </dep>
          <dep type="compound">
            <governor idx="6">Williams</governor>
            <dependent idx="5">Esther</dependent>
          </dep>
          <dep type="dobj">
            <governor idx="4">mermaid</governor>
            <dependent idx="6">Williams</dependent>
          </dep>
          <dep type="dep">
            <governor idx="4">mermaid</governor>
            <dependent idx="7">dies</dependent>
          </dep>
        </dependencies>
      </sentence>
      <sentence id="2" line="2">
        <tokens>
          <token id="1">
            <word>Esther</word>
            <lemma>Esther</lemma>
            <CharacterOffsetBegin>43</CharacterOffsetBegin>
            <CharacterOffsetEnd>49</CharacterOffsetEnd>
            <POS>NNP</POS>
            <NER>PERSON</NER>
          </token>
          <token id="2">
            <word>Williams</word>
            <lemma>Williams</lemma>
            <CharacterOffsetBegin>50</CharacterOffsetBegin>
            <CharacterOffsetEnd>58</CharacterOffsetEnd>
            <POS>NNP</POS>
            <NER>PERSON</NER>
          </token>
          <token id="3">
            <word>,</word>
            <lemma>,</lemma>
            <CharacterOffsetBegin>59</CharacterOffsetBegin>
            <CharacterOffsetEnd>60</CharacterOffsetEnd>
            <POS>,</POS>
            <NER>O</NER>
          </token>
          <token id="4">
            <word>the</word>
            <lemma>the</lemma>
            <CharacterOffsetBegin>61</CharacterOffsetBegin>
            <CharacterOffsetEnd>64</CharacterOffsetEnd>
            <POS>DT</POS>
            <NER>O</NER>
          </token>
          <token id="5">
            <word>swimming</word>
            <lemma>swimming</lemma>
            <CharacterOffsetBegin>65</CharacterOffsetBegin>
            <CharacterOffsetEnd>73</CharacterOffsetEnd>
            <POS>NN</POS>
            <NER>O</NER>
          </token>
          <token id="6">
            <word>champion</word>
            <lemma>champion</lemma>
            <CharacterOffsetBegin>74</CharacterOffsetBegin>
            <CharacterOffsetEnd>82</CharacterOffsetEnd>
            <POS>NN</POS>
            <NER>O</NER>
          </token>
          <token id="7">
            <word>turned</word>
            <lemma>turn</lemma>
            <CharacterOffsetBegin>83</CharacterOffsetBegin>
            <CharacterOffsetEnd>89</CharacterOffsetEnd>
            <POS>VBD</POS>
            <NER>O</NER>
          </token>
          <token id="8">
            <word>actress</word>
            <lemma>actress</lemma>
            <CharacterOffsetBegin>90</CharacterOffsetBegin>
            <CharacterOffsetEnd>97</CharacterOffsetEnd>
            <POS>NN</POS>
            <NER>O</NER>
          </token>
          <token id="9">
            <word>who</word>
            <lemma>who</lemma>
            <CharacterOffsetBegin>98</CharacterOffsetBegin>
            <CharacterOffsetEnd>101</CharacterOffsetEnd>
            <POS>WP</POS>
            <NER>O</NER>
          </token>
          <token id="10">
            <word>starred</word>
            <lemma>star</lemma>
            <CharacterOffsetBegin>102</CharacterOffsetBegin>
            <CharacterOffsetEnd>109</CharacterOffsetEnd>
            <POS>VBD</POS>
            <NER>O</NER>
          </token>
          <token id="11">
            <word>in</word>
            <lemma>in</lemma>
            <CharacterOffsetBegin>110</CharacterOffsetBegin>
            <CharacterOffsetEnd>112</CharacterOffsetEnd>
            <POS>IN</POS>
            <NER>O</NER>
          </token>
          <token id="12">
            <word>glittering</word>
            <lemma>glittering</lemma>
            <CharacterOffsetBegin>113</CharacterOffsetBegin>
            <CharacterOffsetEnd>123</CharacterOffsetEnd>
            <POS>NN</POS>
            <NER>O</NER>
          </token>
          <token id="13">
            <word>and</word>
            <lemma>and</lemma>
            <CharacterOffsetBegin>124</CharacterOffsetBegin>
            <CharacterOffsetEnd>127</CharacterOffsetEnd>
            <POS>CC</POS>
            <NER>O</NER>
          </token>
          <token id="14">
            <word>aquatic</word>
            <lemma>aquatic</lemma>
            <CharacterOffsetBegin>128</CharacterOffsetBegin>
            <CharacterOffsetEnd>135</CharacterOffsetEnd>
            <POS>JJ</POS>
            <NER>O</NER>
          </token>
          <token id="15">
            <word>Technicolour</word>
            <lemma>technicolour</lemma>
            <CharacterOffsetBegin>136</CharacterOffsetBegin>
            <CharacterOffsetEnd>148</CharacterOffsetEnd>
            <POS>NN</POS>
            <NER>MISC</NER>
          </token>
          <token id="16">
            <word>musicals</word>
            <lemma>musical</lemma>
            <CharacterOffsetBegin>149</CharacterOffsetBegin>
            <CharacterOffsetEnd>157</CharacterOffsetEnd>
            <POS>NNS</POS>
            <NER>O</NER>
          </token>
          <token id="17">
            <word>of</word>
            <lemma>of</lemma>
            <CharacterOffsetBegin>158</CharacterOffsetBegin>
            <CharacterOffsetEnd>160</CharacterOffsetEnd>
            <POS>IN</POS>
            <NER>O</NER>
          </token>
          <token id="18">
            <word>the</word>
            <lemma>the</lemma>
            <CharacterOffsetBegin>161</CharacterOffsetBegin>
            <CharacterOffsetEnd>164</CharacterOffsetEnd>
            <POS>DT</POS>
            <NER>DATE</NER>
            <NormalizedNER>194X</NormalizedNER>
            <Timex tid="t1" type="DATE">194X</Timex>
          </token>
          <token id="19">
            <word>1940s</word>
            <lemma>1940s</lemma>
            <CharacterOffsetBegin>165</CharacterOffsetBegin>
            <CharacterOffsetEnd>170</CharacterOffsetEnd>
            <POS>CD</POS>
            <NER>DATE</NER>
            <NormalizedNER>194X</NormalizedNER>
            <Timex tid="t1" type="DATE">194X</Timex>
          </token>
          <token id="20">
            <word>and</word>
            <lemma>and</lemma>
            <CharacterOffsetBegin>171</CharacterOffsetBegin>
            <CharacterOffsetEnd>174</CharacterOffsetEnd>
            <POS>CC</POS>
            <NER>O</NER>
          </token>
          <token id="21">
            <word>1950s</word>
            <lemma>1950s</lemma>
            <CharacterOffsetBegin>175</CharacterOffsetBegin>
            <CharacterOffsetEnd>180</CharacterOffsetEnd>
            <POS>CD</POS>
            <NER>DATE</NER>
            <NormalizedNER>195X</NormalizedNER>
            <Timex tid="t2" type="DATE">195X</Timex>
          </token>
          <token id="22">
            <word>,</word>
            <lemma>,</lemma>
            <CharacterOffsetBegin>181</CharacterOffsetBegin>
            <CharacterOffsetEnd>182</CharacterOffsetEnd>
            <POS>,</POS>
            <NER>O</NER>
          </token>
          <token id="23">
            <word>has</word>
            <lemma>have</lemma>
            <CharacterOffsetBegin>183</CharacterOffsetBegin>
            <CharacterOffsetEnd>186</CharacterOffsetEnd>
            <POS>VBZ</POS>
            <NER>O</NER>
          </token>
          <token id="24">
            <word>died</word>
            <lemma>die</lemma>
            <CharacterOffsetBegin>187</CharacterOffsetBegin>
            <CharacterOffsetEnd>191</CharacterOffsetEnd>
            <POS>VBN</POS>
            <NER>O</NER>
          </token>
          <token id="25">
            <word>.</word>
            <lemma>.</lemma>
            <CharacterOffsetBegin>192</CharacterOffsetBegin>
            <CharacterOffsetEnd>193</CharacterOffsetEnd>
            <POS>.</POS>
            <NER>O</NER>
          </token>
        </tokens>
        <parse>(ROOT (S (NP (NNP Esther) (NNP Williams)) (PRN (, ,) (S (NP (DT the) (NN swimming) (NN champion)) (VP (VBD turned) (NP (NP (NN actress)) (SBAR (WHNP (WP who)) (S (VP (VBD starred) (PP (IN in) (NP (NP (NN glittering) (CC and) (JJ aquatic) (NN Technicolour) (NNS musicals)) (PP (IN of) (NP (DT the) (CD 1940s) (CC and) (CD 1950s))))))))))) (, ,)) (VP (VBZ has) (VP (VBN died))) (. .))) </parse>
        <dependencies type="basic-dependencies">
          <dep type="root">
            <governor idx="0">ROOT</governor>
            <dependent idx="2">Williams</dependent>
          </dep>
          <dep type="compound">
            <governor idx="2">Williams</governor>
            <dependent idx="1">Esther</dependent>
          </dep>
          <dep type="punct">
            <governor idx="2">Williams</governor>
            <dependent idx="3">,</dependent>
          </dep>
          <dep type="det">
            <governor idx="6">champion</governor>
            <dependent idx="4">the</dependent>
          </dep>
          <dep type="compound">
            <governor idx="6">champion</governor>
            <dependent idx="5">swimming</dependent>
          </dep>
          <dep type="nsubj">
            <governor idx="7">turned</governor>
            <dependent idx="6">champion</dependent>
          </dep>
          <dep type="acl:relcl">
            <governor idx="2">Williams</governor>
            <dependent idx="7">turned</dependent>
          </dep>
          <dep type="dobj">
            <governor idx="7">turned</governor>
            <dependent idx="8">actress</dependent>
          </dep>
          <dep type="nsubj">
            <governor idx="10">starred</governor>
            <dependent idx="9">who</dependent>
          </dep>
          <dep type="acl:relcl">
            <governor idx="8">actress</governor>
            <dependent idx="10">starred</dependent>
          </dep>
          <dep type="case">
            <governor idx="12">glittering</governor>
            <dependent idx="11">in</dependent>
          </dep>
          <dep type="nmod">
            <governor idx="10">starred</governor>
            <dependent idx="12">glittering</dependent>
          </dep>
          <dep type="cc">
            <governor idx="12">glittering</governor>
            <dependent idx="13">and</dependent>
          </dep>
          <dep type="amod">
            <governor idx="16">musicals</governor>
            <dependent idx="14">aquatic</dependent>
          </dep>
          <dep type="compound">
            <governor idx="16">musicals</governor>
            <dependent idx="15">Technicolour</dependent>
          </dep>
          <dep type="conj">
            <governor idx="12">glittering</governor>
            <dependent idx="16">musicals</dependent>
          </dep>
          <dep type="mark">
            <governor idx="24">died</governor>
            <dependent idx="17">of</dependent>
          </dep>
          <dep type="dep">
            <governor idx="24">died</governor>
            <dependent idx="18">the</dependent>
          </dep>
          <dep type="dep">
            <governor idx="18">the</governor>
            <dependent idx="19">1940s</dependent>
          </dep>
          <dep type="cc">
            <governor idx="19">1940s</governor>
            <dependent idx="20">and</dependent>
          </dep>
          <dep type="conj">
            <governor idx="19">1940s</governor>
            <dependent idx="21">1950s</dependent>
          </dep>
          <dep type="punct">
            <governor idx="24">died</governor>
            <dependent idx="22">,</dependent>
          </dep>
          <dep type="aux">
            <governor idx="24">died</governor>
            <dependent idx="23">has</dependent>
          </dep>
          <dep type="acl">
            <governor idx="12">glittering</governor>
            <dependent idx="24">died</dependent>
          </dep>
          <dep type="punct">
            <governor idx="2">Williams</governor>
            <dependent idx="25">.</dependent>
          </dep>
        </dependencies>
        <dependencies type="collapsed-dependencies">
          <dep type="root">
            <governor idx="0">ROOT</governor>
            <dependent idx="2">Williams</dependent>
          </dep>
          <dep type="compound">
            <governor idx="2">Williams</governor>
            <dependent idx="1">Esther</dependent>
          </dep>
          <dep type="punct">
            <governor idx="2">Williams</governor>
            <dependent idx="3">,</dependent>
          </dep>
          <dep type="det">
            <governor idx="6">champion</governor>
            <dependent idx="4">the</dependent>
          </dep>
          <dep type="compound">
            <governor idx="6">champion</governor>
            <dependent idx="5">swimming</dependent>
          </dep>
          <dep type="nsubj">
            <governor idx="7">turned</governor>
            <dependent idx="6">champion</dependent>
          </dep>
          <dep type="acl:relcl">
            <governor idx="2">Williams</governor>
            <dependent idx="7">turned</dependent>
          </dep>
          <dep type="dobj">
            <governor idx="7">turned</governor>
            <dependent idx="8">actress</dependent>
          </dep>
          <dep type="nsubj">
            <governor idx="10">starred</governor>
            <dependent idx="9">who</dependent>
          </dep>
          <dep type="acl:relcl">
            <governor idx="8">actress</governor>
            <dependent idx="10">starred</dependent>
          </dep>
          <dep type="case">
            <governor idx="12">glittering</governor>
            <dependent idx="11">in</dependent>
          </dep>
          <dep type="nmod:in">
            <governor idx="10">starred</governor>
            <dependent idx="12">glittering</dependent>
          </dep>
          <dep type="cc">
            <governor idx="12">glittering</governor>
            <dependent idx="13">and</dependent>
          </dep>
          <dep type="amod">
            <governor idx="16">musicals</governor>
            <dependent idx="14">aquatic</dependent>
          </dep>
          <dep type="compound">
            <governor idx="16">musicals</governor>
            <dependent idx="15">Technicolour</dependent>
          </dep>
          <dep type="conj:and">
            <governor idx="12">glittering</governor>
            <dependent idx="16">musicals</dependent>
          </dep>
          <dep type="mark">
            <governor idx="24">died</governor>
            <dependent idx="17">of</dependent>
          </dep>
          <dep type="dep">
            <governor idx="24">died</governor>
            <dependent idx="18">the</dependent>
          </dep>
          <dep type="dep">
            <governor idx="18">the</governor>
            <dependent idx="19">1940s</dependent>
          </dep>
          <dep type="cc">
            <governor idx="19">1940s</governor>
            <dependent idx="20">and</dependent>
          </dep>
          <dep type="conj:and">
            <governor idx="19">1940s</governor>
            <dependent idx="21">1950s</dependent>
          </dep>
          <dep type="punct">
            <governor idx="24">died</governor>
            <dependent idx="22">,</dependent>
          </dep>
          <dep type="aux">
            <governor idx="24">died</governor>
            <dependent idx="23">has</dependent>
          </dep>
          <dep type="acl">
            <governor idx="12">glittering</governor>
            <dependent idx="24">died</dependent>
          </dep>
          <dep type="punct">
            <governor idx="2">Williams</governor>
            <dependent idx="25">.</dependent>
          </dep>
        </dependencies>
        <dependencies type="collapsed-ccprocessed-dependencies">
          <dep type="root">
            <governor idx="0">ROOT</governor>
            <dependent idx="2">Williams</dependent>
          </dep>
          <dep type="compound">
            <governor idx="2">Williams</governor>
            <dependent idx="1">Esther</dependent>
          </dep>
          <dep type="punct">
            <governor idx="2">Williams</governor>
            <dependent idx="3">,</dependent>
          </dep>
          <dep type="det">
            <governor idx="6">champion</governor>
            <dependent idx="4">the</dependent>
          </dep>
          <dep type="compound">
            <governor idx="6">champion</governor>
            <dependent idx="5">swimming</dependent>
          </dep>
          <dep type="nsubj">
            <governor idx="7">turned</governor>
            <dependent idx="6">champion</dependent>
          </dep>
          <dep type="acl:relcl">
            <governor idx="2">Williams</governor>
            <dependent idx="7">turned</dependent>
          </dep>
          <dep type="dobj">
            <governor idx="7">turned</governor>
            <dependent idx="8">actress</dependent>
          </dep>
          <dep type="nsubj">
            <governor idx="10">starred</governor>
            <dependent idx="9">who</dependent>
          </dep>
          <dep type="acl:relcl">
            <governor idx="8">actress</governor>
            <dependent idx="10">starred</dependent>
          </dep>
          <dep type="case">
            <governor idx="12">glittering</governor>
            <dependent idx="11">in</dependent>
          </dep>
          <dep type="nmod:in">
            <governor idx="10">starred</governor>
            <dependent idx="12">glittering</dependent>
          </dep>
          <dep type="cc">
            <governor idx="12">glittering</governor>
            <dependent idx="13">and</dependent>
          </dep>
          <dep type="amod">
            <governor idx="16">musicals</governor>
            <dependent idx="14">aquatic</dependent>
          </dep>
          <dep type="compound">
            <governor idx="16">musicals</governor>
            <dependent idx="15">Technicolour</dependent>
          </dep>
          <dep type="nmod:in" extra="true">
            <governor idx="10">starred</governor>
            <dependent idx="16">musicals</dependent>
          </dep>
          <dep type="conj:and">
            <governor idx="12">glittering</governor>
            <dependent idx="16">musicals</dependent>
          </dep>
          <dep type="mark">
            <governor idx="24">died</governor>
            <dependent idx="17">of</dependent>
          </dep>
          <dep type="dep">
            <governor idx="24">died</governor>
            <dependent idx="18">the</dependent>
          </dep>
          <dep type="dep">
            <governor idx="18">the</governor>
            <dependent idx="19">1940s</dependent>
          </dep>
          <dep type="cc">
            <governor idx="19">1940s</governor>
            <dependent idx="20">and</dependent>
          </dep>
          <dep type="dep" extra="true">
            <governor idx="18">the</governor>
            <dependent idx="21">1950s</dependent>
          </dep>
          <dep type="conj:and">
            <governor idx="19">1940s</governor>
            <dependent idx="21">1950s</dependent>
          </dep>
          <dep type="punct">
            <governor idx="24">died</governor>
            <dependent idx="22">,</dependent>
          </dep>
          <dep type="aux">
            <governor idx="24">died</governor>
            <dependent idx="23">has</dependent>
          </dep>
          <dep type="acl">
            <governor idx="12">glittering</governor>
            <dependent idx="24">died</dependent>
          </dep>
          <dep type="punct">
            <governor idx="2">Williams</governor>
            <dependent idx="25">.</dependent>
          </dep>
        </dependencies>
      </sentence>
      <sentence id="3" line="3">
        <tokens>
          <token id="1">
            <word>She</word>
            <lemma>she</lemma>
            <CharacterOffsetBegin>194</CharacterOffsetBegin>
            <CharacterOffsetEnd>197</CharacterOffsetEnd>
            <POS>PRP</POS>
            <NER>O</NER>
          </token>
          <token id="2">
            <word>died</word>
            <lemma>die</lemma>
            <CharacterOffsetBegin>198</CharacterOffsetBegin>
            <CharacterOffsetEnd>202</CharacterOffsetEnd>
            <POS>VBD</POS>
            <NER>O</NER>
          </token>
          <token id="3">
            <word>peacefully</word>
            <lemma>peacefully</lemma>
            <CharacterOffsetBegin>203</CharacterOffsetBegin>
            <CharacterOffsetEnd>213</CharacterOffsetEnd>
            <POS>RB</POS>
            <NER>O</NER>
          </token>
          <token id="4">
            <word>in</word>
            <lemma>in</lemma>
            <CharacterOffsetBegin>214</CharacterOffsetBegin>
            <CharacterOffsetEnd>216</CharacterOffsetEnd>
            <POS>IN</POS>
            <NER>O</NER>
          </token>
          <token id="5">
            <word>her</word>
            <lemma>she</lemma>
            <CharacterOffsetBegin>217</CharacterOffsetBegin>
            <CharacterOffsetEnd>220</CharacterOffsetEnd>
            <POS>PRP$</POS>
            <NER>O</NER>
          </token>
          <token id="6">
            <word>sleep</word>
            <lemma>sleep</lemma>
            <CharacterOffsetBegin>221</CharacterOffsetBegin>
            <CharacterOffsetEnd>226</CharacterOffsetEnd>
            <POS>NN</POS>
            <NER>O</NER>
          </token>
          <token id="7">
            <word>and</word>
            <lemma>and</lemma>
            <CharacterOffsetBegin>227</CharacterOffsetBegin>
            <CharacterOffsetEnd>230</CharacterOffsetEnd>
            <POS>CC</POS>
            <NER>O</NER>
          </token>
          <token id="8">
            <word>had</word>
            <lemma>have</lemma>
            <CharacterOffsetBegin>231</CharacterOffsetBegin>
            <CharacterOffsetEnd>234</CharacterOffsetEnd>
            <POS>VBD</POS>
            <NER>O</NER>
          </token>
          <token id="9">
            <word>been</word>
            <lemma>be</lemma>
            <CharacterOffsetBegin>235</CharacterOffsetBegin>
            <CharacterOffsetEnd>239</CharacterOffsetEnd>
            <POS>VBN</POS>
            <NER>O</NER>
          </token>
          <token id="10">
            <word>in</word>
            <lemma>in</lemma>
            <CharacterOffsetBegin>240</CharacterOffsetBegin>
            <CharacterOffsetEnd>242</CharacterOffsetEnd>
            <POS>IN</POS>
            <NER>O</NER>
          </token>
          <token id="11">
            <word>declining</word>
            <lemma>decline</lemma>
            <CharacterOffsetBegin>243</CharacterOffsetBegin>
            <CharacterOffsetEnd>252</CharacterOffsetEnd>
            <POS>VBG</POS>
            <NER>O</NER>
          </token>
          <token id="12">
            <word>health</word>
            <lemma>health</lemma>
            <CharacterOffsetBegin>253</CharacterOffsetBegin>
            <CharacterOffsetEnd>259</CharacterOffsetEnd>
            <POS>NN</POS>
            <NER>O</NER>
          </token>
          <token id="13">
            <word>due</word>
            <lemma>due</lemma>
            <CharacterOffsetBegin>260</CharacterOffsetBegin>
            <CharacterOffsetEnd>263</CharacterOffsetEnd>
            <POS>JJ</POS>
            <NER>O</NER>
          </token>
          <token id="14">
            <word>to</word>
            <lemma>to</lemma>
            <CharacterOffsetBegin>264</CharacterOffsetBegin>
            <CharacterOffsetEnd>266</CharacterOffsetEnd>
            <POS>TO</POS>
            <NER>O</NER>
          </token>
          <token id="15">
            <word>old</word>
            <lemma>old</lemma>
            <CharacterOffsetBegin>267</CharacterOffsetBegin>
            <CharacterOffsetEnd>270</CharacterOffsetEnd>
            <POS>JJ</POS>
            <NER>O</NER>
          </token>
          <token id="16">
            <word>age</word>
            <lemma>age</lemma>
            <CharacterOffsetBegin>271</CharacterOffsetBegin>
            <CharacterOffsetEnd>274</CharacterOffsetEnd>
            <POS>NN</POS>
            <NER>O</NER>
          </token>
          <token id="17">
            <word>,</word>
            <lemma>,</lemma>
            <CharacterOffsetBegin>275</CharacterOffsetBegin>
            <CharacterOffsetEnd>276</CharacterOffsetEnd>
            <POS>,</POS>
            <NER>O</NER>
          </token>
          <token id="18">
            <word>spokesman</word>
            <lemma>spokesman</lemma>
            <CharacterOffsetBegin>277</CharacterOffsetBegin>
            <CharacterOffsetEnd>286</CharacterOffsetEnd>
            <POS>NN</POS>
            <NER>O</NER>
          </token>
          <token id="19">
            <word>Harlan</word>
            <lemma>Harlan</lemma>
            <CharacterOffsetBegin>287</CharacterOffsetBegin>
            <CharacterOffsetEnd>293</CharacterOffsetEnd>
            <POS>NNP</POS>
            <NER>PERSON</NER>
          </token>
          <token id="20">
            <word>Boll</word>
            <lemma>Boll</lemma>
            <CharacterOffsetBegin>294</CharacterOffsetBegin>
            <CharacterOffsetEnd>298</CharacterOffsetEnd>
            <POS>NNP</POS>
            <NER>PERSON</NER>
          </token>
          <token id="21">
            <word>said</word>
            <lemma>say</lemma>
            <CharacterOffsetBegin>299</CharacterOffsetBegin>
            <CharacterOffsetEnd>303</CharacterOffsetEnd>
            <POS>VBD</POS>
            <NER>O</NER>
          </token>
          <token id="22">
            <word>.</word>
            <lemma>.</lemma>
            <CharacterOffsetBegin>304</CharacterOffsetBegin>
            <CharacterOffsetEnd>305</CharacterOffsetEnd>
            <POS>.</POS>
            <NER>O</NER>
          </token>
        </tokens>
        <parse>(ROOT (S (S (NP (PRP She)) (VP (VP (VBD died) (ADVP (RB peacefully)) (PP (IN in) (NP (PRP$ her) (NN sleep)))) (CC and) (VP (VBD had) (VP (VBN been) (PP (IN in) (NP (NP (VBG declining) (NN health)) (ADJP (JJ due) (PP (TO to) (NP (JJ old) (NN age)))))))))) (, ,) (NP (NN spokesman) (NNP Harlan) (NNP Boll)) (VP (VBD said)) (. .))) </parse>
        <dependencies type="basic-dependencies">
          <dep type="root">
            <governor idx="0">ROOT</governor>
            <dependent idx="21">said</dependent>
          </dep>
          <dep type="nsubj">
            <governor idx="2">died</governor>
            <dependent idx="1">She</dependent>
          </dep>
          <dep type="ccomp">
            <governor idx="21">said</governor>
            <dependent idx="2">died</dependent>
          </dep>
          <dep type="advmod">
            <governor idx="2">died</governor>
            <dependent idx="3">peacefully</dependent>
          </dep>
          <dep type="case">
            <governor idx="6">sleep</governor>
            <dependent idx="4">in</dependent>
          </dep>
          <dep type="nmod:poss">
            <governor idx="6">sleep</governor>
            <dependent idx="5">her</dependent>
          </dep>
          <dep type="nmod">
            <governor idx="2">died</governor>
            <dependent idx="6">sleep</dependent>
          </dep>
          <dep type="cc">
            <governor idx="2">died</governor>
            <dependent idx="7">and</dependent>
          </dep>
          <dep type="aux">
            <governor idx="12">health</governor>
            <dependent idx="8">had</dependent>
          </dep>
          <dep type="cop">
            <governor idx="12">health</governor>
            <dependent idx="9">been</dependent>
          </dep>
          <dep type="case">
            <governor idx="12">health</governor>
            <dependent idx="10">in</dependent>
          </dep>
          <dep type="amod">
            <governor idx="12">health</governor>
            <dependent idx="11">declining</dependent>
          </dep>
          <dep type="conj">
            <governor idx="2">died</governor>
            <dependent idx="12">health</dependent>
          </dep>
          <dep type="amod">
            <governor idx="12">health</governor>
            <dependent idx="13">due</dependent>
          </dep>
          <dep type="case">
            <governor idx="16">age</governor>
            <dependent idx="14">to</dependent>
          </dep>
          <dep type="amod">
            <governor idx="16">age</governor>
            <dependent idx="15">old</dependent>
          </dep>
          <dep type="nmod">
            <governor idx="13">due</governor>
            <dependent idx="16">age</dependent>
          </dep>
          <dep type="punct">
            <governor idx="21">said</governor>
            <dependent idx="17">,</dependent>
          </dep>
          <dep type="compound">
            <governor idx="20">Boll</governor>
            <dependent idx="18">spokesman</dependent>
          </dep>
          <dep type="compound">
            <governor idx="20">Boll</governor>
            <dependent idx="19">Harlan</dependent>
          </dep>
          <dep type="nsubj">
            <governor idx="21">said</governor>
            <dependent idx="20">Boll</dependent>
          </dep>
          <dep type="punct">
            <governor idx="21">said</governor>
            <dependent idx="22">.</dependent>
          </dep>
        </dependencies>
        <dependencies type="collapsed-dependencies">
          <dep type="root">
            <governor idx="0">ROOT</governor>
            <dependent idx="21">said</dependent>
          </dep>
          <dep type="nsubj">
            <governor idx="2">died</governor>
            <dependent idx="1">She</dependent>
          </dep>
          <dep type="ccomp">
            <governor idx="21">said</governor>
            <dependent idx="2">died</dependent>
          </dep>
          <dep type="advmod">
            <governor idx="2">died</governor>
            <dependent idx="3">peacefully</dependent>
          </dep>
          <dep type="case">
            <governor idx="6">sleep</governor>
            <dependent idx="4">in</dependent>
          </dep>
          <dep type="nmod:poss">
            <governor idx="6">sleep</governor>
            <dependent idx="5">her</dependent>
          </dep>
          <dep type="nmod:in">
            <governor idx="2">died</governor>
            <dependent idx="6">sleep</dependent>
          </dep>
          <dep type="cc">
            <governor idx="2">died</governor>
            <dependent idx="7">and</dependent>
          </dep>
          <dep type="aux">
            <governor idx="12">health</governor>
            <dependent idx="8">had</dependent>
          </dep>
          <dep type="cop">
            <governor idx="12">health</governor>
            <dependent idx="9">been</dependent>
          </dep>
          <dep type="case">
            <governor idx="12">health</governor>
            <dependent idx="10">in</dependent>
          </dep>
          <dep type="amod">
            <governor idx="12">health</governor>
            <dependent idx="11">declining</dependent>
          </dep>
          <dep type="conj:and">
            <governor idx="2">died</governor>
            <dependent idx="12">health</dependent>
          </dep>
          <dep type="amod">
            <governor idx="12">health</governor>
            <dependent idx="13">due</dependent>
          </dep>
          <dep type="case">
            <governor idx="16">age</governor>
            <dependent idx="14">to</dependent>
          </dep>
          <dep type="amod">
            <governor idx="16">age</governor>
            <dependent idx="15">old</dependent>
          </dep>
          <dep type="nmod:to">
            <governor idx="13">due</governor>
            <dependent idx="16">age</dependent>
          </dep>
          <dep type="punct">
            <governor idx="21">said</governor>
            <dependent idx="17">,</dependent>
          </dep>
          <dep type="compound">
            <governor idx="20">Boll</governor>
            <dependent idx="18">spokesman</dependent>
          </dep>
          <dep type="compound">
            <governor idx="20">Boll</governor>
            <dependent idx="19">Harlan</dependent>
          </dep>
          <dep type="nsubj">
            <governor idx="21">said</governor>
            <dependent idx="20">Boll</dependent>
          </dep>
          <dep type="punct">
            <governor idx="21">said</governor>
            <dependent idx="22">.</dependent>
          </dep>
        </dependencies>
        <dependencies type="collapsed-ccprocessed-dependencies">
          <dep type="root">
            <governor idx="0">ROOT</governor>
            <dependent idx="21">said</dependent>
          </dep>
          <dep type="nsubj">
            <governor idx="2">died</governor>
            <dependent idx="1">She</dependent>
          </dep>
          <dep type="ccomp">
            <governor idx="21">said</governor>
            <dependent idx="2">died</dependent>
          </dep>
          <dep type="advmod">
            <governor idx="2">died</governor>
            <dependent idx="3">peacefully</dependent>
          </dep>
          <dep type="case">
            <governor idx="6">sleep</governor>
            <dependent idx="4">in</dependent>
          </dep>
          <dep type="nmod:poss">
            <governor idx="6">sleep</governor>
            <dependent idx="5">her</dependent>
          </dep>
          <dep type="nmod:in">
            <governor idx="2">died</governor>
            <dependent idx="6">sleep</dependent>
          </dep>
          <dep type="cc">
            <governor idx="2">died</governor>
            <dependent idx="7">and</dependent>
          </dep>
          <dep type="aux">
            <governor idx="12">health</governor>
            <dependent idx="8">had</dependent>
          </dep>
          <dep type="cop">
            <governor idx="12">health</governor>
            <dependent idx="9">been</dependent>
          </dep>
          <dep type="case">
            <governor idx="12">health</governor>
            <dependent idx="10">in</dependent>
          </dep>
          <dep type="amod">
            <governor idx="12">health</governor>
            <dependent idx="11">declining</dependent>
          </dep>
          <dep type="conj:and">
            <governor idx="2">died</governor>
            <dependent idx="12">health</dependent>
          </dep>
          <dep type="ccomp" extra="true">
            <governor idx="21">said</governor>
            <dependent idx="12">health</dependent>
          </dep>
          <dep type="amod">
            <governor idx="12">health</governor>
            <dependent idx="13">due</dependent>
          </dep>
          <dep type="case">
            <governor idx="16">age</governor>
            <dependent idx="14">to</dependent>
          </dep>
          <dep type="amod">
            <governor idx="16">age</governor>
            <dependent idx="15">old</dependent>
          </dep>
          <dep type="nmod:to">
            <governor idx="13">due</governor>
            <dependent idx="16">age</dependent>
          </dep>
          <dep type="punct">
            <governor idx="21">said</governor>
            <dependent idx="17">,</dependent>
          </dep>
          <dep type="compound">
            <governor idx="20">Boll</governor>
            <dependent idx="18">spokesman</dependent>
          </dep>
          <dep type="compound">
            <governor idx="20">Boll</governor>
            <dependent idx="19">Harlan</dependent>
          </dep>
          <dep type="nsubj">
            <governor idx="21">said</governor>
            <dependent idx="20">Boll</dependent>
          </dep>
          <dep type="punct">
            <governor idx="21">said</governor>
            <dependent idx="22">.</dependent>
          </dep>
        </dependencies>
      </sentence>
    </sentences>
  </document>
</root>
