<?xml version="1.0" encoding="UTF-8"?>
<?xml-stylesheet href="CoreNLP-to-HTML.xsl" type="text/xsl"?>
<root>
  <document>
    <sentences>
      <sentence id="1" line="1">
        <tokens>
          <token id="1">
            <word>Bettie</word>
            <lemma>Bettie</lemma>
            <CharacterOffsetBegin>0</CharacterOffsetBegin>
            <CharacterOffsetEnd>6</CharacterOffsetEnd>
            <POS>NNP</POS>
            <NER>PERSON</NER>
          </token>
          <token id="2">
            <word>Page</word>
            <lemma>Page</lemma>
            <CharacterOffsetBegin>7</CharacterOffsetBegin>
            <CharacterOffsetEnd>11</CharacterOffsetEnd>
            <POS>NNP</POS>
            <NER>PERSON</NER>
          </token>
          <token id="3">
            <word>,</word>
            <lemma>,</lemma>
            <CharacterOffsetBegin>12</CharacterOffsetBegin>
            <CharacterOffsetEnd>13</CharacterOffsetEnd>
            <POS>,</POS>
            <NER>O</NER>
          </token>
          <token id="4">
            <word>whose</word>
            <lemma>whose</lemma>
            <CharacterOffsetBegin>14</CharacterOffsetBegin>
            <CharacterOffsetEnd>19</CharacterOffsetEnd>
            <POS>WP$</POS>
            <NER>O</NER>
          </token>
          <token id="5">
            <word>trademark</word>
            <lemma>trademark</lemma>
            <CharacterOffsetBegin>20</CharacterOffsetBegin>
            <CharacterOffsetEnd>29</CharacterOffsetEnd>
            <POS>NN</POS>
            <NER>O</NER>
          </token>
          <token id="6">
            <word>raven</word>
            <lemma>raven</lemma>
            <CharacterOffsetBegin>30</CharacterOffsetBegin>
            <CharacterOffsetEnd>35</CharacterOffsetEnd>
            <POS>NN</POS>
            <NER>O</NER>
          </token>
          <token id="7">
            <word>hair</word>
            <lemma>hair</lemma>
            <CharacterOffsetBegin>36</CharacterOffsetBegin>
            <CharacterOffsetEnd>40</CharacterOffsetEnd>
            <POS>NN</POS>
            <NER>O</NER>
          </token>
          <token id="8">
            <word>and</word>
            <lemma>and</lemma>
            <CharacterOffsetBegin>41</CharacterOffsetBegin>
            <CharacterOffsetEnd>44</CharacterOffsetEnd>
            <POS>CC</POS>
            <NER>O</NER>
          </token>
          <token id="9">
            <word>risque</word>
            <lemma>risque</lemma>
            <CharacterOffsetBegin>45</CharacterOffsetBegin>
            <CharacterOffsetEnd>51</CharacterOffsetEnd>
            <POS>JJ</POS>
            <NER>O</NER>
          </token>
          <token id="10">
            <word>lingerie</word>
            <lemma>lingerie</lemma>
            <CharacterOffsetBegin>52</CharacterOffsetBegin>
            <CharacterOffsetEnd>60</CharacterOffsetEnd>
            <POS>NN</POS>
            <NER>O</NER>
          </token>
          <token id="11">
            <word>and</word>
            <lemma>and</lemma>
            <CharacterOffsetBegin>61</CharacterOffsetBegin>
            <CharacterOffsetEnd>64</CharacterOffsetEnd>
            <POS>CC</POS>
            <NER>O</NER>
          </token>
          <token id="12">
            <word>bondage</word>
            <lemma>bondage</lemma>
            <CharacterOffsetBegin>65</CharacterOffsetBegin>
            <CharacterOffsetEnd>72</CharacterOffsetEnd>
            <POS>NN</POS>
            <NER>O</NER>
          </token>
          <token id="13">
            <word>pin-up</word>
            <lemma>pin-up</lemma>
            <CharacterOffsetBegin>73</CharacterOffsetBegin>
            <CharacterOffsetEnd>79</CharacterOffsetEnd>
            <POS>JJ</POS>
            <NER>O</NER>
          </token>
          <token id="14">
            <word>photos</word>
            <lemma>photo</lemma>
            <CharacterOffsetBegin>80</CharacterOffsetBegin>
            <CharacterOffsetEnd>86</CharacterOffsetEnd>
            <POS>NNS</POS>
            <NER>O</NER>
          </token>
          <token id="15">
            <word>made</word>
            <lemma>make</lemma>
            <CharacterOffsetBegin>87</CharacterOffsetBegin>
            <CharacterOffsetEnd>91</CharacterOffsetEnd>
            <POS>VBD</POS>
            <NER>O</NER>
          </token>
          <token id="16">
            <word>her</word>
            <lemma>she</lemma>
            <CharacterOffsetBegin>92</CharacterOffsetBegin>
            <CharacterOffsetEnd>95</CharacterOffsetEnd>
            <POS>PRP</POS>
            <NER>O</NER>
          </token>
          <token id="17">
            <word>a</word>
            <lemma>a</lemma>
            <CharacterOffsetBegin>96</CharacterOffsetBegin>
            <CharacterOffsetEnd>97</CharacterOffsetEnd>
            <POS>DT</POS>
            <NER>O</NER>
          </token>
          <token id="18">
            <word>cult</word>
            <lemma>cult</lemma>
            <CharacterOffsetBegin>98</CharacterOffsetBegin>
            <CharacterOffsetEnd>102</CharacterOffsetEnd>
            <POS>NN</POS>
            <NER>O</NER>
          </token>
          <token id="19">
            <word>favorite</word>
            <lemma>favorite</lemma>
            <CharacterOffsetBegin>103</CharacterOffsetBegin>
            <CharacterOffsetEnd>111</CharacterOffsetEnd>
            <POS>JJ</POS>
            <NER>O</NER>
          </token>
          <token id="20">
            <word>,</word>
            <lemma>,</lemma>
            <CharacterOffsetBegin>112</CharacterOffsetBegin>
            <CharacterOffsetEnd>113</CharacterOffsetEnd>
            <POS>,</POS>
            <NER>O</NER>
          </token>
          <token id="21">
            <word>died</word>
            <lemma>die</lemma>
            <CharacterOffsetBegin>114</CharacterOffsetBegin>
            <CharacterOffsetEnd>118</CharacterOffsetEnd>
            <POS>VBD</POS>
            <NER>O</NER>
          </token>
          <token id="22">
            <word>Thursday</word>
            <lemma>Thursday</lemma>
            <CharacterOffsetBegin>119</CharacterOffsetBegin>
            <CharacterOffsetEnd>127</CharacterOffsetEnd>
            <POS>NNP</POS>
            <NER>DATE</NER>
            <NormalizedNER>XXXX-WXX-4TNI</NormalizedNER>
            <Timex tid="t1" type="TIME">XXXX-WXX-4TNI</Timex>
          </token>
          <token id="23">
            <word>night</word>
            <lemma>night</lemma>
            <CharacterOffsetBegin>128</CharacterOffsetBegin>
            <CharacterOffsetEnd>133</CharacterOffsetEnd>
            <POS>NN</POS>
            <NER>TIME</NER>
            <NormalizedNER>XXXX-WXX-4TNI</NormalizedNER>
            <Timex tid="t1" type="TIME">XXXX-WXX-4TNI</Timex>
          </token>
          <token id="24">
            <word>at</word>
            <lemma>at</lemma>
            <CharacterOffsetBegin>134</CharacterOffsetBegin>
            <CharacterOffsetEnd>136</CharacterOffsetEnd>
            <POS>IN</POS>
            <NER>O</NER>
          </token>
          <token id="25">
            <word>a</word>
            <lemma>a</lemma>
            <CharacterOffsetBegin>137</CharacterOffsetBegin>
            <CharacterOffsetEnd>138</CharacterOffsetEnd>
            <POS>DT</POS>
            <NER>O</NER>
          </token>
          <token id="26">
            <word>Los</word>
            <lemma>Los</lemma>
            <CharacterOffsetBegin>139</CharacterOffsetBegin>
            <CharacterOffsetEnd>142</CharacterOffsetEnd>
            <POS>NNP</POS>
            <NER>LOCATION</NER>
          </token>
          <token id="27">
            <word>Angeles</word>
            <lemma>Angeles</lemma>
            <CharacterOffsetBegin>143</CharacterOffsetBegin>
            <CharacterOffsetEnd>150</CharacterOffsetEnd>
            <POS>NNP</POS>
            <NER>LOCATION</NER>
          </token>
          <token id="28">
            <word>hospital</word>
            <lemma>hospital</lemma>
            <CharacterOffsetBegin>151</CharacterOffsetBegin>
            <CharacterOffsetEnd>159</CharacterOffsetEnd>
            <POS>NN</POS>
            <NER>O</NER>
          </token>
          <token id="29">
            <word>-</word>
            <lemma>-</lemma>
            <CharacterOffsetBegin>160</CharacterOffsetBegin>
            <CharacterOffsetEnd>161</CharacterOffsetEnd>
            <POS>:</POS>
            <NER>O</NER>
          </token>
          <token id="30">
            <word>nine</word>
            <lemma>nine</lemma>
            <CharacterOffsetBegin>162</CharacterOffsetBegin>
            <CharacterOffsetEnd>166</CharacterOffsetEnd>
            <POS>CD</POS>
            <NER>DURATION</NER>
            <NormalizedNER>P9D</NormalizedNER>
            <Timex tid="t2" type="DURATION">P9D</Timex>
          </token>
          <token id="31">
            <word>days</word>
            <lemma>day</lemma>
            <CharacterOffsetBegin>167</CharacterOffsetBegin>
            <CharacterOffsetEnd>171</CharacterOffsetEnd>
            <POS>NNS</POS>
            <NER>DURATION</NER>
            <NormalizedNER>P9D</NormalizedNER>
            <Timex tid="t2" type="DURATION">P9D</Timex>
          </token>
          <token id="32">
            <word>after</word>
            <lemma>after</lemma>
            <CharacterOffsetBegin>172</CharacterOffsetBegin>
            <CharacterOffsetEnd>177</CharacterOffsetEnd>
            <POS>IN</POS>
            <NER>O</NER>
          </token>
          <token id="33">
            <word>suffering</word>
            <lemma>suffer</lemma>
            <CharacterOffsetBegin>178</CharacterOffsetBegin>
            <CharacterOffsetEnd>187</CharacterOffsetEnd>
            <POS>VBG</POS>
            <NER>O</NER>
          </token>
          <token id="34">
            <word>a</word>
            <lemma>a</lemma>
            <CharacterOffsetBegin>188</CharacterOffsetBegin>
            <CharacterOffsetEnd>189</CharacterOffsetEnd>
            <POS>DT</POS>
            <NER>O</NER>
          </token>
          <token id="35">
            <word>heart</word>
            <lemma>heart</lemma>
            <CharacterOffsetBegin>190</CharacterOffsetBegin>
            <CharacterOffsetEnd>195</CharacterOffsetEnd>
            <POS>NN</POS>
            <NER>O</NER>
          </token>
          <token id="36">
            <word>attack</word>
            <lemma>attack</lemma>
            <CharacterOffsetBegin>196</CharacterOffsetBegin>
            <CharacterOffsetEnd>202</CharacterOffsetEnd>
            <POS>NN</POS>
            <NER>O</NER>
          </token>
          <token id="37">
            <word>.</word>
            <lemma>.</lemma>
            <CharacterOffsetBegin>203</CharacterOffsetBegin>
            <CharacterOffsetEnd>204</CharacterOffsetEnd>
            <POS>.</POS>
            <NER>O</NER>
          </token>
        </tokens>
        <parse>(ROOT (S (NP (NP (NNP Bettie) (NNP Page)) (, ,) (SBAR (WHNP (WP$ whose) (NP (NP (NN trademark) (NN raven) (NN hair)) (CC and) (NP (JJ risque) (NN lingerie) (CC and) (NN bondage)))) (S (NP (JJ pin-up) (NNS photos)) (VP (VBD made) (S (NP (PRP her)) (ADJP (NP (DT a) (NN cult)) (JJ favorite)))))) (, ,)) (VP (VBD died) (NP-TMP (NNP Thursday) (NN night)) (PP (IN at) (NP (DT a) (NNP Los) (NNP Angeles) (NN hospital))) (: -) (PP (NP (CD nine) (NNS days)) (IN after) (S (VP (VBG suffering) (NP (DT a) (NN heart) (NN attack)))))) (. .))) </parse>
        <dependencies type="basic-dependencies">
          <dep type="root">
            <governor idx="0">ROOT</governor>
            <dependent idx="21">died</dependent>
          </dep>
          <dep type="compound">
            <governor idx="2">Page</governor>
            <dependent idx="1">Bettie</dependent>
          </dep>
          <dep type="nsubj">
            <governor idx="21">died</governor>
            <dependent idx="2">Page</dependent>
          </dep>
          <dep type="punct">
            <governor idx="2">Page</governor>
            <dependent idx="3">,</dependent>
          </dep>
          <dep type="nmod:poss">
            <governor idx="7">hair</governor>
            <dependent idx="4">whose</dependent>
          </dep>
          <dep type="compound">
            <governor idx="7">hair</governor>
            <dependent idx="5">trademark</dependent>
          </dep>
          <dep type="compound">
            <governor idx="7">hair</governor>
            <dependent idx="6">raven</dependent>
          </dep>
          <dep type="nsubj">
            <governor idx="15">made</governor>
            <dependent idx="7">hair</dependent>
          </dep>
          <dep type="cc">
            <governor idx="7">hair</governor>
            <dependent idx="8">and</dependent>
          </dep>
          <dep type="amod">
            <governor idx="10">lingerie</governor>
            <dependent idx="9">risque</dependent>
          </dep>
          <dep type="conj">
            <governor idx="7">hair</governor>
            <dependent idx="10">lingerie</dependent>
          </dep>
          <dep type="cc">
            <governor idx="7">hair</governor>
            <dependent idx="11">and</dependent>
          </dep>
          <dep type="compound">
            <governor idx="14">photos</governor>
            <dependent idx="12">bondage</dependent>
          </dep>
          <dep type="amod">
            <governor idx="14">photos</governor>
            <dependent idx="13">pin-up</dependent>
          </dep>
          <dep type="conj">
            <governor idx="7">hair</governor>
            <dependent idx="14">photos</dependent>
          </dep>
          <dep type="acl:relcl">
            <governor idx="2">Page</governor>
            <dependent idx="15">made</dependent>
          </dep>
          <dep type="nsubj">
            <governor idx="19">favorite</governor>
            <dependent idx="16">her</dependent>
          </dep>
          <dep type="det">
            <governor idx="19">favorite</governor>
            <dependent idx="17">a</dependent>
          </dep>
          <dep type="compound">
            <governor idx="19">favorite</governor>
            <dependent idx="18">cult</dependent>
          </dep>
          <dep type="xcomp">
            <governor idx="15">made</governor>
            <dependent idx="19">favorite</dependent>
          </dep>
          <dep type="punct">
            <governor idx="2">Page</governor>
            <dependent idx="20">,</dependent>
          </dep>
          <dep type="compound">
            <governor idx="23">night</governor>
            <dependent idx="22">Thursday</dependent>
          </dep>
          <dep type="nmod:tmod">
            <governor idx="21">died</governor>
            <dependent idx="23">night</dependent>
          </dep>
          <dep type="case">
            <governor idx="28">hospital</governor>
            <dependent idx="24">at</dependent>
          </dep>
          <dep type="det">
            <governor idx="28">hospital</governor>
            <dependent idx="25">a</dependent>
          </dep>
          <dep type="compound">
            <governor idx="28">hospital</governor>
            <dependent idx="26">Los</dependent>
          </dep>
          <dep type="compound">
            <governor idx="28">hospital</governor>
            <dependent idx="27">Angeles</dependent>
          </dep>
          <dep type="nmod">
            <governor idx="21">died</governor>
            <dependent idx="28">hospital</dependent>
          </dep>
          <dep type="punct">
            <governor idx="28">hospital</governor>
            <dependent idx="29">-</dependent>
          </dep>
          <dep type="nummod">
            <governor idx="31">days</governor>
            <dependent idx="30">nine</dependent>
          </dep>
          <dep type="dep">
            <governor idx="28">hospital</governor>
            <dependent idx="31">days</dependent>
          </dep>
          <dep type="mark">
            <governor idx="33">suffering</governor>
            <dependent idx="32">after</dependent>
          </dep>
          <dep type="acl">
            <governor idx="31">days</governor>
            <dependent idx="33">suffering</dependent>
          </dep>
          <dep type="det">
            <governor idx="36">attack</governor>
            <dependent idx="34">a</dependent>
          </dep>
          <dep type="compound">
            <governor idx="36">attack</governor>
            <dependent idx="35">heart</dependent>
          </dep>
          <dep type="dobj">
            <governor idx="33">suffering</governor>
            <dependent idx="36">attack</dependent>
          </dep>
          <dep type="punct">
            <governor idx="21">died</governor>
            <dependent idx="37">.</dependent>
          </dep>
        </dependencies>
        <dependencies type="collapsed-dependencies">
          <dep type="root">
            <governor idx="0">ROOT</governor>
            <dependent idx="21">died</dependent>
          </dep>
          <dep type="compound">
            <governor idx="2">Page</governor>
            <dependent idx="1">Bettie</dependent>
          </dep>
          <dep type="nsubj">
            <governor idx="21">died</governor>
            <dependent idx="2">Page</dependent>
          </dep>
          <dep type="punct">
            <governor idx="2">Page</governor>
            <dependent idx="3">,</dependent>
          </dep>
          <dep type="nmod:poss">
            <governor idx="7">hair</governor>
            <dependent idx="4">whose</dependent>
          </dep>
          <dep type="compound">
            <governor idx="7">hair</governor>
            <dependent idx="5">trademark</dependent>
          </dep>
          <dep type="compound">
            <governor idx="7">hair</governor>
            <dependent idx="6">raven</dependent>
          </dep>
          <dep type="nsubj">
            <governor idx="15">made</governor>
            <dependent idx="7">hair</dependent>
          </dep>
          <dep type="cc">
            <governor idx="7">hair</governor>
            <dependent idx="8">and</dependent>
          </dep>
          <dep type="amod">
            <governor idx="10">lingerie</governor>
            <dependent idx="9">risque</dependent>
          </dep>
          <dep type="conj:and">
            <governor idx="7">hair</governor>
            <dependent idx="10">lingerie</dependent>
          </dep>
          <dep type="cc">
            <governor idx="7">hair</governor>
            <dependent idx="11">and</dependent>
          </dep>
          <dep type="compound">
            <governor idx="14">photos</governor>
            <dependent idx="12">bondage</dependent>
          </dep>
          <dep type="amod">
            <governor idx="14">photos</governor>
            <dependent idx="13">pin-up</dependent>
          </dep>
          <dep type="conj:and">
            <governor idx="7">hair</governor>
            <dependent idx="14">photos</dependent>
          </dep>
          <dep type="acl:relcl">
            <governor idx="2">Page</governor>
            <dependent idx="15">made</dependent>
          </dep>
          <dep type="nsubj">
            <governor idx="19">favorite</governor>
            <dependent idx="16">her</dependent>
          </dep>
          <dep type="det">
            <governor idx="19">favorite</governor>
            <dependent idx="17">a</dependent>
          </dep>
          <dep type="compound">
            <governor idx="19">favorite</governor>
            <dependent idx="18">cult</dependent>
          </dep>
          <dep type="xcomp">
            <governor idx="15">made</governor>
            <dependent idx="19">favorite</dependent>
          </dep>
          <dep type="punct">
            <governor idx="2">Page</governor>
            <dependent idx="20">,</dependent>
          </dep>
          <dep type="compound">
            <governor idx="23">night</governor>
            <dependent idx="22">Thursday</dependent>
          </dep>
          <dep type="nmod:tmod">
            <governor idx="21">died</governor>
            <dependent idx="23">night</dependent>
          </dep>
          <dep type="case">
            <governor idx="28">hospital</governor>
            <dependent idx="24">at</dependent>
          </dep>
          <dep type="det">
            <governor idx="28">hospital</governor>
            <dependent idx="25">a</dependent>
          </dep>
          <dep type="compound">
            <governor idx="28">hospital</governor>
            <dependent idx="26">Los</dependent>
          </dep>
          <dep type="compound">
            <governor idx="28">hospital</governor>
            <dependent idx="27">Angeles</dependent>
          </dep>
          <dep type="nmod:at">
            <governor idx="21">died</governor>
            <dependent idx="28">hospital</dependent>
          </dep>
          <dep type="punct">
            <governor idx="28">hospital</governor>
            <dependent idx="29">-</dependent>
          </dep>
          <dep type="nummod">
            <governor idx="31">days</governor>
            <dependent idx="30">nine</dependent>
          </dep>
          <dep type="dep">
            <governor idx="28">hospital</governor>
            <dependent idx="31">days</dependent>
          </dep>
          <dep type="mark">
            <governor idx="33">suffering</governor>
            <dependent idx="32">after</dependent>
          </dep>
          <dep type="acl">
            <governor idx="31">days</governor>
            <dependent idx="33">suffering</dependent>
          </dep>
          <dep type="det">
            <governor idx="36">attack</governor>
            <dependent idx="34">a</dependent>
          </dep>
          <dep type="compound">
            <governor idx="36">attack</governor>
            <dependent idx="35">heart</dependent>
          </dep>
          <dep type="dobj">
            <governor idx="33">suffering</governor>
            <dependent idx="36">attack</dependent>
          </dep>
          <dep type="punct">
            <governor idx="21">died</governor>
            <dependent idx="37">.</dependent>
          </dep>
        </dependencies>
        <dependencies type="collapsed-ccprocessed-dependencies">
          <dep type="root">
            <governor idx="0">ROOT</governor>
            <dependent idx="21">died</dependent>
          </dep>
          <dep type="compound">
            <governor idx="2">Page</governor>
            <dependent idx="1">Bettie</dependent>
          </dep>
          <dep type="nsubj">
            <governor idx="21">died</governor>
            <dependent idx="2">Page</dependent>
          </dep>
          <dep type="punct">
            <governor idx="2">Page</governor>
            <dependent idx="3">,</dependent>
          </dep>
          <dep type="nmod:poss">
            <governor idx="7">hair</governor>
            <dependent idx="4">whose</dependent>
          </dep>
          <dep type="compound">
            <governor idx="7">hair</governor>
            <dependent idx="5">trademark</dependent>
          </dep>
          <dep type="compound">
            <governor idx="7">hair</governor>
            <dependent idx="6">raven</dependent>
          </dep>
          <dep type="nsubj">
            <governor idx="15">made</governor>
            <dependent idx="7">hair</dependent>
          </dep>
          <dep type="cc">
            <governor idx="7">hair</governor>
            <dependent idx="8">and</dependent>
          </dep>
          <dep type="amod">
            <governor idx="10">lingerie</governor>
            <dependent idx="9">risque</dependent>
          </dep>
          <dep type="conj:and">
            <governor idx="7">hair</governor>
            <dependent idx="10">lingerie</dependent>
          </dep>
          <dep type="nsubj" extra="true">
            <governor idx="15">made</governor>
            <dependent idx="10">lingerie</dependent>
          </dep>
          <dep type="cc">
            <governor idx="7">hair</governor>
            <dependent idx="11">and</dependent>
          </dep>
          <dep type="compound">
            <governor idx="14">photos</governor>
            <dependent idx="12">bondage</dependent>
          </dep>
          <dep type="amod">
            <governor idx="14">photos</governor>
            <dependent idx="13">pin-up</dependent>
          </dep>
          <dep type="conj:and">
            <governor idx="7">hair</governor>
            <dependent idx="14">photos</dependent>
          </dep>
          <dep type="nsubj" extra="true">
            <governor idx="15">made</governor>
            <dependent idx="14">photos</dependent>
          </dep>
          <dep type="acl:relcl">
            <governor idx="2">Page</governor>
            <dependent idx="15">made</dependent>
          </dep>
          <dep type="nsubj">
            <governor idx="19">favorite</governor>
            <dependent idx="16">her</dependent>
          </dep>
          <dep type="det">
            <governor idx="19">favorite</governor>
            <dependent idx="17">a</dependent>
          </dep>
          <dep type="compound">
            <governor idx="19">favorite</governor>
            <dependent idx="18">cult</dependent>
          </dep>
          <dep type="xcomp">
            <governor idx="15">made</governor>
            <dependent idx="19">favorite</dependent>
          </dep>
          <dep type="punct">
            <governor idx="2">Page</governor>
            <dependent idx="20">,</dependent>
          </dep>
          <dep type="compound">
            <governor idx="23">night</governor>
            <dependent idx="22">Thursday</dependent>
          </dep>
          <dep type="nmod:tmod">
            <governor idx="21">died</governor>
            <dependent idx="23">night</dependent>
          </dep>
          <dep type="case">
            <governor idx="28">hospital</governor>
            <dependent idx="24">at</dependent>
          </dep>
          <dep type="det">
            <governor idx="28">hospital</governor>
            <dependent idx="25">a</dependent>
          </dep>
          <dep type="compound">
            <governor idx="28">hospital</governor>
            <dependent idx="26">Los</dependent>
          </dep>
          <dep type="compound">
            <governor idx="28">hospital</governor>
            <dependent idx="27">Angeles</dependent>
          </dep>
          <dep type="nmod:at">
            <governor idx="21">died</governor>
            <dependent idx="28">hospital</dependent>
          </dep>
          <dep type="punct">
            <governor idx="28">hospital</governor>
            <dependent idx="29">-</dependent>
          </dep>
          <dep type="nummod">
            <governor idx="31">days</governor>
            <dependent idx="30">nine</dependent>
          </dep>
          <dep type="dep">
            <governor idx="28">hospital</governor>
            <dependent idx="31">days</dependent>
          </dep>
          <dep type="mark">
            <governor idx="33">suffering</governor>
            <dependent idx="32">after</dependent>
          </dep>
          <dep type="acl">
            <governor idx="31">days</governor>
            <dependent idx="33">suffering</dependent>
          </dep>
          <dep type="det">
            <governor idx="36">attack</governor>
            <dependent idx="34">a</dependent>
          </dep>
          <dep type="compound">
            <governor idx="36">attack</governor>
            <dependent idx="35">heart</dependent>
          </dep>
          <dep type="dobj">
            <governor idx="33">suffering</governor>
            <dependent idx="36">attack</dependent>
          </dep>
          <dep type="punct">
            <governor idx="21">died</governor>
            <dependent idx="37">.</dependent>
          </dep>
        </dependencies>
      </sentence>
    </sentences>
  </document>
</root>
