<?xml version="1.0" encoding="UTF-8"?>
<?xml-stylesheet href="CoreNLP-to-HTML.xsl" type="text/xsl"?>
<root>
  <document>
    <sentences>
      <sentence id="1" line="1">
        <tokens>
          <token id="1">
            <word>Rumored</word>
            <lemma>rumor</lemma>
            <CharacterOffsetBegin>0</CharacterOffsetBegin>
            <CharacterOffsetEnd>7</CharacterOffsetEnd>
            <POS>VBN</POS>
            <NER>O</NER>
          </token>
          <token id="2">
            <word>to</word>
            <lemma>to</lemma>
            <CharacterOffsetBegin>8</CharacterOffsetBegin>
            <CharacterOffsetEnd>10</CharacterOffsetEnd>
            <POS>TO</POS>
            <NER>O</NER>
          </token>
          <token id="3">
            <word>be</word>
            <lemma>be</lemma>
            <CharacterOffsetBegin>11</CharacterOffsetBegin>
            <CharacterOffsetEnd>13</CharacterOffsetEnd>
            <POS>VB</POS>
            <NER>O</NER>
          </token>
          <token id="4">
            <word>the</word>
            <lemma>the</lemma>
            <CharacterOffsetBegin>14</CharacterOffsetBegin>
            <CharacterOffsetEnd>17</CharacterOffsetEnd>
            <POS>DT</POS>
            <NER>O</NER>
          </token>
          <token id="5">
            <word>front</word>
            <lemma>front</lemma>
            <CharacterOffsetBegin>18</CharacterOffsetBegin>
            <CharacterOffsetEnd>23</CharacterOffsetEnd>
            <POS>JJ</POS>
            <NER>O</NER>
          </token>
          <token id="6">
            <word>runner</word>
            <lemma>runner</lemma>
            <CharacterOffsetBegin>24</CharacterOffsetBegin>
            <CharacterOffsetEnd>30</CharacterOffsetEnd>
            <POS>NN</POS>
            <NER>O</NER>
          </token>
          <token id="7">
            <word>earlier</word>
            <lemma>earlier</lemma>
            <CharacterOffsetBegin>31</CharacterOffsetBegin>
            <CharacterOffsetEnd>38</CharacterOffsetEnd>
            <POS>RBR</POS>
            <NER>O</NER>
          </token>
          <token id="8">
            <word>in</word>
            <lemma>in</lemma>
            <CharacterOffsetBegin>39</CharacterOffsetBegin>
            <CharacterOffsetEnd>41</CharacterOffsetEnd>
            <POS>IN</POS>
            <NER>O</NER>
          </token>
          <token id="9">
            <word>the</word>
            <lemma>the</lemma>
            <CharacterOffsetBegin>42</CharacterOffsetBegin>
            <CharacterOffsetEnd>45</CharacterOffsetEnd>
            <POS>DT</POS>
            <NER>DATE</NER>
            <NormalizedNER>THIS P1W</NormalizedNER>
            <Timex tid="t1" type="DATE"/>
          </token>
          <token id="10">
            <word>week</word>
            <lemma>week</lemma>
            <CharacterOffsetBegin>46</CharacterOffsetBegin>
            <CharacterOffsetEnd>50</CharacterOffsetEnd>
            <POS>NN</POS>
            <NER>DATE</NER>
            <NormalizedNER>THIS P1W</NormalizedNER>
            <Timex tid="t1" type="DATE"/>
          </token>
          <token id="11">
            <word>,</word>
            <lemma>,</lemma>
            <CharacterOffsetBegin>51</CharacterOffsetBegin>
            <CharacterOffsetEnd>52</CharacterOffsetEnd>
            <POS>,</POS>
            <NER>O</NER>
          </token>
          <token id="12">
            <word>Entertainment</word>
            <lemma>Entertainment</lemma>
            <CharacterOffsetBegin>53</CharacterOffsetBegin>
            <CharacterOffsetEnd>66</CharacterOffsetEnd>
            <POS>NNP</POS>
            <NER>ORGANIZATION</NER>
          </token>
          <token id="13">
            <word>Weekly</word>
            <lemma>Weekly</lemma>
            <CharacterOffsetBegin>67</CharacterOffsetBegin>
            <CharacterOffsetEnd>73</CharacterOffsetEnd>
            <POS>NNP</POS>
            <NER>ORGANIZATION</NER>
            <Timex tid="t2" type="SET">P1W</Timex>
          </token>
          <token id="14">
            <word>has</word>
            <lemma>have</lemma>
            <CharacterOffsetBegin>74</CharacterOffsetBegin>
            <CharacterOffsetEnd>77</CharacterOffsetEnd>
            <POS>VBZ</POS>
            <NER>O</NER>
          </token>
          <token id="15">
            <word>now</word>
            <lemma>now</lemma>
            <CharacterOffsetBegin>78</CharacterOffsetBegin>
            <CharacterOffsetEnd>81</CharacterOffsetEnd>
            <POS>RB</POS>
            <NER>DATE</NER>
            <NormalizedNER>PRESENT_REF</NormalizedNER>
            <Timex tid="t3" type="DATE">PRESENT_REF</Timex>
          </token>
          <token id="16">
            <word>confirmed</word>
            <lemma>confirm</lemma>
            <CharacterOffsetBegin>82</CharacterOffsetBegin>
            <CharacterOffsetEnd>91</CharacterOffsetEnd>
            <POS>VBN</POS>
            <NER>O</NER>
          </token>
          <token id="17">
            <word>that</word>
            <lemma>that</lemma>
            <CharacterOffsetBegin>92</CharacterOffsetBegin>
            <CharacterOffsetEnd>96</CharacterOffsetEnd>
            <POS>IN</POS>
            <NER>O</NER>
          </token>
          <token id="18">
            <word>Chris</word>
            <lemma>Chris</lemma>
            <CharacterOffsetBegin>97</CharacterOffsetBegin>
            <CharacterOffsetEnd>102</CharacterOffsetEnd>
            <POS>NNP</POS>
            <NER>PERSON</NER>
          </token>
          <token id="19">
            <word>Weitz</word>
            <lemma>Weitz</lemma>
            <CharacterOffsetBegin>103</CharacterOffsetBegin>
            <CharacterOffsetEnd>108</CharacterOffsetEnd>
            <POS>NNP</POS>
            <NER>PERSON</NER>
          </token>
          <token id="20">
            <word>will</word>
            <lemma>will</lemma>
            <CharacterOffsetBegin>109</CharacterOffsetBegin>
            <CharacterOffsetEnd>113</CharacterOffsetEnd>
            <POS>MD</POS>
            <NER>O</NER>
          </token>
          <token id="21">
            <word>direct</word>
            <lemma>direct</lemma>
            <CharacterOffsetBegin>114</CharacterOffsetBegin>
            <CharacterOffsetEnd>120</CharacterOffsetEnd>
            <POS>VB</POS>
            <NER>O</NER>
          </token>
          <token id="22">
            <word>the</word>
            <lemma>the</lemma>
            <CharacterOffsetBegin>121</CharacterOffsetBegin>
            <CharacterOffsetEnd>124</CharacterOffsetEnd>
            <POS>DT</POS>
            <NER>O</NER>
          </token>
          <token id="23">
            <word>sequel</word>
            <lemma>sequel</lemma>
            <CharacterOffsetBegin>125</CharacterOffsetBegin>
            <CharacterOffsetEnd>131</CharacterOffsetEnd>
            <POS>NN</POS>
            <NER>O</NER>
          </token>
          <token id="24">
            <word>to</word>
            <lemma>to</lemma>
            <CharacterOffsetBegin>132</CharacterOffsetBegin>
            <CharacterOffsetEnd>134</CharacterOffsetEnd>
            <POS>TO</POS>
            <NER>O</NER>
          </token>
          <token id="25">
            <word>Twilight</word>
            <lemma>Twilight</lemma>
            <CharacterOffsetBegin>135</CharacterOffsetBegin>
            <CharacterOffsetEnd>143</CharacterOffsetEnd>
            <POS>NNP</POS>
            <NER>TIME</NER>
            <NormalizedNER>TEV</NormalizedNER>
            <Timex tid="t4" type="TIME">TEV</Timex>
          </token>
          <token id="26">
            <word>,</word>
            <lemma>,</lemma>
            <CharacterOffsetBegin>144</CharacterOffsetBegin>
            <CharacterOffsetEnd>145</CharacterOffsetEnd>
            <POS>,</POS>
            <NER>O</NER>
          </token>
          <token id="27">
            <word>New</word>
            <lemma>New</lemma>
            <CharacterOffsetBegin>146</CharacterOffsetBegin>
            <CharacterOffsetEnd>149</CharacterOffsetEnd>
            <POS>NNP</POS>
            <NER>LOCATION</NER>
          </token>
          <token id="28">
            <word>Moon</word>
            <lemma>Moon</lemma>
            <CharacterOffsetBegin>150</CharacterOffsetBegin>
            <CharacterOffsetEnd>154</CharacterOffsetEnd>
            <POS>NNP</POS>
            <NER>LOCATION</NER>
          </token>
          <token id="29">
            <word>,</word>
            <lemma>,</lemma>
            <CharacterOffsetBegin>155</CharacterOffsetBegin>
            <CharacterOffsetEnd>156</CharacterOffsetEnd>
            <POS>,</POS>
            <NER>O</NER>
          </token>
          <token id="30">
            <word>replacing</word>
            <lemma>replace</lemma>
            <CharacterOffsetBegin>157</CharacterOffsetBegin>
            <CharacterOffsetEnd>166</CharacterOffsetEnd>
            <POS>VBG</POS>
            <NER>O</NER>
          </token>
          <token id="31">
            <word>Catherine</word>
            <lemma>Catherine</lemma>
            <CharacterOffsetBegin>167</CharacterOffsetBegin>
            <CharacterOffsetEnd>176</CharacterOffsetEnd>
            <POS>NNP</POS>
            <NER>PERSON</NER>
          </token>
          <token id="32">
            <word>Hardwicke</word>
            <lemma>Hardwicke</lemma>
            <CharacterOffsetBegin>177</CharacterOffsetBegin>
            <CharacterOffsetEnd>186</CharacterOffsetEnd>
            <POS>NNP</POS>
            <NER>PERSON</NER>
          </token>
          <token id="33">
            <word>.</word>
            <lemma>.</lemma>
            <CharacterOffsetBegin>187</CharacterOffsetBegin>
            <CharacterOffsetEnd>188</CharacterOffsetEnd>
            <POS>.</POS>
            <NER>O</NER>
          </token>
        </tokens>
        <parse>(ROOT (S (S (VP (VBN Rumored) (S (VP (TO to) (VP (VB be) (NP (DT the) (JJ front) (NN runner)) (ADVP (RBR earlier) (PP (IN in) (NP (DT the) (NN week))))))))) (, ,) (NP (NNP Entertainment) (NNP Weekly)) (VP (VBZ has) (ADVP (RB now)) (VP (VBN confirmed) (SBAR (IN that) (S (NP (NNP Chris) (NNP Weitz)) (VP (MD will) (VP (VB direct) (NP (DT the) (NN sequel)) (PP (TO to) (NP (NP (NNP Twilight)) (, ,) (NP (NNP New) (NNP Moon)) (, ,))) (S (VP (VBG replacing) (NP (NNP Catherine) (NNP Hardwicke)))))))))) (. .))) </parse>
        <dependencies type="basic-dependencies">
          <dep type="root">
            <governor idx="0">ROOT</governor>
            <dependent idx="16">confirmed</dependent>
          </dep>
          <dep type="advcl">
            <governor idx="16">confirmed</governor>
            <dependent idx="1">Rumored</dependent>
          </dep>
          <dep type="mark">
            <governor idx="6">runner</governor>
            <dependent idx="2">to</dependent>
          </dep>
          <dep type="cop">
            <governor idx="6">runner</governor>
            <dependent idx="3">be</dependent>
          </dep>
          <dep type="det">
            <governor idx="6">runner</governor>
            <dependent idx="4">the</dependent>
          </dep>
          <dep type="amod">
            <governor idx="6">runner</governor>
            <dependent idx="5">front</dependent>
          </dep>
          <dep type="xcomp">
            <governor idx="1">Rumored</governor>
            <dependent idx="6">runner</dependent>
          </dep>
          <dep type="advmod">
            <governor idx="6">runner</governor>
            <dependent idx="7">earlier</dependent>
          </dep>
          <dep type="case">
            <governor idx="10">week</governor>
            <dependent idx="8">in</dependent>
          </dep>
          <dep type="det">
            <governor idx="10">week</governor>
            <dependent idx="9">the</dependent>
          </dep>
          <dep type="nmod">
            <governor idx="7">earlier</governor>
            <dependent idx="10">week</dependent>
          </dep>
          <dep type="punct">
            <governor idx="16">confirmed</governor>
            <dependent idx="11">,</dependent>
          </dep>
          <dep type="compound">
            <governor idx="13">Weekly</governor>
            <dependent idx="12">Entertainment</dependent>
          </dep>
          <dep type="nsubj">
            <governor idx="16">confirmed</governor>
            <dependent idx="13">Weekly</dependent>
          </dep>
          <dep type="aux">
            <governor idx="16">confirmed</governor>
            <dependent idx="14">has</dependent>
          </dep>
          <dep type="advmod">
            <governor idx="16">confirmed</governor>
            <dependent idx="15">now</dependent>
          </dep>
          <dep type="mark">
            <governor idx="21">direct</governor>
            <dependent idx="17">that</dependent>
          </dep>
          <dep type="compound">
            <governor idx="19">Weitz</governor>
            <dependent idx="18">Chris</dependent>
          </dep>
          <dep type="nsubj">
            <governor idx="21">direct</governor>
            <dependent idx="19">Weitz</dependent>
          </dep>
          <dep type="aux">
            <governor idx="21">direct</governor>
            <dependent idx="20">will</dependent>
          </dep>
          <dep type="ccomp">
            <governor idx="16">confirmed</governor>
            <dependent idx="21">direct</dependent>
          </dep>
          <dep type="det">
            <governor idx="23">sequel</governor>
            <dependent idx="22">the</dependent>
          </dep>
          <dep type="dobj">
            <governor idx="21">direct</governor>
            <dependent idx="23">sequel</dependent>
          </dep>
          <dep type="case">
            <governor idx="25">Twilight</governor>
            <dependent idx="24">to</dependent>
          </dep>
          <dep type="nmod">
            <governor idx="23">sequel</governor>
            <dependent idx="25">Twilight</dependent>
          </dep>
          <dep type="punct">
            <governor idx="25">Twilight</governor>
            <dependent idx="26">,</dependent>
          </dep>
          <dep type="compound">
            <governor idx="28">Moon</governor>
            <dependent idx="27">New</dependent>
          </dep>
          <dep type="appos">
            <governor idx="25">Twilight</governor>
            <dependent idx="28">Moon</dependent>
          </dep>
          <dep type="punct">
            <governor idx="16">confirmed</governor>
            <dependent idx="29">,</dependent>
          </dep>
          <dep type="xcomp">
            <governor idx="16">confirmed</governor>
            <dependent idx="30">replacing</dependent>
          </dep>
          <dep type="compound">
            <governor idx="32">Hardwicke</governor>
            <dependent idx="31">Catherine</dependent>
          </dep>
          <dep type="dobj">
            <governor idx="30">replacing</governor>
            <dependent idx="32">Hardwicke</dependent>
          </dep>
          <dep type="punct">
            <governor idx="16">confirmed</governor>
            <dependent idx="33">.</dependent>
          </dep>
        </dependencies>
        <dependencies type="collapsed-dependencies">
          <dep type="root">
            <governor idx="0">ROOT</governor>
            <dependent idx="16">confirmed</dependent>
          </dep>
          <dep type="advcl">
            <governor idx="16">confirmed</governor>
            <dependent idx="1">Rumored</dependent>
          </dep>
          <dep type="mark">
            <governor idx="6">runner</governor>
            <dependent idx="2">to</dependent>
          </dep>
          <dep type="cop">
            <governor idx="6">runner</governor>
            <dependent idx="3">be</dependent>
          </dep>
          <dep type="det">
            <governor idx="6">runner</governor>
            <dependent idx="4">the</dependent>
          </dep>
          <dep type="amod">
            <governor idx="6">runner</governor>
            <dependent idx="5">front</dependent>
          </dep>
          <dep type="xcomp">
            <governor idx="1">Rumored</governor>
            <dependent idx="6">runner</dependent>
          </dep>
          <dep type="advmod">
            <governor idx="6">runner</governor>
            <dependent idx="7">earlier</dependent>
          </dep>
          <dep type="case">
            <governor idx="10">week</governor>
            <dependent idx="8">in</dependent>
          </dep>
          <dep type="det">
            <governor idx="10">week</governor>
            <dependent idx="9">the</dependent>
          </dep>
          <dep type="nmod:in">
            <governor idx="7">earlier</governor>
            <dependent idx="10">week</dependent>
          </dep>
          <dep type="punct">
            <governor idx="16">confirmed</governor>
            <dependent idx="11">,</dependent>
          </dep>
          <dep type="compound">
            <governor idx="13">Weekly</governor>
            <dependent idx="12">Entertainment</dependent>
          </dep>
          <dep type="nsubj">
            <governor idx="16">confirmed</governor>
            <dependent idx="13">Weekly</dependent>
          </dep>
          <dep type="aux">
            <governor idx="16">confirmed</governor>
            <dependent idx="14">has</dependent>
          </dep>
          <dep type="advmod">
            <governor idx="16">confirmed</governor>
            <dependent idx="15">now</dependent>
          </dep>
          <dep type="mark">
            <governor idx="21">direct</governor>
            <dependent idx="17">that</dependent>
          </dep>
          <dep type="compound">
            <governor idx="19">Weitz</governor>
            <dependent idx="18">Chris</dependent>
          </dep>
          <dep type="nsubj">
            <governor idx="21">direct</governor>
            <dependent idx="19">Weitz</dependent>
          </dep>
          <dep type="aux">
            <governor idx="21">direct</governor>
            <dependent idx="20">will</dependent>
          </dep>
          <dep type="ccomp">
            <governor idx="16">confirmed</governor>
            <dependent idx="21">direct</dependent>
          </dep>
          <dep type="det">
            <governor idx="23">sequel</governor>
            <dependent idx="22">the</dependent>
          </dep>
          <dep type="dobj">
            <governor idx="21">direct</governor>
            <dependent idx="23">sequel</dependent>
          </dep>
          <dep type="case">
            <governor idx="25">Twilight</governor>
            <dependent idx="24">to</dependent>
          </dep>
          <dep type="nmod:to">
            <governor idx="23">sequel</governor>
            <dependent idx="25">Twilight</dependent>
          </dep>
          <dep type="punct">
            <governor idx="25">Twilight</governor>
            <dependent idx="26">,</dependent>
          </dep>
          <dep type="compound">
            <governor idx="28">Moon</governor>
            <dependent idx="27">New</dependent>
          </dep>
          <dep type="appos">
            <governor idx="25">Twilight</governor>
            <dependent idx="28">Moon</dependent>
          </dep>
          <dep type="punct">
            <governor idx="16">confirmed</governor>
            <dependent idx="29">,</dependent>
          </dep>
          <dep type="xcomp">
            <governor idx="16">confirmed</governor>
            <dependent idx="30">replacing</dependent>
          </dep>
          <dep type="compound">
            <governor idx="32">Hardwicke</governor>
            <dependent idx="31">Catherine</dependent>
          </dep>
          <dep type="dobj">
            <governor idx="30">replacing</governor>
            <dependent idx="32">Hardwicke</dependent>
          </dep>
          <dep type="punct">
            <governor idx="16">confirmed</governor>
            <dependent idx="33">.</dependent>
          </dep>
        </dependencies>
        <dependencies type="collapsed-ccprocessed-dependencies">
          <dep type="root">
            <governor idx="0">ROOT</governor>
            <dependent idx="16">confirmed</dependent>
          </dep>
          <dep type="advcl">
            <governor idx="16">confirmed</governor>
            <dependent idx="1">Rumored</dependent>
          </dep>
          <dep type="mark">
            <governor idx="6">runner</governor>
            <dependent idx="2">to</dependent>
          </dep>
          <dep type="cop">
            <governor idx="6">runner</governor>
            <dependent idx="3">be</dependent>
          </dep>
          <dep type="det">
            <governor idx="6">runner</governor>
            <dependent idx="4">the</dependent>
          </dep>
          <dep type="amod">
            <governor idx="6">runner</governor>
            <dependent idx="5">front</dependent>
          </dep>
          <dep type="xcomp">
            <governor idx="1">Rumored</governor>
            <dependent idx="6">runner</dependent>
          </dep>
          <dep type="advmod">
            <governor idx="6">runner</governor>
            <dependent idx="7">earlier</dependent>
          </dep>
          <dep type="case">
            <governor idx="10">week</governor>
            <dependent idx="8">in</dependent>
          </dep>
          <dep type="det">
            <governor idx="10">week</governor>
            <dependent idx="9">the</dependent>
          </dep>
          <dep type="nmod:in">
            <governor idx="7">earlier</governor>
            <dependent idx="10">week</dependent>
          </dep>
          <dep type="punct">
            <governor idx="16">confirmed</governor>
            <dependent idx="11">,</dependent>
          </dep>
          <dep type="compound">
            <governor idx="13">Weekly</governor>
            <dependent idx="12">Entertainment</dependent>
          </dep>
          <dep type="nsubj">
            <governor idx="16">confirmed</governor>
            <dependent idx="13">Weekly</dependent>
          </dep>
          <dep type="aux">
            <governor idx="16">confirmed</governor>
            <dependent idx="14">has</dependent>
          </dep>
          <dep type="advmod">
            <governor idx="16">confirmed</governor>
            <dependent idx="15">now</dependent>
          </dep>
          <dep type="mark">
            <governor idx="21">direct</governor>
            <dependent idx="17">that</dependent>
          </dep>
          <dep type="compound">
            <governor idx="19">Weitz</governor>
            <dependent idx="18">Chris</dependent>
          </dep>
          <dep type="nsubj">
            <governor idx="21">direct</governor>
            <dependent idx="19">Weitz</dependent>
          </dep>
          <dep type="aux">
            <governor idx="21">direct</governor>
            <dependent idx="20">will</dependent>
          </dep>
          <dep type="ccomp">
            <governor idx="16">confirmed</governor>
            <dependent idx="21">direct</dependent>
          </dep>
          <dep type="det">
            <governor idx="23">sequel</governor>
            <dependent idx="22">the</dependent>
          </dep>
          <dep type="dobj">
            <governor idx="21">direct</governor>
            <dependent idx="23">sequel</dependent>
          </dep>
          <dep type="case">
            <governor idx="25">Twilight</governor>
            <dependent idx="24">to</dependent>
          </dep>
          <dep type="nmod:to">
            <governor idx="23">sequel</governor>
            <dependent idx="25">Twilight</dependent>
          </dep>
          <dep type="punct">
            <governor idx="25">Twilight</governor>
            <dependent idx="26">,</dependent>
          </dep>
          <dep type="compound">
            <governor idx="28">Moon</governor>
            <dependent idx="27">New</dependent>
          </dep>
          <dep type="appos">
            <governor idx="25">Twilight</governor>
            <dependent idx="28">Moon</dependent>
          </dep>
          <dep type="punct">
            <governor idx="16">confirmed</governor>
            <dependent idx="29">,</dependent>
          </dep>
          <dep type="xcomp">
            <governor idx="16">confirmed</governor>
            <dependent idx="30">replacing</dependent>
          </dep>
          <dep type="compound">
            <governor idx="32">Hardwicke</governor>
            <dependent idx="31">Catherine</dependent>
          </dep>
          <dep type="dobj">
            <governor idx="30">replacing</governor>
            <dependent idx="32">Hardwicke</dependent>
          </dep>
          <dep type="punct">
            <governor idx="16">confirmed</governor>
            <dependent idx="33">.</dependent>
          </dep>
        </dependencies>
      </sentence>
    </sentences>
  </document>
</root>
