<?xml version="1.0" encoding="UTF-8"?>
<?xml-stylesheet href="CoreNLP-to-HTML.xsl" type="text/xsl"?>
<root>
  <document>
    <sentences>
      <sentence id="1" line="1">
        <tokens>
          <token id="1">
            <word>Three</word>
            <lemma>three</lemma>
            <CharacterOffsetBegin>0</CharacterOffsetBegin>
            <CharacterOffsetEnd>5</CharacterOffsetEnd>
            <POS>CD</POS>
            <NER>NUMBER</NER>
            <NormalizedNER>3.0</NormalizedNER>
          </token>
          <token id="2">
            <word>Killed</word>
            <lemma>kill</lemma>
            <CharacterOffsetBegin>6</CharacterOffsetBegin>
            <CharacterOffsetEnd>12</CharacterOffsetEnd>
            <POS>VBN</POS>
            <NER>O</NER>
          </token>
          <token id="3">
            <word>In</word>
            <lemma>in</lemma>
            <CharacterOffsetBegin>13</CharacterOffsetBegin>
            <CharacterOffsetEnd>15</CharacterOffsetEnd>
            <POS>IN</POS>
            <NER>O</NER>
          </token>
          <token id="4">
            <word>Athens</word>
            <lemma>Athens</lemma>
            <CharacterOffsetBegin>16</CharacterOffsetBegin>
            <CharacterOffsetEnd>22</CharacterOffsetEnd>
            <POS>NNP</POS>
            <NER>ORGANIZATION</NER>
          </token>
          <token id="5">
            <word>Bank</word>
            <lemma>Bank</lemma>
            <CharacterOffsetBegin>23</CharacterOffsetBegin>
            <CharacterOffsetEnd>27</CharacterOffsetEnd>
            <POS>NNP</POS>
            <NER>ORGANIZATION</NER>
          </token>
          <token id="6">
            <word>Fire</word>
            <lemma>Fire</lemma>
            <CharacterOffsetBegin>28</CharacterOffsetBegin>
            <CharacterOffsetEnd>32</CharacterOffsetEnd>
            <POS>NNP</POS>
            <NER>O</NER>
          </token>
          <token id="7">
            <word>Amid</word>
            <lemma>amid</lemma>
            <CharacterOffsetBegin>33</CharacterOffsetBegin>
            <CharacterOffsetEnd>37</CharacterOffsetEnd>
            <POS>IN</POS>
            <NER>O</NER>
          </token>
          <token id="8">
            <word>Strike</word>
            <lemma>strike</lemma>
            <CharacterOffsetBegin>38</CharacterOffsetBegin>
            <CharacterOffsetEnd>44</CharacterOffsetEnd>
            <POS>NN</POS>
            <NER>O</NER>
          </token>
        </tokens>
        <parse>(ROOT (SINV (NP (CD Three)) (VP (VBN Killed) (PP (IN In) (NP (NNP Athens) (NNP Bank) (NNP Fire))) (FRAG (PP (IN Amid) (NP (NN Strike))))))) </parse>
        <dependencies type="basic-dependencies">
          <dep type="root">
            <governor idx="0">ROOT</governor>
            <dependent idx="2">Killed</dependent>
          </dep>
          <dep type="nummod">
            <governor idx="2">Killed</governor>
            <dependent idx="1">Three</dependent>
          </dep>
          <dep type="case">
            <governor idx="6">Fire</governor>
            <dependent idx="3">In</dependent>
          </dep>
          <dep type="compound">
            <governor idx="6">Fire</governor>
            <dependent idx="4">Athens</dependent>
          </dep>
          <dep type="compound">
            <governor idx="6">Fire</governor>
            <dependent idx="5">Bank</dependent>
          </dep>
          <dep type="nmod">
            <governor idx="2">Killed</governor>
            <dependent idx="6">Fire</dependent>
          </dep>
          <dep type="case">
            <governor idx="8">Strike</governor>
            <dependent idx="7">Amid</dependent>
          </dep>
          <dep type="nmod">
            <governor idx="2">Killed</governor>
            <dependent idx="8">Strike</dependent>
          </dep>
        </dependencies>
        <dependencies type="collapsed-dependencies">
          <dep type="root">
            <governor idx="0">ROOT</governor>
            <dependent idx="2">Killed</dependent>
          </dep>
          <dep type="nummod">
            <governor idx="2">Killed</governor>
            <dependent idx="1">Three</dependent>
          </dep>
          <dep type="case">
            <governor idx="6">Fire</governor>
            <dependent idx="3">In</dependent>
          </dep>
          <dep type="compound">
            <governor idx="6">Fire</governor>
            <dependent idx="4">Athens</dependent>
          </dep>
          <dep type="compound">
            <governor idx="6">Fire</governor>
            <dependent idx="5">Bank</dependent>
          </dep>
          <dep type="nmod:in">
            <governor idx="2">Killed</governor>
            <dependent idx="6">Fire</dependent>
          </dep>
          <dep type="case">
            <governor idx="8">Strike</governor>
            <dependent idx="7">Amid</dependent>
          </dep>
          <dep type="nmod:amid">
            <governor idx="2">Killed</governor>
            <dependent idx="8">Strike</dependent>
          </dep>
        </dependencies>
        <dependencies type="collapsed-ccprocessed-dependencies">
          <dep type="root">
            <governor idx="0">ROOT</governor>
            <dependent idx="2">Killed</dependent>
          </dep>
          <dep type="nummod">
            <governor idx="2">Killed</governor>
            <dependent idx="1">Three</dependent>
          </dep>
          <dep type="case">
            <governor idx="6">Fire</governor>
            <dependent idx="3">In</dependent>
          </dep>
          <dep type="compound">
            <governor idx="6">Fire</governor>
            <dependent idx="4">Athens</dependent>
          </dep>
          <dep type="compound">
            <governor idx="6">Fire</governor>
            <dependent idx="5">Bank</dependent>
          </dep>
          <dep type="nmod:in">
            <governor idx="2">Killed</governor>
            <dependent idx="6">Fire</dependent>
          </dep>
          <dep type="case">
            <governor idx="8">Strike</governor>
            <dependent idx="7">Amid</dependent>
          </dep>
          <dep type="nmod:amid">
            <governor idx="2">Killed</governor>
            <dependent idx="8">Strike</dependent>
          </dep>
        </dependencies>
      </sentence>
      <sentence id="2" line="2">
        <tokens>
          <token id="1">
            <word>Three</word>
            <lemma>three</lemma>
            <CharacterOffsetBegin>45</CharacterOffsetBegin>
            <CharacterOffsetEnd>50</CharacterOffsetEnd>
            <POS>CD</POS>
            <NER>NUMBER</NER>
            <NormalizedNER>3.0</NormalizedNER>
          </token>
          <token id="2">
            <word>people</word>
            <lemma>people</lemma>
            <CharacterOffsetBegin>51</CharacterOffsetBegin>
            <CharacterOffsetEnd>57</CharacterOffsetEnd>
            <POS>NNS</POS>
            <NER>O</NER>
          </token>
          <token id="3">
            <word>have</word>
            <lemma>have</lemma>
            <CharacterOffsetBegin>58</CharacterOffsetBegin>
            <CharacterOffsetEnd>62</CharacterOffsetEnd>
            <POS>VBP</POS>
            <NER>O</NER>
          </token>
          <token id="4">
            <word>died</word>
            <lemma>die</lemma>
            <CharacterOffsetBegin>63</CharacterOffsetBegin>
            <CharacterOffsetEnd>67</CharacterOffsetEnd>
            <POS>VBN</POS>
            <NER>O</NER>
          </token>
          <token id="5">
            <word>after</word>
            <lemma>after</lemma>
            <CharacterOffsetBegin>68</CharacterOffsetBegin>
            <CharacterOffsetEnd>73</CharacterOffsetEnd>
            <POS>IN</POS>
            <NER>O</NER>
          </token>
          <token id="6">
            <word>rioters</word>
            <lemma>rioter</lemma>
            <CharacterOffsetBegin>74</CharacterOffsetBegin>
            <CharacterOffsetEnd>81</CharacterOffsetEnd>
            <POS>NNS</POS>
            <NER>O</NER>
          </token>
          <token id="7">
            <word>in</word>
            <lemma>in</lemma>
            <CharacterOffsetBegin>82</CharacterOffsetBegin>
            <CharacterOffsetEnd>84</CharacterOffsetEnd>
            <POS>IN</POS>
            <NER>O</NER>
          </token>
          <token id="8">
            <word>Greece</word>
            <lemma>Greece</lemma>
            <CharacterOffsetBegin>85</CharacterOffsetBegin>
            <CharacterOffsetEnd>91</CharacterOffsetEnd>
            <POS>NNP</POS>
            <NER>LOCATION</NER>
          </token>
          <token id="9">
            <word>set</word>
            <lemma>set</lemma>
            <CharacterOffsetBegin>92</CharacterOffsetBegin>
            <CharacterOffsetEnd>95</CharacterOffsetEnd>
            <POS>VBD</POS>
            <NER>O</NER>
          </token>
          <token id="10">
            <word>fire</word>
            <lemma>fire</lemma>
            <CharacterOffsetBegin>96</CharacterOffsetBegin>
            <CharacterOffsetEnd>100</CharacterOffsetEnd>
            <POS>NN</POS>
            <NER>O</NER>
          </token>
          <token id="11">
            <word>to</word>
            <lemma>to</lemma>
            <CharacterOffsetBegin>101</CharacterOffsetBegin>
            <CharacterOffsetEnd>103</CharacterOffsetEnd>
            <POS>TO</POS>
            <NER>O</NER>
          </token>
          <token id="12">
            <word>a</word>
            <lemma>a</lemma>
            <CharacterOffsetBegin>104</CharacterOffsetBegin>
            <CharacterOffsetEnd>105</CharacterOffsetEnd>
            <POS>DT</POS>
            <NER>O</NER>
          </token>
          <token id="13">
            <word>bank</word>
            <lemma>bank</lemma>
            <CharacterOffsetBegin>106</CharacterOffsetBegin>
            <CharacterOffsetEnd>110</CharacterOffsetEnd>
            <POS>NN</POS>
            <NER>O</NER>
          </token>
          <token id="14">
            <word>in</word>
            <lemma>in</lemma>
            <CharacterOffsetBegin>111</CharacterOffsetBegin>
            <CharacterOffsetEnd>113</CharacterOffsetEnd>
            <POS>IN</POS>
            <NER>O</NER>
          </token>
          <token id="15">
            <word>Athens</word>
            <lemma>Athens</lemma>
            <CharacterOffsetBegin>114</CharacterOffsetBegin>
            <CharacterOffsetEnd>120</CharacterOffsetEnd>
            <POS>NNP</POS>
            <NER>LOCATION</NER>
          </token>
          <token id="16">
            <word>during</word>
            <lemma>during</lemma>
            <CharacterOffsetBegin>121</CharacterOffsetBegin>
            <CharacterOffsetEnd>127</CharacterOffsetEnd>
            <POS>IN</POS>
            <NER>O</NER>
          </token>
          <token id="17">
            <word>a</word>
            <lemma>a</lemma>
            <CharacterOffsetBegin>128</CharacterOffsetBegin>
            <CharacterOffsetEnd>129</CharacterOffsetEnd>
            <POS>DT</POS>
            <NER>O</NER>
          </token>
          <token id="18">
            <word>nationwide</word>
            <lemma>nationwide</lemma>
            <CharacterOffsetBegin>130</CharacterOffsetBegin>
            <CharacterOffsetEnd>140</CharacterOffsetEnd>
            <POS>JJ</POS>
            <NER>O</NER>
          </token>
          <token id="19">
            <word>strike</word>
            <lemma>strike</lemma>
            <CharacterOffsetBegin>141</CharacterOffsetBegin>
            <CharacterOffsetEnd>147</CharacterOffsetEnd>
            <POS>NN</POS>
            <NER>O</NER>
          </token>
          <token id="20">
            <word>against</word>
            <lemma>against</lemma>
            <CharacterOffsetBegin>148</CharacterOffsetBegin>
            <CharacterOffsetEnd>155</CharacterOffsetEnd>
            <POS>IN</POS>
            <NER>O</NER>
          </token>
          <token id="21">
            <word>huge</word>
            <lemma>huge</lemma>
            <CharacterOffsetBegin>156</CharacterOffsetBegin>
            <CharacterOffsetEnd>160</CharacterOffsetEnd>
            <POS>JJ</POS>
            <NER>O</NER>
          </token>
          <token id="22">
            <word>spending</word>
            <lemma>spending</lemma>
            <CharacterOffsetBegin>161</CharacterOffsetBegin>
            <CharacterOffsetEnd>169</CharacterOffsetEnd>
            <POS>NN</POS>
            <NER>O</NER>
          </token>
          <token id="23">
            <word>cuts</word>
            <lemma>cut</lemma>
            <CharacterOffsetBegin>170</CharacterOffsetBegin>
            <CharacterOffsetEnd>174</CharacterOffsetEnd>
            <POS>NNS</POS>
            <NER>O</NER>
          </token>
          <token id="24">
            <word>aimed</word>
            <lemma>aim</lemma>
            <CharacterOffsetBegin>175</CharacterOffsetBegin>
            <CharacterOffsetEnd>180</CharacterOffsetEnd>
            <POS>VBN</POS>
            <NER>O</NER>
          </token>
          <token id="25">
            <word>at</word>
            <lemma>at</lemma>
            <CharacterOffsetBegin>181</CharacterOffsetBegin>
            <CharacterOffsetEnd>183</CharacterOffsetEnd>
            <POS>IN</POS>
            <NER>O</NER>
          </token>
          <token id="26">
            <word>rescuing</word>
            <lemma>rescue</lemma>
            <CharacterOffsetBegin>184</CharacterOffsetBegin>
            <CharacterOffsetEnd>192</CharacterOffsetEnd>
            <POS>VBG</POS>
            <NER>O</NER>
          </token>
          <token id="27">
            <word>the</word>
            <lemma>the</lemma>
            <CharacterOffsetBegin>193</CharacterOffsetBegin>
            <CharacterOffsetEnd>196</CharacterOffsetEnd>
            <POS>DT</POS>
            <NER>O</NER>
          </token>
          <token id="28">
            <word>country's</word>
            <lemma>country'</lemma>
            <CharacterOffsetBegin>197</CharacterOffsetBegin>
            <CharacterOffsetEnd>206</CharacterOffsetEnd>
            <POS>NNS</POS>
            <NER>O</NER>
          </token>
          <token id="29">
            <word>economy</word>
            <lemma>economy</lemma>
            <CharacterOffsetBegin>207</CharacterOffsetBegin>
            <CharacterOffsetEnd>214</CharacterOffsetEnd>
            <POS>NN</POS>
            <NER>O</NER>
          </token>
          <token id="30">
            <word>.</word>
            <lemma>.</lemma>
            <CharacterOffsetBegin>215</CharacterOffsetBegin>
            <CharacterOffsetEnd>216</CharacterOffsetEnd>
            <POS>.</POS>
            <NER>O</NER>
          </token>
        </tokens>
        <parse>(ROOT (S (NP (CD Three) (NNS people)) (VP (VBP have) (VP (VBN died) (SBAR (IN after) (S (NP (NP (NNS rioters)) (PP (IN in) (NP (NNP Greece)))) (VP (VBD set) (NP (NN fire)) (PP (TO to) (NP (NP (DT a) (NN bank)) (PP (IN in) (NP (NNP Athens))))) (PP (IN during) (NP (NP (DT a) (JJ nationwide) (NN strike)) (PP (IN against) (NP (NP (JJ huge) (NN spending) (NNS cuts)) (VP (VBN aimed) (PP (IN at) (S (VP (VBG rescuing) (NP (DT the) (NNS country's) (NN economy))))))))))))))) (. .))) </parse>
        <dependencies type="basic-dependencies">
          <dep type="root">
            <governor idx="0">ROOT</governor>
            <dependent idx="4">died</dependent>
          </dep>
          <dep type="nummod">
            <governor idx="2">people</governor>
            <dependent idx="1">Three</dependent>
          </dep>
          <dep type="nsubj">
            <governor idx="4">died</governor>
            <dependent idx="2">people</dependent>
          </dep>
          <dep type="aux">
            <governor idx="4">died</governor>
            <dependent idx="3">have</dependent>
          </dep>
          <dep type="case">
            <governor idx="6">rioters</governor>
            <dependent idx="5">after</dependent>
          </dep>
          <dep type="nmod">
            <governor idx="4">died</governor>
            <dependent idx="6">rioters</dependent>
          </dep>
          <dep type="case">
            <governor idx="8">Greece</governor>
            <dependent idx="7">in</dependent>
          </dep>
          <dep type="nmod">
            <governor idx="6">rioters</governor>
            <dependent idx="8">Greece</dependent>
          </dep>
          <dep type="xcomp">
            <governor idx="4">died</governor>
            <dependent idx="9">set</dependent>
          </dep>
          <dep type="dobj">
            <governor idx="9">set</governor>
            <dependent idx="10">fire</dependent>
          </dep>
          <dep type="case">
            <governor idx="13">bank</governor>
            <dependent idx="11">to</dependent>
          </dep>
          <dep type="det">
            <governor idx="13">bank</governor>
            <dependent idx="12">a</dependent>
          </dep>
          <dep type="nmod">
            <governor idx="9">set</governor>
            <dependent idx="13">bank</dependent>
          </dep>
          <dep type="case">
            <governor idx="15">Athens</governor>
            <dependent idx="14">in</dependent>
          </dep>
          <dep type="nmod">
            <governor idx="9">set</governor>
            <dependent idx="15">Athens</dependent>
          </dep>
          <dep type="case">
            <governor idx="19">strike</governor>
            <dependent idx="16">during</dependent>
          </dep>
          <dep type="det">
            <governor idx="19">strike</governor>
            <dependent idx="17">a</dependent>
          </dep>
          <dep type="amod">
            <governor idx="19">strike</governor>
            <dependent idx="18">nationwide</dependent>
          </dep>
          <dep type="nmod">
            <governor idx="9">set</governor>
            <dependent idx="19">strike</dependent>
          </dep>
          <dep type="case">
            <governor idx="23">cuts</governor>
            <dependent idx="20">against</dependent>
          </dep>
          <dep type="amod">
            <governor idx="23">cuts</governor>
            <dependent idx="21">huge</dependent>
          </dep>
          <dep type="compound">
            <governor idx="23">cuts</governor>
            <dependent idx="22">spending</dependent>
          </dep>
          <dep type="nmod">
            <governor idx="19">strike</governor>
            <dependent idx="23">cuts</dependent>
          </dep>
          <dep type="acl">
            <governor idx="23">cuts</governor>
            <dependent idx="24">aimed</dependent>
          </dep>
          <dep type="mark">
            <governor idx="26">rescuing</governor>
            <dependent idx="25">at</dependent>
          </dep>
          <dep type="advcl">
            <governor idx="24">aimed</governor>
            <dependent idx="26">rescuing</dependent>
          </dep>
          <dep type="det">
            <governor idx="29">economy</governor>
            <dependent idx="27">the</dependent>
          </dep>
          <dep type="compound">
            <governor idx="29">economy</governor>
            <dependent idx="28">country's</dependent>
          </dep>
          <dep type="dobj">
            <governor idx="26">rescuing</governor>
            <dependent idx="29">economy</dependent>
          </dep>
          <dep type="punct">
            <governor idx="4">died</governor>
            <dependent idx="30">.</dependent>
          </dep>
        </dependencies>
        <dependencies type="collapsed-dependencies">
          <dep type="root">
            <governor idx="0">ROOT</governor>
            <dependent idx="4">died</dependent>
          </dep>
          <dep type="nummod">
            <governor idx="2">people</governor>
            <dependent idx="1">Three</dependent>
          </dep>
          <dep type="nsubj">
            <governor idx="4">died</governor>
            <dependent idx="2">people</dependent>
          </dep>
          <dep type="aux">
            <governor idx="4">died</governor>
            <dependent idx="3">have</dependent>
          </dep>
          <dep type="case">
            <governor idx="6">rioters</governor>
            <dependent idx="5">after</dependent>
          </dep>
          <dep type="nmod:after">
            <governor idx="4">died</governor>
            <dependent idx="6">rioters</dependent>
          </dep>
          <dep type="case">
            <governor idx="8">Greece</governor>
            <dependent idx="7">in</dependent>
          </dep>
          <dep type="nmod:in">
            <governor idx="6">rioters</governor>
            <dependent idx="8">Greece</dependent>
          </dep>
          <dep type="xcomp">
            <governor idx="4">died</governor>
            <dependent idx="9">set</dependent>
          </dep>
          <dep type="dobj">
            <governor idx="9">set</governor>
            <dependent idx="10">fire</dependent>
          </dep>
          <dep type="case">
            <governor idx="13">bank</governor>
            <dependent idx="11">to</dependent>
          </dep>
          <dep type="det">
            <governor idx="13">bank</governor>
            <dependent idx="12">a</dependent>
          </dep>
          <dep type="nmod:to">
            <governor idx="9">set</governor>
            <dependent idx="13">bank</dependent>
          </dep>
          <dep type="case">
            <governor idx="15">Athens</governor>
            <dependent idx="14">in</dependent>
          </dep>
          <dep type="nmod:in">
            <governor idx="9">set</governor>
            <dependent idx="15">Athens</dependent>
          </dep>
          <dep type="case">
            <governor idx="19">strike</governor>
            <dependent idx="16">during</dependent>
          </dep>
          <dep type="det">
            <governor idx="19">strike</governor>
            <dependent idx="17">a</dependent>
          </dep>
          <dep type="amod">
            <governor idx="19">strike</governor>
            <dependent idx="18">nationwide</dependent>
          </dep>
          <dep type="nmod:during">
            <governor idx="9">set</governor>
            <dependent idx="19">strike</dependent>
          </dep>
          <dep type="case">
            <governor idx="23">cuts</governor>
            <dependent idx="20">against</dependent>
          </dep>
          <dep type="amod">
            <governor idx="23">cuts</governor>
            <dependent idx="21">huge</dependent>
          </dep>
          <dep type="compound">
            <governor idx="23">cuts</governor>
            <dependent idx="22">spending</dependent>
          </dep>
          <dep type="nmod:against">
            <governor idx="19">strike</governor>
            <dependent idx="23">cuts</dependent>
          </dep>
          <dep type="acl">
            <governor idx="23">cuts</governor>
            <dependent idx="24">aimed</dependent>
          </dep>
          <dep type="mark">
            <governor idx="26">rescuing</governor>
            <dependent idx="25">at</dependent>
          </dep>
          <dep type="advcl">
            <governor idx="24">aimed</governor>
            <dependent idx="26">rescuing</dependent>
          </dep>
          <dep type="det">
            <governor idx="29">economy</governor>
            <dependent idx="27">the</dependent>
          </dep>
          <dep type="compound">
            <governor idx="29">economy</governor>
            <dependent idx="28">country's</dependent>
          </dep>
          <dep type="dobj">
            <governor idx="26">rescuing</governor>
            <dependent idx="29">economy</dependent>
          </dep>
          <dep type="punct">
            <governor idx="4">died</governor>
            <dependent idx="30">.</dependent>
          </dep>
        </dependencies>
        <dependencies type="collapsed-ccprocessed-dependencies">
          <dep type="root">
            <governor idx="0">ROOT</governor>
            <dependent idx="4">died</dependent>
          </dep>
          <dep type="nummod">
            <governor idx="2">people</governor>
            <dependent idx="1">Three</dependent>
          </dep>
          <dep type="nsubj">
            <governor idx="4">died</governor>
            <dependent idx="2">people</dependent>
          </dep>
          <dep type="aux">
            <governor idx="4">died</governor>
            <dependent idx="3">have</dependent>
          </dep>
          <dep type="case">
            <governor idx="6">rioters</governor>
            <dependent idx="5">after</dependent>
          </dep>
          <dep type="nmod:after">
            <governor idx="4">died</governor>
            <dependent idx="6">rioters</dependent>
          </dep>
          <dep type="case">
            <governor idx="8">Greece</governor>
            <dependent idx="7">in</dependent>
          </dep>
          <dep type="nmod:in">
            <governor idx="6">rioters</governor>
            <dependent idx="8">Greece</dependent>
          </dep>
          <dep type="xcomp">
            <governor idx="4">died</governor>
            <dependent idx="9">set</dependent>
          </dep>
          <dep type="dobj">
            <governor idx="9">set</governor>
            <dependent idx="10">fire</dependent>
          </dep>
          <dep type="case">
            <governor idx="13">bank</governor>
            <dependent idx="11">to</dependent>
          </dep>
          <dep type="det">
            <governor idx="13">bank</governor>
            <dependent idx="12">a</dependent>
          </dep>
          <dep type="nmod:to">
            <governor idx="9">set</governor>
            <dependent idx="13">bank</dependent>
          </dep>
          <dep type="case">
            <governor idx="15">Athens</governor>
            <dependent idx="14">in</dependent>
          </dep>
          <dep type="nmod:in">
            <governor idx="9">set</governor>
            <dependent idx="15">Athens</dependent>
          </dep>
          <dep type="case">
            <governor idx="19">strike</governor>
            <dependent idx="16">during</dependent>
          </dep>
          <dep type="det">
            <governor idx="19">strike</governor>
            <dependent idx="17">a</dependent>
          </dep>
          <dep type="amod">
            <governor idx="19">strike</governor>
            <dependent idx="18">nationwide</dependent>
          </dep>
          <dep type="nmod:during">
            <governor idx="9">set</governor>
            <dependent idx="19">strike</dependent>
          </dep>
          <dep type="case">
            <governor idx="23">cuts</governor>
            <dependent idx="20">against</dependent>
          </dep>
          <dep type="amod">
            <governor idx="23">cuts</governor>
            <dependent idx="21">huge</dependent>
          </dep>
          <dep type="compound">
            <governor idx="23">cuts</governor>
            <dependent idx="22">spending</dependent>
          </dep>
          <dep type="nmod:against">
            <governor idx="19">strike</governor>
            <dependent idx="23">cuts</dependent>
          </dep>
          <dep type="acl">
            <governor idx="23">cuts</governor>
            <dependent idx="24">aimed</dependent>
          </dep>
          <dep type="mark">
            <governor idx="26">rescuing</governor>
            <dependent idx="25">at</dependent>
          </dep>
          <dep type="advcl">
            <governor idx="24">aimed</governor>
            <dependent idx="26">rescuing</dependent>
          </dep>
          <dep type="det">
            <governor idx="29">economy</governor>
            <dependent idx="27">the</dependent>
          </dep>
          <dep type="compound">
            <governor idx="29">economy</governor>
            <dependent idx="28">country's</dependent>
          </dep>
          <dep type="dobj">
            <governor idx="26">rescuing</governor>
            <dependent idx="29">economy</dependent>
          </dep>
          <dep type="punct">
            <governor idx="4">died</governor>
            <dependent idx="30">.</dependent>
          </dep>
        </dependencies>
      </sentence>
    </sentences>
  </document>
</root>
